env_id,action_0,action_1,action_2,action_3,action_4,action_5,action_6,action_7,action_8,action_9,action_10,action_11,action_12,action_13,action_14,action_15,action_16,action_17,action_18,action_19,action_20,action_21,action_22,action_23,action_24,action_25
0,0.0403308,-0.13671349,-0.21396683,-0.40195522,-0.023748469,-0.19921763,0.151135,0.050040644,-0.04021839,0.22639133,0.81634045,0.48312324,0.44203037,0.5782945,2.227476,1.3030078,-0.3048892,0.1299996,-0.178554,0.0021178788,0.050654195,0.15073067,-2.260477,-2.0461812,7.8628173,-1.1949502
1,0.16889071,0.018932506,0.7070638,0.9101397,-0.0093861185,-0.010813221,-0.5450234,-0.23977989,-1.5728812,-1.9268675,-0.45749143,-0.8988409,-0.5329823,-0.7035419,2.969164,2.295772,-0.28085414,0.44935188,-0.12616143,-0.43412033,0.07351215,0.22965175,-3.1527114,-3.8160203,14.683807,-0.510422
2,0.0565341,-0.039346397,0.33363032,0.6987361,-0.08381027,-0.24087177,-0.03952571,0.42512426,-1.5833642,-1.6751491,-0.010544576,-0.9452652,0.013553686,-0.5228057,3.512843,2.290586,-2.3427997,2.1564758,-0.59682775,-0.57345587,0.11167483,-0.17734495,-3.451096,-3.3405638,19.770407,-0.15168276
3,0.034012217,-0.16119371,0.1649216,-0.1151212,-0.04944801,-0.22530061,-0.522532,0.020809617,-0.0848468,-2.817815,0.09982195,0.3727599,-0.24471593,-0.24037725,4.2637367,0.8496535,-0.9477867,3.0882223,-0.8102498,-0.45482877,0.12252039,-0.026557468,-3.914959,-1.1531427,24.72845,-0.17317095
4,0.041072283,-0.17332824,0.5609061,-0.12403287,-0.032221522,0.008841239,-0.3133989,0.07390858,1.5969968,-3.80923,-0.4828519,1.5582858,-0.120669656,0.086233206,4.8730693,0.43526763,0.77608025,3.2261024,-1.1760715,-0.050147675,0.057805195,-0.20233846,-3.6318927,-0.7562917,29.821169,0.15253976
5,0.0650367,-0.1913868,0.86655396,-0.28149945,0.008907173,0.0036419928,-0.19714409,0.118418574,1.6706464,-4.210666,-0.8955362,1.5886822,-0.073147886,0.1680846,5.023292,0.53279746,1.3720284,3.2216322,-1.6306586,0.028612532,0.09506737,-0.2295743,-3.6257572,-1.2919712,34.27609,-0.39810643
6,0.12058774,-0.10437347,0.5217212,-0.5230884,0.2221217,-0.18864055,-0.23192763,-0.2682698,-0.7945688,-2.8270452,-0.12593624,1.6402793,-0.4090545,-0.10939076,4.5116835,0.68526745,0.30665582,2.4819157,-2.166846,0.36243328,0.06446497,-0.17825237,-3.21033,-0.9564449,37.90577,-1.3669368
7,0.042715166,-0.03730558,-0.5067071,0.06885184,-0.004176911,-0.31114095,-0.016920745,-0.417326,-3.6710935,2.1606643,1.3142275,0.042590275,0.062132277,0.14055428,0.989795,1.2195975,-2.6580687,-0.70836335,-0.73440444,0.9667939,0.13675943,-0.29780054,0.29440078,-2.0998802,39.52386,-1.7915887
8,-0.07825568,0.041290507,-0.21191867,-0.07928701,-0.11543468,0.035581306,0.18167311,-0.1413646,-3.8810616,1.9715544,2.0104992,-0.094583675,-0.18554306,-0.16557619,0.5175324,1.5527806,-2.9649918,-0.5439352,-0.20222858,1.6550756,0.037523776,0.03146165,0.4979943,-4.580736,41.11044,-2.0321338
9,-0.04303586,-0.034984782,-0.13480406,0.024648296,-0.1846723,0.02867116,0.23439363,0.026298549,-3.3832185,1.4257692,2.4704862,-0.1431189,-0.022633426,-0.07202866,0.27871186,1.6400015,-2.8211105,-0.42521632,-0.12182506,1.7878143,0.062105954,0.085116245,0.6693684,-4.887237,41.400894,-1.9393511
10,-0.019876119,-0.0831279,-0.18751903,0.053680167,-0.12775353,0.056270435,0.21547014,-0.0065000392,-2.6877906,1.0964676,2.6014009,-0.43417126,0.27230355,0.061408415,0.5453088,1.6836857,-2.6572926,-0.42424202,-0.17210642,0.7744009,0.09767766,0.1307553,0.34508884,-4.04441,41.346798,-1.6911095
11,0.036236886,-0.11488895,-0.33238727,-0.286165,-0.09177461,0.021834895,0.009644687,-0.0028990842,-0.9377615,-0.7151003,1.7315438,-0.12432729,0.54218197,-0.1844615,0.90512466,1.5459583,-2.3075647,0.19399826,-0.42631033,-0.06225791,0.0658588,0.09801131,-0.022823483,-2.1163423,40.85483,-1.2142482
12,-0.051503148,-0.14830978,0.03141062,-0.29856077,-0.0950329,-0.020126358,-0.1400811,-0.04097015,1.0751945,-3.0755212,-0.19951883,0.6102545,0.21272287,-0.31618574,2.0087612,0.5365754,0.16996711,2.4329205,-0.7270788,0.1100103,-0.04293251,-0.1952759,-2.428925,0.20327292,40.45889,-1.0161818
13,-0.008980896,-0.18632676,0.15610437,-0.14501868,-0.020814206,-0.0803989,0.035672903,-0.04279569,1.2181967,-3.190484,-0.5995597,0.93925756,-0.057875566,-0.18622072,3.0566192,0.4264781,0.657222,2.3030353,-0.52093685,0.12349216,0.035373442,-0.16020262,-3.0359812,0.4560867,39.632023,-0.9963594
14,-0.024643745,-0.16643246,0.2867878,-0.17613362,-0.0015914701,-0.05315174,0.10231772,-0.12119445,1.357774,-3.257777,-0.76823115,1.4476861,0.062684484,0.012199884,4.2252073,0.52911395,0.9114857,1.792066,-0.6020182,-0.1242372,0.018451849,-0.16665912,-2.9956846,0.8002896,39.88264,-1.3238373
15,-0.089591295,-0.056149587,0.41568303,-0.3274329,0.041650686,0.021713719,0.40060768,-0.12045792,1.336962,-2.7886112,-0.9689185,1.7784466,0.19460762,0.39621976,4.8754025,0.47151244,1.0126139,1.3172952,-0.5185424,-0.08909591,0.08723189,-0.17110679,-2.3990417,1.4992698,39.9838,-2.2873998
16,-0.14288099,0.0719779,-0.026247814,-0.46171945,0.16123709,-0.024410166,0.5663941,-0.29187563,-0.20937702,-1.35239,-0.19101226,1.7036136,0.029911406,0.5992153,4.620886,0.26831728,0.307155,1.2242671,-0.6152331,0.11842316,0.068150446,-0.14607105,-1.5614821,2.663634,40.037563,-3.564926
17,-0.100846946,-0.057437167,-0.57402915,0.11732216,-0.024845745,-0.2649504,0.14323345,-0.047847304,-2.9645133,1.9260752,1.0679086,0.12023212,0.13469097,0.45104548,1.2525817,0.967854,-1.4973861,-0.49134398,-0.30966765,0.64656776,0.010891201,0.03860902,0.614007,-0.41807377,40.67716,-3.7565246
18,-0.11847305,0.03712021,-0.23642273,0.22257711,-0.086974174,0.01823908,0.25324407,-0.07447776,-3.034654,2.2093103,1.4661341,-0.3923756,-0.040355377,-0.018886322,0.74646574,1.4196081,-1.8755292,-0.252208,-0.011335529,1.1522697,0.038363397,0.11318686,0.56738937,-3.5291274,41.464123,-3.0360553
19,-0.07840946,-0.01460357,-0.25825626,0.37801218,-0.1506567,0.022654697,0.24788308,0.07633105,-3.0441763,2.2673018,2.1942697,-0.7281184,0.1381039,0.06902266,0.6099678,1.8624496,-1.9182419,-0.36646378,-0.046570383,1.2672011,0.053441167,0.093258195,0.8070811,-4.2368836,41.125366,-2.3970757
20,-0.05750894,-0.07129006,-0.24526657,0.41693237,-0.15086153,0.024445817,0.16322756,0.09757814,-2.7118165,1.939428,2.5804043,-0.95973396,0.21461958,0.25795242,0.70810014,1.8909684,-2.1171858,-0.46516705,-0.02522584,0.76575816,0.060065582,0.1182595,0.49920583,-4.0897717,41.0966,-1.8343588
21,0.017175887,-0.069157824,-0.31968957,-0.30223486,-0.10940009,0.053471506,-0.121031225,-0.08271867,-0.88488156,-0.7612947,1.727364,-0.3932755,0.2839047,-0.10125216,1.0398573,1.7590343,-2.4440482,0.28210813,-0.19048312,-0.5462764,0.11384399,0.13481319,0.061255008,-2.3540795,41.406254,-1.0952884
22,-0.13473073,0.0033761114,-0.031394735,-0.45438343,-0.13670418,0.08865811,0.13328087,-0.05504713,0.853917,-3.2167194,-0.150931,1.0102466,0.29284716,-0.35199675,1.8074613,0.72563857,-0.05690991,2.2511985,-0.112676285,-0.059137248,0.0043243486,-0.08869804,-2.2120323,0.48401332,41.489647,-1.0410686
23,-0.018383171,-0.082756296,-0.08628471,-0.20457597,0.060260687,0.017421067,-0.025721222,-0.02990738,1.0456223,-3.3162994,-0.2468797,1.0747029,0.11527521,-0.09273251,2.8066726,0.48119265,0.5296718,1.976576,-0.12930146,-0.15557036,0.094446436,-0.08471448,-2.8508024,0.7466335,40.524242,-1.0627872
24,-0.010071006,-0.14490242,0.01721482,-0.139091,0.07308492,-0.081351385,-0.049267203,-0.051721487,1.1906993,-3.038954,-0.32112405,1.3249384,0.18004245,0.1967651,3.7439694,0.54407614,0.7864864,1.2425297,-0.34322003,-0.1448631,0.060548425,-0.1132452,-2.8427496,1.155609,40.51797,-1.672218
25,-0.047850993,-0.09833546,0.17464735,-0.28428385,0.08407673,-0.06574665,0.15513179,-0.08723861,1.2000065,-2.438228,-0.49495503,1.628008,0.18399215,0.5823828,4.5023804,0.36841443,0.8640879,1.4730884,-0.42373064,-0.10118338,0.09375653,-0.12987724,-2.365687,1.8854593,40.76579,-2.6671784
26,-0.1018848,-0.012990043,-0.14615507,-0.43555397,0.13333467,-0.08191352,0.2875728,-0.2306511,-0.0066742077,-1.0413983,-0.06487242,1.4691283,0.07268984,0.6745869,4.08905,0.30477214,0.34206375,1.1979109,-0.6775917,0.15438521,0.0664842,-0.09652994,-1.6118664,2.177628,41.040134,-3.7938023
27,-0.10897216,-0.04826708,-0.448088,0.05105187,-0.07538009,-0.22931473,0.21570626,-0.1497598,-2.4654002,1.9277973,0.79184663,0.1644317,0.10001556,0.48290792,1.0533919,0.94063306,-1.409507,-0.47298348,-0.16317874,0.5850459,-0.011699049,0.04853808,0.53949535,-0.5945691,41.5099,-3.9057722
28,-0.11867547,0.022662774,-0.17851631,0.10912241,-0.08931655,-0.008706525,0.3259772,-0.17857328,-2.8528535,2.201974,1.2568766,-0.18132405,0.033533372,0.008247411,0.65277785,1.348548,-1.9004142,-0.2922008,0.09924293,1.030195,0.032425523,0.11191421,0.5427551,-3.3787334,42.031918,-3.155185
29,-0.09921494,-0.041170374,-0.20508881,0.19239351,-0.16269058,-0.005005598,0.29508993,-0.04677132,-2.8354976,2.2422326,2.1567569,-0.5611373,0.2015914,0.12822814,0.51440394,1.6538119,-1.9692545,-0.37417173,0.027500339,1.1308106,0.05169806,0.0878491,0.7685057,-4.001138,41.887653,-2.6139207
30,-0.034714784,-0.1122645,-0.2341698,0.24680586,-0.124664575,0.00084735453,0.16817662,0.023298766,-2.4349616,1.8849636,2.6466277,-0.88402164,0.3724391,0.3091779,0.60877055,1.6982416,-2.0509272,-0.46418238,0.034891702,0.6944284,0.067485124,0.114822544,0.68860996,-3.810009,41.73521,-2.0464468
31,0.03619382,-0.13378458,-0.30420816,-0.34232888,-0.08327934,-0.0059203953,-0.09968585,-0.04455811,-0.75759274,-0.68253684,1.715243,-0.3594737,0.35287857,-0.032208048,1.0146378,1.5419072,-2.2488072,0.22098188,-0.121640824,-0.3782094,0.10174286,0.0744588,0.16503933,-2.1002827,41.747875,-1.2753736
32,-0.11911735,-0.03130047,-0.068948045,-0.42227829,-0.13672784,0.07476582,0.06607643,-0.047744427,0.8471532,-3.1025543,-0.05285666,0.91443014,0.3126292,-0.3684179,1.8558835,0.7066384,-0.045024388,2.2139707,-0.14843091,-0.08201941,-0.009822814,-0.09032441,-2.2246542,0.45969182,41.553043,-0.9913235
33,-0.02097192,-0.12575318,-0.075385705,-0.16165714,0.020363662,0.008631244,-0.1149849,-0.019521747,1.0964677,-3.2206533,-0.23789671,1.0381199,0.061295815,-0.016318167,3.1215253,0.40480015,0.54769063,1.8745099,-0.28327802,-0.07593735,0.0590422,-0.13449097,-2.7893772,0.6327178,40.83832,-1.1859236
34,0.016024265,-0.18060134,0.06178595,-0.11696346,0.101068646,-0.09806816,-0.10175401,-0.043618415,1.2054043,-2.8393018,-0.3676069,1.2250955,0.14977616,0.2214594,4.0940757,0.4300691,0.7299512,1.1938115,-0.50450635,-0.057983242,0.060362928,-0.14491916,-2.8099322,1.1823502,40.853176,-1.7830124
35,-0.07344359,-0.1113639,0.22117864,-0.31266862,0.05166358,-0.08029081,0.16812289,-0.06477991,1.2845777,-2.3972855,-0.61678535,1.7438354,0.21122426,0.5779749,4.6399746,0.36445355,0.8892029,1.472839,-0.47940794,-0.07450899,0.08390142,-0.15270478,-2.256576,1.8201331,41.023716,-2.6644337
36,-0.09804346,0.00019438565,-0.17365421,-0.4439728,0.10848859,-0.033584915,0.27214202,-0.2559694,-0.2951182,-0.9469218,-0.089740194,1.4577513,-0.02303391,0.50020826,4.1040106,0.3383185,0.23546666,1.20851,-0.8458993,0.1823543,0.019918466,-0.118879594,-1.5265003,1.9041029,41.663937,-3.7058063
37,-0.105811104,-0.03901656,-0.5076745,0.08726205,-0.09995663,-0.20381318,0.21362722,-0.15018228,-2.7519925,2.1040325,0.95553035,-0.037773415,0.060816936,0.40797463,1.0280321,0.90270233,-1.5766165,-0.46230114,-0.09076362,0.69264454,0.046898574,0.02248498,0.59954715,-1.077579,42.207073,-3.7154484
38,-0.15610471,0.034800127,-0.20923667,0.0776777,-0.1717009,0.0047469586,0.32356843,-0.1935592,-2.8323975,2.2005773,1.4087765,-0.19421111,0.059617795,0.005582815,0.62856114,1.297015,-1.7193224,-0.24599685,0.016577013,1.1490048,0.048491,0.13813335,0.5953281,-3.616216,42.25883,-3.166474
39,-0.1270375,-0.039827928,-0.21276443,0.20213455,-0.25003836,-0.028925255,0.3222221,-0.050763104,-2.8667977,2.1921196,2.2954657,-0.490318,0.27038518,0.16047801,0.5105747,1.641398,-1.8108544,-0.3475107,0.02130548,1.247681,0.061422944,0.084565304,0.84956443,-4.0619397,41.81944,-2.760582
40,-0.06065684,-0.102245435,-0.21516828,0.28762278,-0.17617074,0.0064894706,0.14272925,-0.0055742003,-2.521535,1.79271,2.56032,-0.8543639,0.30468115,0.28668877,0.6419093,1.7447106,-1.9312544,-0.37813413,0.0305743,0.6480306,0.050366983,0.11198764,0.58348596,-3.840122,41.76683,-2.1892858
41,0.019482438,-0.11599164,-0.30551547,-0.32402673,-0.08471359,0.0019304156,-0.08477944,-0.01369274,-0.83279437,-0.5347464,1.7034305,-0.31612676,0.37694043,-0.07832437,1.0366613,1.7078795,-2.3511815,0.2014638,-0.18297413,-0.3385544,0.11818905,0.09434832,0.1425412,-2.161455,41.787525,-1.4153285
42,-0.08722195,-0.046115264,-0.04031463,-0.42950433,-0.11784403,0.044293538,-0.022070825,-0.024821255,0.8467962,-3.015833,-0.070367076,0.99737245,0.25171328,-0.28091,1.8452545,0.71617216,-0.02971875,2.3442364,-0.22148892,0.010321832,-0.0157243,-0.120932706,-2.2137523,0.4784751,41.546604,-1.1028514
43,5.9578568e-05,-0.19224481,-0.06976034,-0.14126976,0.014750306,-0.09321599,-0.18753913,-0.009310577,1.1327164,-3.1411533,-0.30964926,1.1162027,0.03183771,-0.085893236,2.859597,0.4082079,0.6123327,2.1789157,-0.4571385,-0.06468447,0.049237758,-0.14950585,-2.9232502,0.5542577,40.962704,-1.2410203
44,0.028943513,-0.22326307,0.08138524,-0.11367123,0.074328125,-0.098036066,-0.18837315,-0.054320965,1.2994144,-2.8882422,-0.42948958,1.1208178,0.06996084,0.19739893,3.7954938,0.41268787,0.8099534,1.4805027,-0.7093991,0.040388025,0.043660045,-0.18154398,-2.8510041,0.9942965,41.13617,-1.7835687
45,-0.043511566,-0.1678588,0.23678271,-0.3241528,0.07060245,-0.12913193,0.13457477,-0.12023887,1.3051692,-2.3517494,-0.5764423,1.6688019,0.19175303,0.60128176,4.3726325,0.2895399,0.8987522,1.1259052,-0.625717,-0.035039447,0.09813365,-0.1682314,-2.3450212,1.8129483,41.376553,-2.7628856
46,-0.08278233,-0.06914179,-0.1408198,-0.4479244,0.11227301,-0.13867985,0.26760364,-0.2658786,-0.08038833,-0.9509134,-0.05248592,1.495963,0.015861936,0.6543958,4.0782704,0.21577281,0.28239226,1.2363871,-0.8409062,0.16404235,0.011511089,-0.12360243,-1.5801371,2.1119094,41.904163,-3.9130979
47,-0.06287798,-0.05873604,-0.4820637,0.0962147,-0.063943475,-0.21420877,0.22562465,-0.15108785,-2.5644333,1.9579188,0.96654266,-0.055602416,0.1076423,0.4584658,1.0721003,0.91755545,-1.5074562,-0.48416173,-0.13451102,0.71156186,0.037991554,-0.014775701,0.6047635,-0.826916,42.2415,-3.817737
48,-0.082819045,0.005289033,-0.17978157,0.124532536,-0.05934223,0.0044121444,0.34885317,-0.14036265,-2.7848668,2.1800225,1.3875282,-0.31615758,0.080839165,0.06124901,0.6988151,1.244106,-1.813642,-0.23388495,0.07819667,1.0792383,0.056804717,0.11793768,0.5979498,-3.3443403,42.507442,-3.0953093
49,-0.0705663,-0.053188667,-0.21065034,0.2641287,-0.13242137,0.003170684,0.3251724,-0.011374984,-2.9134624,2.2928846,2.2445846,-0.6849516,0.27253798,0.15936978,0.5378806,1.6040395,-1.8809853,-0.39311075,0.04941354,1.1156003,0.07534662,0.112521015,0.8661554,-3.8700786,42.212276,-2.5332036
50,-0.031547215,-0.1300544,-0.21482347,0.23644842,-0.12460759,0.0066692084,0.14559793,0.032471504,-2.4869242,1.8489497,2.5796237,-0.90696156,0.32977253,0.32103217,0.58567005,1.7457819,-1.9282136,-0.44439018,0.039425828,0.6273853,0.07903588,0.1396589,0.6920774,-3.7286067,41.966393,-2.0198147
51,0.027887944,-0.13801314,-0.33302462,-0.35604966,-0.06642546,-0.00046606362,-0.053856313,-0.0028613247,-0.816148,-0.5812204,1.7591641,-0.35895276,0.45176458,-0.083757184,0.9605127,1.6632283,-2.4170227,0.15171538,-0.13050416,-0.27879605,0.11206849,0.10738399,0.25020662,-1.9663345,41.64397,-1.2344131
52,-0.114569366,-0.010396704,-0.030427918,-0.44773299,-0.13566722,0.09725763,0.06092587,-0.061269466,0.82607204,-3.0887115,-0.104953,0.98405856,0.26316658,-0.35664657,1.7790587,0.700623,-0.04945659,2.195734,-0.10951959,-0.043933593,-0.010533867,-0.064722486,-2.1915102,0.5388957,41.390835,-1.0382676
53,-0.0110340975,-0.13685189,-0.025373802,-0.15012546,0.018153284,-0.02851881,-0.071549684,-0.022194717,1.1046761,-3.1797304,-0.3973272,1.0785382,0.08392299,-0.1018477,2.8326297,0.40471083,0.5690699,1.8716947,-0.25362208,-0.08924445,0.058944628,-0.09017182,-2.8237286,0.6638962,40.853504,-1.1171812
54,0.025785599,-0.18497552,0.08916508,-0.12121759,0.09309474,-0.056866825,-0.13530672,-0.041929815,1.1973736,-2.8328512,-0.4408838,1.198373,0.096060164,0.20489416,3.7738514,0.387382,0.76997095,1.0641814,-0.5465963,0.0168517,0.059575118,-0.1446349,-2.7201877,1.1150769,41.01911,-1.8197609
55,-0.042430606,-0.131539,0.16523747,-0.28089914,0.090801686,-0.06444271,0.07845688,-0.06395456,1.180264,-2.301681,-0.49601987,1.5661529,0.13352484,0.58895713,4.4901733,0.23611832,0.858412,1.4478306,-0.5939915,-0.057564996,0.09474166,-0.152221,-2.2766604,1.9098307,41.20255,-2.8428166
56,-0.10113074,-0.04862626,-0.20218869,-0.44611308,0.12713027,-0.089790784,0.27898556,-0.24470231,-0.120536186,-0.9086611,0.0112307295,1.4652187,0.0026453212,0.6764536,4.024111,0.09874702,0.29333994,1.1129588,-0.8038807,0.17821988,0.050357044,-0.11033634,-1.5173229,2.3086061,41.456543,-3.9995618
57,-0.120554134,-0.05573453,-0.46168667,0.053992912,-0.090694726,-0.21397194,0.21428359,-0.1643574,-2.5006225,1.9533669,0.8144604,0.08161725,0.099685274,0.46705627,1.0976273,0.8101282,-1.371715,-0.49361444,-0.17153248,0.58502614,0.002462091,0.04381033,0.5624328,-0.6796054,41.944355,-3.9568028
58,-0.12876159,0.03922461,-0.18286897,0.08285634,-0.094726294,0.012562886,0.333219,-0.23328695,-2.7499087,2.204525,1.30131,-0.18285106,0.07066003,0.014389878,0.6626299,1.3234142,-1.7174323,-0.2518518,0.098110534,0.9225232,0.03668666,0.12738019,0.5781152,-3.3297575,42.26938,-3.253308
59,-0.092285395,-0.0268002,-0.18494277,0.2678869,-0.1401385,-0.001293391,0.31720564,-0.065713614,-2.864038,2.1436574,2.0789087,-0.62092245,0.17719144,0.07148021,0.553033,1.702505,-1.8609043,-0.34075522,0.08757446,1.1060833,0.043726593,0.08444034,0.7259444,-3.9589522,41.736904,-2.6763918
60,-0.048382994,-0.10126816,-0.20057423,0.2740874,-0.16158554,0.016323432,0.18188873,0.046508636,-2.55181,1.8133136,2.5660114,-0.8482502,0.26373726,0.26434907,0.5607831,1.7427223,-1.9227059,-0.4149778,0.05997006,0.7664662,0.06921756,0.11235627,0.6722685,-3.8690197,41.668915,-2.1606379
61,0.047883395,-0.15238042,-0.24520506,-0.3148218,-0.1458946,0.0096568465,-0.13939941,0.032521095,-0.88217086,-0.6378428,1.7389325,-0.44746786,0.25884432,0.10206101,0.93912715,1.611706,-2.1903791,0.26226717,-0.045543216,-0.26743144,0.12302685,0.10607349,0.2971804,-2.408057,41.77374,-1.4126973
62,-0.08198133,-0.08303033,-0.021107033,-0.3922018,-0.12604849,0.02439858,-0.02232495,-0.013898466,0.7887944,-2.9796364,-0.1360774,0.8582897,0.21233022,-0.27224705,1.8180476,0.6302521,-0.07402944,2.1076818,-0.3221798,0.037950195,-0.008665411,-0.08076847,-2.1736531,0.5032083,41.469955,-1.0972323
63,-0.02101728,-0.18270509,-0.037359998,-0.12958108,0.000134442,-0.085091844,-0.10014048,-0.019571755,1.1224532,-3.1694481,-0.28049114,0.9787038,0.07599742,-0.07055696,2.9010816,0.37506267,0.5289275,1.7618309,-0.39990702,0.018079318,0.058731258,-0.14000225,-2.8478718,0.6851019,41.08066,-1.1935657
64,-0.0003596805,-0.2200671,0.044339582,-0.10174151,0.053143267,-0.06802563,-0.14022219,-0.031223629,1.2794422,-3.0339582,-0.28633276,1.1474289,0.08799762,0.19965824,4.005137,0.31341654,0.7747934,1.2365233,-0.6939126,0.016240455,0.035405062,-0.18905848,-2.8221202,1.0275902,41.192127,-1.778244
65,-0.06277633,-0.14197747,0.14254777,-0.26110762,0.048059795,-0.0410534,0.1448493,-0.053137068,1.2091681,-2.5451958,-0.43605056,1.5784425,0.14559656,0.5121019,4.737301,0.25839424,0.851096,1.6646823,-0.6258116,-0.009082281,0.05172193,-0.14478752,-2.4195862,1.6630776,41.35577,-2.6817813
66,-0.109625295,-0.035673305,-0.12539904,-0.42001802,0.09386313,-0.07102039,0.32478338,-0.22437625,0.0036556497,-1.1862406,-0.09105078,1.5517219,0.10062862,0.55147403,4.213808,0.25539646,0.3445582,1.1145309,-0.7686634,0.17074463,0.038909897,-0.12762302,-1.6748289,1.9140974,41.739292,-3.7461553
67,-0.107337385,-0.06434329,-0.43534398,0.053893194,-0.069270656,-0.2165678,0.21200174,-0.16700146,-2.2787883,1.8143582,0.7896603,0.118266,0.072820626,0.51305413,1.1986119,0.7358333,-1.2920514,-0.46301746,-0.19184822,0.55586314,-0.03291598,0.023944043,0.5357805,-0.37504196,42.00591,-3.9719975
68,-0.11443612,0.045341685,-0.20164578,0.15486674,-0.05516162,0.020987451,0.30824843,-0.2190974,-2.7173598,2.142423,1.1407869,-0.2993753,0.031899758,-0.04974111,0.6749588,1.295637,-1.801855,-0.26376832,0.06506962,0.9303412,0.039943427,0.11924683,0.48304546,-3.2533937,42.46162,-3.1989088
69,-0.08756402,0.007990673,-0.23492064,0.32982042,-0.11582714,0.035335258,0.30369657,0.00066819414,-2.8735166,2.1735003,2.0250058,-0.635538,0.16126662,0.0012336578,0.52234536,1.7072811,-1.9093909,-0.32933772,0.00977207,1.1628906,0.053159446,0.06500181,0.7024752,-4.0433497,42.058865,-2.6103704
70,-0.07393259,-0.08768855,-0.22663482,0.31954148,-0.16266838,0.0013474673,0.18199629,0.06500307,-2.6499841,2.0165877,2.573646,-0.85355115,0.26190993,0.25950903,0.5513635,1.8416519,-1.9948561,-0.4690038,0.048212923,0.7496977,0.06526384,0.119923644,0.7059525,-3.9193263,41.719048,-2.1704447
71,-0.001125034,-0.11779712,-0.21985807,-0.24497442,-0.15231688,0.025798678,-0.13036329,0.033911075,-1.0514551,-0.29475412,1.8340827,-0.50374126,0.22331941,0.2047412,0.93947816,1.6805415,-2.2193835,0.14143918,-0.066901766,-0.26418975,0.13797843,0.14828086,0.24496809,-2.7099588,41.801476,-1.4506325
72,-0.100679696,-0.05627407,0.06006299,-0.40951926,-0.1682712,0.040052876,-0.0059111714,-0.05646384,0.82446796,-2.9582086,-0.2489106,0.92261344,0.2171607,-0.21029058,1.8849207,0.634799,-0.14422178,2.2594101,-0.3062663,-0.010903739,-0.014020769,-0.089586504,-2.0136223,0.5030249,41.316143,-1.2333935
73,-0.009379413,-0.15570311,0.017164007,-0.14141308,0.014001701,-0.025901929,-0.12851074,-0.005898211,1.1978778,-3.1358993,-0.42505255,1.0273184,0.06753988,-0.04615169,2.9974291,0.3715649,0.5410205,1.9747578,-0.3454471,-0.049059235,0.062073983,-0.15017635,-2.776102,0.5490307,40.774494,-1.2019488
74,-0.0043372773,-0.20464651,0.14589868,-0.09988774,0.07342082,-0.08540374,-0.09704137,-0.01978359,1.4267173,-2.9382238,-0.45626596,1.2496712,0.1587007,0.26904064,4.047793,0.36747384,0.8196901,1.2314807,-0.6541803,0.010634161,0.05755602,-0.19049132,-2.750103,1.140165,40.964397,-1.9180729
75,-0.043130424,-0.12608723,0.18362321,-0.25418082,0.090355754,-0.051395327,0.12770435,-0.031122748,1.176084,-2.3828168,-0.57416815,1.5992619,0.13886136,0.56072056,4.688357,0.24002686,0.87797636,1.5220505,-0.60033953,0.010338939,0.073752135,-0.14838111,-2.3014493,1.7793735,41.133087,-2.7810194
76,-0.074120924,-0.065195546,-0.18430199,-0.4308618,0.14868611,-0.11479207,0.22527489,-0.21903282,-0.23526326,-0.94046646,-0.020352878,1.4784917,-0.0076067373,0.63593847,4.079585,0.2020534,0.25889158,1.1037573,-0.94945854,0.25038704,0.054817386,-0.14125296,-1.5840307,2.1342046,41.41173,-3.893558
77,-0.08127493,-0.049663827,-0.4743452,0.06521584,-0.07171363,-0.20982601,0.21863198,-0.13963625,-2.6259887,2.0588994,0.86730117,0.027559534,0.06520601,0.44913644,1.0062134,0.8452941,-1.6068417,-0.55088997,-0.16550288,0.7526364,0.053823143,0.019090824,0.57979345,-0.996746,42.201176,-3.7739117
78,-0.11221829,0.03287904,-0.17659558,0.061867476,-0.10611683,0.02878718,0.3211261,-0.23288873,-2.7062964,2.1229312,1.3741844,-0.16361807,0.057166673,-0.0067280773,0.6475625,1.3824993,-1.7617493,-0.23658504,0.030686535,1.0700324,0.042313814,0.08955508,0.5647067,-3.5342748,42.50533,-3.1342168
79,-0.1305762,-0.032168046,-0.21984763,0.23351914,-0.23209596,-0.02370198,0.29927588,-0.052257333,-2.716417,2.101679,2.2374372,-0.56265104,0.20883211,0.10478059,0.46532995,1.6557839,-1.8168249,-0.319543,-0.0001596734,1.1960412,0.060456693,0.07563608,0.8143395,-4.0797544,41.936222,-2.685824
80,-0.0826042,-0.093899235,-0.21794309,0.27201203,-0.20819846,-0.038250193,0.15557212,-0.012536202,-2.4499428,1.9407498,2.5788379,-0.8202927,0.29332808,0.27109227,0.52231455,1.6984836,-1.8704039,-0.48423684,0.052761383,0.6938481,0.07196419,0.08359473,0.7133721,-3.9135811,41.69609,-2.1885276
81,-0.0098477565,-0.09729187,-0.23433737,-0.23927055,-0.17568275,-0.0015042722,-0.1302492,0.027533796,-0.88383585,-0.36464605,1.7738367,-0.39500254,0.24791735,0.11562858,0.92345756,1.6307728,-2.1708102,0.12004469,-0.04345926,-0.33071455,0.11668593,0.104958944,0.27581757,-2.653789,41.84237,-1.4387251
82,-0.0921967,-0.002094552,0.017962977,-0.41683683,-0.13066092,0.13582543,0.0068273544,-0.023450647,0.9083853,-3.0191727,-0.18685916,1.0567125,0.2733851,-0.22149816,2.0157804,0.6326845,-0.056414597,2.2505057,-0.23861438,-0.014633917,-0.0052334946,-0.1015122,-2.0244732,0.4582706,41.575222,-1.1942338
83,-0.005593624,-0.10762514,0.017294839,-0.13349663,0.041244123,0.05750285,-0.108439475,-0.009127412,1.1292259,-3.1547918,-0.42106608,1.0641713,0.07497705,-0.044753723,3.3610241,0.42600444,0.60159475,2.0458393,-0.3934771,-0.10731872,0.056382194,-0.15570527,-2.735187,0.58118963,41.026447,-1.2547082
84,0.0054916777,-0.16372292,0.10322295,-0.13231634,0.09772378,-0.043468133,-0.09332186,-0.033944104,1.265398,-2.781379,-0.51531446,1.3146816,0.14374495,0.24870351,4.2798004,0.40502888,0.7965892,1.4404248,-0.6025646,-0.061565183,0.06568306,-0.18440938,-2.6639266,1.1885732,41.111298,-1.9169964
85,-0.086497575,-0.09037991,0.18498664,-0.32663348,0.07593557,-0.046406463,0.20246035,-0.05941904,1.174187,-2.1810615,-0.5942987,1.7315916,0.21463704,0.6513574,4.5126963,0.35796437,0.8570904,1.2837793,-0.49420002,-0.05399712,0.1058211,-0.15638769,-2.0749612,1.8759516,41.210163,-3.024338
86,-0.08925769,-0.019089058,-0.23991774,-0.4810666,0.12587813,-0.0044056475,0.24926648,-0.1995143,-0.51451737,-0.7844405,0.010111235,1.3332977,-0.14404345,0.553776,3.758933,0.27209198,0.13231024,1.1438838,-0.96835375,0.24128196,0.009031573,-0.11962216,-1.2896581,1.9265572,42.01136,-4.1413603
87,-0.118712455,-0.059035286,-0.5112213,0.059452966,-0.11164795,-0.21770938,0.22286928,-0.16032347,-2.7344072,2.1252997,0.9871983,-0.031383082,0.08362237,0.40867648,0.92371327,1.1518598,-1.529883,-0.45759857,-0.09002154,0.7008184,0.072115034,0.016064994,0.60250586,-1.2863368,42.401215,-3.7631865
88,-0.15028307,0.030916527,-0.18510066,0.06956367,-0.19721766,-0.0065648705,0.3331233,-0.2128363,-2.7059255,2.1440425,1.3089178,-0.15617393,0.05259163,0.016994035,0.6106978,1.4547822,-1.8441341,-0.24000777,-0.016102098,1.1206515,0.02739519,0.07791882,0.55309224,-3.7262056,42.363377,-3.1349978
89,-0.13491338,-0.022344396,-0.17012526,0.1924148,-0.27325216,-0.015662685,0.3317652,-0.070464104,-2.6580973,2.0582354,2.0886889,-0.4441526,0.23817447,0.12931018,0.40234223,1.6413734,-1.8380541,-0.30266762,0.044425525,1.1826956,0.043002307,0.07017156,0.81325126,-4.1176386,41.884068,-2.7713299
90,-0.089568496,-0.07632445,-0.20190914,0.256598,-0.2123917,-0.020936057,0.17391676,-0.0057269074,-2.3462963,1.7612699,2.4971056,-0.7453321,0.3036403,0.28028467,0.564,1.6097217,-1.8043795,-0.40631115,0.01108966,0.6610654,0.061234802,0.076084815,0.59699047,-3.9206984,41.75027,-2.2736993
91,0.007912014,-0.10707091,-0.27299154,-0.2746284,-0.14361612,-0.020487428,-0.108676374,0.00081595406,-0.8068386,-0.54098845,1.6963909,-0.26363242,0.3172471,0.01712299,0.9449876,1.548694,-2.0981789,0.22563903,-0.14538506,-0.34700134,0.09309794,0.061893098,0.16359815,-2.3368454,41.820236,-1.5052081
92,-0.08889553,-0.055937454,-0.044436738,-0.40914387,-0.12875253,0.03416784,-0.009710014,-0.042045686,0.808042,-2.9596248,-0.06892256,0.9340783,0.28924114,-0.30869827,1.8931913,0.67025906,-0.07658195,2.393775,-0.22914228,-0.04373207,-0.0051216464,-0.13423067,-2.1897588,0.41528875,41.565758,-1.1137023
93,-0.015143719,-0.14109813,-0.059688434,-0.098272696,0.005115304,-0.03354734,-0.08508983,0.0057031773,1.0250968,-3.1910646,-0.25069836,1.0793312,0.046580918,-0.131169,3.0571277,0.4369203,0.5486171,2.2069218,-0.32672969,-0.062755786,0.043909192,-0.13175857,-2.9108481,0.58364856,40.77901,-1.113008
94,0.013782952,-0.16928168,0.097654924,-0.11005513,0.0783945,-0.053141758,-0.12560275,-0.061739568,1.1886978,-2.9507143,-0.38571283,1.2428058,0.098600574,0.1767285,4.0429125,0.46125853,0.7727221,1.5429264,-0.5705384,-0.067719065,0.06430992,-0.18223754,-2.839725,1.036332,40.83123,-1.794572
95,-0.03011873,-0.14075784,0.21683864,-0.3028318,0.101837724,-0.11476472,0.08533251,-0.09377581,1.2797151,-2.4254286,-0.5352277,1.6282977,0.18972778,0.55275095,4.464471,0.31466052,0.94012856,1.2363201,-0.62707263,-0.020451985,0.11520627,-0.19199908,-2.3643112,1.828549,40.961285,-2.7592022
96,-0.07391782,-0.049036637,-0.1620555,-0.4525995,0.13698694,-0.118782975,0.21892717,-0.24772075,-0.24319503,-1.0376397,-0.014723219,1.3452733,-0.054049604,0.54979664,3.9851468,0.2193259,0.2812536,1.2323288,-0.94956106,0.20333317,0.03986255,-0.13105059,-1.6328015,2.0143821,41.34486,-3.8211327
97,-0.102138564,-0.051664248,-0.4831509,0.058785275,-0.11511162,-0.23403549,0.20667702,-0.18780789,-2.5676272,1.9417387,0.9534293,0.029072955,0.09561234,0.40086606,1.0513661,0.911831,-1.5520644,-0.43730128,-0.1871211,0.7686921,0.051389605,-0.01795251,0.53090394,-1.0737056,41.900394,-3.7630723
98,-0.15192106,0.03844513,-0.18870325,0.065255985,-0.1576414,0.0027771145,0.3382354,-0.1800029,-2.7463782,2.1853282,1.3784616,-0.13854526,0.0549948,0.041262425,0.7244635,1.2686572,-1.7765923,-0.23189534,0.0525415,1.1511494,0.0445033,0.11798101,0.5933782,-3.5431526,42.099293,-3.249701
99,-0.09308663,-0.04405366,-0.17973353,0.20828298,-0.18299177,-0.024414137,0.32911748,-0.030373368,-2.8006504,2.1347063,2.1150982,-0.51532334,0.20709795,0.14783444,0.5333196,1.6110022,-1.9474669,-0.3478639,0.07069401,1.2683449,0.05281499,0.10377141,0.81291354,-3.9981658,41.63649,-2.7167637
100,-0.060434576,-0.09189211,-0.20881166,0.24271305,-0.15578952,0.0030682236,0.17953616,0.010766234,-2.5122309,1.8360013,2.5182374,-0.77589965,0.2942978,0.26187998,0.6369184,1.6778706,-2.0750084,-0.3981974,0.053063102,0.76722986,0.054047167,0.11095338,0.6229594,-3.8020775,41.679844,-2.15341
101,0.029707912,-0.14432447,-0.28972858,-0.29502863,-0.10088906,-0.0029342324,-0.120449364,0.0577639,-0.87996536,-0.4930857,1.7863241,-0.37702304,0.3722666,0.013150906,1.0385236,1.6509144,-2.4021132,0.17885964,-0.095520996,-0.24093011,0.122383565,0.08720467,0.30334705,-2.2915967,41.66477,-1.4743757
102,-0.08189103,-0.039383516,0.0059090704,-0.4134054,-0.10778564,0.07833968,-0.02871573,-0.05602816,0.84291553,-3.0510952,-0.18776554,0.9130349,0.23165816,-0.28122714,2.1559162,0.65848553,-0.021365397,2.2790475,-0.30377343,-0.050111614,-0.017458556,-0.11222071,-2.1731286,0.48934507,41.304058,-1.0948328
103,0.002571676,-0.14344274,-0.015635446,-0.13476546,0.037486378,-0.05217652,-0.07387775,-0.017576132,1.0817447,-3.1159904,-0.46614245,1.0775486,0.07425595,-0.123862095,3.0021555,0.45313868,0.56845903,1.9778606,-0.32556918,-0.066959225,0.05154127,-0.116606064,-2.8491392,0.5758694,40.769287,-1.1645964
104,0.007387284,-0.17984949,0.12642752,-0.10441892,0.05977011,-0.10470122,-0.047442198,-0.04609788,1.2694724,-2.8626528,-0.5522792,1.2784919,0.14103746,0.17872119,3.7653732,0.497336,0.78536844,1.201588,-0.44279745,-0.012115204,0.040279426,-0.13065547,-2.789638,1.0395097,40.902615,-1.7808387
105,-0.06506559,-0.114012584,0.24879564,-0.28495848,0.060839508,-0.04114689,0.18094006,-0.056653056,1.2506917,-2.4013753,-0.64567065,1.6708707,0.15183097,0.5386281,4.403182,0.29953063,0.88017124,1.3840209,-0.5176771,-0.032836042,0.08635606,-0.14779046,-2.2486901,1.7824851,41.08062,-2.7685487
106,-0.099895716,-0.019104555,-0.1674992,-0.4356341,0.12985572,-0.03540381,0.29320276,-0.25558165,-0.18339857,-1.0321484,-0.07359008,1.4912708,-0.0517072,0.55420625,4.0662436,0.24474531,0.3031892,1.1954247,-0.9086121,0.21627256,0.012830572,-0.11843326,-1.5572606,2.03389,41.807617,-3.8588772
107,-0.108402416,-0.055480078,-0.5128128,0.09287448,-0.09514594,-0.21890993,0.20585388,-0.16868874,-2.6434548,2.0891979,0.99915177,-0.03544222,0.11028799,0.4353592,1.0505795,0.91663516,-1.4888915,-0.5035727,-0.14874333,0.6182647,0.033471793,0.006183885,0.5967848,-0.8980186,42.11146,-3.806595
108,-0.13784048,0.032516018,-0.18990226,0.118577644,-0.14073348,0.028386056,0.31379506,-0.218218,-2.6683812,2.1000998,1.4392668,-0.2721544,0.039483614,-0.021359334,0.6816726,1.3883015,-1.6944925,-0.22167052,0.012994386,1.0190446,0.035551995,0.0945354,0.51288974,-3.5726454,42.245605,-3.1549988
109,-0.105077565,-0.035433337,-0.1921127,0.270064,-0.2190583,-0.014809534,0.30877054,-0.012710486,-2.696646,1.9815327,2.0829072,-0.5753319,0.192779,0.09791615,0.468121,1.661676,-1.803592,-0.30274928,0.00720004,1.1802089,0.059015155,0.08096408,0.75835776,-4.077745,41.844227,-2.763799
110,-0.058826353,-0.08259617,-0.20053567,0.3083615,-0.16280398,-0.014837548,0.2017071,0.07442978,-2.3470614,1.8884969,2.4526463,-0.8744868,0.25810298,0.3214709,0.53932744,1.6533766,-1.979867,-0.49290597,0.032206632,0.7473056,0.062134787,0.09303581,0.5376135,-3.8216014,41.613094,-2.1683877
111,0.017068926,-0.105890945,-0.34115297,-0.27942213,-0.11991125,-0.008606479,-0.058586895,0.0029077195,-0.82076496,-0.47998652,1.7279154,-0.2764222,0.46823967,-0.10285827,0.8787627,1.6691062,-2.4358158,0.12841056,-0.15062347,-0.29122564,0.09833431,0.09002515,0.34035808,-2.1158822,41.60347,-1.3069675
112,-0.097287744,-0.005450502,-0.011636242,-0.45809722,-0.12688103,0.08366148,0.043672472,-0.07350406,0.81706613,-3.0095856,-0.15625766,1.082649,0.30117956,-0.29803827,1.8430538,0.71167916,-0.040553086,2.1536582,-0.08215185,-0.10141697,-0.004677741,-0.061223574,-2.1508522,0.546615,41.36659,-1.0344712
113,-0.011615243,-0.047529683,-0.015637472,-0.18139009,0.048643295,0.077187195,-0.0054292083,-0.045795593,0.9843181,-3.0743616,-0.39904013,1.0038868,0.08252568,-0.088090934,2.9075015,0.4424364,0.5134228,1.8075677,-0.008644126,-0.11649116,0.08248679,-0.052100785,-2.704731,0.76456356,40.44264,-1.0716769
114,0.009047721,-0.15732132,0.11800845,-0.11759813,0.098231405,-0.06293951,-0.057067186,-0.04097182,1.1791738,-2.8942478,-0.46638235,1.3395759,0.12526166,0.17686668,3.9754295,0.40170267,0.72920585,1.0185448,-0.42499104,-0.0779384,0.07430668,-0.13322952,-2.7264261,1.2049776,40.670776,-1.7255307
115,-0.036322977,-0.13418324,0.20548676,-0.23824428,0.08418995,-0.1301686,0.079464644,-0.03453273,1.1888623,-2.4344685,-0.57186943,1.566388,0.13474351,0.54298824,4.646636,0.29048902,0.8705821,1.7002817,-0.5263627,-0.08628031,0.08854738,-0.13676974,-2.3593493,1.8509241,40.800854,-2.6452124
116,-0.08901906,-0.04902689,-0.1376539,-0.39697462,0.12122181,-0.15038371,0.2426748,-0.25126547,-0.124436475,-1.0565938,-0.074335374,1.4541367,0.031969912,0.55394554,4.1350193,0.27362564,0.32751057,1.210801,-0.9134013,0.18263882,0.049612,-0.1213261,-1.7180177,1.9645482,41.07828,-3.7260032
117,-0.088337064,-0.05471106,-0.45639116,0.061006144,-0.09810352,-0.23427455,0.20660996,-0.1333141,-2.5772161,1.8917296,0.89216155,0.103989735,0.074542426,0.4179029,1.0579576,0.903299,-1.5863674,-0.45964515,-0.17847696,0.784131,0.048410356,0.009502225,0.54014325,-0.96717525,41.612408,-3.7270472
118,-0.11527935,0.038802877,-0.15923457,0.086153746,-0.09793854,0.0164074,0.33525598,-0.15397844,-2.862967,2.1571014,1.3354241,-0.14258115,0.0068088546,0.012794932,0.6423734,1.3098983,-1.910422,-0.28094327,0.09462307,1.1327025,0.039891064,0.118456386,0.55501187,-3.5219681,42.09743,-3.1600118
119,-0.0820868,-0.041672602,-0.19878967,0.23063868,-0.17436665,-0.0031790286,0.31585586,0.037372675,-2.9327867,2.054383,2.1751096,-0.4996503,0.20279759,0.10970337,0.47103786,1.6508691,-1.844801,-0.3349396,0.04436762,1.2583135,0.061228603,0.084414266,0.82578075,-4.030735,41.620235,-2.6724415
120,-0.04466113,-0.11717038,-0.24392794,0.2512531,-0.17170474,0.006593004,0.15791482,0.08484861,-2.5578094,1.744761,2.6494837,-0.77982765,0.3216446,0.2907435,0.5246576,1.7047775,-1.9417691,-0.40369594,0.013559498,0.7721794,0.08032888,0.12554076,0.7466452,-3.7941976,41.480045,-2.1706295
121,0.021047834,-0.1601107,-0.31052303,-0.32440674,-0.13107422,-0.025721297,-0.11365974,0.0371727,-0.89093894,-0.57711875,1.8026489,-0.33292854,0.38469264,-0.022312993,0.98986197,1.6568038,-2.3491168,0.18338566,-0.10815623,-0.21868527,0.12995514,0.116071306,0.28632843,-2.1714172,41.39274,-1.445304
122,-0.08443585,-0.06549458,-0.027727976,-0.40195882,-0.13064054,0.02694355,-0.017572328,-0.040656064,0.7742713,-2.9417467,-0.04231576,0.859077,0.25796503,-0.3572968,2.0069938,0.6796874,-0.07841539,2.3638797,-0.24072108,-0.06031879,-0.013323603,-0.1272654,-2.2337146,0.49909747,41.15581,-1.0657965
123,0.011058066,-0.1869099,-0.060215846,-0.0877137,0.0180755,-0.08142163,-0.1553922,0.0016820095,1.0430007,-3.062947,-0.25407496,1.0063219,0.03455711,-0.14660735,3.1348405,0.37379533,0.57282406,2.160688,-0.5092758,-0.036352716,0.036670253,-0.15832502,-2.9718986,0.6174606,40.72395,-1.141484
124,0.0060582496,-0.18163712,0.049347803,-0.092543826,0.059772614,-0.037460014,-0.112814575,-0.048961107,1.159781,-2.874944,-0.32539043,1.1311927,0.07597,0.1435442,4.084767,0.41821966,0.7661465,1.500482,-0.658072,0.006011761,0.037945002,-0.17934576,-2.8503308,1.0384536,40.820316,-1.7807661
125,-0.044936087,-0.12710111,0.14028488,-0.26877666,0.08388054,-0.05820833,0.113199174,-0.07317853,1.1939683,-2.3549452,-0.43571964,1.5560282,0.17006993,0.5178033,4.5473347,0.24562058,0.84603417,1.3817753,-0.5635685,-0.06777086,0.08238271,-0.15342039,-2.3466005,1.8217293,40.977345,-2.7010818
126,-0.117955014,-0.047242746,-0.15247114,-0.42912254,0.10232553,-0.12200939,0.32069194,-0.21802628,0.04417535,-1.162259,-0.08440856,1.5526276,0.08108384,0.62664604,4.160173,0.2246046,0.3870176,1.208681,-0.7449558,0.13335349,0.045139402,-0.10368269,-1.6895142,2.1503112,41.143185,-3.8018184
127,-0.12310812,-0.066175625,-0.38899517,-0.009127153,-0.09323844,-0.21894634,0.20046622,-0.14683524,-2.166351,1.510022,0.68563193,0.3101651,0.021760091,0.5298654,1.3201897,0.60283816,-1.1755283,-0.37897468,-0.31258208,0.5606903,-0.050931737,0.007708721,0.39544904,-0.22058983,41.528946,-3.9884858
128,-0.08734694,0.067710385,-0.22230949,0.20544657,-0.03739291,-0.010936677,0.31259197,-0.18315074,-2.859095,2.064477,0.9937658,-0.22891395,0.025626697,-0.07870657,0.6781648,1.2975343,-2.1578994,-0.37287354,0.052729346,1.0121905,0.04742959,0.083855264,0.48692667,-3.1171482,42.220406,-3.125429
129,-0.10677603,-0.0144314915,-0.24569397,0.29140612,-0.1382235,0.019975439,0.290151,-0.006617401,-3.1381505,2.149009,1.9743034,-0.5827539,0.11696572,-0.048809372,0.50472033,1.838448,-1.9854085,-0.37154388,-0.014636181,1.1098357,0.056087434,0.077812664,0.7068263,-4.1248083,42.03174,-2.6165152
130,-0.07845867,-0.07649915,-0.20861088,0.31943253,-0.17835823,0.005057201,0.20635805,0.048159745,-2.8408997,1.9773897,2.6843765,-0.8292652,0.20814097,0.22552252,0.48924387,1.8787422,-2.0333352,-0.43303776,0.08141864,0.8423257,0.052224502,0.10854896,0.66292214,-4.0502768,41.615356,-2.1277282
131,0.00058958307,-0.12908898,-0.19712733,-0.20954503,-0.1579819,0.018708557,-0.0908528,0.04786768,-1.139944,-0.20690428,1.929155,-0.5620707,0.27731955,0.16989438,0.93836397,1.7725697,-2.3663812,0.06262241,-0.06278362,-0.19516674,0.14643076,0.17649615,0.28878516,-2.7529619,41.748096,-1.3312141
132,-0.09356898,-0.040566847,0.105354086,-0.4146609,-0.16530553,0.06567404,-0.0011712909,-0.09771842,0.781535,-2.9581106,-0.37981442,0.8783343,0.15038538,-0.22045115,2.0230572,0.61891544,-0.15264952,2.3840764,-0.37010458,-0.07453086,-0.023128657,-0.09862787,-1.9368021,0.5101418,41.322193,-1.1599529
133,0.0035063364,-0.10637434,0.06540768,-0.15059827,0.042386595,0.0051724017,-0.09066895,-0.011163149,1.2610657,-3.065352,-0.6427631,1.0458322,0.15614271,-0.04247632,2.834498,0.44660446,0.52326465,1.8309654,-0.18073514,-0.14900944,0.066045165,-0.11864317,-2.6847906,0.4820518,40.871166,-1.204959
134,-0.016057756,-0.15179484,0.15334632,-0.13959597,0.061164353,-0.049322054,-0.04455504,-0.04106203,1.4434502,-2.865235,-0.7047769,1.316236,0.20155358,0.2611107,3.7528727,0.4735361,0.7967491,0.96841776,-0.39851227,-0.06421455,0.04785222,-0.12924916,-2.5962887,1.0491854,41.1896,-1.8354454
135,-0.06937298,-0.120032415,0.27103096,-0.2990655,0.04094732,-0.059281394,0.1444352,-0.0616425,1.2842503,-2.392185,-0.78304917,1.6633838,0.15780699,0.60970247,4.42487,0.31716946,0.9103338,1.5765992,-0.58247584,-0.06437334,0.07788862,-0.1558595,-2.1931791,1.737302,41.495144,-2.806044
136,-0.079825684,-0.032297656,-0.1800213,-0.4574649,0.13080966,-0.038535282,0.23257631,-0.25510734,-0.34031424,-0.91319156,-0.079581715,1.4300915,-0.048137538,0.59062433,3.9664557,0.25559297,0.22487685,1.0903057,-1.0417665,0.24740872,0.030032063,-0.14060524,-1.5335412,1.9419712,41.891903,-3.8712227
137,-0.09323433,-0.057346806,-0.49412823,0.057375565,-0.08047035,-0.20225914,0.24573737,-0.16033211,-2.7859786,2.1576188,0.9843815,0.0056615025,0.08943892,0.3954571,0.9734935,0.9127877,-1.549553,-0.4947765,-0.09414979,0.6769872,0.055023998,0.020385735,0.6236315,-1.1329076,42.521126,-3.7658365
138,-0.1386388,0.030619547,-0.19964923,0.043717027,-0.14080945,0.021860614,0.3311633,-0.22073928,-2.7675037,2.199413,1.4487727,-0.15888046,0.069031514,0.020656979,0.6093238,1.3594892,-1.6809909,-0.2434261,0.0069620237,1.0496241,0.03868389,0.09478208,0.62454283,-3.6758587,42.585888,-3.2051954
139,-0.074763596,-0.039686933,-0.16127886,0.20419757,-0.1450837,-7.7694654e-05,0.33490926,-0.0056617,-2.7816927,2.0684125,2.1607103,-0.48802257,0.17753053,0.13361524,0.44808036,1.6208773,-1.8460375,-0.3352288,0.06833715,1.226808,0.054822028,0.08140423,0.81630754,-4.0865464,41.99605,-2.5968044
140,-0.0448541,-0.10782991,-0.21180446,0.22067572,-0.13202205,0.009340927,0.19979161,0.035046484,-2.4448006,1.7652581,2.532331,-0.79641795,0.26131633,0.29054877,0.540787,1.6465299,-1.9456258,-0.41201138,0.04466874,0.81887573,0.070474654,0.117548026,0.6012651,-3.8071854,41.92303,-2.1514938
141,0.02552298,-0.13377006,-0.2753755,-0.3025166,-0.14042442,0.008203357,-0.10195202,0.025177803,-0.8106392,-0.53986526,1.7960907,-0.37191343,0.32301354,0.09940908,0.8949379,1.5720574,-2.1793737,0.23072086,-0.08650806,-0.2234779,0.10694778,0.101896964,0.28348562,-2.3951633,42.12441,-1.4712864
142,-0.09167373,-0.050816193,-0.024881437,-0.42708158,-0.13130614,0.04628153,0.039835155,-0.022565994,0.81646603,-2.9644477,-0.09889487,0.9602226,0.2973943,-0.28557733,1.7408189,0.6687984,-0.08883547,2.2690113,-0.19830641,0.031186499,-0.016889779,-0.11401082,-2.1205118,0.4543416,41.942116,-1.2169071
143,-0.0063655637,-0.12197234,-0.10006048,-0.1127284,0.029608998,0.014904678,-0.13104588,-0.0124091245,0.95011944,-3.1097214,-0.21808687,1.0864373,0.015524693,-0.11835895,3.1952894,0.35724342,0.5693342,2.2045531,-0.43794778,-0.10566767,0.035542533,-0.13181072,-2.883523,0.55640846,41.318882,-1.3398463
144,0.009736333,-0.21671163,0.08632602,-0.111209884,0.0622516,-0.11245449,-0.1542339,-0.03401873,1.2325112,-2.8023,-0.42060968,1.2070271,0.09977407,0.19990641,4.3071346,0.37943178,0.7508694,1.7915107,-0.7256167,-0.03889128,0.050499476,-0.2164785,-2.833438,1.028857,41.284958,-1.8422203
145,-0.045868453,-0.16310857,0.18813722,-0.29436955,0.10066292,-0.15846819,0.1204699,-0.101281285,1.2629893,-2.1761987,-0.5317197,1.6902522,0.27126145,0.6148987,4.724107,0.29230395,0.88594615,0.9636136,-0.64904135,-0.0433537,0.10551588,-0.19910622,-2.2920613,1.885943,41.301144,-2.9007208
146,-0.057307843,-0.069701955,-0.1865295,-0.42066428,0.1258438,-0.13769954,0.20116991,-0.21909222,-0.3789804,-0.8419119,-0.030655183,1.3114079,-0.07586347,0.52662283,4.054798,0.3543726,0.16395491,1.2415622,-0.9968287,0.18389374,-0.0029007476,-0.13985536,-1.5593231,1.8006278,41.831573,-3.9151337
147,-0.09079668,-0.04617627,-0.47164392,0.048783466,-0.107459664,-0.20345499,0.20834151,-0.16828623,-2.63683,1.9926666,0.9413486,-0.04516481,0.011406846,0.39705962,0.998198,0.9437891,-1.5943645,-0.40928566,-0.09498184,0.77532357,0.08475101,-0.0026221946,0.56106174,-1.2514036,42.315662,-3.7125416
148,-0.113461435,0.024026915,-0.18316115,0.032000124,-0.121545136,0.005250737,0.33194265,-0.1846815,-2.6502006,2.1478941,1.2378377,-0.10946433,0.056486435,0.07569545,0.61253095,1.3014661,-1.7902062,-0.2544948,-0.0134428665,1.1002527,0.04102376,0.09629565,0.56930053,-3.535854,42.47385,-3.143303
149,-0.11194429,-0.02910988,-0.21103771,0.19055623,-0.19408965,-0.0039400607,0.320423,-0.059656892,-2.7038414,2.1863916,2.1323748,-0.46581495,0.21855325,0.13051844,0.44912958,1.6676638,-1.9649024,-0.34442937,0.008684941,1.1527562,0.054545254,0.08709549,0.83034337,-3.9946568,42.106922,-2.7008839
150,-0.070412606,-0.0926653,-0.20694251,0.21749271,-0.15073267,-0.017476007,0.18424672,-0.019547734,-2.3942044,1.8319463,2.5364451,-0.74766004,0.3154461,0.2728366,0.59553945,1.6500099,-2.096081,-0.42566574,0.042594768,0.65458614,0.05511202,0.079190396,0.58368295,-3.8269093,41.94861,-2.26857
151,0.029351804,-0.116346285,-0.298558,-0.28805998,-0.07393327,0.008381039,-0.12174797,-0.04868785,-0.7833516,-0.60166705,1.7186774,-0.35032785,0.3479457,-0.023312772,1.0132713,1.5992042,-2.2523847,0.21515368,-0.1646631,-0.3900914,0.10117911,0.10903417,0.10691869,-2.2129686,41.6854,-1.5045959
152,-0.08290064,-0.042219922,-0.03249775,-0.41158617,-0.120555714,0.047478214,0.034948364,-0.022756819,0.7924852,-3.0199952,-0.11707876,0.9367994,0.28575647,-0.3236892,1.8284918,0.73143286,-0.09138691,2.2470574,-0.18742028,-0.0041573877,-0.020815937,-0.09837926,-2.2503724,0.4454655,41.489666,-1.0254939
153,-0.012329247,-0.13656737,-0.06871946,-0.11820839,0.009958718,-0.02116184,-0.13011014,-0.016888592,1.017771,-3.1097891,-0.23212233,1.1100756,0.08636249,-0.09566838,3.0462239,0.46769124,0.55089456,1.990148,-0.32247236,-0.11646303,0.0502112,-0.1441679,-2.8560858,0.5717303,40.964138,-1.1142164
154,0.01594809,-0.16183548,0.088711545,-0.117736414,0.09284708,-0.038349748,-0.12586471,-0.049001727,1.2117803,-2.8895085,-0.42981067,1.1808246,0.10550309,0.18105252,3.9620965,0.44306147,0.7806329,1.3254579,-0.60019827,-0.016097449,0.05763101,-0.1745593,-2.7643466,1.062476,41.13088,-1.7792188
155,-0.036453214,-0.16966848,0.22061647,-0.2976615,0.08845064,-0.13233878,0.07948604,-0.06233457,1.3294084,-2.4173746,-0.56022936,1.6474144,0.17625558,0.6120269,4.573488,0.26599318,0.92728597,1.4001528,-0.68019676,0.0021868115,0.096335754,-0.19176441,-2.3614507,1.8138922,41.23056,-2.7815535
156,-0.07171062,-0.07191305,-0.12331624,-0.43077344,0.1381903,-0.17192398,0.25904563,-0.24736302,-0.06949567,-0.95958424,-0.11224655,1.5128294,0.05539585,0.6722472,4.082005,0.26821607,0.30703306,1.1604708,-0.89160717,0.20167121,0.054839954,-0.13868934,-1.6405383,2.1683154,41.348938,-3.8531506
157,-0.08735007,-0.05082254,-0.4755177,0.078093275,-0.07512446,-0.2172366,0.22755936,-0.14960131,-2.675069,2.012312,0.8859152,0.033857718,0.106640644,0.40686908,1.0257958,0.9481307,-1.5543488,-0.48283446,-0.15670115,0.70040077,0.027378084,-0.0008693412,0.5487432,-0.89427525,41.821606,-3.824486
158,-0.13230506,0.027381763,-0.21552004,0.07768163,-0.14710334,0.009017512,0.327043,-0.17605433,-2.8071587,2.137174,1.431264,-0.22305535,0.062007435,0.049611546,0.6994986,1.2344987,-1.7663524,-0.23835815,0.009489663,1.1337923,0.05122921,0.07684945,0.5581318,-3.5015547,42.182102,-3.1601882
159,-0.095689714,-0.042809114,-0.20123692,0.25544336,-0.20241621,-0.006245762,0.3305228,-0.029604707,-2.8279817,2.0638545,2.2425127,-0.5826962,0.2438809,0.11538095,0.5419888,1.6099315,-1.8487289,-0.3219074,0.020949103,1.1982597,0.054870665,0.062789075,0.7719828,-4.029985,41.791576,-2.6837816
160,-0.06586477,-0.08782922,-0.21607943,0.275756,-0.17568883,0.005457595,0.17988133,-0.0005839206,-2.4806948,1.8534669,2.5635276,-0.8505839,0.33195853,0.2923332,0.6545286,1.6637261,-2.007756,-0.44675004,0.015654065,0.6720167,0.07129626,0.09990352,0.6235703,-3.8294332,41.55069,-2.1348054
161,0.022121731,-0.10568653,-0.2949518,-0.28303656,-0.08697115,0.0009973049,-0.07590252,-0.01972768,-0.8123072,-0.5149636,1.7216636,-0.33307147,0.40424365,-0.04986652,1.0364528,1.6600983,-2.3750052,0.16078566,-0.15293184,-0.39993492,0.10659875,0.072051965,0.17172328,-2.1678941,41.533215,-1.3660442
162,-0.098597676,-0.018781975,-0.0055017024,-0.44395432,-0.11757922,0.05613272,0.058922738,-0.05350748,0.8265329,-3.0645394,-0.15691906,0.9461231,0.27730063,-0.36069396,1.8620542,0.73154384,-0.05437135,2.4828246,-0.09965279,-0.031851076,-0.01111543,-0.120308764,-2.203198,0.4709282,41.367146,-1.0169017
163,-0.014265265,-0.13131617,0.014248863,-0.13655822,0.0064226724,-0.042075872,-0.08416122,-0.0151419975,1.1190456,-3.1758063,-0.50778013,1.1281047,0.06358416,-0.14740913,2.9173837,0.45870224,0.5991924,2.267189,-0.31513932,-0.1409348,0.06026341,-0.107634075,-2.913796,0.5248273,40.62534,-0.9922875
164,-0.0082567,-0.13976805,0.17339517,-0.12849651,0.06478238,-0.014993563,-0.039675802,-0.052547846,1.3289576,-3.02934,-0.60569346,1.2605401,0.10616929,0.1529689,3.9572258,0.44666025,0.8408966,1.7227737,-0.5110755,-0.053453706,0.058369853,-0.14878231,-2.8207917,0.9939019,40.808773,-1.6021239
165,-0.05153581,-0.11712764,0.26537877,-0.29893717,0.10587925,-0.085354045,0.17435992,-0.11865565,1.3335177,-2.4276805,-0.6793629,1.6350878,0.21549332,0.5468827,4.5137205,0.3009111,0.9731833,1.0109013,-0.63820004,-0.010542833,0.111505955,-0.17792621,-2.3405223,1.8267668,41.142376,-2.7063107
166,-0.09225984,-0.023083314,-0.2012267,-0.43867657,0.13664904,-0.0531775,0.19788319,-0.24316482,-0.3601523,-0.9104657,-0.015053906,1.3740907,-0.14155167,0.5427687,4.1425123,0.26334673,0.23305443,1.358018,-1.0978191,0.22162867,0.0058875177,-0.1402564,-1.517119,1.9280998,41.79153,-3.880453
167,-0.09070259,-0.053710148,-0.55851793,0.053252712,-0.09970942,-0.22280528,0.17778811,-0.11431888,-2.7601106,2.111322,1.1322643,0.01098831,0.105963655,0.43635097,0.993742,0.96730614,-1.6056006,-0.44472206,-0.17962864,0.8305939,0.097025454,-0.020000823,0.64807063,-1.2187761,42.335308,-3.7856438
168,-0.10635829,0.008060172,-0.23287787,0.076261,-0.13458407,-0.011534423,0.26324615,-0.08386174,-2.7116153,2.1210895,1.5466324,-0.18482648,0.02332393,0.05454973,0.6782651,1.2751962,-1.631306,-0.21036984,-0.06581994,1.3196894,0.05761227,0.06949722,0.63497484,-3.633008,42.453636,-3.1486769
169,-0.056433406,-0.05733098,-0.19076173,0.24642706,-0.14767793,-0.03063345,0.29163894,0.016294505,-2.6487505,1.9171065,2.144725,-0.5020783,0.2130067,0.12611802,0.5261838,1.6256013,-1.6938255,-0.25821865,0.013031222,1.340128,0.07695556,0.08282884,0.83740044,-4.007132,41.9511,-2.7235155
170,-0.05169156,-0.09396635,-0.21709402,0.22623204,-0.14315838,-0.0026738495,0.17927176,0.03701779,-2.3333316,1.7724841,2.4398212,-0.7484362,0.3008568,0.31002071,0.63539267,1.639123,-1.8551793,-0.3575505,0.03496877,0.80551773,0.07988252,0.1119509,0.6730658,-3.7901733,41.66203,-2.263865
171,8.094683e-05,-0.11270775,-0.2888828,-0.2438979,-0.13248026,0.016572878,-0.09908134,0.052061614,-0.83653873,-0.40572724,1.7942662,-0.35149103,0.37518084,0.09881986,1.0308787,1.6257092,-2.185409,0.21106808,-0.114408754,-0.19064045,0.109372616,0.11300682,0.21732712,-2.3706844,41.690002,-1.678222
172,-0.07424989,-0.024720713,-0.031732515,-0.40368733,-0.10286763,0.08962844,-0.012922287,-0.02261639,0.78335184,-3.0002916,-0.12084145,0.9384326,0.26564777,-0.25959066,2.0527806,0.65950865,-0.07323562,2.2775865,-0.22387254,-0.011975371,-0.018343626,-0.07474924,-2.1389914,0.48442602,41.404762,-1.1479069
173,-0.020074513,-0.12328796,-0.044497564,-0.10451464,0.019597683,0.025807455,-0.118876785,-0.00023988262,1.1078444,-3.100301,-0.28362647,1.0668557,0.06724811,-0.07688906,3.3476486,0.42937866,0.53301775,2.0289218,-0.38795552,-0.046130024,0.046213955,-0.16278505,-2.8173141,0.5964957,40.90502,-1.1864891
174,0.008006785,-0.13892086,0.08920233,-0.09141962,0.088106245,-0.0015823692,-0.10188663,-0.034628425,1.1615568,-2.824006,-0.4577277,1.2111651,0.12259091,0.16975313,4.176292,0.40724882,0.73521185,1.4785043,-0.520028,-0.07795706,0.051966906,-0.17386562,-2.6915383,1.0701282,40.94367,-1.7946708
175,-0.054215606,-0.14597668,0.19421594,-0.31162313,0.07959485,-0.1453626,0.13770363,-0.05656177,1.1415201,-2.2913332,-0.5355453,1.6999073,0.20568466,0.5815517,4.5053196,0.30368742,0.87864065,1.2392644,-0.52326584,-0.052312158,0.113689005,-0.16033477,-2.287438,1.8894953,40.8092,-2.8554435
176,-0.074742004,-0.054837182,-0.22516485,-0.38062373,0.11403605,-0.120473124,0.18287182,-0.20370886,-0.4414072,-0.8638387,-0.00014028698,1.2861037,-0.07986986,0.44269514,3.9663706,0.3735279,0.18413639,1.1620177,-1.0466431,0.16415197,0.007433029,-0.12002268,-1.6288534,1.6096644,41.452003,-3.7416835
177,-0.13653246,-0.03995301,-0.45767885,0.0009407867,-0.13218889,-0.20352037,0.21634069,-0.20105723,-2.6851358,2.0068228,0.8417321,0.0075305253,-0.0033212975,0.38862774,1.02289,1.1045752,-1.5843785,-0.4117148,-0.11651804,0.77016145,0.07951912,0.021764569,0.55466115,-1.3794388,41.95071,-3.8450642
178,-0.12896094,0.018365607,-0.17588468,0.021234618,-0.12796463,-0.02770938,0.29516277,-0.1458979,-2.8707278,2.2835407,1.3397005,-0.0419486,0.0015054718,0.06816674,0.5888072,1.3774642,-1.9921129,-0.29956615,0.04869575,1.1567143,0.032068282,0.08852517,0.57717216,-3.5973876,42.23627,-3.081185
179,-0.121358395,-0.026363954,-0.1769491,0.2122928,-0.21383965,-0.017537668,0.3160624,-0.036193285,-2.7937684,2.1823027,2.0962913,-0.425591,0.20088828,0.14464977,0.4440537,1.596389,-1.9804199,-0.358096,0.074220635,1.2097564,0.028545888,0.08790117,0.76835215,-4.009812,41.78566,-2.709686
180,-0.07914093,-0.09271525,-0.1915706,0.22736347,-0.18842733,-0.010286316,0.20741501,-0.009488855,-2.4339445,1.7640356,2.4034343,-0.75713813,0.27204397,0.28978035,0.59837246,1.6961696,-2.0666904,-0.46029258,0.037982203,0.6681976,0.055538848,0.108516835,0.5364622,-3.8237548,41.73001,-2.2025251
181,-0.0059421323,-0.10378851,-0.28852344,-0.28354955,-0.10623853,0.021965861,-0.038225293,-0.003067974,-0.8108575,-0.39760348,1.7544847,-0.3360417,0.3617003,0.052093066,0.9778262,1.554596,-2.2807112,0.120254144,-0.14191005,-0.24919572,0.11441988,0.1273559,0.1415967,-2.285116,41.794117,-1.6497
182,-0.087942034,-0.05046816,-0.035746887,-0.39991724,-0.1350684,0.09681432,-0.0026820004,-0.042892877,0.89991826,-2.8466356,-0.044497587,0.9106432,0.29805022,-0.23352447,1.8920814,0.6604665,-0.06833827,2.300992,-0.3406809,0.021893777,-0.021253226,-0.098066755,-2.123065,0.44527668,41.485374,-1.2564304
183,-0.006973412,-0.15195982,-0.024219856,-0.12083463,0.018179271,-0.0066183656,-0.13402122,-0.013437305,1.2372735,-3.037739,-0.3096706,0.9432799,0.054775245,-0.009729141,2.9140832,0.37915063,0.6330782,2.0717516,-0.447799,0.017167486,0.051269747,-0.13931173,-2.818852,0.6776305,40.915443,-1.35647
184,0.00081918016,-0.22725557,0.10197137,-0.10288389,0.06628138,-0.12828998,-0.10686177,-0.026832525,1.3647592,-2.8330805,-0.38229623,1.2309865,0.12908286,0.26323345,3.9688196,0.34693485,0.8119101,1.2939564,-0.6784784,0.0035111075,0.045982927,-0.16636568,-2.8149166,1.1486784,41.13222,-1.9860598
185,-0.04480773,-0.15409468,0.19139652,-0.2725044,0.07398519,-0.0913568,0.09355992,-0.03781009,1.2255805,-2.348203,-0.5251362,1.6636776,0.12736756,0.6415771,4.6908946,0.24002141,0.87998414,1.5683562,-0.62188846,0.021588184,0.07158528,-0.15603328,-2.3121085,1.7872661,41.2521,-2.916463
186,-0.075757295,-0.04132487,-0.18192874,-0.43213806,0.14900029,-0.07267196,0.25032398,-0.25474507,-0.229898,-0.89832926,0.0022357926,1.3787469,0.015351184,0.63286746,4.2370586,0.26129222,0.254156,1.0269114,-0.9520771,0.23293579,0.04337187,-0.13706073,-1.6193526,2.0528667,41.399746,-3.9613464
187,-0.11688876,-0.042494997,-0.4615727,0.022738384,-0.09718408,-0.19461481,0.21745795,-0.19985363,-2.5753202,2.0355616,0.88487357,0.073208824,0.09836341,0.42383543,1.0502629,0.97508824,-1.5613264,-0.4942007,-0.15428492,0.7091766,0.03594336,0.037103705,0.580611,-1.0149599,41.931183,-3.9536982
188,-0.18272224,0.037869975,-0.16975091,0.079162434,-0.2133146,0.02451536,0.35158402,-0.26971474,-2.6871374,2.1362066,1.3203049,-0.2028517,0.060275145,0.009673854,0.65843457,1.3236997,-1.6697235,-0.24175014,0.078732826,1.0384642,0.036782116,0.14851534,0.59611803,-3.5586197,42.014294,-3.4448605
189,-0.16018865,-0.010066941,-0.16643266,0.20555782,-0.27885404,-0.024661347,0.3772658,-0.12698713,-2.7078855,2.125003,2.0671139,-0.4952134,0.24472004,0.09387874,0.48731643,1.6559402,-1.8448548,-0.35431314,0.085043736,1.164713,0.05229649,0.09666424,0.7869407,-4.11904,41.465862,-2.9335856
190,-0.08755702,-0.0851147,-0.21527083,0.2790036,-0.21734557,-0.016985461,0.19118863,-0.030829284,-2.38819,1.8582199,2.5335808,-0.85281724,0.3472006,0.28221503,0.5944106,1.6399391,-1.9643986,-0.4498185,0.023948647,0.7189092,0.061670735,0.11062228,0.62898207,-3.8742566,41.406357,-2.3257098
191,0.009067718,-0.10951771,-0.28805816,-0.25256953,-0.14323877,-0.005604282,-0.06418264,-0.021823023,-0.8525718,-0.53582335,1.7428677,-0.3380403,0.4546265,-0.086671524,1.0559092,1.7039776,-2.375053,0.16081266,-0.16564706,-0.30402336,0.09504959,0.08624088,0.18598706,-2.285923,41.511917,-1.4286655
192,-0.09380305,-0.0060548037,-0.029889658,-0.39552113,-0.10733217,0.09597294,0.07590598,-0.012281839,0.7651529,-3.081475,-0.07894129,0.927739,0.27615693,-0.33077934,1.9453053,0.7169164,-0.05161523,2.316467,-0.15828913,-0.034184717,-0.011674998,-0.0825708,-2.1774626,0.47722584,41.352543,-1.1786444
193,-0.007503893,-0.1424628,-0.05006452,-0.11243816,0.014102314,-0.05077228,-0.07788491,0.0056675933,1.0474653,-3.0909116,-0.36396924,1.1042167,0.11003197,-0.12715955,2.8995578,0.4448272,0.5768038,2.0816238,-0.2739078,-0.09447428,0.043499418,-0.10109485,-2.8353333,0.560412,40.861214,-1.2580546
194,0.007822905,-0.1488157,0.07421948,-0.082851335,0.07515749,-0.02427335,-0.11185658,-0.021385197,1.2082114,-3.0118253,-0.41046956,1.1995937,0.11819471,0.15850078,3.7663293,0.48454738,0.79426384,1.4496604,-0.5106487,-0.032666467,0.053597532,-0.15039372,-2.804614,0.9871785,40.905483,-1.7777479
195,-0.050147053,-0.10588817,0.16538744,-0.27260205,0.07667452,-0.047945797,0.13991427,-0.056173865,1.1795161,-2.5297744,-0.4958512,1.6420022,0.1669535,0.4940414,4.3282495,0.34602478,0.86430955,1.3929607,-0.4754587,-0.049243115,0.088981315,-0.12303541,-2.3802495,1.7163512,41.180843,-2.6524348
196,-0.11564985,-0.02789314,-0.12323262,-0.44444996,0.1071192,-0.057167076,0.272037,-0.21308562,0.10624137,-1.2742399,-0.101320006,1.5936573,0.04633499,0.67144954,4.0957875,0.2276943,0.4061177,1.2189876,-0.70402664,0.10383446,0.029623816,-0.093948506,-1.6615826,2.0584774,41.701767,-3.7408667
197,-0.13585226,-0.07172312,-0.45560557,0.042586997,-0.08628285,-0.2526121,0.18604922,-0.17664632,-2.261504,1.8533362,0.7511627,0.22160031,0.15620285,0.5897298,1.1811998,0.80918264,-1.2513105,-0.4999311,-0.2938664,0.52810556,-0.043166056,0.009309225,0.52448475,-0.29773247,41.842594,-4.0393705
198,-0.093289495,0.035453245,-0.20282914,0.19292027,-0.06938511,0.0015754849,0.29499778,-0.14112929,-2.7117913,2.0272577,1.2060443,-0.28370535,0.05083645,-0.03493335,0.7012561,1.4398783,-1.6846566,-0.19978417,0.060401507,1.0353397,0.04230669,0.08105361,0.5468117,-3.256779,42.177883,-3.3561192
199,-0.076168716,-0.022011146,-0.21667124,0.36257824,-0.12826023,-0.003790602,0.3179106,0.08050141,-2.9947655,2.1603596,2.0669222,-0.6987478,0.17396009,0.058086492,0.5346973,1.8296925,-1.8862032,-0.3090819,0.040480204,1.243394,0.06161031,0.096930824,0.7428193,-4.026437,41.662838,-2.6648483
200,-0.04677261,-0.09407823,-0.22994442,0.36510226,-0.14967063,-0.018290266,0.18253118,0.11818227,-2.6861174,2.0494921,2.5822134,-0.95658326,0.22071895,0.26994053,0.62471396,1.8784343,-2.048556,-0.44018447,0.039517738,0.9798395,0.07594617,0.12913194,0.65012383,-4.016751,41.515713,-2.17212
201,0.024593327,-0.15031545,-0.22920863,-0.24810444,-0.17519613,-0.030771062,-0.1544267,0.09844735,-1.073012,-0.3531148,1.8695775,-0.5001973,0.3036446,0.15286285,1.0102338,1.7158734,-2.4324799,0.1593927,-0.09358718,-0.15022632,0.14894934,0.11377988,0.33255243,-2.737825,41.64631,-1.3025948
202,-0.113725126,-0.043396726,0.05211498,-0.45594376,-0.17637473,0.054009482,0.01930356,-0.10675612,0.8181694,-2.9795177,-0.2476897,0.92830706,0.2358624,-0.26303867,1.9934977,0.68758374,-0.15345448,2.4730213,-0.3035786,-0.08788838,-0.030035434,-0.1423012,-2.02389,0.48466438,41.441128,-1.2218176
203,-0.020027902,-0.13365625,-0.00363262,-0.154377,0.0012891032,0.0039549917,-0.089473486,-0.013244186,1.1110775,-3.0947773,-0.39594144,1.0723504,0.09129924,-0.051899754,3.059466,0.42455655,0.50217384,2.0837831,-0.3120841,-0.09555503,0.052948847,-0.13887274,-2.784502,0.55690014,40.903393,-1.1652662
204,0.005797837,-0.18021058,0.07303281,-0.13333474,0.06390953,-0.050353453,-0.10574216,-0.064338416,1.1982336,-2.7217462,-0.44275787,1.1640137,0.1609729,0.21893501,3.9776103,0.4192723,0.72507304,1.2107631,-0.55555284,-0.073839866,0.04837332,-0.15494856,-2.7020898,1.0029664,41.195576,-1.8134897
205,-0.05474269,-0.14014907,0.2097248,-0.29712176,0.058832172,-0.08862917,0.131957,-0.06595898,1.317488,-2.3093028,-0.54006475,1.5811857,0.18987197,0.610991,4.5585613,0.29091984,0.8898125,1.5560352,-0.5807719,-0.010638916,0.08156392,-0.14939052,-2.2948914,1.8799144,41.322086,-2.8062468
206,-0.08920506,-0.03967358,-0.15879638,-0.43354872,0.1170229,-0.07068605,0.2662568,-0.2526502,-0.049676605,-1.0111653,-0.119661905,1.4477543,0.05212993,0.600031,4.064723,0.25448477,0.35092452,1.1170241,-0.92507267,0.19338924,0.02519896,-0.12670511,-1.6054674,1.9746028,41.853497,-3.8167858
207,-0.11561772,-0.051622495,-0.500386,0.060382053,-0.104209974,-0.20563687,0.23912117,-0.17367509,-2.585151,2.0002892,0.9105249,0.040280595,0.13834077,0.4543706,1.0585147,0.9546478,-1.3944273,-0.5212722,-0.19353554,0.61997294,0.008997755,0.0044847354,0.5978672,-0.8160528,42.071712,-3.8835013
208,-0.14524159,0.042214587,-0.17711647,0.10649052,-0.14036444,0.021450862,0.3583401,-0.23288742,-2.7739909,2.2266502,1.3939463,-0.26596653,0.07879079,0.02688766,0.6581833,1.3321016,-1.7965266,-0.26507878,0.07405255,0.9995944,0.041310817,0.14735591,0.5725389,-3.4875205,42.329784,-3.2243638
209,-0.15393853,-0.02565588,-0.15909787,0.22193567,-0.25130126,-0.03201078,0.3420206,-0.10123208,-2.83648,2.30934,2.1114745,-0.5567155,0.25311846,0.12243738,0.46254164,1.6613686,-1.8840519,-0.39389002,0.0751935,1.063266,0.047638148,0.11542236,0.78986275,-4.093485,41.83822,-2.8163877
210,-0.075760305,-0.076609954,-0.20713629,0.2790888,-0.17164722,0.010652468,0.17539984,0.0050801896,-2.4700465,1.8620342,2.4689946,-0.82109284,0.26011434,0.2973455,0.6222415,1.6959503,-1.9732499,-0.45041394,0.02399794,0.6602853,0.05138071,0.11331696,0.5349866,-3.84932,41.556007,-2.2241952
211,0.014205817,-0.115408495,-0.30635506,-0.3068917,-0.11281201,0.009779617,-0.06363577,0.00015934929,-0.8109395,-0.5608661,1.7458767,-0.36235678,0.3330981,-0.03724628,0.98110896,1.6662135,-2.3856273,0.1978244,-0.12746218,-0.24752846,0.11361264,0.13610515,0.15764338,-2.1559486,41.52612,-1.4888688
212,-0.091089904,-0.021292463,-0.0148809105,-0.40230975,-0.12876679,0.09017961,0.02294223,-0.033373628,0.80544555,-3.0711706,-0.116500564,0.9522823,0.25432494,-0.3264973,1.8254104,0.7017967,-0.05347132,2.313501,-0.19832674,0.0037678843,-0.02135834,-0.09246618,-2.202538,0.4336782,41.398075,-1.1045802
213,-0.012218263,-0.11784525,-0.026818827,-0.151397,0.03120375,0.01920627,-0.10427761,-0.01805732,1.1373214,-3.152116,-0.33932665,1.0376043,0.083748825,-0.047230594,3.0118585,0.40320745,0.5628803,1.9924892,-0.3201529,-0.072792135,0.065939784,-0.13113332,-2.8010688,0.58340645,40.90092,-1.1601374
214,-0.0060844086,-0.17846452,0.095210746,-0.13907461,0.07340482,-0.10189919,-0.058667094,-0.037572566,1.2845991,-2.8091104,-0.46345022,1.2597202,0.16694343,0.27098408,3.9372768,0.46617997,0.7698301,1.2991046,-0.5068245,-0.051483594,0.06390776,-0.14028794,-2.7238474,1.1934086,41.012638,-1.9135414
215,-0.061004963,-0.10602103,0.2068599,-0.3122548,0.07651019,-0.05510503,0.12094703,-0.047009025,1.2065526,-2.335203,-0.57673717,1.6704166,0.15885615,0.627813,4.458881,0.33200157,0.89190006,1.4304074,-0.51322305,-0.030613147,0.09683074,-0.14254633,-2.2158728,1.8540689,41.08337,-2.906356
216,-0.092727244,-0.013671324,-0.20633258,-0.442162,0.13269028,-0.035486713,0.26997417,-0.24974433,-0.28636098,-0.8697267,-0.029740967,1.4033678,-0.04308682,0.6095489,4.0261817,0.25402427,0.22007912,1.0845047,-0.8632072,0.16488078,0.031350963,-0.11318561,-1.5031692,2.0640213,41.532955,-4.0225315
217,-0.121125355,-0.04263468,-0.50682086,0.059008613,-0.11319046,-0.20433263,0.22299713,-0.18090698,-2.6466434,2.10311,0.94071716,0.03364505,0.10387387,0.42801073,0.99658245,0.9543599,-1.5206994,-0.48733366,-0.1382845,0.7124712,0.026362034,0.041564874,0.5581363,-1.0023311,42.09814,-3.895729
218,-0.14552924,0.03575255,-0.2011856,0.09721191,-0.18153295,0.02057539,0.33211866,-0.18610379,-2.634273,2.0288188,1.413296,-0.21596847,0.045722492,0.017145937,0.6975534,1.3746692,-1.5844967,-0.1917261,0.0056718364,1.1532813,0.041868538,0.10204934,0.5710422,-3.6125026,42.21573,-3.3683136
219,-0.10509461,-0.04294969,-0.18291827,0.22690493,-0.21485075,-0.030905768,0.33207536,-0.0443776,-2.7092998,2.014942,2.1814432,-0.5265493,0.264957,0.118384115,0.49777967,1.5984986,-1.7979238,-0.28504944,0.018449135,1.2015027,0.060658455,0.08226698,0.8099967,-4.0530367,41.854645,-2.8329678
220,-0.049193796,-0.112756416,-0.20355038,0.25242093,-0.15596548,-0.008252576,0.17821708,0.080337316,-2.4524412,1.7717422,2.5023904,-0.78311396,0.28042686,0.3085279,0.6397461,1.6969855,-1.9861875,-0.40982282,0.006307937,0.7768188,0.07583204,0.11442324,0.6132287,-3.7812655,41.74741,-2.23265
221,0.027132545,-0.14602257,-0.28023326,-0.3050164,-0.11288065,0.0035670102,-0.113051355,0.03989851,-0.87317747,-0.5426974,1.7227057,-0.37513477,0.2964306,0.08965797,1.034041,1.6337371,-2.2088602,0.20715778,-0.15524688,-0.22190478,0.12554048,0.105068766,0.161196,-2.3365061,41.86616,-1.4793859
222,-0.08083564,-0.065840796,-0.033602312,-0.42017415,-0.12731278,0.057413206,-0.028300405,-0.06953311,0.8331068,-2.9853456,-0.07173089,0.9357542,0.2588688,-0.29255232,2.1656282,0.67164,-0.040708296,2.3482099,-0.36242124,-0.041357957,-0.011960028,-0.12558752,-2.2536926,0.41241294,41.610302,-0.99136794
223,-0.019439545,-0.13653053,-0.010949507,-0.13422738,0.014463965,0.005966142,-0.081603706,-0.021731291,1.1034502,-3.1651456,-0.20929351,0.93378896,0.04312641,-0.049558602,3.3175702,0.43057802,0.49915344,2.169565,-0.36823758,-0.020653091,0.069179006,-0.17891937,-2.8686776,0.7447543,40.67735,-1.1269295
224,0.017425809,-0.20290552,0.038851753,-0.07544567,0.08812088,-0.09455864,-0.119770855,-0.009761427,1.1667387,-2.8875906,-0.313683,1.1969091,0.109185345,0.17530368,4.3392134,0.32439977,0.7204718,1.6502277,-0.617747,-0.045736276,0.04639788,-0.17539126,-2.886982,1.1091269,40.70738,-1.7072275
225,-0.04989138,-0.14197691,0.1620505,-0.2678124,0.09990883,-0.13452338,0.10427728,-0.046402875,1.2677312,-2.3703763,-0.5312359,1.7203097,0.2507884,0.56352556,4.5781593,0.32182258,0.9250002,1.1920959,-0.5505673,-0.027464472,0.0992838,-0.1598598,-2.3424745,1.8109387,40.790592,-2.721769
226,-0.08207618,-0.032828704,-0.17703943,-0.38344494,0.1246596,-0.1153506,0.25515407,-0.18557216,-0.35099465,-1.0262308,-0.065015115,1.4210073,-0.023060374,0.5421902,4.0444756,0.38328847,0.20953333,1.2192377,-0.8575052,0.18959019,0.032060444,-0.10329934,-1.6463643,1.9374994,41.090496,-3.7568107
227,-0.11155847,-0.032819226,-0.45554024,0.04989703,-0.10646719,-0.20874347,0.22261319,-0.14526471,-2.728432,1.9387707,0.7420582,0.045632616,0.01182761,0.41619682,0.9855219,1.0317674,-1.6621909,-0.41575885,-0.14895815,0.81754,0.079215676,0.022274874,0.53292876,-1.2427582,41.865273,-3.7590942
228,-0.11732951,0.021261975,-0.16469134,0.09843218,-0.13356555,-0.0020412207,0.33057165,-0.15896842,-2.9146771,2.147937,1.3622551,-0.16019748,0.018710263,0.01826795,0.625281,1.4437892,-1.84053,-0.2517246,0.06619667,1.1502384,0.041565686,0.13009042,0.55564,-3.5454466,42.27274,-3.07058
229,-0.1246129,-0.02383171,-0.19544615,0.21933152,-0.23338637,0.018890008,0.3271684,-0.06601557,-2.9364097,2.1270754,2.23837,-0.51579106,0.16516826,0.12044542,0.48872542,1.7127298,-1.9618771,-0.34927046,0.051645853,1.1892933,0.050783098,0.116354965,0.78433263,-4.0797205,41.870026,-2.5852532
230,-0.08800191,-0.079839036,-0.20132,0.2188824,-0.18766215,-0.0071325153,0.2104131,-0.05219588,-2.5615427,1.911683,2.5440772,-0.7777346,0.27468514,0.268486,0.553067,1.7250491,-2.0945225,-0.49853325,0.03135196,0.7033201,0.066658616,0.14785981,0.56798685,-3.90417,41.59312,-2.171753
231,0.00017381087,-0.11115365,-0.28079408,-0.3405924,-0.13862273,0.012780681,-0.06291002,-0.021908794,-0.83375424,-0.53621304,1.758768,-0.34056503,0.33672473,0.04098911,0.93951774,1.5746987,-2.3421733,0.14343183,-0.082079075,-0.3105184,0.12246278,0.12704927,0.24583909,-2.3079975,41.6173,-1.3998501
232,-0.10481128,-0.051373795,-0.011088982,-0.38283572,-0.15257163,0.051275656,0.028398871,-0.03595111,0.80487424,-2.948692,-0.13447544,0.84911263,0.2971789,-0.33754537,1.9148334,0.6354411,-0.09986078,2.4304695,-0.24839368,-0.055034004,-0.026732026,-0.1232186,-2.1255713,0.41779566,41.450657,-1.1264138
233,-0.0127844475,-0.11530729,-0.039757952,-0.122099504,0.013370637,0.020158544,-0.0882909,-0.013519023,1.0973393,-3.076409,-0.35578057,1.1280982,0.07217414,-0.12212931,2.9906988,0.4207624,0.5890827,2.2957902,-0.36158922,-0.10299405,0.034578502,-0.10908378,-2.8638597,0.53727156,40.958454,-1.1670011
234,-0.004396405,-0.18236674,0.09097086,-0.11820449,0.06582227,-0.04168418,-0.124242425,-0.03643513,1.3192046,-2.8564615,-0.40322652,1.2604008,0.1158526,0.2400642,4.032264,0.44364718,0.8155058,1.6535827,-0.6734871,-0.023662709,0.058601476,-0.18782431,-2.7902207,1.0190601,41.145054,-1.8931614
235,-0.054094847,-0.115642115,0.16311525,-0.3013204,0.093176216,-0.032000452,0.14914662,-0.103792965,1.2885562,-2.2961833,-0.5431668,1.6456136,0.21058095,0.6070425,4.5650444,0.3077297,0.9318341,1.1954492,-0.62163305,-0.0054663057,0.08588594,-0.16467041,-2.2556157,1.7832996,41.445255,-2.8159263
236,-0.09954341,-0.009466633,-0.20785408,-0.4758518,0.13303581,-0.009366162,0.29943782,-0.26963338,-0.2297008,-0.8540353,-0.02776251,1.4263598,-0.043800227,0.6763565,4.0107546,0.2430675,0.23902828,1.1848456,-0.87639385,0.19379053,0.033832744,-0.1261554,-1.4056402,2.219324,41.8028,-4.0008535
237,-0.109331354,-0.05227457,-0.4980697,0.057262436,-0.10647036,-0.18938442,0.21703076,-0.18428466,-2.652457,2.0907958,1.0184509,-0.06875472,0.09782735,0.43227848,1.0193993,1.026051,-1.5082594,-0.47834754,-0.10057213,0.6800772,0.05487278,0.02512803,0.64706707,-1.0859168,42.230236,-3.9218848
238,-0.14432475,0.01047273,-0.17207433,0.08230965,-0.15438847,0.0054694563,0.3440201,-0.22737601,-2.734319,2.1741898,1.4141234,-0.25249904,0.10698948,0.02158085,0.64610153,1.3785584,-1.7126197,-0.2243811,0.041041322,0.98745185,0.04187098,0.12062555,0.5980449,-3.604667,42.412586,-3.2318525
239,-0.09481597,-0.036938623,-0.17734678,0.21240412,-0.19463515,-0.009447366,0.31867644,-0.03216425,-2.6640477,2.091515,2.1204786,-0.51803666,0.23654172,0.13898948,0.4504423,1.5996168,-1.8409312,-0.3376614,0.03187827,1.1691097,0.051789016,0.05650436,0.79584336,-4.031991,41.956238,-2.7062936
240,-0.050572272,-0.1187319,-0.21251367,0.21674173,-0.13679656,-0.015724763,0.1752136,0.039164867,-2.3911774,1.8678784,2.5448864,-0.8018499,0.37454847,0.31457153,0.5172364,1.6577301,-2.0790653,-0.4894173,0.025794365,0.6438439,0.07530098,0.122027196,0.7065133,-3.7335386,41.81451,-2.1897593
241,0.023815189,-0.11826779,-0.33894825,-0.33007142,-0.08495264,0.015511319,-0.08479297,-0.045732323,-0.774267,-0.6456367,1.7318081,-0.3481812,0.40337014,-0.048685394,0.97406393,1.553072,-2.362371,0.20066057,-0.153011,-0.3500615,0.10137157,0.10712796,0.16948247,-2.0229669,41.627483,-1.3743387
242,-0.12537506,0.0006172806,-0.03893204,-0.45750454,-0.12293239,0.11849384,0.14096771,-0.062434737,0.8612619,-3.0671995,-0.114525,0.9440707,0.3239905,-0.37105218,2.0693777,0.71064895,-0.033031814,2.3114717,-0.11836674,-0.074636005,-0.009142546,-0.11201162,-2.1605392,0.4867462,41.440002,-1.0650052
243,-0.019384231,-0.10832466,-0.025365993,-0.13388489,0.012254957,0.031527758,-0.061947405,-0.014559481,1.1026385,-3.2379045,-0.40604362,1.1272995,0.07388533,-0.15211257,3.212014,0.44970775,0.5556253,2.1921144,-0.31670776,-0.15852222,0.05124317,-0.13834059,-2.8354506,0.48763174,40.750744,-1.0662873
244,0.009540532,-0.11976914,0.13702197,-0.12612318,0.08862272,0.012583286,-0.03880781,-0.06633854,1.3184803,-2.9262836,-0.6234743,1.2313027,0.17227602,0.15044056,4.0926476,0.49098727,0.7876711,1.4884328,-0.44569156,-0.14337179,0.05806484,-0.14384279,-2.7361817,0.9669847,40.85481,-1.6473621
245,-0.0312328,-0.09989034,0.26202315,-0.2920201,0.09045699,-0.038259923,0.16576609,-0.07719228,1.2272415,-2.3139665,-0.7514939,1.6487586,0.19012839,0.5317358,4.441181,0.33162072,0.8261051,1.2298712,-0.45220122,-0.07938089,0.100564346,-0.14833373,-2.2244844,1.762376,41.00135,-2.5610666
246,-0.08654545,-0.024518177,-0.14353068,-0.4562135,0.11429238,-0.034616478,0.21018559,-0.22339517,-0.21297565,-0.9884429,-0.14905336,1.4262547,-0.061469488,0.5752978,4.0229373,0.30093446,0.2946336,1.3354679,-0.9033409,0.17100587,0.0049332697,-0.12257861,-1.4984001,1.8637577,41.77953,-3.745447
247,-0.12210627,-0.0756789,-0.52380687,0.13044812,-0.12307279,-0.24541418,0.18721265,-0.14721844,-2.6449997,2.1446197,0.9379543,-0.1127411,0.13982242,0.46694532,1.000752,0.89048505,-1.4600153,-0.50648606,-0.13390717,0.59492594,0.022598268,-0.016812064,0.63291794,-0.8798302,42.170696,-3.7774637
248,-0.122175485,0.011284873,-0.18950416,0.14937095,-0.10678771,0.0058876127,0.31996804,-0.10386768,-2.7979088,2.2677748,1.4939133,-0.2814321,0.0738366,0.006056538,0.57196575,1.3515046,-1.7100902,-0.24759974,0.036833294,1.0704402,0.043677837,0.12941855,0.6162545,-3.5145872,42.3942,-3.1950493
249,-0.07647169,-0.045807555,-0.20851515,0.26894462,-0.1775865,-0.008761838,0.30369258,0.069393545,-2.6877754,2.0785975,2.294663,-0.61373574,0.23839101,0.16738343,0.43950617,1.6417558,-1.7705866,-0.33743596,0.008775897,1.3165609,0.06513131,0.10972475,0.8358228,-4.0295243,41.92558,-2.651332
250,-0.029115226,-0.09528999,-0.20141007,0.28755388,-0.13259605,0.0026867837,0.18227708,0.04658177,-2.2677224,1.7606066,2.5585294,-0.8830627,0.3369692,0.31313428,0.55577624,1.7004086,-1.9532223,-0.42903948,0.037338234,0.6605392,0.06649095,0.11366802,0.6011488,-3.8044915,41.95338,-2.0413294
251,0.02937371,-0.098124996,-0.35041672,-0.31341425,-0.10269101,0.022825062,-0.084129214,-0.08483517,-0.7795655,-0.6339959,1.6795805,-0.29484063,0.39588153,-0.116267554,0.93943477,1.6591299,-2.3149815,0.19497941,-0.15224603,-0.45377716,0.102701396,0.08515481,0.2568224,-2.0042994,41.764557,-1.3028209
252,-0.0935778,-0.011004046,-0.047470465,-0.44247317,-0.10143757,0.107496575,0.036161587,-0.04852161,0.8813969,-3.1392834,-0.11870951,1.0140356,0.2655142,-0.29643992,1.9581475,0.6922905,0.0056332424,2.2367206,-0.21911785,-0.025425695,-0.020206062,-0.084786065,-2.2390342,0.5018777,41.54269,-0.9311557
253,-0.009694185,-0.10784145,-0.028154686,-0.19884442,0.050819192,0.016516611,-0.066223145,-0.047893915,1.0682926,-3.1402464,-0.34159333,0.9656666,0.05810345,-0.055069767,2.9934378,0.42476484,0.5454569,1.9770385,-0.25600484,-0.08330854,0.087646164,-0.12080897,-2.7659588,0.7570519,40.590153,-1.204194
254,0.006109271,-0.19923128,0.041568294,-0.105737254,0.07086611,-0.10418092,-0.13037771,-0.048616443,1.1512922,-2.9298906,-0.34420243,1.2063884,0.10080338,0.16756941,4.0609426,0.3991121,0.75229377,1.3427912,-0.5628394,-0.07431611,0.05349797,-0.1683611,-2.8528018,1.1276729,40.559013,-1.7764035
255,-0.040654358,-0.1367956,0.15120547,-0.2502074,0.08347452,-0.092267126,0.09070253,-0.0658586,1.2115445,-2.428835,-0.47012368,1.5244547,0.16952354,0.48470184,4.580061,0.24309728,0.88065696,1.4837848,-0.5413943,-0.06126585,0.08035971,-0.15256053,-2.4161658,1.7990235,40.833233,-2.6464088
256,-0.0995065,-0.042974308,-0.09347226,-0.37891355,0.102856725,-0.10869001,0.30952471,-0.19354227,0.15224281,-1.2039937,-0.14118329,1.4936677,0.10520352,0.5682828,4.1855297,0.22892934,0.4216287,1.1740285,-0.6882175,0.12520722,0.042881906,-0.10655967,-1.7263669,2.0391052,41.12477,-3.7339842
257,-0.12469602,-0.05593984,-0.42357153,0.0032399464,-0.08157483,-0.21494177,0.21560493,-0.13404986,-2.2050111,1.5979302,0.7118801,0.24322982,0.055982865,0.55261916,1.3060683,0.69888604,-1.1369568,-0.36463785,-0.24978179,0.49907747,-0.05217202,0.027094595,0.4309194,-0.15889712,41.4404,-4.0418234
258,-0.09602067,0.034713402,-0.18005301,0.18722467,-0.05979712,-0.015979826,0.3414657,-0.15675399,-2.7882736,2.0545132,1.0829482,-0.2869333,0.008215375,-0.008875141,0.67278355,1.3361812,-1.9883919,-0.30259764,0.1252552,1.030373,0.041551888,0.1370627,0.49019086,-3.1041515,41.929783,-3.2103019
259,-0.11027646,-0.016948745,-0.22870938,0.34316927,-0.16993248,0.021835282,0.3039672,-0.017065916,-3.028504,2.239587,1.9677237,-0.72822726,0.13282403,0.019438004,0.52130723,1.7794307,-2.012138,-0.3735062,0.021080978,1.1258936,0.046577543,0.11211508,0.68147516,-4.0218415,41.791687,-2.5847018
260,-0.09693751,-0.07534109,-0.22860517,0.35554457,-0.23581609,-0.005776331,0.18956321,0.051906552,-2.7514877,2.1324117,2.6266255,-0.919682,0.28555554,0.24853674,0.5323153,1.8826137,-2.1492543,-0.52853465,0.03167475,0.7803645,0.06194769,0.13291603,0.7145765,-4.0914173,41.644142,-2.1650336
261,0.013809923,-0.11520825,-0.21853586,-0.24625413,-0.16729714,0.018693775,-0.13869846,0.0021212958,-1.0539478,-0.44412264,1.8448344,-0.5320287,0.2711129,0.11472193,1.0051477,1.7742183,-2.471706,0.1497585,-0.0463173,-0.37082008,0.13256387,0.11612294,0.27127463,-2.717539,41.73182,-1.3016744
262,-0.096352994,-0.022094026,0.064526066,-0.43211028,-0.13989656,0.083989665,0.042014703,-0.09077427,0.7470508,-3.1078305,-0.32917902,0.9223305,0.2036897,-0.28741065,2.028357,0.6499198,-0.09842824,2.3425407,-0.24054852,-0.08736678,-0.018936185,-0.10659201,-2.0776095,0.4718873,41.463825,-1.1239285
263,0.022734854,-0.16700806,0.04353635,-0.11953692,0.033631835,-0.07596968,-0.11854598,0.009890821,1.1957386,-2.985999,-0.48311308,1.0205296,0.15180445,-0.06930827,3.0993884,0.46520635,0.48868114,1.9780298,-0.32922998,-0.09180912,0.06943131,-0.14260608,-2.8469625,0.49847728,40.93842,-1.0466976
264,0.0070036985,-0.17745446,0.12078695,-0.13572092,0.08166811,-0.08830045,-0.056747884,-0.054845158,1.286375,-2.8226464,-0.5717711,1.2621907,0.17266464,0.21527919,3.8826375,0.43778408,0.77485603,1.1489099,-0.4802957,-0.061198615,0.0598524,-0.1440103,-2.7243328,1.0808347,41.08347,-1.802452
265,-0.040690776,-0.15826423,0.24056594,-0.27369732,0.06159142,-0.116377816,0.12494224,-0.06468633,1.1514648,-2.3072684,-0.6178743,1.6166443,0.14609408,0.5717367,4.4023747,0.30661908,0.8372304,1.3885089,-0.6178055,-0.0104458565,0.08242808,-0.16274852,-2.322074,1.7152103,41.38618,-2.8873603
266,-0.07206419,-0.05915855,-0.13617899,-0.46882826,0.12876657,-0.069945775,0.23502809,-0.27252004,-0.26958272,-0.97199696,-0.06247673,1.418092,-0.050601117,0.605292,3.9590735,0.21098712,0.23725092,1.0783445,-1.0011443,0.19349664,0.03288944,-0.15138641,-1.557553,1.9656106,41.855274,-3.945188
267,-0.104479805,-0.06316678,-0.4743523,0.051957026,-0.1099395,-0.22366883,0.24085352,-0.21708283,-2.5959857,2.017158,0.82691187,-0.009035692,0.08113546,0.36460003,1.0306003,0.81479824,-1.5581288,-0.52065146,-0.18119779,0.7112377,0.04604301,0.0012691244,0.5248581,-1.118312,42.346634,-3.7745283
268,-0.11040208,0.026701733,-0.19830357,0.11170374,-0.09702873,0.03794402,0.3456293,-0.1867871,-2.6651366,2.0794811,1.3604993,-0.21361326,0.032735564,0.0006175693,0.62816435,1.3928314,-1.7149756,-0.26317346,-0.02033887,1.046448,0.040733725,0.06563913,0.52386653,-3.554736,42.504986,-3.1032002
269,-0.061843123,-0.023471817,-0.22676672,0.22779031,-0.13621864,0.011905655,0.32486448,-0.05086497,-2.781121,2.1137605,2.1895747,-0.5759678,0.24697399,0.094577245,0.4942748,1.7593675,-1.899823,-0.36980605,-0.033999227,1.1927468,0.06851053,0.053027324,0.775107,-4.0551805,42.03374,-2.5065293
270,-0.06449345,-0.09317599,-0.20733143,0.20983051,-0.16994491,0.0018479377,0.19429758,-0.03891102,-2.5037346,1.8479416,2.572143,-0.84162575,0.30633914,0.30295315,0.61361545,1.672661,-2.01745,-0.46807408,0.030928053,0.643042,0.07804085,0.12743199,0.58949566,-3.8138912,41.67928,-2.0873103
271,0.019551966,-0.12251912,-0.29731983,-0.29536167,-0.09892973,-0.0061700195,-0.07590914,-0.0012674667,-0.8114374,-0.5559739,1.729707,-0.38831174,0.39745617,-0.04421442,0.9717121,1.5918031,-2.3828344,0.13068329,-0.15448919,-0.29132035,0.11086312,0.11338147,0.20115793,-2.1871066,41.64414,-1.3025568
272,-0.09697977,-0.04348223,-0.0013265759,-0.40489313,-0.123114675,0.034026876,0.040057212,-0.02986211,0.7867361,-3.1483333,-0.2061522,0.94864976,0.26506287,-0.31989148,1.9871083,0.6463678,-0.028503649,2.3018317,-0.23244554,-0.043948375,-0.0069321077,-0.086527295,-2.1350155,0.50031346,41.509605,-1.0213327
273,-0.010128345,-0.13147573,-0.0015437454,-0.13918544,0.029351834,-0.04609953,-0.034231722,0.0048615597,1.0983448,-3.2157857,-0.50390124,1.2034508,0.12557405,-0.14757356,2.9120407,0.48464996,0.5735435,2.007262,-0.27394894,-0.13178226,0.05615242,-0.09735007,-2.8234043,0.5529598,40.977776,-1.1099516
274,0.016929064,-0.18898098,0.06114559,-0.105988994,0.065024674,-0.08616029,-0.12113917,-0.030384336,1.1257055,-2.8446276,-0.45160285,1.2233788,0.1105556,0.19711183,3.873226,0.4961683,0.7363174,1.390236,-0.50323135,0.020813502,0.051252246,-0.15056738,-2.760632,1.0068451,41.15581,-1.8090955
275,-0.05524951,-0.11687361,0.17330723,-0.32117838,0.09599042,-0.060657725,0.13532326,-0.06390947,1.239396,-2.3059247,-0.50302523,1.6623638,0.2068994,0.6307439,4.37501,0.3458845,0.87785566,1.1818715,-0.53166807,-0.04905691,0.11676246,-0.16836897,-2.1904135,1.9213699,41.313618,-2.8674288
276,-0.08925593,-0.031658664,-0.22671743,-0.474206,0.124589205,-0.063624375,0.23800087,-0.24033028,-0.28545526,-0.8711856,-0.014627315,1.4123002,-0.06667977,0.6242807,3.8063812,0.29343235,0.23779872,1.2580653,-0.87255365,0.18634725,0.016054826,-0.09511537,-1.4613847,2.0149338,41.956944,-4.0060363
277,-0.11444992,-0.062024847,-0.4685139,0.0660937,-0.102681726,-0.21781136,0.210531,-0.19980648,-2.491283,2.058689,0.85304505,-0.06387614,0.107721575,0.44200504,0.9566891,1.0435054,-1.4998181,-0.46738327,-0.12589088,0.640552,0.052504256,0.016825162,0.56701887,-1.0585233,42.379253,-3.9012008
278,-0.13765216,0.012722835,-0.21972169,0.07733111,-0.1620237,-0.023264766,0.3356625,-0.13855079,-2.7317588,2.150863,1.345077,-0.20771669,0.06765587,0.063545205,0.6682497,1.287322,-1.67678,-0.22977807,0.018107586,1.2050331,0.056684792,0.10293349,0.60588336,-3.4975672,42.30831,-3.316412
279,-0.093702555,-0.04993151,-0.18620993,0.24559648,-0.1813631,-0.010433346,0.3362719,-0.04864702,-2.8076627,2.2096283,2.1873257,-0.58658665,0.2852588,0.1485672,0.50432426,1.6065122,-1.8655915,-0.34116685,0.048821904,1.131286,0.051374763,0.069654636,0.7946131,-3.9607415,41.83829,-2.7284088
280,-0.047889497,-0.104522094,-0.22183938,0.24687108,-0.14763641,0.0037251562,0.17724901,0.015504148,-2.5109866,1.8454792,2.5891862,-0.86443615,0.32503188,0.29798487,0.63233984,1.6638333,-2.0259962,-0.43774998,0.05086688,0.6870968,0.06961177,0.11513335,0.6354588,-3.7709987,41.689007,-2.1674678
281,0.020880315,-0.10588966,-0.2977252,-0.31316254,-0.0867753,0.016253635,-0.069260836,-0.03488094,-0.82754654,-0.56730187,1.7353855,-0.34239715,0.42668393,-0.054034494,1.0234739,1.6769447,-2.3919454,0.21169673,-0.15448454,-0.33740386,0.099045396,0.094296895,0.13926625,-2.1833944,41.700672,-1.4180902
282,-0.107194215,-0.019418046,-0.05493398,-0.42426488,-0.1282302,0.08449514,0.04542899,-0.06428957,0.78147125,-3.141309,-0.031029977,0.9288254,0.25754637,-0.36420384,2.0786254,0.70639557,-0.048295252,2.388102,-0.20501378,-0.04940375,-0.0051361006,-0.0939107,-2.232326,0.49808365,41.45852,-1.0314505
283,-0.022534695,-0.105081424,-0.041443065,-0.14472209,0.024184797,0.004270762,-0.06053245,-0.029171739,1.0369718,-3.164383,-0.3131009,0.91904134,0.07890398,-0.1372561,3.1174924,0.3883609,0.5188482,1.9917537,-0.24006322,-0.102561556,0.067822546,-0.12571585,-2.8623624,0.69040227,40.52662,-1.0735613
284,-0.0013969801,-0.18176748,0.06184815,-0.12351166,0.0590919,-0.10893713,-0.10436067,-0.04062167,1.1742811,-2.9991324,-0.40809563,1.291406,0.13016284,0.16266313,4.089854,0.42763147,0.70656663,1.2743298,-0.44797692,-0.10963734,0.050640643,-0.15493244,-2.8331804,1.1015279,40.621876,-1.5404116
285,-0.03261542,-0.14700563,0.20175199,-0.24211971,0.069827855,-0.12469189,0.053658664,-0.030243222,1.2207096,-2.550282,-0.60186464,1.633843,0.1612804,0.499127,4.5564594,0.36837038,0.8694079,1.6302983,-0.5173434,-0.03749665,0.07271862,-0.15280613,-2.4324412,1.6820577,40.961056,-2.4125295
286,-0.09408733,-0.04046525,-0.10400434,-0.37940574,0.11563352,-0.13065812,0.2634772,-0.23362109,0.06394821,-1.1570193,-0.15327266,1.5012965,0.12446708,0.55894136,4.124543,0.36384878,0.40533608,1.0371963,-0.83232224,0.13900118,0.06508893,-0.13195893,-1.7693517,1.9110545,41.230297,-3.643993
287,-0.10971585,-0.05084543,-0.43792707,0.055470303,-0.08803545,-0.22522973,0.18916845,-0.18259278,-2.3628185,1.8128164,0.83795935,0.110642865,0.07971095,0.48219097,1.2239102,0.8392098,-1.2792802,-0.41710734,-0.18955344,0.50978106,-0.045095593,-0.0061313882,0.48464197,-0.43750387,41.66452,-3.916288
288,-0.10520655,0.048043743,-0.19027059,0.15191053,-0.047195878,0.010455295,0.29451478,-0.1749033,-2.839689,2.263568,1.2210864,-0.30019498,-0.029009007,-0.0030337963,0.69334865,1.321879,-2.0150802,-0.3034407,0.09126157,0.9774245,0.040664226,0.13363266,0.5201223,-3.2855139,42.288456,-3.0346227
289,-0.11070433,-0.022348478,-0.2070839,0.28317878,-0.17045256,0.013262287,0.28937316,-0.04042438,-2.9970574,2.2965508,2.0575924,-0.6817208,0.10965375,0.07597119,0.54399914,1.7187554,-2.0706632,-0.3786446,0.03683234,1.097789,0.05557388,0.11342078,0.69529617,-4.019048,42.240368,-2.4728785
290,-0.0604068,-0.09488724,-0.22756071,0.30399674,-0.18243784,0.015554145,0.1836898,0.04127338,-2.6484225,1.9698216,2.6287003,-0.9145222,0.3264287,0.2676908,0.51202935,1.8453685,-2.1315362,-0.4459654,0.05258862,0.6819158,0.058435515,0.1346466,0.7126088,-3.885821,42.06042,-2.0171618
291,0.001017753,-0.11743437,-0.2704208,-0.31835404,-0.1595266,0.03089787,-0.1132735,-0.025171015,-0.857915,-0.56883585,1.8201419,-0.44479018,0.32475662,0.054939903,0.9489041,1.6695693,-2.3418941,0.20549755,-0.084372304,-0.3477517,0.13785326,0.12534714,0.286079,-2.41169,41.96684,-1.3723589
292,-0.10197866,-0.040056035,-0.0012254268,-0.455215,-0.13864894,0.07645704,0.033091947,-0.061323795,0.8306065,-3.1109009,-0.15496263,0.95342743,0.25080094,-0.24770787,1.9642137,0.653151,-0.06597447,2.1649187,-0.29486123,-0.015248501,-0.009551762,-0.076469965,-2.1284246,0.50030863,41.57561,-1.0426465
293,-0.011602428,-0.18166815,-0.06981526,-0.16107301,0.017432097,-0.09566794,-0.12614164,-0.03603724,1.1231062,-3.2325985,-0.35267636,1.056289,0.063765,-0.09766764,2.959873,0.4671889,0.60571325,1.8975092,-0.4007745,-0.047937,0.05711311,-0.11800534,-2.9412942,0.6335786,40.953476,-1.1363684
294,0.004458878,-0.21884243,0.07747476,-0.124838695,0.064163715,-0.13527913,-0.09678799,-0.063023776,1.2306952,-2.968273,-0.3660731,1.1596609,0.13115203,0.18082105,3.9978156,0.4296461,0.8125393,1.1299926,-0.64053935,-0.0067643756,0.048000373,-0.1706115,-2.8884912,1.134379,40.98112,-1.7629015
295,-0.04841828,-0.1538838,0.17558284,-0.2662672,0.06252575,-0.10400893,0.117583305,-0.050853882,1.1888686,-2.4540765,-0.47209218,1.5814464,0.1373825,0.54735225,4.6057224,0.26162285,0.86640763,1.6004788,-0.60667974,0.015112079,0.06598055,-0.14723626,-2.417171,1.7988867,41.20187,-2.7905893
296,-0.11905074,-0.03799112,-0.15678723,-0.47029272,0.08237377,-0.08559915,0.32149467,-0.2490657,-0.10952107,-1.0424938,-0.032165088,1.5475825,0.053593285,0.6077216,4.1236105,0.2419711,0.28625333,1.13474,-0.76902163,0.15324977,0.030139545,-0.11209301,-1.5702751,2.0055764,41.741314,-3.7867827
297,-0.10563448,-0.04563321,-0.47104228,0.08221276,-0.09154591,-0.22157682,0.21944833,-0.19331983,-2.5331786,2.0420558,0.9229018,0.03182544,0.0820787,0.45833817,1.0931408,0.92221403,-1.476994,-0.49860406,-0.12308442,0.60865164,0.007811459,0.014793746,0.5627608,-0.84289205,42.182327,-3.7465715
298,-0.12682283,0.023615673,-0.17703299,0.12665226,-0.11090994,0.0031478852,0.3402134,-0.20990303,-2.7730606,2.1905358,1.3227906,-0.25063467,0.06835062,0.0026557054,0.6433747,1.4074403,-1.7551805,-0.25823689,0.064798065,0.9797253,0.03373325,0.11667522,0.56662714,-3.455362,42.425163,-3.1107726
299,-0.103738874,-0.038149133,-0.18859689,0.30934003,-0.18821034,-0.03130278,0.33699682,-0.0027940013,-2.8359525,2.181731,2.1237755,-0.6272631,0.2285816,0.08889886,0.450922,1.7048631,-1.9028766,-0.38563752,0.05621121,1.1511712,0.04310122,0.07918327,0.7497996,-4.0581155,42.000366,-2.6056948
300,-0.05778387,-0.113754556,-0.23276635,0.2509534,-0.17292437,-0.00512667,0.17293796,0.038827267,-2.4052584,1.8262737,2.6335793,-0.87909544,0.33642375,0.29574773,0.58553654,1.7008004,-2.0013943,-0.42348385,0.01508335,0.75025713,0.090902954,0.13872549,0.6723901,-3.8112786,41.797955,-2.2220364
301,0.012723211,-0.13072054,-0.3163247,-0.3126775,-0.12010555,0.008732155,-0.07401782,0.021924164,-0.7761645,-0.500082,1.7804106,-0.40446007,0.42033952,0.018825745,0.9103107,1.6559815,-2.369068,0.14091013,-0.11692574,-0.26377594,0.12709582,0.12100967,0.33944988,-2.1545675,41.643356,-1.4376096
302,-0.1084103,-0.01318945,-0.027888611,-0.44904533,-0.13193852,0.09566261,0.044279397,-0.05213845,0.7861704,-3.0396144,-0.120848306,0.9929718,0.27547848,-0.28305474,1.9603745,0.67694795,-0.07520675,2.25604,-0.14970842,-0.067888044,-0.015700547,-0.07681865,-2.1445365,0.49919707,41.38506,-1.1262172
303,-0.019531038,-0.117404565,-0.062022343,-0.15575866,0.006494019,0.012782007,-0.080430955,-0.032099817,1.0434921,-3.214355,-0.35163906,1.1577812,0.07403786,-0.12855268,3.069998,0.43297598,0.5733019,2.044345,-0.3139979,-0.13898,0.048060037,-0.122274406,-2.82826,0.5069526,40.842335,-1.1254524
304,0.0019891597,-0.15345119,0.058994815,-0.11153112,0.085492164,-0.023528263,-0.080304295,-0.035009775,1.13676,-2.9540985,-0.4275736,1.2180212,0.12542373,0.16095628,4.1626287,0.4139128,0.7590246,1.3593229,-0.51487994,-0.08551117,0.05379875,-0.15285578,-2.762144,1.00252,40.991375,-1.7466496
305,-0.04213595,-0.1317818,0.17397179,-0.2881676,0.08584872,-0.09497245,0.12140733,-0.08029631,1.154583,-2.3662808,-0.51473504,1.6798719,0.20699608,0.5798448,4.697515,0.32247287,0.8336886,1.2925979,-0.50970876,-0.05664023,0.091614276,-0.1667732,-2.3075957,1.8332464,41.205715,-2.6824648
306,-0.09336874,-0.033230647,-0.19101234,-0.46149042,0.11330372,-0.094252676,0.25305426,-0.267765,-0.18070939,-0.9489206,-0.037937023,1.3936714,0.00012404472,0.5891366,4.1282487,0.27948245,0.2812698,1.3059744,-0.8432286,0.14700913,0.036968797,-0.123728685,-1.5851518,2.0611517,41.43314,-3.792203
307,-0.113975644,-0.053959265,-0.486996,0.07153784,-0.12469278,-0.22241892,0.20552108,-0.1736562,-2.5941064,2.0034122,0.8856614,-0.04325567,0.08674904,0.44112885,1.0220493,0.89946616,-1.5235411,-0.46474397,-0.15141484,0.7171668,0.040018827,-0.0111473575,0.5739085,-0.99284476,41.93189,-3.8056805
308,-0.14634937,0.040211603,-0.16961326,0.076817796,-0.16223754,0.0057278275,0.33737198,-0.21404442,-2.771275,2.1433146,1.3241061,-0.17882137,0.057681747,0.024471289,0.6349361,1.3164114,-1.7983377,-0.24757363,0.07425893,1.0483321,0.038312197,0.10168945,0.56318843,-3.5463178,42.235798,-3.1662436
309,-0.121546805,-0.012220874,-0.19843592,0.26394886,-0.2316989,-0.016723543,0.32717055,-0.041719113,-2.740886,2.2093453,2.186627,-0.5773042,0.24649608,0.15737921,0.48983163,1.622848,-1.8788545,-0.36784065,0.04147754,1.1804109,0.048193574,0.067595325,0.7935935,-4.017199,41.74429,-2.652363
310,-0.09205517,-0.103829846,-0.18860017,0.26831293,-0.21883258,-0.046167985,0.1435068,-0.032219503,-2.5016549,1.861391,2.538332,-0.8345871,0.28864038,0.2695149,0.6169828,1.697211,-1.9777141,-0.47066534,0.045422055,0.59674406,0.07342036,0.11577567,0.5693061,-3.9169261,41.63515,-2.1900268
311,0.0014638938,-0.09441973,-0.2821887,-0.26938108,-0.138589,-0.010360435,-0.10682255,-0.035537604,-0.81860465,-0.532071,1.7039624,-0.35966128,0.34224254,-0.030473018,1.0476246,1.6750855,-2.3407035,0.16195206,-0.15885428,-0.37518373,0.11126603,0.10904295,0.10979468,-2.327243,41.70918,-1.4209358
312,-0.095917165,0.0010437518,-0.061108068,-0.41590253,-0.10885748,0.1233127,0.058670223,-0.011121843,0.7778972,-3.0496633,-0.07593135,0.9889967,0.27347082,-0.3138756,1.9321871,0.7097204,-0.07036149,2.2975988,-0.1694014,-0.0014131302,-0.019426374,-0.082643814,-2.1791704,0.46224892,41.57739,-1.0607618
313,-0.010256078,-0.11426543,-0.044758394,-0.1452234,0.033866677,0.017780676,-0.11482528,-0.014215324,1.1282169,-3.136267,-0.31646433,1.0007364,0.08042235,-0.06168603,3.0812519,0.4580185,0.5821055,2.0401714,-0.33170786,-0.07704123,0.064012334,-0.13222957,-2.8118815,0.6663,40.885437,-1.1761855
314,0.0019593276,-0.15962322,0.058251575,-0.13055892,0.08295408,-0.042489856,-0.10669753,-0.030999545,1.260689,-2.8801243,-0.35933068,1.2371107,0.14377624,0.25046214,3.8863864,0.45034668,0.78489333,1.337722,-0.5346135,-0.05296137,0.067689225,-0.15751296,-2.7512264,1.1735907,40.876114,-1.8425056
315,-0.06637642,-0.09473394,0.16019134,-0.29845232,0.08605805,-0.029995874,0.1680345,-0.035999063,1.1933544,-2.3530853,-0.556284,1.6717223,0.1910091,0.62886024,4.463292,0.31786937,0.8575279,1.393293,-0.43052807,-0.07165792,0.09716436,-0.10855863,-2.1952567,1.8591582,40.98086,-2.7357101
316,-0.122811556,-0.0050479025,-0.22362037,-0.45802814,0.118765,-0.053437747,0.30514365,-0.2079705,-0.21957049,-0.93618,-0.029861309,1.5086948,-0.023503117,0.69824225,3.9777634,0.26604122,0.26975197,1.2178794,-0.73541385,0.21116558,0.04252518,-0.07980747,-1.4676043,2.2828052,41.217983,-3.9789226
317,-0.14086711,-0.04393746,-0.49017268,0.0778902,-0.1274719,-0.20169954,0.18536472,-0.18588182,-2.6179545,2.0301588,0.93354815,-0.0053577274,0.1146831,0.46998006,1.0362066,1.091604,-1.4609716,-0.48385227,-0.12766835,0.6134787,0.017918753,0.02980899,0.57704836,-0.87110865,41.84083,-3.9759622
318,-0.16665986,0.027965412,-0.1886579,0.08605915,-0.17596924,-0.020004481,0.29655373,-0.21565816,-2.733493,2.1568973,1.3006505,-0.19982038,0.029805876,0.0011624899,0.67765325,1.4386231,-1.7142966,-0.21272875,0.05849234,1.0485293,0.02614239,0.1311301,0.51837754,-3.539518,41.96052,-3.3955574
319,-0.12746575,-0.035027817,-0.17517902,0.2914993,-0.23796657,-0.045856893,0.28225538,-0.038027678,-2.7577298,2.1488585,2.0554924,-0.6189263,0.20897028,0.09490543,0.48451197,1.6576233,-1.8675318,-0.35676765,0.06269381,1.1124067,0.039695352,0.07356625,0.748927,-4.087992,41.44489,-2.8122022
320,-0.093395114,-0.0920323,-0.19832508,0.26139802,-0.21837988,-0.02316083,0.16855758,-0.019904766,-2.4208622,1.7896906,2.475451,-0.8074847,0.3011185,0.27194747,0.5479494,1.6745089,-1.9974551,-0.44354546,0.018564321,0.64352494,0.058168665,0.098656125,0.5385883,-3.896445,41.42747,-2.2719183
321,-0.0031644963,-0.08809824,-0.31034523,-0.29858154,-0.14017066,0.0054186583,-0.049684286,-0.06611398,-0.8110685,-0.6067126,1.6768137,-0.27015322,0.39378333,-0.09419759,0.93669844,1.5915651,-2.262085,0.24510567,-0.16489342,-0.3582198,0.07671276,0.09515641,0.07138166,-2.1573682,41.624874,-1.47057
322,-0.09915838,-0.00450404,-0.0770656,-0.41672993,-0.09686077,0.090918764,0.06290212,-0.015175793,0.76406085,-3.1281722,-0.05261252,0.9841585,0.27481014,-0.33032724,1.9323205,0.66507065,-0.043776743,2.339842,-0.11579021,-0.033437453,-0.010848371,-0.085856386,-2.2094593,0.49175078,41.521122,-1.0750945
323,-0.02070674,-0.11202429,-0.08333339,-0.1466143,0.02008501,0.0097550005,-0.049696058,-0.008751724,1.0344307,-3.2496212,-0.24399295,1.003483,0.06440354,-0.13165629,3.055428,0.4394945,0.53774285,2.0208611,-0.23628727,-0.095316015,0.060988665,-0.106177874,-2.8902283,0.65509886,40.46436,-1.0532035
324,0.008678947,-0.14576967,0.029224917,-0.081232384,0.09081742,-0.013877362,-0.08448225,-0.030798886,1.1169639,-2.9912212,-0.320061,1.231203,0.09737838,0.105102904,4.0019727,0.40666437,0.7362801,1.4171606,-0.4912105,-0.07512369,0.04964997,-0.1554515,-2.8402529,1.0612477,40.650436,-1.6594133
325,-0.060620036,-0.11410855,0.12295546,-0.28625953,0.08537468,-0.05509293,0.14614236,-0.06396824,1.2855177,-2.4485033,-0.44386032,1.6846632,0.21663982,0.5320459,4.440427,0.32252213,0.9069593,1.3317431,-0.47241274,-0.09044304,0.10148524,-0.14414108,-2.3382058,1.8497566,40.82224,-2.650793
326,-0.11723319,-0.0040271133,-0.1987045,-0.4035701,0.12032202,-0.031477354,0.32793513,-0.19976094,-0.022123821,-1.1375989,-0.06866179,1.4942554,0.04050506,0.5737991,4.0558867,0.28032544,0.3745098,1.2636861,-0.7099029,0.11301456,0.025309006,-0.10292358,-1.5980729,2.0860636,41.242577,-3.7926962
327,-0.14628571,-0.050508514,-0.48491818,0.09013949,-0.110966876,-0.2078469,0.21378884,-0.18334273,-2.493396,1.9862155,0.7800042,-0.022735462,0.0959781,0.45201492,1.0690134,0.8981693,-1.4227649,-0.4488876,-0.15732488,0.51360077,-0.00036963634,0.023075037,0.5352718,-0.71887815,41.699524,-3.979569
328,-0.16168308,0.024984494,-0.17410533,0.18349244,-0.1462085,-0.019294292,0.30699518,-0.20825556,-2.8206823,2.3096025,1.2652265,-0.33458006,0.06427679,-0.057083197,0.58852327,1.3507286,-1.7960701,-0.27257812,0.109193824,0.88628954,0.025516542,0.11924841,0.48973417,-3.3923368,42.150425,-3.2693343
329,-0.113367766,-0.02475746,-0.24083675,0.30511698,-0.16426915,0.01906626,0.26587903,0.014114823,-2.8733542,2.218995,2.156506,-0.61607325,0.18100622,0.066855825,0.44796872,1.7402494,-1.8153543,-0.32480776,0.0102207735,1.0585724,0.035153806,0.0770941,0.7059282,-3.995272,41.72182,-2.7485
330,-0.06400737,-0.09893899,-0.24516328,0.27732405,-0.14914945,-7.630885e-05,0.15727705,0.037371006,-2.569141,1.8705833,2.612462,-0.8773346,0.31063855,0.2761838,0.56140023,1.8075564,-2.0663378,-0.4460883,0.042927362,0.5880041,0.06295672,0.13688168,0.61127245,-3.8084872,41.497772,-2.1742465
331,0.00038126484,-0.08384012,-0.32062882,-0.29720244,-0.114605725,0.009399533,-0.06983888,-0.08188903,-0.8714327,-0.6093465,1.729801,-0.34903944,0.4265696,-0.12614647,0.9775182,1.7387011,-2.4413905,0.18044518,-0.14753023,-0.45672953,0.10174431,0.12226283,0.12561595,-2.1641414,41.428104,-1.314087
332,-0.10522291,0.012228116,-0.04528089,-0.4656351,-0.120725736,0.10753085,0.07140629,-0.05376062,0.7878399,-3.134405,-0.06605426,1.0533786,0.24693072,-0.3572078,1.8809972,0.72528446,-0.026915066,2.5162668,-0.104815684,-0.063404344,-0.00257623,-0.10153235,-2.2369123,0.45808053,41.249027,-0.9792539
333,-0.0038920902,-0.15564229,-0.09289129,-0.13577355,0.033354852,-0.07134019,-0.11231616,0.0045959614,1.0806383,-3.263127,-0.23660412,1.0608574,0.06782294,-0.10653382,2.9242597,0.40752196,0.5778903,2.2982814,-0.31737664,-0.098870836,0.062664956,-0.12179608,-2.9740143,0.651656,40.557827,-1.156318
334,0.03460035,-0.23095421,0.040057495,-0.10636078,0.08752656,-0.18126658,-0.16920042,-0.012557659,1.2262464,-2.8619714,-0.31422558,1.2126534,0.13609439,0.23633215,3.7944846,0.44733334,0.76750654,1.5018877,-0.5737784,-0.016535006,0.06083963,-0.15964144,-2.8959956,1.1958113,40.712296,-1.745279
335,-0.03967538,-0.13890664,0.16023742,-0.27426794,0.09910211,-0.09239845,0.08388591,-0.09604296,1.2535998,-2.3881643,-0.44277433,1.6476345,0.20081192,0.56271553,4.364707,0.31679717,0.92654014,1.0942367,-0.6185211,0.0070932275,0.091306716,-0.17376736,-2.3720698,1.8367683,41.16652,-2.8122737
336,-0.08241761,-0.03587286,-0.14932884,-0.41786218,0.11161941,-0.057674333,0.2567037,-0.27595106,-0.087720565,-1.0889547,-0.052815177,1.3310071,-0.019896857,0.530787,4.092166,0.26635322,0.34260306,1.304324,-0.898257,0.14805388,0.014550457,-0.13321161,-1.6861111,1.9217325,41.629566,-3.7887032
337,-0.117962286,-0.05847825,-0.51352745,0.05121781,-0.103025705,-0.20780201,0.20623934,-0.21929541,-2.471444,1.965454,0.8243107,-0.060149297,0.11013224,0.42413956,1.0995733,0.8255335,-1.4745566,-0.47746408,-0.24530017,0.66755635,0.041141808,-0.012259789,0.5500665,-0.89064944,42.075558,-4.0203567
338,-0.14771655,0.022918627,-0.22319813,0.04674363,-0.14967847,-0.004321873,0.31373265,-0.18178037,-2.720197,2.1414678,1.3719316,-0.17732875,0.056302108,0.058401905,0.67791134,1.2240347,-1.6614723,-0.20152582,0.048874818,1.0803907,0.05132118,0.099370025,0.57522035,-3.4056213,42.203594,-3.3315835
339,-0.11595702,-0.030476645,-0.2187307,0.23782842,-0.20246932,-0.01531522,0.2885874,-0.09964797,-2.7807262,2.1704667,2.1983266,-0.56160367,0.25032583,0.118109725,0.5100322,1.566286,-1.8424151,-0.34817207,0.032703288,1.0633103,0.041579425,0.06086775,0.76641583,-3.9230921,41.978336,-2.7147655
340,-0.04015213,-0.08280085,-0.25993824,0.30028063,-0.12340799,0.04157725,0.13337022,0.041143443,-2.491749,1.9188398,2.6338089,-0.8327792,0.35786563,0.23313922,0.56774765,1.8262954,-1.974237,-0.40847862,0.0057446137,0.65808254,0.06549953,0.113297276,0.79301953,-3.741551,41.887817,-2.1999187
341,0.0151217915,-0.12336956,-0.27529615,-0.34324428,-0.08691013,-0.0030733943,-0.070393085,-0.016043756,-0.8361624,-0.50888824,1.7347206,-0.3574108,0.39425144,-0.024404014,0.95258766,1.7080914,-2.4069033,0.14740108,-0.05647459,-0.34674987,0.11626786,0.10577624,0.21853021,-2.178193,41.62367,-1.4503678
342,-0.10695273,-0.042032734,-0.0045052916,-0.39924306,-0.13847023,0.042255566,0.020690382,-0.04542053,0.81586367,-3.034499,-0.15076837,0.9088304,0.25567105,-0.301769,1.8428187,0.7089035,-0.075790636,2.2957814,-0.21218106,-0.0016805762,-0.027507124,-0.09891469,-2.1664176,0.5204648,41.44707,-1.2061908
343,0.003037963,-0.12736796,-0.029838935,-0.13351457,0.03834257,-0.030092582,-0.11382523,-0.02361307,0.95498973,-3.1307132,-0.42481676,1.1687123,0.047035106,-0.1293366,2.9212728,0.44224164,0.55638695,1.9242207,-0.31896845,-0.09359809,0.052528627,-0.10773928,-2.8321133,0.5867313,40.911755,-1.2385465
344,0.019032393,-0.21164443,0.07706182,-0.114625975,0.07581252,-0.13998961,-0.15009895,-0.034771416,1.1480355,-2.8785799,-0.4368668,1.212435,0.10807527,0.16183661,3.7996795,0.45624375,0.7677371,1.2592593,-0.5583161,-0.010782861,0.059830464,-0.1444704,-2.8453655,1.0519742,40.892952,-1.7730328
345,-0.04106405,-0.17230643,0.20035999,-0.28091273,0.066566944,-0.16062658,0.08035058,-0.05903316,1.2342787,-2.4301846,-0.51255316,1.6270245,0.16387236,0.55289495,4.5272503,0.29409125,0.8946088,1.4760672,-0.62638164,-0.014503562,0.087310955,-0.17031285,-2.4158263,1.805642,41.171238,-2.6769955
346,-0.09010874,-0.04197575,-0.1724271,-0.44357887,0.1372279,-0.09249713,0.23256665,-0.24131995,-0.09298051,-1.0988567,-0.03447119,1.4577802,0.011039503,0.59208727,4.220684,0.19697946,0.3453217,1.1434895,-0.8676418,0.14092773,0.025411012,-0.13459015,-1.6423594,2.0664358,41.660587,-3.7377317
347,-0.103574544,-0.064827606,-0.49470842,0.1018969,-0.07155329,-0.24837838,0.19651625,-0.16603133,-2.5907495,2.0656598,0.81389254,-0.046520695,0.10766842,0.44314143,1.060705,0.8610879,-1.539279,-0.530748,-0.18344492,0.6322254,0.030185448,0.0014473125,0.57005095,-0.83493704,42.129047,-3.8265536
348,-0.1195648,0.029062673,-0.20406903,0.13803259,-0.113559484,0.01474084,0.31478506,-0.18870237,-2.7911036,2.182031,1.4001122,-0.28929126,0.08301722,-0.012826795,0.6600786,1.3977818,-1.7570889,-0.23226823,0.04429648,1.0099505,0.041445583,0.09120422,0.55979097,-3.499422,42.40826,-3.1381269
349,-0.07865438,-0.035080507,-0.20553978,0.26149538,-0.16333875,0.0060818642,0.30125853,-0.017201815,-2.7825196,2.1012022,2.2185345,-0.6291777,0.2484461,0.1108798,0.48324478,1.6961488,-1.7849793,-0.30142486,0.030346133,1.1568086,0.05708918,0.088729285,0.7900555,-3.993005,41.962627,-2.6358874
350,-0.048223104,-0.09761648,-0.22034402,0.294078,-0.16444653,0.009094313,0.1765368,0.036430087,-2.4602249,1.8651539,2.6408088,-0.9190122,0.3287843,0.3154294,0.587534,1.7202594,-1.9275014,-0.42748415,0.085562296,0.6714143,0.07271406,0.1238646,0.6968328,-3.7390807,41.896194,-2.0965319
351,0.016224954,-0.117273346,-0.2876944,-0.34191334,-0.10116726,-0.009297624,-0.08452946,-0.08713129,-0.78687245,-0.56523705,1.7262958,-0.39929342,0.36449677,-0.03864389,1.0137769,1.6386518,-2.3661623,0.1508665,-0.09493079,-0.44793257,0.11898537,0.10229016,0.13440406,-2.1514678,41.798405,-1.3185976
352,-0.09701517,-0.01969336,-0.06040062,-0.41957638,-0.12178719,0.08777259,0.029447258,-0.005627606,0.79951364,-3.0799267,-0.035169907,0.96301377,0.25962263,-0.3239257,1.8728614,0.69430286,-0.08673596,2.3284836,-0.17132494,0.005073226,-0.02366802,-0.084878035,-2.257678,0.5044017,41.47932,-1.0077226
353,-0.018223252,-0.119114354,-0.08337475,-0.15820198,0.027564768,0.013771802,-0.09782174,-0.01843575,1.0455314,-3.264938,-0.23957154,1.0112262,0.030501492,-0.09728507,3.0913794,0.40578172,0.5422432,2.1254966,-0.2908422,-0.043554507,0.0677463,-0.13475299,-2.8617682,0.6869764,40.688103,-1.0445803
354,-0.002440717,-0.19803797,0.071804956,-0.114978895,0.068173885,-0.10092603,-0.13224655,-0.043904755,1.2261107,-2.982067,-0.3726224,1.2827212,0.10980404,0.2070997,4.171234,0.37463906,0.75113004,1.5515839,-0.581937,-0.09981855,0.0586425,-0.1978932,-2.8328867,1.1138588,40.779747,-1.7265207
355,-0.061318126,-0.1354924,0.16220073,-0.2931244,0.081875384,-0.10719378,0.13364583,-0.06460649,1.2501584,-2.4473138,-0.5439171,1.665912,0.235874,0.5656937,4.696019,0.30608958,0.93913704,1.3437659,-0.5734923,-0.09694221,0.09890933,-0.17051947,-2.3458867,1.8153123,40.882748,-2.686544
356,-0.08937509,-0.040594622,-0.208111,-0.43304113,0.1505639,-0.11698405,0.2858942,-0.2208681,-0.18724763,-0.9695661,0.001535736,1.4780246,0.039407916,0.6371761,4.1225414,0.25480017,0.2695324,1.1058809,-0.82091606,0.1883426,0.05194336,-0.12347827,-1.6030627,2.2381303,41.160984,-3.923753
357,-0.12587649,-0.03697203,-0.46551937,0.06894921,-0.101289034,-0.2159052,0.21634579,-0.16936037,-2.624421,2.063247,0.8013891,0.046520486,0.05722431,0.44324058,0.9940477,0.9473603,-1.5443394,-0.5058093,-0.14138493,0.6435223,0.025751473,0.04326003,0.544675,-0.95185155,41.83022,-3.8596249
358,-0.13083842,0.03503917,-0.19123851,0.108535886,-0.09763692,0.008718163,0.29364946,-0.24179474,-2.848812,2.2505987,1.3111602,-0.21502917,0.042103626,-0.02138565,0.65950114,1.3753829,-1.8515978,-0.2671311,0.0509193,0.9108891,0.024601819,0.08537089,0.51913416,-3.4947803,42.38989,-3.1145096
359,-0.1214301,-0.040036187,-0.20117359,0.26290774,-0.19655901,-0.013847411,0.3086088,-0.053220365,-2.9316802,2.190451,2.134661,-0.5924416,0.21741694,0.06296437,0.41985244,1.7698538,-1.8318954,-0.36073697,0.0452464,1.0576645,0.042729408,0.100532256,0.75249636,-4.044871,41.99371,-2.6038246
360,-0.065212905,-0.10327737,-0.23566897,0.2736734,-0.1792964,-0.023887321,0.15672103,0.0006999038,-2.4984753,1.8419955,2.6981504,-0.8999115,0.3036772,0.26182988,0.52629644,1.7631327,-1.9575887,-0.4082929,0.022545405,0.714516,0.06784485,0.1186366,0.6111319,-3.875138,41.831413,-2.172949
361,-0.0023244582,-0.108797,-0.28005385,-0.33019486,-0.13422783,-0.0065883696,-0.07594663,-0.05240685,-0.81648546,-0.5600569,1.7299758,-0.37254024,0.33319682,-0.010387028,0.96650946,1.641569,-2.32893,0.17370032,-0.12943402,-0.36809582,0.11819032,0.13114,0.079544246,-2.2628126,41.89849,-1.3989967
362,-0.11502296,0.007410899,-0.084666446,-0.42953217,-0.13306072,0.11739485,0.096857965,-0.019070301,0.77945876,-3.0019853,-0.05924193,0.9988438,0.31020227,-0.3431796,1.6383499,0.72371614,-0.08038115,2.303182,-0.09567257,-0.026887022,-0.021538405,-0.06834287,-2.1585937,0.4631619,41.7514,-1.177081
363,-0.010088053,-0.07171543,-0.10906695,-0.14289798,0.046499554,0.07958357,-0.098011225,-0.018898282,1.1122086,-3.175481,-0.31539163,1.0446078,0.07334561,-0.1096518,2.7440863,0.4031697,0.6250675,2.1127338,-0.23683873,-0.13252124,0.04893051,-0.07252247,-2.7903738,0.58833647,41.12285,-1.2261754
364,-0.0015132092,-0.11544053,0.056422308,-0.14356054,0.10177776,0.04334818,-0.0931173,-0.04603729,1.2710862,-2.8993876,-0.43741181,1.2666103,0.11696208,0.21622053,3.8115795,0.45390713,0.80118585,1.3453962,-0.49909535,-0.086894356,0.06719196,-0.14633477,-2.6572208,1.0863279,41.31469,-1.8425761
365,-0.077335775,-0.090374604,0.16311161,-0.3276265,0.07616758,0.0053682625,0.19195366,-0.074605554,1.3235623,-2.2784677,-0.56520253,1.6759373,0.2029655,0.6410008,4.4388876,0.33901343,0.8586862,1.3418299,-0.45875385,-0.09957709,0.09764166,-0.13858905,-2.1175914,1.8643888,41.453613,-2.8929043
366,-0.12872794,0.009124175,-0.2616123,-0.46189433,0.11671078,0.0324748,0.25757676,-0.23271751,-0.17517617,-0.8187307,-0.091684975,1.4294084,-0.03772425,0.6242035,3.991434,0.2721619,0.3012224,1.2280945,-0.82688355,0.1551907,-0.00044064783,-0.096009396,-1.3296225,2.022895,42.083923,-3.965005
367,-0.15654968,-0.05483578,-0.54663384,0.09701662,-0.15372708,-0.21631406,0.20093149,-0.1898686,-2.7224045,2.1940305,0.96380144,-0.09053956,0.16006997,0.44789934,0.99022853,1.039617,-1.4352288,-0.4916458,-0.08833607,0.559894,0.029285582,0.01199805,0.6417155,-1.0294265,42.293682,-3.8679972
368,-0.17255333,0.020623311,-0.1908745,0.1256539,-0.16030106,-0.01582092,0.29320532,-0.21903887,-2.7517314,2.344434,1.4013745,-0.3105135,0.071217455,0.0065709706,0.63776433,1.4081943,-1.7701992,-0.22899462,0.063863136,0.9217193,0.019011738,0.097146384,0.5966408,-3.5950503,42.544178,-3.2270741
369,-0.15491769,-0.053978935,-0.19894071,0.2758611,-0.26152766,-0.039843753,0.29971054,-0.050138865,-2.7773936,2.2273064,2.247219,-0.65621305,0.2705072,0.15006283,0.45855784,1.5658202,-1.8045492,-0.3506205,0.07990084,1.0310609,0.042290837,0.10772299,0.8248246,-4.0351253,42.1014,-2.745421
370,-0.09812948,-0.11101054,-0.22139527,0.2406604,-0.21090779,-0.036323175,0.1603787,-0.059367213,-2.3634553,1.7893867,2.5246277,-0.8765993,0.3621339,0.30892715,0.58454084,1.6969308,-2.0134532,-0.44057703,0.058167912,0.45472178,0.05276604,0.13317132,0.56230956,-3.778833,41.91715,-2.2263887
371,-0.00081219897,-0.08294515,-0.33136404,-0.29162493,-0.10885285,0.032855928,-0.04699236,-0.09588021,-0.7488732,-0.60595775,1.6263119,-0.34169972,0.3750494,-0.106060766,0.9168818,1.6222162,-2.3148274,0.1720026,-0.08865788,-0.49189743,0.07267746,0.061062716,0.15139416,-1.9432949,41.61405,-1.3692795
372,-0.105468065,0.014765844,-0.06464447,-0.4491973,-0.10027701,0.12946853,0.019855484,-0.035098795,0.84182733,-3.1686237,-0.12332768,1.0422624,0.26060125,-0.27352992,1.9349734,0.67496413,0.01223398,2.1404858,-0.170935,-0.07076522,-0.01045665,-0.05814416,-2.1749966,0.51161826,41.36745,-1.0114677
373,-0.01482692,-0.12756322,-0.08800979,-0.14947282,0.037431005,-0.013854101,-0.10764742,-0.006878469,1.1162821,-3.3304124,-0.3583704,1.1262603,0.06122131,-0.10301115,3.0649316,0.45806023,0.60712516,1.9202949,-0.29168156,-0.12551221,0.052743785,-0.11075527,-2.8443274,0.5810068,40.643448,-1.1769677
374,0.0069307424,-0.15971704,0.05995007,-0.09918098,0.087595195,-0.052820906,-0.13012767,-0.04010353,1.2327163,-2.943663,-0.47010615,1.146133,0.118249126,0.19708107,3.97782,0.44110158,0.82923424,1.2008868,-0.5486141,-0.069858335,0.04461901,-0.1435175,-2.7846532,1.0744348,40.6435,-1.8637842
375,-0.06411135,-0.11558263,0.13899381,-0.2816757,0.06456208,-0.0803843,0.17634922,-0.06725302,1.1164291,-2.4104006,-0.5134985,1.7029585,0.1814363,0.5136188,4.553969,0.2990676,0.84615874,1.4756311,-0.46304646,-0.076243065,0.07601465,-0.1440342,-2.3299665,1.860932,40.83077,-2.7938576
376,-0.1265702,-0.009019926,-0.22583146,-0.44599786,0.089285046,-0.027433202,0.29146075,-0.2399002,-0.25304067,-1.0212526,-0.030530669,1.443428,-0.0197699,0.4797091,3.9875607,0.2618837,0.28372303,1.2388171,-0.84074557,0.16350746,0.00642051,-0.11645251,-1.5375501,1.8664452,41.515236,-3.8472311
377,-0.13095737,-0.059107825,-0.46794146,0.082922414,-0.12735766,-0.20817597,0.24044812,-0.15347323,-2.5438385,1.9896318,0.88909537,-0.04167621,0.066592164,0.45928577,1.019476,0.89620924,-1.456106,-0.44752264,-0.069903605,0.61125076,0.028801234,0.019891761,0.5899256,-0.9073115,41.869938,-3.9050765
378,-0.13122499,0.021583065,-0.19739692,0.08663531,-0.1258506,-0.0052042007,0.30107808,-0.17327085,-2.776673,2.1734283,1.3426952,-0.20364188,0.036148854,0.029471716,0.6501097,1.4034497,-1.7790087,-0.22070421,0.060828842,1.053287,0.03334555,0.10066023,0.5743883,-3.4925866,42.102245,-3.2290142
379,-0.123601645,-0.03461443,-0.18807484,0.2294604,-0.22053573,-0.0036983937,0.32744208,-0.015928421,-2.8188968,2.171901,2.1818507,-0.5297449,0.20544896,0.15875584,0.46975583,1.6759729,-1.8482376,-0.32922542,0.071158774,1.2063143,0.051879436,0.094868235,0.78688204,-3.993509,41.582355,-2.6516783
380,-0.10058555,-0.09256469,-0.2339101,0.2740768,-0.23731038,-0.005904034,0.17440659,-0.0070545413,-2.4905398,1.7693027,2.5945144,-0.8350202,0.31331033,0.28010097,0.62973255,1.709837,-2.0016446,-0.40697026,0.049227722,0.68828493,0.063508466,0.12448498,0.59511745,-3.8214107,41.42319,-2.1632752
381,-0.011211481,-0.08766852,-0.29034024,-0.27429688,-0.16821276,-0.008875817,-0.050109506,-0.087395936,-0.8321895,-0.5678375,1.705331,-0.34020823,0.41370356,-0.083883725,1.0312065,1.6232398,-2.3676972,0.1570801,-0.12675253,-0.39125654,0.08607988,0.09215369,0.06673902,-2.2020192,41.47746,-1.4683402
382,-0.11697632,0.045252606,-0.093226895,-0.43810788,-0.12600583,0.14467415,0.09925929,-0.03192887,0.6614155,-3.1101692,0.016194783,1.0224258,0.2821558,-0.35166338,1.8701539,0.70074517,-0.08154487,2.3633025,-0.0063437447,-0.16248831,-0.0015423875,-0.029334672,-2.2087135,0.44983113,41.089424,-1.0398617
383,-0.025081541,-0.08876075,-0.12211688,-0.1518632,0.025459114,0.020393506,-0.06163889,-0.0016811229,1.0475528,-3.1890466,-0.18560281,0.9581403,0.09196407,-0.09006084,2.8219008,0.4282336,0.56930685,2.180305,-0.14432564,-0.09370991,0.06883746,-0.073356636,-2.8609672,0.70575684,40.409718,-1.1116074
384,0.0027409531,-0.1443653,0.008436397,-0.105170235,0.07697141,-0.050556332,-0.11631137,-0.040149156,1.0999131,-2.8898156,-0.28689852,1.247577,0.09828658,0.19528878,3.9191017,0.45075437,0.7447063,1.5255517,-0.44823065,-0.08981689,0.054502003,-0.1389598,-2.8254428,1.080333,40.646557,-1.7099625
385,-0.04004934,-0.05792956,0.1369922,-0.27985555,0.10618949,0.049812824,0.15045047,-0.085348874,1.1279782,-2.437167,-0.51568097,1.6089598,0.1616227,0.45530316,4.638446,0.36325428,0.8417697,1.4083613,-0.404138,-0.09003904,0.08961378,-0.1309115,-2.3165684,1.6484903,40.908764,-2.5196743
386,-0.09130198,-0.0028768629,-0.1054302,-0.43298104,0.15107456,-0.04273478,0.29883754,-0.21298695,0.1912053,-1.1609033,-0.19543925,1.4463936,0.0759852,0.6852399,4.37991,0.28938323,0.41088763,1.2778498,-0.60895026,0.059357487,0.06786108,-0.112733044,-1.6222848,2.255157,41.001873,-3.7501626
387,-0.12370624,-0.05828868,-0.4449625,-0.008322639,-0.103536606,-0.22101861,0.17826867,-0.104824334,-2.1156552,1.4683125,0.7655624,0.23264237,0.078714155,0.6082195,1.427036,0.6123768,-0.9780283,-0.23330249,-0.2014812,0.5019654,-0.07311417,0.018826596,0.41684383,0.073060974,41.311882,-3.9978914
388,-0.11888334,0.04019101,-0.20362695,0.27577955,-0.083860815,-0.015438348,0.2861098,-0.20764431,-2.8060863,2.1820676,1.0811366,-0.410016,0.06792312,-0.04383961,0.69024605,1.4098423,-1.9345093,-0.29754138,0.10450897,0.7876112,0.03417349,0.082864635,0.46738034,-3.0872915,42.13487,-3.2118187
389,-0.16744924,0.0006287843,-0.1906166,0.30711827,-0.23180151,0.014854208,0.29817528,-0.09444168,-3.0686338,2.4323084,1.9693451,-0.63161016,0.15700117,-0.0019460861,0.43998998,1.8554345,-2.045297,-0.4297706,0.0490712,0.8988486,0.033711344,0.10447275,0.69413304,-4.1692743,42.03944,-2.7050147
390,-0.11571914,-0.09045689,-0.19909771,0.4184245,-0.253013,-0.023594067,0.18697152,0.012255218,-2.811022,2.1469038,2.5806131,-1.0049591,0.26238889,0.22368206,0.48063356,1.9146881,-2.1521523,-0.57917583,0.08686445,0.6620689,0.043061525,0.14124912,0.6140518,-4.1386304,41.636173,-2.1596868
391,0.0032556094,-0.108479306,-0.21755259,-0.27719453,-0.17810164,0.007824868,-0.12687713,-0.0039394535,-0.9554259,-0.5383061,1.7823453,-0.44231087,0.2579736,0.04810948,0.8407121,1.8125522,-2.4478297,0.2093185,-0.08583238,-0.42792556,0.12522031,0.10723882,0.24352539,-2.6983693,41.873592,-1.3014116
392,-0.10488048,-0.019625947,0.045501396,-0.4250262,-0.15347382,0.09895165,0.05403325,-0.055588726,0.8482252,-3.1390498,-0.23994753,0.99627304,0.20828733,-0.3024303,1.7607862,0.67725646,-0.11661553,2.3962297,-0.21516183,0.018114246,-0.011855243,-0.12397695,-2.110302,0.43329656,41.721554,-1.1380187
393,-0.002490487,-0.1398605,0.00011356175,-0.14809863,0.025427584,-0.03357193,-0.1357413,-0.0216606,1.1199806,-3.2575028,-0.48184207,1.1618432,0.0718819,-0.0874007,2.8815799,0.4200462,0.57114416,2.0229752,-0.3366095,-0.12628481,0.06657149,-0.12850225,-2.8364487,0.50214964,41.146305,-1.1272486
394,0.0051554777,-0.19880082,0.118220195,-0.14142345,0.08896008,-0.103566885,-0.14007157,-0.04629675,1.4081013,-2.9684443,-0.5306259,1.2088827,0.17231858,0.25738248,3.921787,0.43549055,0.85850245,1.2933213,-0.6126371,-0.049752437,0.069052115,-0.15962708,-2.7828584,1.0419152,41.218822,-1.8289888
395,-0.04161259,-0.177092,0.22540544,-0.30681318,0.085088134,-0.15782481,0.049003005,-0.052338038,1.2849997,-2.2864704,-0.61735374,1.6749245,0.16600502,0.71106803,4.5032377,0.2883087,0.9056567,1.3869795,-0.6781912,0.007344163,0.102359325,-0.16856158,-2.2746615,1.9010428,41.540825,-2.8848028
396,-0.08213654,-0.06863819,-0.23883103,-0.47820213,0.1370852,-0.120183095,0.14542592,-0.24850425,-0.3724953,-0.78208905,0.011780165,1.432033,-0.08241337,0.7197059,3.9614406,0.24851903,0.22468805,1.2090622,-1.1208597,0.25581327,0.036321253,-0.13755184,-1.448522,2.116826,42.045258,-4.115446
397,-0.10364114,-0.06141956,-0.48606986,0.0502647,-0.10161959,-0.22896416,0.19598839,-0.18688908,-2.517515,2.1508403,0.9924789,0.033000723,0.12127408,0.44850844,0.943516,0.9798913,-1.6021061,-0.4919666,-0.12885922,0.7002093,0.045788795,0.011208914,0.5820191,-1.1297314,42.72083,-3.9266644
398,-0.1290308,0.0111074,-0.18283255,0.081000134,-0.12140036,0.008674219,0.3138552,-0.19828162,-2.6232357,2.1858485,1.3217497,-0.26060355,0.02233059,0.049744986,0.6611978,1.3316469,-1.6105478,-0.24105181,0.018746085,1.0522432,0.04410115,0.11809694,0.62324685,-3.5727494,42.74219,-3.260109
399,-0.0899024,-0.04391752,-0.19665967,0.21547638,-0.13417953,-0.01643227,0.3305256,-0.009844456,-2.6783834,2.1189103,2.1331842,-0.54695517,0.15881139,0.1337343,0.51139563,1.5735927,-1.8491309,-0.3328358,0.038948126,1.2539424,0.06548181,0.098594956,0.7904402,-4.0052,42.314144,-2.6450627
400,-0.013096776,-0.09895633,-0.22457339,0.26247683,-0.0890719,0.010509536,0.19242924,0.061885264,-2.4465814,1.8189967,2.603178,-0.8299844,0.3069476,0.27159163,0.57884365,1.6938651,-1.9599586,-0.3933817,0.04534165,0.82062954,0.07361573,0.104629986,0.69455916,-3.8064048,42.18018,-2.1229248
401,0.033000354,-0.14542575,-0.3143553,-0.3372852,-0.06521818,-0.0019407123,-0.10288733,0.04304346,-0.7738276,-0.38688836,1.835944,-0.3604269,0.43610704,0.033747144,0.8842847,1.6611049,-2.36766,0.10604559,-0.099255346,-0.26649407,0.13730392,0.12615043,0.44089425,-2.1655054,41.940746,-1.5236417
402,-0.08781949,-0.05698566,0.021063969,-0.44904646,-0.1337812,0.07335062,-0.026709273,-0.057408605,0.93376976,-3.0075338,-0.18337587,0.9805351,0.26888317,-0.2086781,1.9398837,0.6652727,-0.01685261,2.1710386,-0.3676996,0.0077267056,-0.01460406,-0.0911668,-2.1013145,0.5114607,41.483593,-1.1773235
403,4.4796616e-05,-0.16431798,-0.03718044,-0.16573457,0.0379487,-0.034465,-0.16440204,-0.028070245,1.1573983,-3.0724604,-0.32306,0.9710632,0.060344286,0.013346201,3.13309,0.398297,0.5759643,1.8981673,-0.44981351,-0.016325675,0.066245966,-0.15686971,-2.7849622,0.6813485,41.07175,-1.3605107
404,-0.0013431571,-0.19086339,0.051590905,-0.13519888,0.06892881,-0.05782178,-0.11096826,-0.06998125,1.1912682,-2.7770517,-0.3637022,1.2495558,0.12581438,0.2462107,4.179498,0.3770217,0.77633077,1.1065708,-0.64876914,-0.03782227,0.03934487,-0.18440199,-2.7052665,1.154162,41.2773,-2.0324464
405,-0.05313405,-0.14410014,0.15648963,-0.28914425,0.056932453,-0.08947237,0.1088984,-0.046842758,1.1376342,-2.2730577,-0.47670367,1.5832798,0.1385048,0.60857755,4.5798507,0.2662669,0.8281059,1.6231416,-0.60146356,-0.025161289,0.07475901,-0.13503551,-2.292674,1.8195728,41.268883,-2.9774637
406,-0.109548986,-0.025583848,-0.19927575,-0.45679444,0.10946989,-0.051319547,0.2956283,-0.25570026,-0.124113165,-0.95296997,-0.008719362,1.4583079,0.011222012,0.6369942,4.002662,0.15758342,0.29653156,1.0779959,-0.79044163,0.19806376,0.038703635,-0.09382526,-1.5193005,2.1505563,41.497936,-3.9512172
407,-0.12143488,-0.036098883,-0.44677275,0.049969748,-0.12213133,-0.20089151,0.23036596,-0.2155042,-2.486501,1.9505368,0.86648625,0.101230875,0.07577626,0.40355375,1.0150201,0.9628645,-1.4752505,-0.49708605,-0.12779835,0.66256535,0.022298487,0.037489407,0.54677784,-0.97212446,41.911526,-3.8613095
408,-0.19087967,0.04528074,-0.17930211,0.08360997,-0.19935471,-0.010617778,0.34116074,-0.2489219,-2.7842267,2.1489024,1.2098719,-0.11958657,0.032452025,-0.039339207,0.5886833,1.4489266,-1.84414,-0.3137368,0.05112595,1.0016121,0.029183121,0.12920013,0.5553582,-3.6007454,42.103683,-3.307447
409,-0.15717521,-0.011907861,-0.18320207,0.23274508,-0.26792336,-0.019771382,0.32312554,-0.09173283,-2.840439,2.1347926,2.0541723,-0.44406122,0.21362847,0.056253023,0.3932525,1.7851106,-1.9282837,-0.35913694,0.061609305,1.0867616,0.024820896,0.07502105,0.7497313,-4.1357164,41.653812,-2.8355093
410,-0.08362961,-0.08369391,-0.22071071,0.2620645,-0.1813204,-0.00396277,0.17983755,0.009222474,-2.5188782,1.726671,2.4544673,-0.7796997,0.21385494,0.24014476,0.58333445,1.7396702,-2.0056915,-0.41944718,0.037937142,0.739513,0.054143175,0.120101996,0.5032302,-3.8686655,41.39287,-2.3402367
411,0.0132428445,-0.12862833,-0.30897564,-0.30222407,-0.09660047,-0.0077869147,-0.07331526,0.034907248,-0.8411054,-0.48087642,1.726996,-0.32337576,0.3832894,-0.019859457,0.9526274,1.6097181,-2.3902469,0.16959529,-0.17125729,-0.19570422,0.11999375,0.1197625,0.18930209,-2.1641548,41.38883,-1.5912098
412,-0.10457528,-0.019766256,-0.045751557,-0.39515394,-0.1378769,0.086860225,0.031693652,-0.042311434,0.75523883,-2.9294379,-0.07525233,0.9285634,0.27021486,-0.28642902,2.042455,0.6503811,-0.086404555,2.3925548,-0.20945346,-0.073990725,-0.012455611,-0.08444513,-2.112405,0.47147125,41.179035,-1.1967168
413,-0.019277778,-0.105720535,-0.04176204,-0.11847715,0.0003026463,-0.00018502772,-0.039786816,0.0019758604,1.0496992,-3.0894196,-0.398227,1.1070364,0.095499285,-0.1022905,2.9286232,0.44558987,0.53119063,2.2807298,-0.223717,-0.10756131,0.037414536,-0.100831755,-2.7925916,0.53936213,40.867004,-1.2322749
414,0.017170403,-0.17899905,0.101064846,-0.09159376,0.076022476,-0.06477414,-0.13995937,-0.04271472,1.2349086,-2.8531024,-0.49509928,1.2372328,0.114998646,0.18333837,3.8866348,0.49981168,0.80072075,1.5578719,-0.59161377,-0.011524045,0.04988391,-0.18222675,-2.791039,0.92949814,41.084618,-1.869728
415,-0.04838976,-0.11777617,0.20172332,-0.30238846,0.093498856,-0.060535416,0.10419971,-0.08631697,1.2654872,-2.3653262,-0.5819638,1.6272604,0.19122458,0.5529296,4.436503,0.3559104,0.9624815,1.1785687,-0.64327395,-0.023425065,0.10128558,-0.17316404,-2.305903,1.7202731,41.201393,-2.8264503
416,-0.07959248,-0.047365293,-0.19416769,-0.45741105,0.13860118,-0.10901127,0.23916572,-0.24082485,-0.33788717,-0.9090313,-0.020909347,1.404562,-0.069632165,0.6067186,3.9353518,0.28520253,0.2243824,1.1286255,-0.9471512,0.19189695,0.037200965,-0.123463176,-1.545371,2.052053,41.483643,-4.0085917
417,-0.08906527,-0.051536426,-0.45822364,0.061304614,-0.087819874,-0.19910489,0.22137544,-0.14588127,-2.6897738,1.9560717,0.886343,-0.009666607,0.058994457,0.3982014,1.011613,0.9813607,-1.550255,-0.42344415,-0.11654667,0.7725079,0.06026241,0.0007758066,0.5576768,-1.1095842,42.080677,-3.842228
418,-0.123883486,0.020524755,-0.18482791,0.0683783,-0.15611194,0.029120326,0.35616347,-0.14838025,-2.8206775,2.0653465,1.392862,-0.13019966,0.053308316,0.045772158,0.63479435,1.4106194,-1.7434479,-0.17624606,0.034770407,1.1959554,0.052322656,0.10547843,0.6001376,-3.5484815,42.292927,-3.2142015
419,-0.11299986,-0.042526916,-0.1755734,0.20112596,-0.21786037,-0.0227803,0.35493913,-0.047366533,-2.8590856,2.1719282,2.1841571,-0.49121273,0.23132816,0.17041978,0.49985898,1.5862746,-1.9043417,-0.3620013,0.058640458,1.2208818,0.05587858,0.08041965,0.7800081,-3.9928846,41.852245,-2.6803584
420,-0.043698456,-0.104336604,-0.21638657,0.25699875,-0.16301519,0.0051133186,0.15660825,0.02178457,-2.450742,1.7512847,2.5331678,-0.83493185,0.28256777,0.27997813,0.5921356,1.720715,-1.9608645,-0.40944147,0.048704304,0.68105906,0.06080787,0.098869346,0.6196291,-3.8117728,41.82207,-2.11998
421,0.004349623,-0.12182622,-0.30271065,-0.28267357,-0.11582124,-0.002086699,-0.018005848,0.0038324855,-0.8389699,-0.5296645,1.7461402,-0.3277629,0.4199469,-0.108616196,0.8869264,1.7351351,-2.3873172,0.15460835,-0.10524192,-0.253339,0.09972337,0.105188094,0.22433716,-2.1730444,41.671993,-1.3410573
422,-0.097708136,-0.0349658,-0.019998744,-0.41686708,-0.12334286,0.06136076,0.04739137,-0.040944014,0.8149947,-3.0265782,-0.10673059,0.9534545,0.287106,-0.31684527,1.9553964,0.6841364,-0.048413627,2.2080612,-0.18090975,-0.04241576,-0.004850952,-0.08025063,-2.1901584,0.5044104,41.358242,-1.0798608
423,-0.008137789,-0.14677982,-0.046082094,-0.14185856,0.0105708875,-0.045293912,-0.080744445,-0.028847072,1.0113804,-3.0592136,-0.38445058,1.0708528,0.091518946,-0.15328823,3.069797,0.43731803,0.5327541,1.8959128,-0.32775882,-0.12713143,0.052420326,-0.12677222,-2.8315234,0.56352574,40.889538,-1.0995405
424,0.009665344,-0.19770698,0.10445957,-0.103266254,0.07319465,-0.08799897,-0.13317823,-0.044634942,1.311517,-2.814048,-0.46683398,1.117964,0.12746185,0.19988663,3.996815,0.39668837,0.79293555,1.2915047,-0.614121,0.0033890968,0.053957522,-0.17472911,-2.7881927,1.0946461,40.99957,-1.8096945
425,-0.05371731,-0.16588463,0.18827261,-0.2905673,0.058572207,-0.15211734,0.11205122,-0.04388574,1.2211051,-2.3488944,-0.47815302,1.6527567,0.16608983,0.60458565,4.529578,0.24780053,0.867177,1.4327334,-0.5716835,-0.0067268247,0.08401437,-0.16502568,-2.3321118,1.9304792,41.111183,-2.900146
426,-0.08713713,-0.04753746,-0.15918626,-0.4261192,0.116728485,-0.0926172,0.24657577,-0.24960826,-0.13614878,-1.0256456,-0.055423178,1.4317724,0.009047039,0.5706358,4.100758,0.24628815,0.31526202,1.1902114,-0.9252995,0.20489955,0.013512777,-0.13714787,-1.6183044,1.9665376,41.719547,-3.8216417
427,-0.09543152,-0.048856303,-0.462857,0.071328625,-0.08791585,-0.2125338,0.21582136,-0.15819922,-2.5423281,1.9339584,0.8523899,0.050991192,0.08495893,0.40851894,1.0634594,0.7875848,-1.4892532,-0.46952462,-0.20622379,0.6759847,0.025933119,-0.018535681,0.51354474,-0.8973865,42.105907,-3.8398654
428,-0.10965285,0.028615251,-0.18929286,0.08309141,-0.10692161,0.030277863,0.34199446,-0.15674523,-2.7407172,2.075929,1.3753674,-0.16890721,0.038309433,0.030820465,0.6790233,1.297801,-1.6623273,-0.22538973,0.030770458,1.1368791,0.048363447,0.10702639,0.5618006,-3.458121,42.268776,-3.2420251
429,-0.07896817,-0.040796116,-0.21364965,0.1982022,-0.15528858,0.024411932,0.3308771,-0.012611065,-2.8348,1.9282482,2.2060583,-0.49977982,0.18178919,0.10500177,0.5212195,1.6651075,-1.7652264,-0.28022277,0.018118002,1.2804154,0.076097965,0.105735116,0.8042222,-3.9717531,41.64549,-2.7333245
430,-0.06813219,-0.08855234,-0.2256455,0.21356067,-0.16689354,0.0031264573,0.19763559,-0.023289893,-2.464862,1.7514021,2.5482743,-0.79100174,0.27597064,0.25234437,0.59724426,1.7525878,-2.0114777,-0.42676497,0.04504303,0.7407715,0.08125378,0.13877386,0.59226525,-3.7754781,41.34507,-2.2771785
431,0.0042117275,-0.11170171,-0.26055068,-0.2985585,-0.12564537,0.0031826943,-0.021432042,-0.06536019,-0.85002273,-0.5223892,1.7018315,-0.38025618,0.40502062,-0.06896042,1.0403988,1.5629517,-2.4040756,0.13054405,-0.14082733,-0.27639666,0.10484466,0.11572101,0.047388524,-2.168031,41.322956,-1.334924
432,-0.09655911,0.001558736,-0.023532227,-0.39221552,-0.12844633,0.12566023,0.07644084,-0.017379466,0.78577733,-3.0455794,-0.07084168,0.9057975,0.28021845,-0.32651117,1.961093,0.69114286,-0.1100136,2.2763264,-0.11980065,-0.041816317,-0.01958668,-0.06402666,-2.216607,0.4561091,41.106945,-0.96828663
433,-0.0129894875,-0.1273617,-0.050417915,-0.12391393,0.009933267,-0.008208588,-0.11720213,0.008485284,1.1457226,-3.1887,-0.35285404,1.1044806,0.07695491,-0.066092096,3.0024145,0.4429613,0.59463793,2.1816316,-0.267594,-0.093938075,0.05335585,-0.12571728,-2.8201838,0.5523819,40.647884,-1.1472155
434,0.004246149,-0.15938322,0.13340788,-0.14021827,0.07820445,-0.0737088,-0.05967337,-0.028090212,1.3389316,-2.828829,-0.5490075,1.2441459,0.15871572,0.24290282,3.8127747,0.4837157,0.7963454,1.490539,-0.47174945,-0.021221898,0.06565969,-0.12974203,-2.736156,1.1415192,40.87457,-1.7568841
435,-0.05336314,-0.11694907,0.24606903,-0.3007834,0.09537679,-0.10825069,0.16777956,-0.08747187,1.2886629,-2.2211099,-0.6399018,1.6952847,0.2173866,0.62908137,4.246457,0.34276637,0.91815853,1.0301787,-0.5082652,0.016441442,0.1201929,-0.14575213,-2.217884,1.9033705,41.078045,-2.962921
436,-0.06232843,-0.047221467,-0.1781962,-0.43988672,0.1410811,-0.089244604,0.19132075,-0.23734461,-0.30580488,-0.7709929,-0.05145935,1.3705025,-0.10504656,0.6871239,3.8542163,0.25592205,0.20856398,1.2357033,-0.956249,0.24495864,0.026159013,-0.12290966,-1.4383352,2.106816,41.516705,-4.1090407
437,-0.08304414,-0.061078116,-0.47506887,0.071259275,-0.078381926,-0.2002442,0.20766264,-0.14302352,-2.6874912,2.0962217,0.9374792,0.027347878,0.1315206,0.42269918,0.91080505,1.0444384,-1.5972688,-0.47976673,-0.116772644,0.7428321,0.053987116,0.008102648,0.61215717,-1.0997444,42.0983,-3.919692
438,-0.11459443,-0.002481237,-0.17823456,0.09241636,-0.14281008,0.018341348,0.34090003,-0.12548122,-2.739185,2.0866377,1.4380056,-0.22972326,0.038999982,0.043992244,0.6673962,1.3852184,-1.6482968,-0.21485497,0.016661234,1.2074401,0.048288524,0.10651522,0.603492,-3.6007483,42.12949,-3.2983685
439,-0.073638916,-0.045269445,-0.16945647,0.21385147,-0.16949561,-0.0028573722,0.3556375,0.022292878,-2.7436388,1.9136156,2.1057878,-0.50809896,0.17296094,0.12859035,0.5259461,1.6259233,-1.8548251,-0.2888378,0.054758944,1.3525909,0.065695524,0.08411267,0.77644026,-4.018703,41.62342,-2.7681613
440,-0.018993463,-0.114763364,-0.18988682,0.20770866,-0.10362175,-0.0069726557,0.21699232,0.050945964,-2.3974824,1.7102088,2.45849,-0.80052304,0.30645084,0.29790333,0.6538505,1.6528612,-2.0988648,-0.4156878,0.03159956,0.7892073,0.08419199,0.10005016,0.5853846,-3.739704,41.608738,-2.1949694
441,0.016826723,-0.12307106,-0.31517375,-0.27518186,-0.10204296,-0.006152615,-0.052446723,0.0288462,-0.8505196,-0.47070262,1.7238075,-0.37518352,0.45036125,-0.033577137,0.9696478,1.6584582,-2.4630601,0.10711096,-0.14946523,-0.21078032,0.106827855,0.12993684,0.22597027,-2.2100377,41.491734,-1.4208674
442,-0.1007137,-0.028228953,-0.043404058,-0.42318442,-0.12876095,0.058842972,0.10046913,-0.03343043,0.7137236,-2.993813,-0.030906297,0.899477,0.31352615,-0.35735366,1.9765588,0.66430414,-0.094866745,2.3996105,-0.09322252,-0.10462328,-0.0053808074,-0.061383076,-2.1950688,0.50760204,41.083508,-1.0831424
443,-0.007540729,-0.11612104,-0.09925203,-0.105299816,0.014811162,-0.011237428,-0.047651708,0.017938223,0.90923345,-3.0846353,-0.20818976,1.0062376,0.07324625,-0.16999902,2.9373052,0.42058098,0.48826325,2.2164655,-0.20664182,-0.067524634,0.047107942,-0.08325935,-2.910873,0.6123517,40.435688,-1.1122493
444,0.016538534,-0.21567,0.0097531825,-0.078592405,0.063524246,-0.11821987,-0.18804714,0.035622325,1.093683,-2.902699,-0.22772178,1.2491233,0.08270175,0.15993202,3.7466257,0.42747784,0.73192346,1.5307604,-0.56237364,0.018517174,0.06054637,-0.1538879,-2.9003768,1.0138882,40.49783,-1.7432953
445,-0.044617917,-0.11660217,0.14379708,-0.23765169,0.08416173,-0.064565524,0.082714856,-0.06482938,1.2611582,-2.5525177,-0.40515712,1.5977348,0.18295676,0.482248,4.3078294,0.39197004,0.92503166,1.3266612,-0.53139734,0.00057122763,0.08691287,-0.137678,-2.4657192,1.7484432,40.883972,-2.5856953
446,-0.083541095,-0.032406583,-0.054378822,-0.38202795,0.12070289,-0.06233503,0.27668107,-0.18463475,0.29763585,-1.3974305,-0.1627641,1.4638699,0.09179432,0.64563346,4.1338034,0.31962153,0.5115184,1.2549173,-0.7047897,0.1417437,0.0631008,-0.11017565,-1.815436,1.9989966,41.02585,-3.6985145
447,-0.14101113,-0.05525942,-0.41535366,-0.080198005,-0.08584447,-0.19680957,0.15218064,-0.1949816,-1.9537559,1.3413264,0.6172529,0.3067515,0.013439216,0.5394121,1.5734979,0.55598485,-0.9489863,-0.2305881,-0.41387132,0.4852228,-0.06740528,0.00055699795,0.27011433,-2.105534e-05,41.40444,-4.114548
448,-0.09966725,0.059727445,-0.23812391,0.14632069,-0.043442514,-0.022132888,0.31015405,-0.16227552,-2.8461041,2.164541,0.9162131,-0.20505999,0.044141673,0.011488026,0.77910656,1.2506924,-1.9616284,-0.30196548,0.06419764,1.0167027,0.053871393,0.10470789,0.5101756,-3.0000257,41.962803,-3.2439501
449,-0.09171635,-0.0132561475,-0.23831101,0.3015848,-0.12718657,0.003318712,0.30046833,-0.008899961,-3.1699662,2.2861226,1.8713727,-0.63537794,0.1425854,-0.0035262648,0.5907395,1.7818902,-2.07783,-0.34518135,-0.0072923675,1.1834681,0.045301855,0.064209156,0.65882695,-4.0308104,41.76431,-2.5867612
450,-0.081472844,-0.08021985,-0.22649105,0.36523703,-0.19651029,0.0012115687,0.21963817,0.027925994,-2.9606943,2.175647,2.6968784,-0.94114137,0.27345797,0.18780254,0.48856503,1.8914707,-2.1528883,-0.5049515,0.090101816,0.8215439,0.05501041,0.1272434,0.7051033,-4.1574965,41.518627,-2.0819392
451,-0.011010494,-0.14048575,-0.2129796,-0.1505314,-0.19346957,-0.0069222897,-0.14255714,0.07785317,-1.3266032,-0.12418245,2.0528421,-0.56274843,0.296125,0.16541463,0.9337804,1.83929,-2.4061983,0.08000313,-0.081397496,-0.19464818,0.13673374,0.15512985,0.37265074,-3.0729988,41.665936,-1.3144437
452,-0.103351206,-0.037664488,0.058933124,-0.41689277,-0.15969826,0.046849728,0.0024233162,-0.120857924,0.68261355,-3.1686733,-0.3089801,0.8233957,0.119376816,-0.26072195,2.1921527,0.6390802,-0.18434429,2.251876,-0.39416894,-0.15497401,-0.024326054,-0.063962735,-2.0102725,0.558926,41.271217,-1.0728524
453,-0.009744611,-0.13105296,0.025340125,-0.12815033,0.040161524,-0.045683146,-0.03816822,-0.021688912,1.222362,-3.0983155,-0.50796705,1.0647491,0.22387886,-0.110235296,3.1062212,0.48730016,0.44283807,1.5892962,-0.2359027,-0.14671406,0.067185536,-0.140804,-2.7854404,0.552621,40.845512,-1.0668486
454,-0.022593167,-0.13012068,0.15489714,-0.12901588,0.048195455,-0.01984264,0.06287825,-0.07951903,1.3332596,-2.9096801,-0.6643233,1.2405089,0.20178574,0.13961639,3.8491328,0.4548246,0.7823083,1.0790321,-0.3487955,-0.0533398,0.030844817,-0.1034422,-2.6666007,1.0885166,40.97285,-1.6485368
455,-0.06368649,-0.06537305,0.23613708,-0.27955005,0.0832974,0.04504226,0.2654825,-0.07936004,1.1463985,-2.3347208,-0.6690915,1.5951647,0.16692412,0.4752833,4.437459,0.25102168,0.8423674,1.4137923,-0.478272,-0.032926463,0.084584326,-0.12590808,-2.1947088,1.855879,41.081203,-2.7064862
456,-0.10147098,-0.008234933,-0.17957292,-0.4641648,0.13860199,-0.02381222,0.30711773,-0.22866783,-0.23682606,-0.92254555,-0.08331553,1.4394482,-0.046649747,0.56736076,3.9347258,0.2189574,0.26336646,1.2371465,-0.8737966,0.23002303,0.05105175,-0.10777607,-1.448965,2.1677287,41.548725,-3.8238592
457,-0.098546,-0.05658777,-0.5183686,0.07488124,-0.10481137,-0.22483224,0.21732369,-0.13397375,-2.6870956,2.0369618,1.0109655,-0.013692424,0.10880608,0.43394366,0.974219,1.0364845,-1.4827843,-0.46701324,-0.14218462,0.7124463,0.06270969,0.001188688,0.6328129,-1.021529,42.04709,-3.7681632
458,-0.15383941,0.022085235,-0.19134928,0.07877171,-0.17528398,-0.01799059,0.31462634,-0.19322416,-2.709489,2.103926,1.4864744,-0.1706122,0.059925444,0.009700006,0.6027739,1.3645538,-1.7182729,-0.22819163,0.026344545,1.1052545,0.035828054,0.08519619,0.5940568,-3.617213,42.225155,-3.1652756
459,-0.15576127,-0.035636976,-0.17615403,0.23068687,-0.26462728,-0.02499421,0.30830783,-0.04358319,-2.7667634,2.1868622,2.212645,-0.50194395,0.2088545,0.12690933,0.40942764,1.6425269,-1.8386011,-0.35600662,0.05561892,1.1305227,0.05291131,0.09481763,0.82571757,-4.0886416,41.813316,-2.769268
460,-0.09372884,-0.08850919,-0.1942739,0.22310081,-0.21846622,-0.011403546,0.16296616,-0.030934725,-2.3933723,1.868255,2.497953,-0.76824224,0.30027702,0.30307594,0.56306964,1.6952102,-2.0314856,-0.46317124,0.058333255,0.5993087,0.05867605,0.10985028,0.62191194,-3.8300955,41.69045,-2.1788878
461,0.027178142,-0.103964105,-0.28563684,-0.3290694,-0.080194905,0.0039157867,-0.07193059,-0.045780096,-0.794301,-0.57049596,1.6839709,-0.29276103,0.35126925,-0.036799304,0.92953587,1.5399613,-2.338485,0.19450878,-0.10230961,-0.35836008,0.08290402,0.08628207,0.1424169,-2.1325448,41.722263,-1.3094002
462,-0.11037466,-0.028284296,-0.06874995,-0.39459231,-0.13104078,0.07904112,0.051972523,-0.045234535,0.8335592,-3.0308444,-0.030280627,0.92767334,0.29712874,-0.34174427,1.7329082,0.70803785,-0.06168901,2.2747412,-0.14065263,0.011073149,-0.020450352,-0.09137053,-2.1965542,0.4824674,41.632744,-1.0821167
463,-0.009561684,-0.14475156,-0.062590376,-0.120870546,0.003518436,-0.01902461,-0.1162034,-0.010209892,1.0403333,-3.052234,-0.30057094,1.0979713,0.03181196,-0.10399654,2.8536072,0.39852476,0.5821826,2.161056,-0.3587877,-0.044001184,0.03775519,-0.1210152,-2.835546,0.5749659,40.975197,-1.2870697
464,0.004263554,-0.16218574,0.08292873,-0.11603789,0.070860595,-0.03546147,-0.11039993,-0.06520471,1.1349205,-2.830889,-0.42344037,1.176343,0.061081417,0.13222995,3.8882735,0.40947175,0.75969696,1.5330857,-0.5708462,-0.0639896,0.047079466,-0.16165411,-2.7813196,1.0550048,41.02358,-1.844181
465,-0.04062381,-0.15097688,0.2196662,-0.30691704,0.08064225,-0.113453135,0.100507915,-0.08301884,1.2952021,-2.3908722,-0.5401056,1.682706,0.15349275,0.5742565,4.557435,0.2600394,0.88300776,1.2995566,-0.5787972,-0.07935055,0.10159567,-0.18522313,-2.3086414,1.8938662,41.065548,-2.7495337
466,-0.064808086,-0.06363128,-0.1527647,-0.38887528,0.16192591,-0.15365414,0.24071681,-0.24139968,-0.010588475,-0.92975265,-0.095452465,1.3983567,0.05560697,0.6379918,4.1838865,0.24558467,0.3435052,1.1297408,-0.9003923,0.16435738,0.056866765,-0.13563165,-1.6506345,2.236869,41.22073,-3.8478925
467,-0.095005274,-0.06225197,-0.4607647,0.03927578,-0.07348366,-0.2177666,0.19973868,-0.1271356,-2.4700768,1.8600057,0.8864871,0.12820591,0.090189956,0.45223436,1.1168697,0.8555758,-1.4270988,-0.45148957,-0.23913002,0.7273206,0.027017834,0.014935367,0.5583399,-0.7053449,41.71056,-3.9499812
468,-0.112278074,0.04294692,-0.18063371,0.09267855,-0.089985564,0.044409573,0.33042538,-0.1566746,-2.7507398,2.0285697,1.2832974,-0.11712544,0.025551356,0.008691242,0.62883496,1.2835841,-1.6568049,-0.2014717,0.07175366,1.0882156,0.03990844,0.12870061,0.5488245,-3.3676517,42.008698,-3.3505735
469,-0.074448526,-0.023291871,-0.20483138,0.21652082,-0.13935816,0.03528446,0.3544494,-0.041067157,-2.8694255,1.994083,2.1066663,-0.46160477,0.21417475,0.10125933,0.51539814,1.6388994,-1.8154161,-0.2973578,0.055827655,1.1969458,0.05848828,0.08160394,0.802729,-3.8818185,41.728466,-2.7642567
470,-0.049065795,-0.081792936,-0.19121014,0.25309908,-0.13339666,0.0280094,0.24243835,-0.009027336,-2.539069,1.8538194,2.554884,-0.80777264,0.29505438,0.26789495,0.5795004,1.7677684,-2.0007377,-0.45197177,0.116728015,0.75480276,0.06908938,0.13499308,0.67859375,-3.776404,41.489525,-2.2557735
471,0.0080382265,-0.13708661,-0.1860243,-0.27393875,-0.14417706,0.009938821,-0.08493483,0.03507605,-0.9911782,-0.32588693,1.7802252,-0.48524857,0.25126687,0.2165212,1.0490481,1.6135623,-2.1564727,0.14502846,-0.05246266,-0.16115385,0.13737285,0.13025624,0.15923688,-2.5935547,41.4006,-1.575351
472,-0.07471532,-0.08176921,0.029736236,-0.37985727,-0.14192803,0.016033635,-0.028950483,-0.0053407885,0.8350234,-2.9419234,-0.14099088,0.8130528,0.23673272,-0.26338676,1.9397007,0.6378164,-0.13774908,2.3285453,-0.31775007,0.047455646,-0.01673585,-0.124487825,-2.1186676,0.44563794,41.179363,-1.2123666
473,-0.0015768073,-0.19903882,-0.0065610856,-0.07781415,0.0063340105,-0.079678774,-0.21260336,0.03361949,1.2425051,-3.0901606,-0.36309877,1.0120813,0.051369436,-0.0538569,3.1328201,0.3313904,0.59164655,2.1111102,-0.5588255,-0.026078306,0.0373417,-0.17407608,-2.8898883,0.5113731,40.926174,-1.3261296
474,-0.001792755,-0.22075792,0.17230116,-0.11664592,0.048696492,-0.12020595,-0.11631307,-0.03660888,1.4715049,-2.8748307,-0.5627782,1.2442758,0.16267598,0.28411144,4.067098,0.36312318,0.83937144,1.4499675,-0.7042772,0.009273267,0.036660105,-0.18504018,-2.7569356,1.0495822,41.32002,-1.8821077
475,-0.072286606,-0.14753233,0.23809345,-0.28895232,0.07189047,-0.10718076,0.19009319,-0.07069686,1.314943,-2.270753,-0.64990145,1.6727525,0.21559107,0.6500572,4.6889563,0.24330899,0.91827345,1.2167903,-0.6580419,-0.0056383247,0.08650169,-0.16502371,-2.2312856,1.8474549,41.428677,-2.934258
476,-0.09234017,-0.05367671,-0.22840203,-0.47085875,0.1286397,-0.08859011,0.2524193,-0.23784131,-0.46735293,-0.7108431,0.010407351,1.4632316,-0.117217,0.7009521,4.095048,0.1916475,0.13926342,1.1552938,-1.0253958,0.27105004,0.018744538,-0.13014138,-1.3485192,2.1967373,41.76822,-4.169824
477,-0.095933944,-0.05602272,-0.4886117,0.068351254,-0.10071805,-0.19676556,0.22037306,-0.17678699,-2.70158,2.104312,0.9516748,0.035923854,0.11363185,0.42527476,0.96342254,1.0111254,-1.5620779,-0.47651327,-0.11665171,0.7536654,0.050400317,0.0030937418,0.61012876,-1.1532931,42.377583,-3.8485384
478,-0.11500704,0.017965034,-0.18250187,0.08816147,-0.113470286,0.02020663,0.32953557,-0.17721215,-2.7709386,2.2006814,1.3903184,-0.22617106,0.057719655,0.016296348,0.62727606,1.4036088,-1.7300038,-0.24970879,0.032156445,1.0705473,0.04248658,0.1044045,0.6050939,-3.615085,42.561657,-3.1950696
479,-0.08522737,-0.030970529,-0.17712231,0.19614543,-0.16620657,-0.0023032129,0.3399456,-0.04713193,-2.6368203,2.0735004,2.1138654,-0.53918034,0.21053019,0.14532168,0.441625,1.6679618,-1.8106297,-0.31959903,0.028698452,1.2196252,0.055749714,0.08614262,0.7748685,-4.05153,42.00487,-2.6402922
480,-0.07878807,-0.08708964,-0.21847396,0.2504546,-0.17002717,-0.0032624751,0.20947257,-0.029440258,-2.3449507,1.8352525,2.5148425,-0.849445,0.30884975,0.30270782,0.5641594,1.568167,-1.9603031,-0.4713862,0.020954438,0.7077324,0.06935802,0.12137588,0.5763713,-3.7846978,41.786118,-2.1529455
481,-0.006854739,-0.119522676,-0.31222004,-0.29111153,-0.11718084,-0.008600414,-0.048386216,-0.018887196,-0.7859383,-0.50257266,1.7786537,-0.325755,0.4391315,-0.067599885,0.8739045,1.6128781,-2.375083,0.15832745,-0.13433269,-0.31842715,0.094815925,0.09527739,0.22861993,-2.1786354,41.782505,-1.4438686
482,-0.10896367,-0.023182109,-0.055071786,-0.42671335,-0.13478728,0.065467045,0.07101235,-0.041105453,0.7538,-3.0717585,-0.047292806,0.9707695,0.28817114,-0.36662403,1.8136575,0.670296,-0.06479477,2.360864,-0.11152216,-0.043532394,-0.014429567,-0.0850972,-2.1717815,0.49872756,41.56085,-1.1058469
483,-0.008677747,-0.13980271,-0.07037257,-0.14226638,0.003179405,-0.033997998,-0.09986916,-0.033028934,0.99964124,-3.1624134,-0.29967847,1.1345055,0.058073707,-0.1448029,2.7878032,0.43536687,0.5920055,2.1159022,-0.2858955,-0.124048196,0.041310646,-0.10388387,-2.873043,0.52848643,40.922882,-1.1504016
484,0.023267005,-0.16040073,0.05344318,-0.09384592,0.0887292,-0.027482629,-0.10729721,-0.047976617,1.1169307,-2.9158905,-0.37820128,1.1634778,0.07739294,0.104638524,3.8613777,0.40444404,0.7538277,1.3856481,-0.5382236,-0.06652536,0.050507292,-0.15587848,-2.8120975,0.9706883,41.051785,-1.720084
485,-0.038752224,-0.12184511,0.17202778,-0.2677865,0.08118069,-0.02022405,0.08187595,-0.0738011,1.2028538,-2.5029106,-0.49811092,1.6406268,0.12661606,0.47615644,4.6397266,0.31383616,0.87960196,1.4542392,-0.588271,-0.046526276,0.07631302,-0.182302,-2.3623471,1.6446823,41.22375,-2.6106715
486,-0.105009615,-0.04346986,-0.09918873,-0.43256417,0.108110815,-0.08074133,0.28311425,-0.24104206,0.20596206,-1.1854432,-0.14436814,1.537898,0.0893699,0.6043124,4.442936,0.24501383,0.4381075,1.2927562,-0.74805033,0.08493834,0.036343455,-0.13999245,-1.6802984,2.0329773,41.518497,-3.6815732
487,-0.1005308,-0.0631444,-0.47353917,0.051961914,-0.0786573,-0.23424408,0.1754041,-0.09740731,-2.2894857,1.6832334,0.82179725,0.112250224,0.09467796,0.5404663,1.2759105,0.66101015,-1.2125309,-0.40115333,-0.263568,0.56728154,-0.024392275,-0.014881946,0.5209049,-0.29437423,41.766262,-3.931277
488,-0.10557315,0.03006135,-0.21390022,0.18336232,-0.07404965,-0.010207698,0.30583313,-0.17615476,-2.7906275,2.153856,1.2589036,-0.36170614,0.04827044,0.01590391,0.72273105,1.1364266,-1.7627921,-0.27154756,0.08997778,0.99381703,0.058158964,0.10608291,0.5164398,-3.169109,42.238514,-3.189191
489,-0.096215874,-0.02503325,-0.2417519,0.30388275,-0.16503116,0.017021373,0.2916027,-0.062286768,-2.9635396,2.1482017,2.0423188,-0.6840137,0.19967368,0.029718643,0.56476,1.783853,-1.843538,-0.29279077,-0.006107293,1.1017684,0.053827256,0.08358269,0.68091834,-3.9994462,41.830166,-2.6386113
490,-0.08901709,-0.09030883,-0.21564187,0.3325098,-0.22146487,-0.012293324,0.1699672,0.07095078,-2.6611416,2.0117977,2.5918756,-0.9482347,0.284504,0.27601734,0.55093277,1.8396176,-1.952785,-0.46248794,0.09196869,0.7036746,0.07515873,0.15640229,0.70199406,-3.9005105,41.461147,-2.2586257
491,0.0072473623,-0.10447852,-0.24298568,-0.29088643,-0.20852734,0.018373817,-0.15703303,0.0040978156,-0.98824793,-0.48516092,1.7895188,-0.41039956,0.2528219,0.12838882,0.9203668,1.6450572,-2.2281122,0.21892594,0.0016016737,-0.34536323,0.12586704,0.11108198,0.3484611,-2.5835283,41.575443,-1.3990134
492,-0.099936694,-0.018730089,0.044343606,-0.41452718,-0.1456593,0.10395694,0.020673528,-0.042840067,0.7406509,-2.9965248,-0.2834898,0.91092,0.18782932,-0.2790083,1.9964215,0.6260561,-0.12407946,2.2866387,-0.2300261,-0.025054418,-0.003990231,-0.08834124,-2.051453,0.48641437,41.32275,-1.1062658
493,-0.012266185,-0.108461365,0.04688053,-0.14796247,0.029568855,0.04073368,-0.08382118,-0.03766379,1.2155265,-3.167618,-0.47667244,0.9708833,0.087169774,-0.045664094,3.132407,0.4305186,0.5506265,1.8697761,-0.3129678,-0.05313071,0.07098523,-0.15545768,-2.7394733,0.60697067,40.771397,-1.1353866
494,-0.005204823,-0.14575313,0.13569741,-0.15694116,0.08134568,-0.0049370527,-0.029331923,-0.09749919,1.3798313,-2.8683627,-0.62282246,1.2190716,0.15938938,0.19862601,4.127753,0.39181814,0.8108484,1.1627477,-0.55330116,-0.08273902,0.049904935,-0.15412986,-2.6929464,1.1081176,41.07649,-1.6593337
495,-0.079157054,-0.09987305,0.2605359,-0.29804713,0.04267827,-0.0006276071,0.21787298,-0.07752693,1.2302542,-2.412054,-0.7332423,1.6596588,0.16426444,0.54906654,4.7253366,0.25672153,0.86318713,1.5762359,-0.56710625,-0.07017376,0.065480635,-0.16153407,-2.1944242,1.7723271,41.29819,-2.722381
496,-0.11373398,0.00087578595,-0.1711324,-0.4326261,0.12653837,-0.0058396235,0.38760847,-0.24502164,-0.1525155,-0.9055317,-0.1229069,1.4651549,0.04404796,0.62052333,4.132356,0.2502819,0.21800512,1.0527633,-0.787819,0.17432138,0.04712847,-0.11669079,-1.470666,2.1962457,41.53639,-3.8364801
497,-0.11261059,-0.056664333,-0.47364157,0.08061789,-0.09472041,-0.20265466,0.2129184,-0.13403752,-2.5146344,2.0015638,0.96521926,0.08611716,0.07356546,0.48888174,1.0399799,0.9221798,-1.36056,-0.4862001,-0.13445589,0.60939735,-0.008267252,0.040906362,0.61670434,-0.7120551,41.95308,-3.9072351
498,-0.122364104,0.028570458,-0.18013199,0.14952311,-0.12430933,0.016517162,0.29703823,-0.18063572,-2.706908,2.0633624,1.3186132,-0.2341821,0.013147779,-0.02487638,0.5785498,1.4642599,-1.6541574,-0.25008476,0.011502899,0.9765138,0.035303324,0.06924971,0.51791686,-3.5429628,42.279053,-3.202695
499,-0.1152975,-0.011029944,-0.19579919,0.24411343,-0.21764076,0.011740431,0.30424353,-0.07035366,-2.790634,2.0307486,2.0694656,-0.48293197,0.1738908,0.05708935,0.41076076,1.8495373,-1.8207192,-0.31918085,-0.016958885,1.0842726,0.044843435,0.042258285,0.7027899,-4.1463814,41.892986,-2.7296305
