Time_Step,obs_0,obs_1,obs_2,obs_3,obs_4,obs_5,obs_6,obs_7,obs_8,obs_9,obs_10,obs_11,obs_12,obs_13,obs_14,obs_15,obs_16,obs_17,obs_18,obs_19,obs_20,obs_21,obs_22,obs_23,obs_24,obs_25,obs_26,obs_27,obs_28,obs_29,obs_30,obs_31,obs_32,obs_33,obs_34,obs_35,obs_36,obs_37,obs_38,obs_39,obs_40,obs_41,obs_42,obs_43,obs_44,obs_45,obs_46,obs_47,obs_48,obs_49,obs_50,obs_51,obs_52,obs_53,obs_54,obs_55,obs_56,obs_57,obs_58,obs_59,obs_60,obs_61,obs_62,obs_63,obs_64,obs_65,obs_66,obs_67,obs_68,obs_69,obs_70,obs_71,obs_72,obs_73,obs_74,obs_75,obs_76,obs_77,obs_78,obs_79,obs_80,obs_81,obs_82,obs_83,obs_84,obs_85,obs_86,obs_87,obs_88,obs_89,obs_90,obs_91,obs_92,obs_93,obs_94,obs_95,obs_96,obs_97,obs_98,obs_99,obs_100,obs_101,obs_102,obs_103,obs_104,obs_105,obs_106,obs_107
0,0.0,0.0,-1.0,0.0,0.0,0.0,0.0,0.0,0.0,0.0,0.0,0.0,0.0,0.0,0.0,0.0,0.0,0.0,0.0,0.0,0.0,0.0,0.0,0.0,0.0,0.0,0.0,0.0,0.0,0.0,0.0,0.0,0.0,0.0,0.0,0.0,0.0,0.0,0.0,0.0,0.0,0.0,0.0,0.0,0.0,0.0,0.0,0.0,0.0,0.0,0.0,0.0,0.0,0.0,0.0,0.0,0.0,0.0,0.0,0.0,0.0,0.0,0.0,0.0,0.0,0.0,0.0,0.0,0.0,0.0,0.0,0.0,0.0,0.0,0.0,0.0,0.0,0.0,0.0,0.0,0.0,0.0,0.0,0.0,0.0,0.0,0.0,0.0,0.0,0.0,0.0,0.0,0.0,0.0,0.0,0.0,0.0,0.0,0.0,0.0,0.0,0.0,0.0,0.0,0.0,0.0,0.0,0.0
1,-0.00089606846,0.009793466,-1.0001125,0.002193068,0.0010165392,0.001367778,-0.17781693,-0.15193586,-0.03439869,-0.031451464,-0.08599251,0.05250408,0.0069309585,0.060869157,0.16048606,-0.1904726,-0.009192724,0.05562226,-0.18589163,0.1793916,0.0050258194,-0.19643782,-0.1729471,-0.13891949,0.1757453,0.034467533,-0.17510128,-0.09036117,-0.11073015,0.049132295,-0.07857411,0.14833556,-0.12956478,-0.03926429,0.05177747,-0.069056734,0.07583407,0.36781186,0.011418552,0.09655181,-4.8786044,-4.7137914,-3.0731065,0.8791494,-6.669745,5.5788255,0.7787291,2.693775,4.833274,-5.7414327,-0.75877255,3.0906365,-3.9264815,3.8169556,-3.2212956,-5.5505085,-5.163229,-2.159326,2.0192244,-0.9343095,-8.087059,-5.2063255,-2.6304674,3.3976176,-2.87314,4.837917,-5.0746365,-1.9399886,3.6574748,6.5464783,3.2104552,5.5756483,0.33029014,3.3840752,-0.98632926,-0.9276235,-1.020995,0.9387496,-0.984498,1.059552,-0.9272721,1.0089215,0.92783636,-0.98833746,0.9560693,0.9945332,-1.0148232,1.0328876,-0.9739662,-1.0882645,-1.0619988,-0.99021554,1.1134154,-0.17789742,-1.0269682,-0.9527073,-0.96615654,0.8814413,-1.0502833,0.91910875,-0.96605784,-0.50596356,0.934806,0.977908,0.9385384,0.96446484,0.13693106,-0.6072178
2,-0.02911993,0.038109496,-0.9965549,-0.0022234472,-0.0034139638,-0.00015903157,-0.227604,0.099835515,-0.12006487,0.10037922,-0.22769453,0.10290205,0.077107646,0.12430013,0.19078831,-0.20924124,0.025179531,0.10741516,0.09618923,-0.107467316,0.046342887,0.08919667,-0.21768789,-0.014463447,0.18980664,-0.029113451,-0.16325682,-0.16320637,-0.15588473,-0.051107712,-0.11545912,0.19998318,0.11337125,-0.11364266,-0.044643734,-0.117672525,-0.022278318,0.32904264,-0.06999148,-0.008261609,-1.7619598,8.736662,-3.992424,4.4422007,-4.391293,0.5920463,3.0435824,2.228085,3.4971917,-2.9034693,2.5852,1.44474,8.920099,-8.7436,2.1426108,12.158154,-1.3537813,5.1632648,0.81291336,-4.4774656,6.629202,-4.024219,-1.8549854,-4.222556,-1.5616767,4.351703,10.606542,-3.0714235,-4.1590037,-1.9488149,-4.0208173,-1.4666878,-3.148967,-4.084429,-1.0732579,0.96582246,-1.0205188,0.9812325,-0.9180311,-1.0222842,-1.0408256,1.0139035,0.9280137,-0.9711469,0.98755246,0.9540773,0.93134934,-0.9793249,0.99145114,1.0527081,-0.9237172,0.96227664,0.9431726,-0.9230607,1.0713176,-0.9529431,-0.97951466,-1.0262134,-0.94362336,0.9098775,1.0358945,-0.99954,-1.009782,-0.9330444,-0.9210219,1.0320628,-0.93966925,-0.8695142
3,-0.030717557,0.06234302,-0.9975605,0.0022276677,0.005234584,-0.0015382327,-0.24369225,0.22507556,-0.18896674,0.15384144,-0.24914001,0.19284277,0.10208641,0.14771503,0.20404871,-0.2641192,0.07004376,0.11997312,0.21046482,-0.1996534,0.055694073,0.20232889,-0.2450733,-0.087650195,0.20364413,-0.1019274,0.0878988,-0.23679103,-0.18409848,0.05047176,-0.030281818,0.23839113,0.22847247,-0.14826575,-0.016677655,-0.14184088,-0.09241483,0.30232656,-0.073778294,-0.083242804,-0.114192866,2.5474565,-1.3848633,1.2365161,0.008282933,3.7332582,-0.23080161,1.1307521,-1.5440707,-1.8713577,-0.13871558,2.7688797,2.176162,-2.4852166,2.929699,2.8735535,-0.40334028,-3.097391,0.52442914,-2.9256155,10.513537,-3.876151,-1.2196093,3.8404822,3.83666,0.1214405,2.1687295,-1.436602,1.4396352,-1.4645066,-2.8090737,-0.8541516,0.012620812,-2.8478775,-0.96824044,1.0276889,-1.005228,0.98248976,-0.932063,0.98705846,-1.016045,0.9418036,0.5409412,-1.0328678,-1.0893345,0.96329135,0.91301227,-0.9023967,1.0183765,0.95288134,-1.0339047,-0.9951439,0.93803906,-0.93268156,0.8974956,-1.0427119,-0.97767013,0.954914,0.9859866,0.8342952,0.99572235,-0.9886626,0.17916614,-0.9141075,-0.95281416,1.0154247,-0.32940796,-0.9284598
4,-0.00860186,0.10121792,-0.9995713,-0.00014124016,-0.0044360724,0.0002514439,-0.26875064,0.23139772,-0.16438761,0.15670727,-0.25496772,0.14001451,0.07383093,0.18020838,0.12558891,-0.27590936,-0.024875414,0.1692956,0.2606956,-0.24474674,0.06020403,0.24301001,-0.24528426,-0.03501999,0.21841072,-0.13349512,0.23367146,-0.25853258,-0.012628687,0.10935413,-0.06149361,0.24712826,0.23785096,-0.1765957,0.025847448,-0.1719641,-0.14210846,0.2882778,-0.12473824,-0.1373663,-2.2265944,1.9833246,-1.1668503,0.7694648,-0.05100607,-3.6904562,-1.318312,1.646504,0.80395406,0.2844038,-3.381653,0.84119874,-2.2329156,-1.1965414,-4.4616504,0.8741238,-0.17709078,-5.990223,0.38355836,-0.050739836,3.0044196,-0.378164,6.7863235,2.4782853,-0.79213905,-0.23829056,0.025841145,-1.3999829,1.8328931,-1.2670395,-1.9506327,-0.6296514,-2.054392,-2.1424844,-1.1041714,1.0693275,-0.93946785,1.066103,-0.9177771,-0.23116107,-0.8939287,0.9986455,0.2168103,-1.0238081,-0.9962356,0.6756623,1.0489383,-1.0201548,-0.88713115,1.0022651,-0.9883454,1.0215304,0.93466896,-0.9133378,1.0178406,-0.97570217,1.0270485,0.9476832,-0.37959245,0.96775615,0.943928,-1.019703,0.50384843,-0.95760864,-0.95654124,1.0106392,-0.95054495,-0.97383994
5,0.006685811,0.07088769,-0.9979223,-0.0007240503,-3.867413e-05,0.0011381654,-0.28137177,0.26746234,-0.2618442,0.16508953,-0.23538218,0.18034978,0.0462039,0.21624224,0.099385574,-0.19081095,0.03341348,0.16730103,0.29071087,-0.2619584,0.026526045,0.24622774,-0.24147911,-0.063185744,0.22668828,-0.16028424,0.25070918,-0.24462402,-0.09308397,-0.015126825,0.016714426,0.24380852,0.22854896,-0.20513387,-0.059613474,-0.19203404,-0.16779603,0.2736286,-0.13351576,-0.17756109,1.0953668,-0.459255,-2.5968056,0.7938282,0.6951063,2.4853075,-1.1517802,1.9449564,-1.1777589,5.0641212,3.2193787,0.7003609,1.3195243,0.5103131,1.1450047,0.15066764,-0.21952426,1.6815097,0.44812068,-1.7082981,0.14908573,0.9960151,-7.627808,-5.105117,2.6255348,-0.55097914,-0.5640177,-0.9296323,-4.12171,-1.1133208,-1.2972561,-0.74710953,-0.3133637,-1.6371284,-1.0079051,0.98070556,-1.0711966,1.0115896,-0.94982475,0.9548535,-1.0016792,1.0607767,-0.077808656,-0.3919501,-0.9909209,0.9310958,1.0350285,-0.98944587,1.0301296,1.0067506,-0.98881495,0.9939515,0.9804885,-1.0594351,1.0008811,-0.9120236,-0.9794192,-1.0960717,0.92651975,0.9958102,0.88383543,-1.0933378,-0.9964611,-0.9732849,-0.9331284,0.94469965,-0.60403526,-1.0324255
6,0.008886141,0.049459893,-0.99915725,0.000868751,9.7649056e-05,-0.0001984371,-0.27641258,0.24703285,-0.2338339,0.19784728,-0.21714474,0.24051483,0.01696622,0.25036022,0.11612416,-0.18809247,-0.008081422,0.19625852,0.26707464,-0.25404057,0.0023811809,0.24437393,-0.23629068,-0.022275755,0.071094416,-0.16388099,0.24190232,-0.2520813,-0.10576921,0.06503202,-0.04253044,0.24245399,0.22878115,-0.20850798,-0.12554431,-0.20816039,-0.19733666,0.26713485,-0.16703285,-0.031963367,0.21740405,-0.32071796,0.7581587,2.0654666,0.41598803,2.4605472,-0.7404563,0.8828487,0.7408209,-2.2563372,-2.5106764,1.7364948,-0.5858942,-0.65501887,-2.137154,-0.30954543,0.09062887,0.9262122,-6.190934,-0.687029,-0.16126081,-0.095199026,-1.424061,3.1573744,-2.1941755,0.5193327,-0.03172088,-0.058496926,-2.3779888,-0.82894033,-1.12677,-0.3221664,-1.3348646,5.9175835,-1.0441413,1.0345333,-1.0295241,1.0273829,-0.9449072,1.1032813,-0.94206744,1.0291066,0.35638678,-1.0400939,-0.9579233,1.0079256,0.96947324,-1.0941141,-0.95813096,0.9545785,-0.9683372,0.92287666,-0.957738,-0.9550047,0.94202185,-1.0176811,0.8884241,0.89434016,-0.42606452,1.0376974,0.9318862,-0.91020656,-0.96593183,-0.97430295,-1.0127025,1.0009462,-0.92852384,1.0396602
7,0.017539248,0.046881326,-0.99623865,-0.0007213557,0.0005107565,0.0013866035,-0.2754994,0.2797738,-0.22384746,0.19381356,-0.23286913,0.24415456,-0.021256499,0.24682727,0.13521911,-0.042138483,-0.053424265,0.2054887,0.2586716,-0.2685543,-0.037760343,0.26096883,-0.24610692,-0.100077674,0.13189845,-0.1831322,0.24307825,-0.24706924,-0.2037256,0.12788084,-0.13606004,0.2379624,0.22380579,-0.21645227,-0.014570838,-0.21354866,-0.2113068,0.2636537,-0.121078424,-0.09565175,0.11253086,-0.3903298,-0.3548135,-0.38140184,-0.7606531,-1.2214812,-2.6323004,-0.070277564,0.7963908,11.1024475,-2.1510854,0.07640787,-0.29235092,1.59635,-3.460052,0.33528048,-0.306874,-5.1122923,2.4724858,-0.555248,0.008340311,-0.5389615,-6.5499806,2.7496395,-3.5597985,-0.3792779,0.8660289,-0.6081419,5.268829,-0.09186958,-0.6161514,-0.23732555,1.7651157,-2.5825424,-1.0612448,1.0288883,-1.001675,0.9643743,-1.0337025,0.8975907,-1.0144663,1.0278088,0.47737634,0.75633264,-0.9854572,0.9380706,0.960292,-0.9001303,-0.951844,1.0665736,-0.98486894,-1.0533247,1.0269775,-0.92878956,0.98622537,-1.0326432,-1.0725546,1.0669409,-1.1115547,0.934118,0.9597138,-1.0431169,0.9943608,-0.9095709,-0.978746,0.98497903,-0.13308777,-0.89625555
8,0.009236509,0.043567665,-0.99824107,-0.00087319984,-0.0017254917,0.00040579838,-0.27542233,0.23038964,-0.294753,0.24522305,-0.24216893,0.22767313,-0.056889873,0.25119668,0.15877473,-0.03817152,-0.0014180883,0.23594122,0.2535718,-0.2096809,-0.057048485,0.24594463,-0.2377691,-0.1431083,0.0034419626,-0.18084249,0.25758782,-0.2593157,-0.1788028,0.00709531,-0.042164158,0.23790482,0.25469616,-0.22364563,-0.08080327,-0.22721773,-0.23039953,0.2635802,-0.078645304,0.012285473,-0.38456053,-0.32762966,-2.1250799,2.5758312,-0.22876783,-0.23156136,-1.3389605,0.27743047,0.72667027,-5.7694592,3.4367304,1.7009706,0.40699697,0.12125833,2.204876,-0.2616069,0.35707468,-0.26052958,-5.3148193,-0.20991485,0.6069781,0.030118804,1.0669652,-4.9441037,3.731631,0.12444749,0.113103405,-0.15665789,-3.6342275,-0.5569748,-0.71239775,-0.06369653,1.7233851,4.547939,-1.0447795,1.0276004,-1.0672998,1.0252607,-0.9358277,0.9183133,-0.98993784,1.0342187,0.40087527,-1.0135728,-1.0209484,1.0368835,0.972783,-1.0002735,1.0273457,1.0028367,-0.9289045,0.99918556,-1.067961,-0.943608,1.0582378,-1.0272207,0.9977282,-0.9591295,0.9866433,0.9229948,1.031409,-1.038819,-1.0612589,-0.9823439,-1.0682925,1.0192004,0.016061999,0.94724137
9,0.0100190565,0.027317416,-1.0008012,-0.0006337217,0.00010484419,-0.0013812312,-0.28625146,0.26740876,-0.26259124,0.23929133,-0.23846623,0.25826737,-0.10116244,0.26013222,0.15206167,0.014075297,-0.024816422,0.21926165,0.27507317,-0.3031377,-0.061667442,0.2606251,-0.23857214,-0.14214596,0.10370862,-0.17875421,0.25402084,-0.24982738,-0.20713994,0.09925772,-0.11252934,0.24673963,0.24332944,-0.21789643,0.025797825,-0.23505615,-0.23411462,0.2563251,-0.1262523,-0.06977936,0.7603423,2.0876179,9.174059,0.67399174,-2.1495914,-0.831169,-1.2657214,0.41501456,0.11626574,8.139749,-7.557776,1.4417504,-0.9369189,-26.513487,-6.6321554,-0.65112966,-0.8108014,-50.997147,-15.848285,1.4756618,-0.63382053,-0.8313486,-7.686701,19.031076,-2.296472,-0.3191647,0.9814328,0.62922174,4.847675,-0.39345616,-0.08597906,-0.25121725,-1.6581622,-2.6131635,-1.1096084,0.9214919,-0.976591,0.9769927,-0.9662799,1.0567154,-1.0575634,1.0644329,0.45317012,1.0305773,-1.0636746,0.35102975,1.0160079,-1.0019771,-1.0196561,1.0489987,-0.9605187,-1.0151161,1.0405939,-0.9600407,0.989864,-1.0509479,-1.0268092,0.9810648,-0.7027742,0.9837664,1.0331053,-0.9490371,1.0636548,-0.97761697,-0.9490503,1.0187382,-0.8892034,-0.9492495
10,0.0010489407,0.027138164,-1.0025488,0.0023633647,-0.00028040088,-0.000763408,-0.25531313,0.23886459,-0.24545375,0.24765314,-0.23931329,0.26712474,-0.13652971,0.25637305,0.20428905,-0.098653056,-0.114393696,0.20948647,0.22575961,-0.2752777,-0.11477455,0.25670668,-0.255211,-0.018961947,0.1522006,-0.19288675,0.24097635,-0.24790375,-0.22441764,-0.013892253,-0.14516386,0.26468787,0.25275412,-0.1423763,-0.06197962,-0.23652127,-0.23505194,0.2591157,-0.09842532,-0.12054273,0.49154758,0.15505141,-0.041042615,0.35465032,-0.36996388,0.5497571,-2.094712,-0.48489285,3.0027664,-5.32507,-3.2071025,-0.8318419,-0.5597578,0.37342918,-2.7068942,-0.19435635,-0.63366663,5.111386,2.108067,-1.2987571,-0.6440227,0.3542832,-0.6394668,-4.684531,-1.2290096,0.5037481,-0.04445513,2.952221,-4.028285,-0.33325347,-0.22784102,0.032025866,1.1462235,-2.1515832,-1.0033201,0.9824102,-1.0399586,0.9494228,-0.9785089,1.0611879,-1.0063874,1.059845,1.061286,-0.71506244,-0.5832385,0.75401604,0.87307996,-1.0633837,-0.9730617,1.0220579,-1.0759833,0.94365096,1.0333478,-1.0184287,0.93632925,-0.97009635,-1.0125248,-0.99738187,-0.9804103,1.086631,1.0067905,0.067685366,-1.0358666,-1.0184611,-0.9967179,1.0410433,-0.15906474,-0.9104325
11,-0.0011029493,0.03486188,-1.0018461,-0.0009324511,-0.0034243024,-0.00090343796,-0.2629209,0.27476475,-0.27209234,0.23797894,-0.24541314,0.2624204,-0.16385022,0.24812791,0.21968195,-0.10548339,-0.076291196,0.20433623,0.25381964,-0.27615005,-0.04588438,0.24694435,-0.25479442,-0.09564354,0.18416034,-0.21975654,0.24749418,-0.24742155,-0.23083457,0.06858439,-0.19859505,0.24726617,0.24984613,-0.17843702,0.028023396,-0.23855501,-0.24034256,0.250504,-0.064521305,-0.15983264,-0.34088188,0.11378963,-0.39670777,-0.6352074,0.15300085,-0.7276447,-1.4470642,-0.008828254,0.026426587,2.3143382,0.82815284,0.19312209,0.62279063,0.8454715,3.656014,-0.13229208,0.03362148,-3.0451393,1.3766941,-1.1199628,0.5277419,-0.28409448,-0.3314809,3.3419516,-1.9572357,-0.6385203,0.32901832,-1.601495,4.1913404,0.15935704,0.03626457,-0.23955788,1.4491991,-1.4727297,-1.089308,1.0126506,-1.0128359,1.0531318,-0.9397647,1.0204728,-0.9739916,0.99540335,0.83744127,-0.088019036,-0.8976281,0.9944632,1.042451,-0.98374295,0.678877,0.97942394,-1.0244943,-0.9908952,1.0253072,-1.0845635,1.0520225,-1.0025514,-0.9883713,0.9348463,-0.9712968,0.9553275,1.0250292,-1.0996909,0.9569472,-0.93577814,-0.9402711,0.9586952,0.04041188,-0.9160406
12,-0.009724775,0.042935017,-0.99828076,-0.002526204,0.0009494205,0.0004975435,-0.28479198,0.23706245,-0.29256693,0.25158924,-0.2666984,0.23714356,-0.19394708,0.2458053,0.22274946,-0.1767446,-0.0462125,0.2180376,0.2812864,-0.23663338,-0.046932217,0.2399816,-0.269523,-0.14101832,0.06120166,-0.20983204,0.25747687,-0.25409493,-0.20451175,-0.027623955,-0.0795184,0.24510424,0.24912553,-0.19779235,-0.054704502,-0.2429246,-0.23674394,0.2559605,-0.072066545,-0.023595676,-0.5567834,-0.1732833,-0.844001,0.31456125,-0.42140412,-0.369164,-1.050114,-0.019152382,0.08795885,-4.236035,2.593851,0.4131837,0.8332504,0.38485673,0.888383,-0.0896615,-0.21392998,1.6712228,-5.921163,0.2669728,0.0076773143,0.25501925,-1.7492145,-4.8019357,4.627308,-0.38494024,-0.6806329,-0.51766026,-4.2140894,-0.32146952,-0.069365,0.041319035,-0.23788291,5.4318576,-1.050794,0.9345484,-0.8886662,0.95791584,-1.0472951,0.9339942,-1.0755854,1.0073862,0.33962598,-0.9966262,-1.056607,1.0220551,0.9247833,-0.93493384,0.4617042,0.9827663,-1.0923443,0.90036535,-0.93724626,-0.94442195,1.0272002,-1.0031611,1.0411488,-1.0887944,1.024641,0.9193872,0.98053485,-1.0041451,-1.0347259,-1.0261334,-0.9652954,1.0268683,-0.33132434,0.99742264
13,-0.019695802,0.040623054,-0.9988403,-0.003015449,-0.00017911216,0.0013825387,-0.26331505,0.26865736,-0.255706,0.22614516,-0.2629045,0.25082952,-0.2098835,0.25056174,0.23093131,-0.119023524,-0.07224476,0.21153921,0.29658806,-0.33477697,-0.03962894,0.2382428,-0.25787228,-0.13518198,0.05630067,-0.20306563,0.24473654,-0.25423434,-0.22240011,-0.0031394572,-0.15819769,0.22106329,0.22976695,-0.20593804,0.03612141,-0.23853202,-0.24118643,0.24613485,-0.11697739,-0.10031842,0.43282455,0.70983565,0.9526873,-1.2383525,-0.25361225,0.31504232,-0.38811263,0.5012529,-0.15560463,1.492515,-3.312688,0.24633168,0.8052873,-1.3887032,-1.2195458,-0.05957686,0.41807973,2.5069885,-6.062991,0.27876946,-0.16076595,-0.082457334,0.3598156,3.2159,-2.564344,-0.16051891,-0.5468232,-0.7067341,4.6153674,0.232784,-0.18930422,-0.17757738,-2.0682507,-3.142397,-0.97604984,0.96694255,-1.0526409,1.0210501,-0.93154633,0.92276573,-1.0301522,1.0141505,0.598058,0.3866454,-1.0965048,1.0216476,0.95263577,-0.99368197,-1.0301226,0.93098986,-1.0124693,-0.94555295,0.98107195,-1.0404339,0.9869254,-1.0475698,-1.0423224,0.9948438,-0.9676172,0.8707932,0.92824394,-1.0552835,1.0851287,-0.94996136,-1.0092266,0.9613543,-0.89564204,-1.0012269
14,-0.029499397,0.044045825,-0.99915946,-0.0005383393,-0.0014526438,0.0015462219,-0.27141455,0.25404873,-0.2864449,0.21628341,-0.27228758,0.25944352,-0.2163658,0.26611277,0.22228493,-0.17240836,-0.093776844,0.21870907,0.32329807,-0.2712731,0.013911835,0.2513562,-0.26154062,-0.12886727,0.119870365,-0.22329275,0.24729753,-0.2425125,-0.25631443,0.087437116,-0.2011146,0.22168103,0.24416897,-0.21956958,-0.0007484019,-0.23652156,-0.24381989,0.2511558,-0.0035436088,-0.15037797,-0.009390154,-0.2839534,-1.0383644,-0.63158923,-0.3281769,0.5522728,-0.36926565,0.3860812,-0.036215942,-2.7239811,-0.2749514,0.23382157,0.8638055,1.2499732,3.198693,0.37276703,-0.20694903,1.9435105,2.670507,-0.5747387,0.16662256,0.46347135,-2.046662,3.5109634,-1.9848071,-0.039986167,0.45275107,-0.4134165,-2.1415353,0.0608126,0.024748972,0.08376178,4.715855,-2.1136522,-1.0090853,1.0186208,-1.0948921,0.91988194,-1.0109712,1.0491428,-1.0697094,1.0543174,0.36712897,-0.9271436,-0.9890025,0.932872,0.9860877,-1.0232642,1.0851898,1.0148808,-1.0488434,-0.9980656,1.0225618,-1.0657792,1.0198675,-0.95643,-0.96297973,1.0245042,-1.0317477,0.89233756,1.0078056,-0.99807686,-0.39683238,-0.96139663,-0.96261954,1.025056,0.91565853,-1.0215473
15,-0.039757453,0.04370938,-1.000158,0.0025486834,0.00023101375,0.0018897094,-0.27273452,0.25182205,-0.2831057,0.21029878,-0.2794749,0.26557657,-0.22853422,0.28275308,0.21354975,-0.1981361,-0.10924049,0.21590866,0.3480843,-0.26177466,-0.07689503,0.26943788,-0.25146198,-0.13269752,0.16010302,-0.22511214,0.23890531,-0.23992075,-0.28585532,0.1339964,-0.07363792,0.23532379,0.23498303,-0.22630611,0.020478668,-0.26870632,-0.25067383,0.26694617,-0.013018934,-0.20358092,0.31373736,-0.07445522,-0.06585698,0.010913054,0.18765496,-0.14291057,-0.61391115,1.0088681,0.06514986,-0.21098933,-0.94415575,-0.3343726,0.72972524,0.4427445,-3.7899616,0.543967,0.27559307,1.7623503,1.6424993,-0.22759777,-0.33493808,-0.08023496,-1.2523899,2.072544,5.6671443,0.5791166,-0.034051355,-0.3396351,1.1996651,-0.718148,-0.39065424,1.2274423,-0.3188898,-1.4847232,-0.99058867,0.9804959,-1.004481,1.1013029,-1.0086454,1.0271631,-0.9803213,1.0664289,0.28265774,-0.7498114,-1.0344418,0.94568354,1.0204859,-0.9921006,-1.0382689,1.0978757,-0.9825315,-1.0735645,0.9835784,-0.97768617,0.94476515,-0.9837944,-0.8699047,0.9344458,0.95310134,1.0221114,0.9794663,-1.0068871,0.37088302,-0.9684684,-1.0836098,1.0277116,-0.11912644,-0.9193105
16,-0.04101833,0.037175328,-0.9973299,-0.0021044146,-0.0015972316,0.0017923118,-0.29117072,0.25360078,-0.30268976,0.21131304,-0.28264862,0.26025823,-0.23748347,0.2874111,0.20436408,-0.21167651,-0.09911228,0.20848174,0.37832364,-0.265066,-0.0014148548,0.24666637,-0.24947496,-0.14675711,0.088066965,-0.2325577,0.25584665,-0.2591801,-0.30222133,0.09210313,-0.10640175,0.23578446,0.24545677,-0.23612732,-0.0636403,-0.2801658,-0.25663272,0.28675875,0.03518818,-0.15328412,0.10818521,0.41306153,-0.45725068,0.0612076,0.41263032,-0.09699417,-0.6152633,0.13066427,-0.10900977,-1.0881761,0.83693653,-0.6119559,0.67241174,-0.43977568,3.8683953,-0.7390721,-0.15133432,1.4748331,-3.0567563,-0.56136435,0.57174164,-0.61768353,-0.4991639,-1.7354009,-1.7496951,-0.2586186,0.26303768,-0.23119272,-3.90566,0.29303116,-0.23126502,-0.16754389,1.909981,1.7201732,-1.0672772,1.0538263,-1.0189136,1.0327399,-0.96607685,1.0386736,-1.0244547,1.0107073,0.059041295,-0.9670789,-1.0312556,0.9816548,0.99675655,-1.1063626,1.0072522,0.9308186,-0.9817173,-1.1035203,-0.2582094,-1.0795561,1.0347143,-1.0283482,-0.9710801,-0.012729974,-0.5505385,0.93150944,1.0279258,-1.0477089,-0.9622019,-1.0172408,-1.0680557,0.92114013,0.51667863,0.45898393
17,-0.047648735,0.034786172,-0.99881893,0.001272289,0.0017243255,0.0030195145,-0.29592964,0.27870244,-0.2817222,0.2113994,-0.28215796,0.26552597,-0.24935415,0.30026188,0.22607338,-0.20771764,-0.12308108,0.19132051,0.35633242,-0.27886248,-0.049385402,0.25800267,-0.2461628,-0.15462138,0.12820181,-0.23040906,0.25105417,-0.24982059,-0.2939506,0.10514478,-0.06283789,0.2380657,0.25463703,-0.24282143,0.022424147,-0.28225774,-0.25913945,0.29356772,0.027604148,-0.18280159,0.33646685,0.32408202,0.6793645,0.080667414,0.3164419,0.25912654,-0.32883996,0.5331323,0.60375553,0.19702569,-2.0264614,-0.4009511,-0.60049504,-0.12469605,-2.6438515,0.31434342,0.90076834,0.6071551,-0.11913731,0.19327924,-0.26486215,1.2662133,0.6771897,1.1638997,2.2656856,0.7036359,0.42700344,-0.57265955,4.285061,0.89369875,0.07347782,5.4636817,-0.38791108,-38.01271,-1.1113102,1.1158334,-1.0349866,1.0962716,-0.9927533,1.0304396,-1.021847,1.112377,0.40528136,-0.658395,-0.97757757,0.91989005,1.0315793,-1.0196226,-1.0294601,1.0416652,-0.9951273,-0.9336584,1.0259861,-0.98020625,1.0119052,-0.9889014,-1.0491499,0.9892682,0.2441563,1.035358,1.0623202,-1.1237099,0.9893305,-0.9540419,-1.0094371,1.078021,0.017154265,-0.9392195
18,-0.046371955,0.03864602,-1.0000339,0.00038317373,0.00080690684,0.0022144106,-0.3086223,0.24895856,-0.30298337,0.2088052,-0.27636585,0.24377137,-0.24782516,0.29730257,0.21422148,-0.22249292,-0.13679843,0.19247131,0.35873428,-0.24547334,0.033651993,0.22962543,-0.2413322,-0.16143276,0.0671226,-0.23603868,0.23713666,-0.27228296,-0.22860269,0.022214547,-0.119294375,0.27180752,0.24471402,-0.23952721,-0.06801056,-0.27549514,-0.25703087,0.3319784,-0.001143923,-0.104437836,-0.5615292,-0.660488,-0.313254,0.13069178,0.623265,-0.67081386,0.32322282,-0.5389624,-0.4939486,0.8931317,-0.41110072,-0.30745655,-0.040354595,-2.243487,3.7492323,-1.0809201,0.123586826,3.1391633,-6.525615,-0.31665224,-0.20612206,-0.69906145,2.8453069,-6.1494102,-2.6615906,0.6594194,-0.3915185,0.28262916,-4.2466326,1.3365663,0.038636476,0.0031619119,-1.0516802,2.327458,-1.1142807,0.94228953,-1.0757023,1.0134239,-0.97669995,0.9924874,-0.9311888,0.9967815,0.16508614,-0.9874005,-1.0145535,1.0186032,0.9661687,-0.9817598,1.0857253,0.8398635,-0.93944144,-0.43821624,-0.9651686,-1.0424707,0.9237628,-1.0164821,1.0428312,-1.1306089,-0.9106901,1.1003569,0.9327794,-0.92586523,-1.0636876,-0.9440397,-1.0103195,1.0988929,-0.21094435,0.992558
19,-0.052483637,0.038437925,-0.9980866,0.000391399,-0.0026086676,0.00027579055,-0.28314388,0.26239976,-0.26232597,0.21674126,-0.26517248,0.24680598,-0.24963233,0.28679016,0.23264162,-0.22839738,-0.18885209,0.18487377,0.33371213,-0.24888611,-0.014409843,0.23526579,-0.25986108,-0.12609702,0.13392614,-0.23822586,0.2459545,-0.25739947,-0.21978638,0.094831206,-0.13740803,0.23986913,0.24066064,-0.24496983,0.030724991,-0.2722017,-0.25473294,0.33639857,0.006320349,-0.13715991,0.33292738,0.34268016,1.2610481,-0.045727365,0.19723542,0.30957422,-0.15809235,-0.22641253,0.396405,-0.65014225,-2.9747257,-0.1924625,-0.90151095,-0.20107196,-3.238665,0.43457282,-0.47188267,2.5825622,2.759012,-0.32420966,0.105518766,0.24614532,-1.7372246,3.0523133,-0.26491743,-0.8063795,-0.08262442,-0.32196462,4.511045,0.07195705,-0.043858506,0.5368944,0.36235315,-1.5514896,-1.0630466,1.075293,-0.9746781,0.9533832,-0.9605088,1.0055228,-1.0577503,1.0637089,0.63103473,-0.9963833,-0.9765349,0.9534262,1.0242751,-1.0149752,-0.999689,0.97347677,-1.0676452,-1.0119065,1.0907017,-1.0954307,1.028894,-1.0480038,-0.9737059,1.0027096,-0.67595834,0.9281037,0.944155,-1.0287491,1.0519892,-0.9197195,-1.0318644,0.97359556,0.11104283,-1.0509847
20,-0.04354132,0.041729815,-1.0004945,4.6124223e-05,-0.00062582595,2.614953e-05,-0.26706666,0.2627457,-0.27548006,0.21103667,-0.26414075,0.24228534,-0.23824123,0.2752156,0.23127414,-0.22445372,-0.19857937,0.19025217,0.33760068,-0.259513,0.033298127,0.238748,-0.24181978,-0.15363446,0.16379787,-0.24803048,0.25031656,-0.25519106,-0.26818728,0.12483232,-0.15193102,0.25729704,0.24230032,-0.25770107,-0.056056883,-0.2641216,-0.24828352,0.3278995,0.058313996,-0.16073887,0.53312725,-0.14714938,-0.25100413,-0.3487186,-0.28721207,-0.11559306,0.23350854,-0.5080728,-0.18508515,0.43212467,0.13039088,0.43369058,-0.010690095,-0.25491315,3.3655722,0.17175056,0.51778114,0.21440236,-0.21959905,-0.12870164,0.28869784,0.522836,-2.5941997,2.2770486,-0.9356012,0.25992078,-0.09635343,-0.4427852,-4.0795555,0.40730914,0.25653216,-1.4153337,1.9381763,0.24912319,-0.95921516,1.0182493,-0.9143162,0.94821984,-0.9623044,0.91929275,-0.9078585,0.9912913,0.4766756,-0.7019072,-1.014898,0.90169305,1.0524629,-0.9503711,1.1181915,0.9846989,-0.94618165,-0.98128015,0.99165434,-1.0150433,1.0200058,-0.97712314,-1.0066988,0.9598748,-0.76355416,1.0271719,0.96412313,-1.1181611,-0.9892674,-0.99750745,-0.9405121,1.039999,0.60589087,-0.5933127
21,-0.04305884,0.03670198,-0.9985803,0.0023443117,0.0027242987,-0.0017782529,-0.26611423,0.2490995,-0.25728506,0.20038599,-0.27103826,0.24021627,-0.24482735,0.27752125,0.2533271,-0.21895622,-0.22745231,0.19407181,0.29967597,-0.26654,-0.029205346,0.25408646,-0.24799225,-0.1607323,0.19371662,-0.23489341,0.2554434,-0.2476544,-0.28553855,0.15841179,-0.06088452,0.2515632,0.23322274,-0.2504104,0.035861507,-0.2697945,-0.2445604,0.3439979,0.05426506,-0.19717579,-0.21449658,-0.46626583,0.52264875,-0.36883828,-0.13378511,0.14656398,0.11762732,0.14696236,0.5672097,-0.085158385,-1.8158258,0.3572086,-1.3730023,0.02227514,-3.1189299,0.21763535,0.012721309,0.48733407,1.4180297,0.547661,0.035042457,-0.1284641,-1.4423254,1.723877,4.000617,0.22329198,-0.24348542,0.11823721,4.227478,-0.12977445,0.11525996,0.82544094,-0.14216971,-1.3057109,-1.0344664,0.95238155,-0.97669226,0.9095604,-0.99627405,0.9595468,-0.9246445,1.0401859,0.73634446,-0.8572586,-1.0679588,1.0533826,0.9192805,-1.0473564,-0.92502743,1.0087321,-0.9832955,-0.98914355,0.962889,-0.9053814,1.0379,-1.0050204,-0.9987927,0.8902466,0.47784844,1.0318336,0.8919824,-0.97433114,0.99806786,-0.99133146,-0.96739894,0.96689886,0.176484,-1.0353947
22,-0.04556734,0.03819006,-0.99646634,0.0009957764,0.0011239749,0.0006295723,-0.27660203,0.24649373,-0.2469639,0.20681475,-0.2595078,0.24608915,-0.24631438,0.2666735,0.2471151,-0.23231797,-0.2648512,0.20678797,0.3085816,-0.23223653,0.0024681108,0.2368611,-0.2639311,-0.22233762,0.15055822,-0.21990463,0.25443575,-0.27278224,-0.2185464,0.20553418,-0.11690664,0.2515439,0.23062482,-0.25101224,-0.040191572,-0.2740926,-0.24118446,0.36132967,0.055688053,-0.16946594,-0.51536906,-0.25834167,0.6533871,0.15185437,0.313307,-0.2920408,0.19750811,-0.6594005,-0.121640965,-0.15057139,-1.2631478,0.2615048,0.17687218,1.7479229,1.3626258,-0.42456523,-0.19301559,-1.4125925,-3.0559402,0.54504484,0.0071399254,-0.5480804,2.615175,1.311771,-2.335798,-0.14155574,-0.019844214,0.08107603,-3.7346482,0.61261463,0.3500918,0.016694851,0.21024285,1.4187248,-1.0296592,0.99259347,-0.9908708,0.9483602,-1.0077288,0.96719944,-1.0354437,0.94599086,0.6394946,-0.97018963,-0.95079595,1.0419238,1.0368911,-0.927645,0.09861152,0.91410977,-1.047857,-1.0881116,-1.0353874,-0.92773455,0.9897387,-1.0352782,1.0128278,1.0155692,-1.0093101,0.9827121,0.9048027,-0.98280334,-0.89597255,-0.9826772,-0.87563235,1.0750123,0.26709428,0.21475646
23,-0.04543845,0.03926668,-1.0020158,-0.0027398975,-0.00021111303,-0.004647655,-0.26327717,0.24140666,-0.27461138,0.21955347,-0.2553603,0.24131274,-0.22673756,0.2643543,0.24239987,-0.23591495,-0.22181036,0.20984681,0.31837055,-0.22622001,0.010693503,0.24879958,-0.2653895,-0.20705988,0.14038865,-0.22461052,0.25591767,-0.26530552,-0.21275033,0.17237267,0.012352119,0.2545865,0.25117984,-0.24658363,-0.11285178,-0.2765221,-0.24180372,0.35118094,0.034122907,-0.18848266,0.15932456,-0.05249383,-0.754158,0.71757156,0.19908331,-0.0990155,0.33554998,0.17819816,-0.5826956,0.120926164,2.976022,0.054964207,0.2999105,0.05908595,2.6890297,0.36477,-0.3445071,3.6254377,0.03690218,-0.20732625,-0.061269086,0.23046735,-0.99242264,-0.19375868,4.723698,-0.027268268,0.6945801,0.2363105,-2.9224494,0.20973377,-0.2742653,-0.16819353,-1.114486,-0.9919567,-0.9744208,0.94410956,-0.97083014,1.0592681,-0.8925735,1.0722722,-1.0135133,1.006015,0.5899606,-0.98840743,-1.0011444,0.97546893,1.0495569,-0.99941444,0.9706874,1.008523,-1.0745465,-0.9941257,-1.0106047,-1.021403,1.0340319,-1.0281398,-0.9714502,-1.0378603,1.1396309,1.0242012,1.0394504,-0.98701054,-0.9830177,-0.9834906,-1.0308311,1.0117446,-0.10497652,-0.8317905
24,-0.056555755,0.036632948,-0.9952293,-0.0019004473,0.0019848407,0.0008876443,-0.28615466,0.25158477,-0.24037603,0.22548099,-0.25599346,0.24805787,-0.22987092,0.2679907,0.22736041,-0.23774324,-0.22802947,0.20263417,0.32824305,-0.23226045,0.020006819,0.25646433,-0.26132947,-0.19440198,0.029127995,-0.21734886,0.24212237,-0.25415632,-0.19357519,0.18502367,0.0022096927,0.2508004,0.24988538,-0.24407116,-0.0105633745,-0.28092888,-0.24986137,0.36263707,0.047755387,-0.19123185,-0.7782253,0.53031456,1.1533976,-0.0888934,0.06290932,0.14802119,0.093079925,-0.034982886,-0.4029446,-1.0603441,-1.5756413,-0.26473254,-0.017572105,-0.7033939,-1.3903862,0.17603822,0.16593018,2.673085,-5.5042896,0.1911138,-0.61960536,0.24775335,-0.9846692,0.96761566,0.016499212,0.19886196,-0.02834582,0.11505166,4.944769,-0.3366629,-0.17057541,0.64621425,0.5847016,0.4326505,-1.0208186,1.0540107,-1.1183957,1.0068737,-1.0504528,1.0285349,-0.9670659,0.96271914,0.36623856,-1.0870508,-0.9310418,0.9443584,0.95372033,-0.9963253,-0.95928943,1.0328267,-1.0192258,-0.8635759,-0.990653,-0.99477726,0.93957156,-1.001133,1.0401422,0.9578244,-0.04741989,1.0194714,0.98370963,-0.96409625,0.9678564,-1.0797839,-1.0336556,1.0238405,0.29442006,-0.49846542
25,-0.05650799,0.03771749,-0.9961089,0.0022199966,0.0013801495,0.0033284097,-0.27321002,0.25700602,-0.22179574,0.21843734,-0.2575176,0.23373938,-0.22784594,0.26507968,0.23684962,-0.21666543,-0.2550692,0.21166141,0.31543574,-0.27131957,0.048247274,0.25132856,-0.24360505,-0.17469314,0.0867934,-0.2139477,0.2370441,-0.25718072,-0.23222862,0.18417405,-0.074111134,0.24075565,0.24656807,-0.25159273,0.06622204,-0.28111997,-0.25120202,0.38101727,0.091811106,-0.18467113,0.57979476,-0.114824176,0.5110981,-0.061977595,-0.2677011,-0.29806918,-0.06817362,-0.19598725,-0.046315856,0.7358752,-1.7730471,0.54362077,-0.6839128,-1.2701607,0.38596988,-0.075832695,0.36170486,2.508062,0.30766997,0.17399424,0.043690376,-0.34103838,-2.410182,0.8087371,-3.0321622,-0.2796901,-0.2013486,-0.4543678,3.197185,0.5283415,-0.097394414,0.8472879,1.9538647,0.45023572,-1.0018841,0.95858675,-1.0272267,1.1413081,-0.99693996,0.839486,-1.0363107,1.0090619,0.582744,-0.5897874,-0.9712127,1.0495381,0.9628114,-1.0042523,-0.047480896,1.0017549,-0.9339395,-1.0078806,1.0693536,-0.9700791,0.97405064,-1.1150324,-1.0019902,0.9550058,-1.0304451,0.9476564,0.93346024,-1.0799344,0.9467775,-0.9980784,-1.0271134,1.023598,0.75351816,-0.99667454
26,-0.051963694,0.036385935,-0.9967561,-0.00072317,0.00039444948,-0.0056967014,-0.26086536,0.2546821,-0.25671774,0.21358113,-0.26247844,0.24063627,-0.2300335,0.25737268,0.24158339,-0.22604403,-0.24516267,0.2122274,0.28978407,-0.25127462,0.07601355,0.24795885,-0.23895891,-0.17017584,0.11262681,-0.21801372,0.24597913,-0.25133157,-0.27512914,0.24053173,-0.037754912,0.2543243,0.24237205,-0.25166872,0.030627217,-0.27149257,-0.24275152,0.3845028,0.10463226,-0.21870334,0.4280146,0.018926224,-1.0892116,-0.26882806,0.06561388,0.40950492,-0.42202604,-0.3084643,0.35711783,-0.39338472,1.2772249,0.2580199,-0.8921581,0.6241345,2.6560185,-0.06548915,0.05963684,-0.13799205,1.4358797,-0.33232975,0.45134526,0.14023457,-2.0710206,3.7050905,1.1915269,0.33644453,-0.095758975,0.015746037,-2.0140693,0.91183543,0.28587523,-0.25690848,0.45098913,-1.1310683,-0.99839175,0.9769395,-1.0434549,1.010071,-1.0189979,1.0455501,-1.0384152,0.95031023,0.73178387,-0.8096322,-1.0381337,0.94001806,0.93677783,-0.86239797,1.094881,0.9991822,-0.95557463,-1.0919329,0.9876259,-0.9737749,1.0180112,-0.9906931,-1.0323825,0.9259769,0.1306967,1.0334156,0.90994734,-1.0091753,-0.2506468,-0.9314448,-0.91931343,0.9526869,0.4977512,-1.0328103
27,-0.05147688,0.032556508,-0.9975221,4.1938492e-05,1.6529957e-05,-0.0013184134,-0.26732108,0.2531776,-0.24652143,0.21623226,-0.25216642,0.25055838,-0.23354594,0.2612932,0.2345081,-0.23113482,-0.25417307,0.21579632,0.3072063,-0.24773012,0.013989416,0.23732604,-0.27031308,-0.22125997,0.08820614,-0.21978147,0.2437614,-0.25520653,-0.23115818,0.28377578,0.055267498,0.24686392,0.24247867,-0.25676644,0.09202234,-0.27271536,-0.24650925,0.3752359,0.08730398,-0.21644251,-0.46349114,-0.3200918,0.42605227,0.094061024,0.15757607,-0.16524196,0.09712871,0.13635002,-0.32417625,0.43576625,-0.98667634,0.10759664,0.32154974,0.13595536,-2.8776608,-0.33553013,-0.5822077,-0.6412562,-2.1636562,0.24453487,-0.31151232,0.03819104,1.6554509,2.6833854,4.44425,-0.021084372,0.29641736,-0.17945808,2.9579706,0.18064529,-0.10144382,-0.5152647,-0.55511624,0.4264603,-1.027546,0.99055636,-1.1108918,0.99308133,-1.0147574,1.0151954,-0.99112046,1.0340173,0.61351395,-0.84050435,-0.9792788,0.9991738,1.060345,-0.9978066,-0.99181753,0.932179,-1.1119972,-1.0226113,-1.0314674,-0.97953224,0.96367085,-0.9807454,0.6646038,0.9849949,1.0101724,0.98403865,0.9786028,-1.0482414,0.9610187,-1.0105152,-1.0118357,0.9585075,0.2413628,-0.51164234
28,-0.051708568,0.027858414,-0.9945994,-0.0011639663,-0.0028026067,-0.0004715897,-0.2727619,0.23765467,-0.22994384,0.21638815,-0.24441892,0.248871,-0.24072227,0.25605667,0.2352686,-0.23235513,-0.29190055,0.22126895,0.29508176,-0.23028892,0.031154076,0.24890693,-0.24780673,-0.21953826,0.077852435,-0.21710776,0.23537853,-0.25721335,-0.19906545,0.29305157,-0.022472654,0.2466785,0.24895675,-0.25676617,0.0017294257,-0.26150423,-0.24879578,0.38712603,0.08699128,-0.20585711,-0.08417965,-0.44451502,0.91375047,0.06818425,0.62032676,0.070768006,-0.025764942,-0.2129182,-0.32939118,-0.30325723,-1.8381842,-0.16518931,-0.28396088,1.0223366,-0.3252831,0.21111487,0.5139071,2.7713563,0.078143954,-0.18425892,-0.09108745,-0.034252446,-0.20923246,-0.2618317,-3.4288387,-0.30987114,-0.09169403,0.07563534,-4.3999887,0.80709076,-0.14350365,0.46162242,-0.25322652,0.4426833,-1.015985,0.93748534,-0.91198736,0.9798259,-0.9165434,1.0251375,-0.998397,0.9744799,0.5724969,-1.0193311,-1.0083898,1.0407199,0.93812233,-0.9705918,-0.25782654,0.9913085,-0.9333524,-0.6154655,-0.9560364,-1.027824,0.94435424,-1.0051104,-0.031048898,0.4801733,-0.94712883,0.97339135,0.9450248,-0.97368056,-0.8381845,-0.90778273,-1.0261155,1.0067741,0.28615016,-0.46508875
29,-0.050351303,0.029755684,-0.9960284,0.0021823528,0.00078540796,0.00038659462,-0.27928224,0.2360919,-0.24945799,0.2185563,-0.25019562,0.24620205,-0.23010707,0.25523713,0.23367609,-0.229225,-0.27762914,0.2194639,0.2855053,-0.2229722,0.052533414,0.26053938,-0.2454721,-0.18869656,0.033394057,-0.21961258,0.24028486,-0.24743441,-0.21795939,0.30035824,0.037135098,0.25026613,0.24596345,-0.25191456,-0.05250723,-0.25948775,-0.24714276,0.40143684,0.061373558,-0.19936259,0.15456541,-0.17931488,-0.97896296,-0.15127744,-0.25936162,-0.26589438,-0.044179842,0.2193103,-0.07450273,0.28387448,1.5064777,0.0045042792,-0.45453718,0.7878618,2.9067364,0.34088567,-0.029989313,1.5677668,-9.776914,0.06129996,0.095918514,0.5100948,-1.5115587,-7.722824,2.3047764,-0.16297498,-0.22654879,0.44181183,-2.2334945,0.46428818,0.015576929,0.22329018,-0.83576655,0.9505559,-1.0381058,0.9108403,-1.0260834,0.97939163,-1.0313607,1.0525451,-1.0250106,1.0558834,0.5403711,-0.99921846,-1.0197436,0.96405447,0.866004,-0.96739554,1.0161855,1.053996,-0.9465202,-0.9753403,-0.98445433,-0.9269214,0.97082525,-0.9479355,-0.257576,0.88121337,0.6210402,0.9698281,0.90770614,-0.90097713,-0.63851726,-0.9824405,-0.99281824,1.0132029,0.087477736,-0.4432879
30,-0.052798167,0.026559189,-0.99749255,0.002195413,0.0016295024,-0.0020205202,-0.2621232,0.2356364,-0.21282326,0.21304642,-0.2542948,0.25270754,-0.23959717,0.25652546,0.2532441,-0.23653613,-0.30721906,0.21179974,0.26652107,-0.23932475,0.051520653,0.25309232,-0.25727275,-0.20975114,0.11338626,-0.22262536,0.25119895,-0.24774787,-0.23497573,0.27983612,-0.037977695,0.23061784,0.23963912,-0.24538755,0.035344392,-0.2738722,-0.2555861,0.42338258,0.09044551,-0.17720738,0.4622658,0.085010156,1.0308473,-0.041274678,0.1396031,0.3541933,-0.37579933,0.009772209,0.92589283,-0.7584764,-2.4155195,-0.28110898,-0.7378213,-0.6433261,-2.7443392,-0.12260613,-0.39760032,-1.3536764,3.186109,-0.30670485,0.19191541,-0.27375984,-2.346043,-0.9295756,-3.0013301,-0.034965523,-0.044070557,-0.14936465,4.2006397,-0.7792337,-0.19332366,1.8446741,0.9775225,1.5699726,-1.0078816,0.96117455,-1.0258788,0.9632873,-1.0215108,1.0032032,-0.9492943,0.9273331,1.0507535,-1.0168966,-0.9448929,0.8850088,1.0054613,-1.0079167,-1.0105852,0.98800606,-1.0306815,-0.98525655,1.0834397,-1.0071663,1.0206456,-1.0857435,-1.0305412,0.93595153,-0.9453843,0.9704469,0.9145777,-0.9892368,1.0017406,-0.97167933,-1.0548377,0.95545995,0.55272245,-1.03417
31,-0.052220654,0.017388944,-0.99779445,-0.0007790148,0.0018532153,0.0020851016,-0.2598179,0.26944497,-0.24138662,0.22218992,-0.2485879,0.26168802,-0.23856997,0.26367915,0.25220597,-0.21989797,-0.2894497,0.22073357,0.26555333,-0.28526804,0.057094276,0.24496841,-0.26278847,-0.2017719,0.20447852,-0.22327301,0.24233522,-0.25071314,-0.25571272,0.23288117,-0.0062435837,0.24850121,0.25153643,-0.2543774,-0.05639708,-0.28038678,-0.2462053,0.42646256,0.025062058,-0.1972021,0.38590693,1.0701627,-0.8999387,0.3108637,0.3884722,0.0978075,0.067666024,-0.063186996,-0.4191481,0.81481177,2.0825622,0.17181398,0.013974354,-1.412306,2.1587296,-0.18977912,-0.08903072,2.450224,0.5666919,-0.2636724,-0.2982962,-0.11788098,-0.91983455,-0.57006365,0.7954155,0.25140366,0.3960913,-0.0804498,-4.220447,0.1288491,0.34889388,-0.2667882,-2.466302,-0.52512157,-0.9781649,1.0623099,-0.92960656,1.0029757,-0.9294694,1.0519931,-0.9939434,1.0605187,0.750934,-0.52659965,-0.91865754,0.98996985,0.9949738,-1.0211784,0.9432523,0.98964715,-1.0442383,0.715466,0.8351332,-1.0561849,0.9499378,-1.0299376,-0.37590817,-0.67561966,0.0917881,0.99126965,1.0070478,-1.0084586,-1.0225567,-0.9916179,-0.91410017,0.94100446,-0.3923346,-0.9692471
32,-0.054435417,0.025710694,-0.9985985,-0.0047408543,-0.0007717821,-0.001973562,-0.25945988,0.25204358,-0.22325288,0.2203515,-0.26244628,0.2492173,-0.23853882,0.26115677,0.23582429,-0.23062342,-0.28747982,0.22482328,0.28455052,-0.26247784,0.00054892263,0.24018542,-0.2502187,-0.17223093,0.15977427,-0.23032089,0.23258887,-0.25864723,-0.2973859,0.23325662,0.08457195,0.24272111,0.24820453,-0.2563341,0.016650219,-0.29237482,-0.23817918,0.433945,0.024217723,-0.17245783,0.6290235,-0.47939992,0.48428935,-0.19101119,-0.32091737,-0.45309767,-0.016297316,0.2211357,-0.3298904,-0.05182633,-0.4580777,0.20583676,0.2616294,0.8256747,-2.7768798,-0.21590777,0.27229097,2.0073588,-2.2531307,0.05633154,-0.17684619,-0.25305322,-1.331176,2.216888,4.0987597,0.19597489,-0.078278,-0.2805192,3.4292781,-0.13133451,0.28154662,0.46414477,-0.13201469,1.8217283,-0.9657941,0.9733559,-1.0102861,0.9271093,-1.094695,0.99100876,-1.0243511,1.0356051,0.64350915,-0.93677443,-1.0361544,1.004961,0.9398235,-1.0425118,-1.0229394,0.9531068,-0.953576,-1.0166363,-0.98244065,-1.0144578,0.93984103,-1.088175,-1.0110718,0.45242605,1.0685544,0.99471444,0.97357976,-1.087253,0.7560635,-1.0397122,-0.90425617,1.0385171,0.073078044,-0.5025937
33,-0.055269063,0.02388121,-0.9969958,0.0043513775,-0.0009083076,0.00070262374,-0.27679762,0.2511981,-0.22350638,0.22485365,-0.25909135,0.2458385,-0.24342564,0.26553768,0.22269988,-0.23867151,-0.29944468,0.22609822,0.3098158,-0.24030152,0.054115422,0.24936417,-0.24976788,-0.21376306,0.1167356,-0.21507914,0.247075,-0.25926727,-0.23110296,0.24188603,-0.012287532,0.25107577,0.25698116,-0.25913298,0.04388998,-0.29268497,-0.2525077,0.43092233,0.07863096,-0.15282297,-1.1277815,0.031007733,0.07589471,0.13113639,0.27578333,-0.22335583,-0.032195196,0.19982392,-0.5877148,-0.20611286,-0.9759228,-0.004575164,0.6131012,1.5297655,1.6148657,0.33597866,-0.16877508,0.08018108,-2.4887352,0.23308444,0.57627976,-0.08140735,2.7253036,-0.56589115,-4.09764,0.17219594,0.17575778,-0.08136379,1.1577685,0.26668346,-0.27872694,-0.17029147,2.182649,1.0369836,-1.0769053,1.045031,-1.072741,0.94754076,-0.9709811,0.9295813,-1.0371674,1.0656309,0.5035585,-1.0108984,-1.070905,1.0181012,1.0359297,-0.9711164,0.19157146,1.0171316,-0.9920173,-1.0176368,-0.9908934,-0.9468263,1.0325277,-1.0676858,0.7041835,0.9505006,-0.9910652,1.0141994,1.0381687,-1.0511839,0.43898636,-0.94606864,-1.0401354,1.0569459,0.75471044,-0.46376362
34,-0.056715973,0.029163154,-0.9965154,-0.0030967698,-0.0058658496,-0.0008890027,-0.26605815,0.2655586,-0.24970402,0.22874755,-0.2582359,0.2370677,-0.23660336,0.26699558,0.20926116,-0.24001668,-0.26411945,0.23680946,0.31514394,-0.2193487,0.06707039,0.23961216,-0.25647774,-0.197945,0.072375156,-0.22729616,0.24811167,-0.25517184,-0.21874674,0.21352965,0.07751018,0.26314908,0.25267056,-0.27102903,-0.049438074,-0.28041068,-0.24385394,0.4288672,0.050553095,-0.17642713,0.29291177,0.34994087,-1.1555133,0.07833153,-0.032210436,-0.29073653,-0.021201478,-0.029445969,-0.67240745,0.19091389,2.2558203,0.52760464,0.3354342,0.6768488,2.2904534,-0.37311164,-0.2111898,3.142823,-1.8813756,-0.58399475,0.04439061,0.13026719,-1.0499014,0.2483747,3.2748673,0.11995053,-0.17639177,-0.101566665,-4.3630757,0.73933905,-0.088879816,-0.47325575,-1.2883079,-0.99645853,-0.96398646,1.0602785,-0.9849453,1.0643557,-0.98659205,1.0114747,-0.9702463,1.0288268,0.46445665,-0.9785175,-1.0372424,1.0022874,1.0342354,-0.8766166,1.0056467,0.93494433,-0.9986032,-1.0765096,-1.0335312,-1.062439,0.9942667,-1.04333,-0.5862834,-0.22134425,1.0041517,1.0565774,0.9633627,-1.0979844,-1.0250126,-0.96125126,-1.0068097,0.9226218,-0.06813603,-0.98115736
35,-0.056613408,0.025772905,-0.997195,0.0026479664,-0.0009954873,0.0018974382,-0.2747732,0.2546267,-0.23180398,0.22345905,-0.2556345,0.24654892,-0.24505728,0.26304978,0.20778728,-0.23429877,-0.266686,0.22971262,0.3096543,-0.22197066,0.028706828,0.24709177,-0.25251386,-0.16991091,0.046424504,-0.23329923,0.25171244,-0.2522224,-0.2127559,0.25013366,0.11596927,0.25291944,0.2518567,-0.26871976,0.037081305,-0.28218484,-0.25299665,0.42763966,0.089587994,-0.1710121,-0.29758784,-0.5108702,0.9120029,-0.21191067,0.1792989,0.32774448,-0.27372745,-0.012834499,-0.117529355,0.106716506,-0.9434291,-0.36511979,-0.37684363,0.23042193,-2.7660015,0.23282003,-0.07285265,2.667098,-0.46236727,-0.13435088,0.1506042,0.14271438,-0.9427509,2.0596647,1.8549837,-0.036768276,-0.11447026,0.034193754,4.24949,0.07618551,-0.25813162,0.04159314,1.7302126,0.7447671,-1.0247636,1.0149658,-0.97565854,0.9700243,-1.0220088,1.0430397,-1.0363603,0.92946273,0.4936521,-1.0238477,-0.97645485,0.9458008,0.96453357,-0.9862776,-1.0042224,0.9917522,-1.0065613,-0.9443295,-0.94933385,-1.0404418,1.0280124,-1.0140941,-0.16799612,0.96471053,0.7085758,1.019925,0.9771317,-1.051156,1.0165929,-0.9472541,-1.069882,0.96965957,0.70975584,-0.5076358
36,-0.05756241,0.024707483,-0.99667144,0.00036240372,0.0011265818,-0.0028996333,-0.28711936,0.25214374,-0.22186273,0.2235335,-0.24794886,0.24201706,-0.245194,0.26384184,0.21312897,-0.2364976,-0.2952897,0.23731883,0.29831848,-0.21304196,0.07720696,0.25329784,-0.25226307,-0.18310787,0.030192783,-0.22277734,0.24609728,-0.25926164,-0.15473829,0.24154052,0.016883371,0.25323388,0.25153664,-0.26909497,-0.013299752,-0.2880552,-0.2534364,0.42467463,0.09609567,-0.13604052,-0.5939089,-0.08569164,0.24059127,-0.14309782,0.35809436,-0.4293078,0.027572077,-0.26510903,-0.060748164,0.03559441,-1.3429673,-0.19740887,-0.3540445,0.9735486,1.5499986,0.25179872,-0.04065215,1.0602973,-1.8467323,0.06670796,-0.19749196,0.1225991,1.8827256,-1.5156785,-4.230333,-0.26802614,-0.032517314,0.07423644,-2.5162923,0.55852294,-0.07511251,-0.629515,0.19556442,1.5122234,-1.0546857,1.0317663,-0.99867785,0.9938972,-0.99287236,0.9117408,-0.99333125,1.0240109,0.44939396,-1.0307128,-1.0297093,0.907508,0.8849016,-0.92414445,0.27269554,1.0393244,-0.9761164,-0.9802992,-1.0228889,-1.0005504,0.9661905,-1.0180408,1.0197544,0.91819173,-0.96511626,0.98087597,0.9585152,-1.0291648,-0.5310329,-1.0577098,-1.0377123,0.95636076,0.42770293,-0.09984239
37,-0.055414822,0.026440429,-0.9962822,0.00031799037,0.004143248,0.0028206867,-0.26618165,0.2538519,-0.254028,0.22615796,-0.26038548,0.23110926,-0.23949267,0.2594036,0.20425208,-0.23545954,-0.27864397,0.23561022,0.30589384,-0.22136995,0.08441885,0.25928697,-0.25580198,-0.16217777,-0.042689838,-0.2317716,0.24562638,-0.2434577,-0.19527245,0.23632063,0.09112493,0.24032207,0.25598794,-0.27102613,-0.018790837,-0.280378,-0.2461449,0.41236356,0.06740785,-0.15187444,0.83562505,0.025478777,-1.3206035,-0.047006976,-0.61332303,0.15343994,-0.056240924,0.35402757,-0.34436634,-0.37848353,1.6802995,0.26499674,0.30159268,-0.7221452,1.8346323,0.15995282,-0.12850162,2.1865907,-3.0701952,-0.0017234192,-0.084284395,0.46420145,-3.5116758,-0.040405005,3.092903,-0.37222734,-0.0076607703,-0.09056766,-0.27405596,0.13649479,0.43129376,-0.049887255,-1.2675495,0.17935966,-0.94646627,1.0210662,-1.02573,1.0204146,-1.0218264,0.9631463,-0.9692627,1.081582,0.45606467,-1.0079321,-1.0195194,1.0109277,0.9816834,-0.9665553,0.96589607,1.0520046,-1.0021822,-0.9851193,-0.77714217,-0.936007,0.99563843,-1.0047414,-1.0225438,0.9336129,0.99572456,0.9493932,0.97941923,-1.0957428,-0.097398885,-1.0324227,-0.8963879,0.9406341,0.008068328,-0.93695307
38,-0.05051386,0.02431873,-0.99858916,-0.0002386004,0.0024819984,-0.001941577,-0.25712854,0.26322782,-0.22674228,0.21716288,-0.25994825,0.24866608,-0.24766627,0.26942945,0.21160746,-0.21264213,-0.30086222,0.23202778,0.29685825,-0.26341316,0.059472345,0.251483,-0.25240573,-0.18131532,0.040050104,-0.22735527,0.24969827,-0.24216768,-0.21478881,0.2608048,0.060988333,0.23442101,0.24823767,-0.26161656,0.06769224,-0.28771532,-0.23796965,0.41972348,0.110894285,-0.14560208,0.09921457,0.29977986,1.0223862,-0.28398865,0.22376345,0.49281076,-0.052492052,0.34220168,0.22229432,0.2614448,-2.2906883,0.057085734,-0.41263875,-1.2764112,-2.7398329,-0.18223594,0.07240689,0.31671813,2.5889206,0.14737585,0.44715136,-0.23672312,-0.13439038,2.4545472,-1.0598294,0.14074482,-0.23612411,0.12265793,3.87568,-0.055814028,0.22510426,0.6682581,1.7291081,0.99587125,-0.9988903,1.0535339,-1.0293018,0.99205387,-0.9562365,0.97104776,-0.976311,1.031668,0.67869043,-0.6167727,-1.0624804,0.9948168,1.015492,-0.9744743,-0.9542624,0.98705757,-0.9860255,-1.0532671,1.011745,-0.9927416,1.0666789,-1.0638007,-0.95231104,0.9551168,-0.19390428,0.9678642,0.9554251,-0.98187774,1.0636746,-0.9717058,-0.9112769,1.0128824,0.7776626,-0.93484557
39,-0.045918822,0.013299415,-0.99822783,0.0015310956,-0.0022440501,-0.004446524,-0.27946076,0.26656428,-0.2469171,0.20990616,-0.24828377,0.2648339,-0.24715519,0.2643782,0.20605288,-0.20172654,-0.30624992,0.24123341,0.29038578,-0.28679603,0.09576683,0.2569502,-0.26001436,-0.16391288,0.10660704,-0.22366932,0.23546456,-0.24432503,-0.21594438,0.2703077,-0.004602332,0.24198753,0.23974489,-0.26632395,-0.02972576,-0.27482185,-0.24930832,0.41350177,0.073285654,-0.17779964,-0.22419266,0.12924182,-0.55035317,-0.37360856,0.7553062,0.43135104,0.027357161,-0.31307393,-0.476004,0.5317094,0.27209046,-0.0022179163,-0.27524477,-0.7035966,2.1052742,0.032221664,-0.22557183,2.503055,0.81704485,0.043640394,-0.5670259,0.060807753,0.64588004,0.683583,-2.8803709,-0.14385204,-0.23198278,-0.04496652,-4.6072493,0.98603344,-0.3912574,-1.1083677,-1.4752173,-1.5698723,-1.1136717,1.0116408,-1.0093143,1.0074736,-0.8722307,1.0211095,-0.9678446,0.9693239,0.5059154,-0.49285233,-1.0527502,0.95623016,0.9513299,-0.98929954,0.88416624,1.0246037,-1.0405095,-0.5663767,1.0936137,-0.9331082,0.92205,-0.985682,-0.9864622,0.57135767,-0.6736793,0.953684,0.92377734,-1.045131,-0.9937388,-0.93495154,-1.0734686,0.995395,-0.012550814,-0.9581874
40,-0.046153184,0.018122729,-1.0008023,-0.002248988,0.00056304864,-0.0014953646,-0.2729615,0.25389317,-0.24014832,0.2059911,-0.26202908,0.2535422,-0.24059045,0.26363936,0.20623703,-0.21242651,-0.29913557,0.23584981,0.2792314,-0.2689592,0.056887105,0.2591687,-0.25037622,-0.15665022,0.10828814,-0.22803466,0.2545456,-0.22172318,-0.24414356,0.26327357,0.09039087,0.2359526,0.24850507,-0.2666304,0.012023612,-0.28083754,-0.24475932,0.39479965,0.06263584,-0.21148637,0.7515958,-0.01817847,0.04545972,-0.27958834,-0.22151485,-0.30700895,0.38004553,0.13712154,0.31032503,-0.26405227,0.6700556,-0.033638455,-0.3933507,0.6752546,-0.7938363,0.14401162,0.3369387,-0.11913871,-0.10561179,-0.09396742,0.3267601,0.71400225,-1.0598537,1.2036707,3.8828583,0.084658414,0.27635896,0.057438,2.2622044,0.06883192,0.34288692,-0.48552382,-0.30306345,-0.31656852,-1.016972,0.9960211,-0.92648405,0.9217982,-1.0435152,0.9791167,-0.9062403,1.061588,0.6161469,-0.8678619,-0.9464064,0.9268192,0.943304,-1.0388507,0.03432287,1.0497026,-0.96772903,-1.0226951,0.0733069,-1.0037655,1.0398226,-0.8660033,-0.95002294,0.9063103,1.0304981,0.94782424,0.97578514,-1.0211734,0.5079782,-1.0880308,-0.8970266,0.96024144,0.1845284,-1.0742315
41,-0.044646125,0.014098774,-0.9973842,-0.0028287272,-0.0035352444,0.0005589251,-0.26283726,0.24451916,-0.20869988,0.1974746,-0.26150525,0.2516211,-0.24019724,0.2685076,0.19938722,-0.21447955,-0.3258967,0.2401054,0.2942854,-0.26826206,0.046806723,0.2497171,-0.24112615,-0.18638635,0.0994613,-0.21711148,0.24267612,-0.23638172,-0.2478066,0.2960266,0.037842177,0.22062366,0.24170196,-0.26645803,0.09158951,-0.28087053,-0.2447788,0.41095904,0.084987365,-0.17099158,0.0844327,-0.36248988,1.2530845,-0.3011174,0.17136937,0.1984936,0.23358132,0.198679,-0.5511468,0.2181685,-1.9516535,0.08654071,0.43271858,0.19456023,-2.1524103,-0.31282842,0.2287949,1.7504267,-1.2680258,0.47692582,-0.21189766,-0.55942243,-0.7784885,2.6609032,-2.1556175,-0.38978672,-0.28123876,-0.077566504,3.4168077,0.39152217,-0.20772244,0.29076594,0.826742,1.4832093,-0.97680324,0.9194297,-1.0258425,0.9690369,-0.9654491,0.97399175,-0.97307885,1.0470303,0.44133127,-0.7252704,-0.9683576,1.1287832,0.98522633,-0.9948644,-0.9596354,0.97293633,-0.9233362,-1.0076516,-0.6291827,-0.96293426,0.9721267,-0.9967142,-0.4776011,0.9419097,-0.54354626,0.87237525,0.9107745,-1.0282401,1.071849,-1.0028132,-1.0220186,0.97515255,0.49940744,-0.42740473
42,-0.04851546,0.012191566,-1.0007132,-0.0007383866,-0.00016673983,0.0002828462,-0.27473724,0.23205434,-0.23012103,0.2000951,-0.2558652,0.24767432,-0.22923115,0.27021322,0.19517507,-0.23047656,-0.3111987,0.25177634,0.2893217,-0.2381139,0.08024397,0.24234968,-0.23492713,-0.16985996,0.08505094,-0.21083829,0.23424305,-0.2479822,-0.23331915,0.291492,0.024685694,0.2450858,0.2497667,-0.26521552,-0.016111273,-0.27106008,-0.23951578,0.4003297,0.09681894,-0.16756797,-0.35297385,0.10975109,-0.76317745,0.31656653,0.17455025,0.023122886,0.22192308,-0.25687498,-0.14139497,-0.39405897,1.7081267,0.28957692,-0.19801217,1.1122425,2.8659387,-0.33553645,0.008284998,1.8682512,-0.036862116,-0.1756956,-0.14027227,-0.34620818,0.2884982,0.6905464,-0.8952729,0.75848174,0.30896237,0.31108987,-4.8833985,0.46815005,0.18581139,-0.24632448,0.4065723,0.57538825,-1.0489982,0.91799533,-0.9902747,0.9989486,-0.98448175,1.0194036,-0.95659333,0.98129284,0.4919612,-1.0128037,-0.9198742,0.92384285,0.93543315,-0.99797505,1.0521837,0.9381873,-0.91201466,-1.0898993,-0.9833403,-0.9863259,0.9262513,-1.0584964,-0.4695515,0.3363915,-0.14852153,1.0294435,0.9759067,-0.9682948,-0.9864543,-0.97501916,-0.9254674,0.9133309,0.45427403,-0.8218458
43,-0.04926562,0.019240737,-0.9981827,-0.0034033435,-0.0019014194,-0.0020820594,-0.2619182,0.23075931,-0.23030983,0.20389166,-0.27160528,0.23753548,-0.22435619,0.2602663,0.18653254,-0.23446386,-0.28485453,0.24694417,0.2991065,-0.23056014,0.07504924,0.25424775,-0.2532105,-0.14559068,0.06830038,-0.21521027,0.24203579,-0.24436785,-0.28911346,0.2844228,0.09520363,0.23712495,0.25700372,-0.2556686,0.06974356,-0.28235784,-0.23553595,0.39538762,0.10695875,-0.14625816,0.77889013,0.22294496,-0.17506562,0.09497274,-0.57295513,-0.21647203,0.024866905,-0.30334255,-0.25085247,-0.01936622,1.4779025,-0.07259292,0.28569782,0.4144625,0.26061925,0.3649222,-0.49947986,2.7523324,-0.35845256,-0.13021527,0.072841175,0.1019265,-3.1528616,1.8021979,2.9891088,-0.22295378,0.23259696,0.30767852,3.925378,0.038309377,0.048518166,-0.37059912,0.65384144,1.4481508,-0.94627154,0.9211249,-1.0400864,1.0140994,-1.1216013,0.96162146,-1.0077792,0.9144642,0.3644478,-1.0212606,-1.0699759,0.9530604,0.95588464,-1.0047032,0.057879645,1.0362502,-1.0174608,-1.0069845,-0.92991036,-1.002107,0.97974944,-1.0061821,-0.95477504,0.6468423,0.99799746,0.92187446,0.9980057,-0.97784793,1.0633528,-1.1061138,-0.95260495,0.9214427,0.5603464,-0.45607388
44,-0.049744386,0.017128244,-0.9969427,0.0021672512,-0.00077788334,-0.0040611485,-0.2654515,0.23239365,-0.20424472,0.21474569,-0.26030955,0.24830323,-0.22665854,0.26047596,0.19739856,-0.22987705,-0.29238468,0.24565259,0.29863763,-0.24295975,0.047792006,0.25504494,-0.25588748,-0.17631462,0.06409394,-0.22221406,0.23308943,-0.25110355,-0.19934256,0.3122773,0.087392315,0.2231183,0.25932398,-0.2515515,0.1284307,-0.2875501,-0.24361284,0.40377226,0.15486905,-0.13030179,-0.873534,0.107442476,1.2947125,0.32851306,0.63773954,0.22862786,0.1619003,0.0873821,0.106525205,0.22264995,-1.4773315,-0.13729848,-0.1390807,-0.16787262,-2.6686032,0.11144731,-0.11197649,0.2789979,-0.15230927,-0.31636074,-0.16724132,-0.095199056,3.3010726,1.0897728,-0.647463,-0.29147455,0.031128263,0.16682582,2.34974,0.36443412,-0.11031551,0.44469288,1.6959852,1.0685126,-1.0165871,0.9428045,-0.9831765,0.97232723,-0.9976233,0.9713262,-0.96986634,1.05644,0.5258009,-0.91694325,-1.0314144,0.94347495,1.0101314,-1.050583,-1.0778472,1.0336759,-1.0145178,-0.9563232,-1.0445067,-1.1221792,0.948786,-1.0605577,1.087862,0.9716403,0.024621755,0.87865937,1.0078888,-0.9510572,0.98665094,-0.95951927,-0.99518037,0.95726496,0.94141,-0.66068053
45,-0.045490008,0.014101639,-0.9966404,0.0038285041,0.0014359371,-0.00014315662,-0.26716352,0.23468293,-0.22648348,0.21563393,-0.25998554,0.25171724,-0.22909786,0.2569308,0.18067689,-0.2298704,-0.2811863,0.2531149,0.30658284,-0.24034272,0.088970535,0.25624418,-0.2465783,-0.14728501,0.057936702,-0.21975994,0.24375388,-0.257676,-0.23114303,0.31229347,0.045874443,0.23401062,0.2613359,-0.25654185,0.002670132,-0.2764114,-0.24314871,0.41198975,0.120541416,-0.115751535,0.3395638,0.10597743,-1.0717585,0.08761373,-0.1706369,0.1567483,-0.25210413,0.20088641,-0.70941603,-0.14730433,1.0307748,0.26161945,0.4422795,0.29091147,2.6597776,0.13533035,0.27102184,4.2372556,0.6155776,0.10177756,0.6021644,-0.29314667,-3.3884997,1.4940575,-1.7052592,-0.025117893,-0.14429235,0.0576749,-5.716955,0.6343004,-0.01884413,0.04110703,-1.1889507,0.9295194,-0.9700895,0.94239056,-1.1266371,0.95976746,-1.0430548,1.063183,-1.0629154,1.1138192,0.33981615,-0.9966332,-0.9700561,1.0030612,0.9923653,-1.0201817,0.8902902,1.0551236,-0.9366637,-1.0866741,-1.06135,-0.95247906,1.0229791,-1.0846381,-1.001667,0.2602692,-0.21227537,0.92235833,0.98400587,-0.9833914,-1.0779473,-1.0029311,-0.9725006,1.072178,0.25286296,-0.50638497
46,-0.04646127,0.010583295,-0.9983183,0.004018445,-0.0013811616,-0.00033814262,-0.2588776,0.25456572,-0.22947891,0.21063508,-0.25859377,0.25908253,-0.22734739,0.27349922,0.18579157,-0.22353019,-0.2755939,0.25328562,0.30121908,-0.24608743,0.057679247,0.24324894,-0.23744422,-0.12524787,0.028981445,-0.22069307,0.24052522,-0.24477844,-0.22582361,0.33795136,0.11666195,0.2417414,0.24920064,-0.24221033,0.06411967,-0.28163058,-0.24837527,0.41017237,0.1254678,-0.12944995,0.07496799,0.15391414,-0.07150398,-0.33034244,0.13660823,0.04996537,-0.24628584,0.4979422,-0.017774414,0.49218237,0.4545735,0.14929171,-0.45370805,-0.19340615,-0.92989236,-0.5115418,0.08582647,2.2793782,-2.3588274,-0.054402333,-0.22297226,0.29083055,0.47148526,1.443074,3.0031424,0.5921618,-0.2376604,0.31495386,3.3089175,-0.006823973,-0.061498243,-0.3389858,0.06099321,-0.2540381,-0.968425,1.0164193,-1.0058825,0.9993384,-0.9517461,1.0513264,-1.0408739,1.0516162,0.44635606,-0.7301043,-1.0440713,1.0228953,0.96645254,-0.9273383,-0.19938187,0.9321791,-0.9153545,-0.99385047,-0.61282593,-0.9945457,0.9773005,-1.0362673,-0.5091973,0.92808884,1.0122132,1.0183016,0.9738051,-0.9113549,0.9458874,-0.996701,-0.9914214,0.9749974,0.5147524,-0.9468946
47,-0.043749295,0.0019285599,-0.99568504,-0.0041548586,-0.0024824715,-0.000121420286,-0.2616305,0.24434091,-0.21196069,0.20755455,-0.25955984,0.2643038,-0.24035552,0.27514416,0.184214,-0.23432477,-0.2892467,0.24778077,0.29871893,-0.2428084,0.054437824,0.24390142,-0.2579725,-0.116546296,0.08556123,-0.21843292,0.24278957,-0.2449913,-0.24509165,0.3398199,0.045249566,0.2390497,0.25511372,-0.24136204,0.11769808,-0.28246686,-0.23926772,0.39962053,0.16839907,-0.14888927,0.10546294,-0.21776596,0.5952015,0.035224497,0.27625805,0.3221731,-0.2673509,-0.045198966,-0.0018847487,-0.7880753,-1.352383,-0.3099742,-0.07190499,0.13500944,-1.529852,0.07528897,-0.5813358,2.1276057,4.2308817,-0.15824763,-0.24540028,0.12617,-2.3579624,-0.21931021,-2.9912536,-0.012281856,0.20723784,0.018659875,2.2596023,0.05845828,0.13793948,-0.40205434,1.7113154,-0.47819272,-0.98504233,0.9598338,-0.978687,0.9519191,-1.014459,1.0711994,-0.98422027,1.0093485,0.41216943,-0.9654606,-0.9931836,0.94471765,0.9653082,-0.98323596,-0.531574,0.9830144,-1.0537981,-1.0486815,0.56227756,-0.9813516,0.9483672,-0.99698085,-0.7046019,0.9799341,-0.55783856,0.97342277,1.0283067,-0.9486303,0.95488757,-0.9889529,-0.9360755,1.0922633,1.0086832,-0.8343379
48,-0.04231946,0.0109825265,-0.99874437,0.0027920897,0.0029130443,-0.001507795,-0.25415462,0.2646548,-0.2351079,0.21676837,-0.27005836,0.2570616,-0.23340522,0.2632247,0.19422321,-0.22325072,-0.27127644,0.26514944,0.28882968,-0.26277888,0.095952414,0.2548068,-0.25361487,-0.13719502,0.104240544,-0.22191076,0.24217549,-0.23912103,-0.27258456,0.34238088,0.056521878,0.24542221,0.26582435,-0.25350764,0.014892677,-0.28414577,-0.23859431,0.38057265,0.123059504,-0.16701412,0.4458574,0.2773552,-0.9959163,0.019075235,-0.5679081,-0.63279295,0.05467319,-0.74962014,0.4474404,0.5667235,1.4328128,0.5896549,-0.54227096,-0.6595408,3.076299,0.25753886,0.07663725,-1.2410542,-1.4044188,0.079695605,0.15133515,0.28933316,-0.13240083,1.5882497,0.3956655,-0.040249288,0.24180888,-0.4268582,-4.9311113,0.42921233,0.123405516,-0.97151107,-1.6950607,0.1733192,-0.971164,1.0339252,-0.99838835,0.976718,-1.066125,0.96122336,-0.9661416,0.95431644,0.6156281,-0.6104575,-0.9965596,1.0251338,0.9921204,-0.9393868,1.1434647,1.0461009,-1.0185857,-1.0161155,0.27465278,-0.92836416,0.9829562,-0.9688869,-0.90142137,0.98504245,0.29176155,0.9645205,1.0469488,-1.0962108,-0.88381034,-1.0421294,-0.9307023,1.0177399,0.15826993,-0.9244416
49,-0.039333705,0.013308935,-0.9987856,0.0018995446,0.004453185,0.0015947807,-0.25755188,0.2563212,-0.22702157,0.20384522,-0.27369455,0.25585413,-0.23268482,0.2635723,0.20127423,-0.22631173,-0.27728936,0.2532591,0.2840277,-0.2764521,0.035527714,0.24240668,-0.23590282,-0.16574614,0.14823936,-0.22718425,0.24311821,-0.23241925,-0.26639774,0.34524664,0.123953074,0.24022388,0.2558227,-0.25084046,0.084186256,-0.276992,-0.24169432,0.3859575,0.13083433,-0.1601322,-0.052953184,-0.022628004,0.35540062,-0.4339978,0.22876738,0.12384528,0.1977487,0.37813377,0.08528616,-0.13281108,-0.8786734,-0.26887867,-0.15326072,-0.13014102,-3.3375113,-0.34934545,0.5689747,-0.3013297,1.2964021,-0.4114215,-0.06340689,-0.0031523174,-0.20216796,1.0073164,2.9803562,-0.05366244,-0.17371099,0.037363254,3.366523,0.36019453,-0.21470295,0.25201288,0.22396661,0.9725354,-1.0144262,0.97057194,-1.0100578,0.97116506,-1.0277214,0.9876351,-0.9323587,1.0840302,0.6383509,-0.64462006,-1.112805,0.98663056,1.0211535,-0.9182165,-0.9167691,0.95177096,-0.8896304,-0.889414,0.98489046,-1.0950359,0.9921614,-1.0008955,-0.98761433,0.6623284,0.9821592,0.9629968,0.99251145,-0.9846324,1.0221304,-0.9926974,-1.0221609,0.9831046,0.56905425,-1.0048609
50,-0.03415632,0.002880141,-0.99732286,-0.0020550909,0.0012100792,0.0011628373,-0.26073584,0.2594646,-0.21918741,0.20007251,-0.2627416,0.263147,-0.23569597,0.27519837,0.19760098,-0.22633234,-0.29639614,0.2578329,0.27921346,-0.27832994,0.070821755,0.2355956,-0.23065841,-0.18935698,0.20004565,-0.2275987,0.23673122,-0.23762426,-0.2822593,0.34215468,0.019301243,0.25945958,0.25736374,-0.25689915,-0.008413925,-0.26839378,-0.24268071,0.37908694,0.10857307,-0.16193889,0.09334851,0.2662346,0.50558335,-0.029865507,0.43365073,0.37900513,-0.028683435,0.10984825,0.0469875,-0.051355556,-0.8758623,0.0005687902,-0.09129612,-0.097286455,0.8048576,-0.2035969,-0.059180606,0.17032081,1.5048262,-0.032713488,-0.017474158,-0.33267367,-0.73528993,1.1862011,-4.56727,0.44985127,-0.007203165,-0.1470471,-4.3038373,0.7926129,0.043510646,-0.16509543,-1.0576755,0.19884866,-1.0136291,1.0044234,-0.97574484,1.0374899,-1.0438998,1.0400136,-1.0139354,1.1092218,0.6339906,-0.64683485,-0.96102816,0.94557637,1.0057328,-0.963504,0.14772971,0.936418,-0.9116204,-0.95207787,0.5068628,-1.0415014,0.95827425,-1.0360848,-0.9029602,0.36436245,-1.0022266,1.0522814,0.9898435,-1.0178597,-0.8522107,-0.9729547,-0.9595352,0.9579442,0.2047973,-0.9713334
51,-0.031462103,0.00543084,-0.99478036,0.00074833585,0.0029966603,-0.0015564827,-0.2561926,0.2601996,-0.24097575,0.20291322,-0.26609898,0.2529368,-0.22386174,0.26834464,0.19313978,-0.22373387,-0.26887363,0.26248285,0.29316336,-0.27678668,0.076445036,0.2486246,-0.2401966,-0.17975913,0.20913756,-0.23287,0.23812795,-0.24198093,-0.28020573,0.28672147,0.093392,0.26351792,0.25689098,-0.2581941,-0.09132521,-0.2592212,-0.25021085,0.37163213,0.06123904,-0.15743054,0.3701891,0.34344557,-0.7605036,-0.06325988,0.26751214,-0.4046296,0.31748,-0.23480602,-0.46178964,0.34569445,2.1387534,0.01702944,0.4020968,0.23478132,2.2038624,0.27212942,-0.20517564,2.1068184,-1.7450941,-0.21812093,-0.007503049,0.0030105081,0.6138094,0.21922028,2.8515089,0.0146086635,-0.049168568,0.1534504,-3.593643,0.48116305,-0.24811043,-0.80019206,-1.7891366,0.46294793,-0.9687984,0.97680885,-0.95727235,0.93174005,-0.9760583,1.0242497,-0.96851784,0.97343636,0.48862544,-0.6837752,-1.067011,0.96175635,1.0172116,-1.0103086,0.90638095,1.0078502,-0.9709604,-0.9912149,-1.029778,-1.0829229,0.954171,-0.9979481,-1.0178853,-1.0045532,0.9715283,1.0419201,1.0148429,-0.9960138,-1.0485449,-0.94962436,-1.0412973,1.0350628,-0.1228965,-0.71714187
52,-0.03579017,0.0037076909,-1.0018954,0.00076111674,-0.0018925364,0.0006199407,-0.26762593,0.24529183,-0.21580733,0.19990183,-0.25219703,0.25520068,-0.23080574,0.27303174,0.18325606,-0.2400708,-0.270667,0.24718285,0.30072173,-0.24645653,0.051674318,0.2524496,-0.24329221,-0.17738019,0.1639631,-0.22496432,0.23791789,-0.23806854,-0.25197828,0.28719142,0.10442597,0.24451059,0.25513119,-0.25506535,0.0062495354,-0.26680738,-0.24381739,0.37354806,0.08972307,-0.14196561,-0.36499116,-0.26328966,1.0914114,-0.05491931,0.50215983,0.38435706,0.08138572,0.50235504,-0.104728915,-0.26678202,-1.1003842,-0.58334506,0.17923822,1.4230233,-2.340577,0.090293474,-0.026781632,1.4953685,-2.7035277,0.40987912,0.0058901976,0.07822674,0.9288513,0.9870974,0.5953934,-0.1834122,-0.092954494,-0.06655715,4.8087015,0.15740609,0.080948815,0.2587902,1.2789904,1.1663579,-1.0664551,0.9547688,-1.0198145,1.0015672,-0.97359794,0.9963337,-1.0335325,1.0928589,0.43512592,-0.9927273,-1.0615218,0.9433358,1.0080012,-0.98970306,-0.9862229,0.99983567,-0.95453423,-0.98569065,-0.9663,-0.9685254,0.9791295,-0.98054355,-0.3585714,1.0007944,0.4094809,0.9840352,0.98704034,-1.0364162,1.0070543,-1.0025417,-0.9762742,1.0654675,0.61996794,-0.48151764
53,-0.037999667,0.0018389889,-0.9995665,-0.0019082318,0.00041254694,0.0015393745,-0.2906673,0.2596177,-0.20008363,0.21489175,-0.24625517,0.26276204,-0.22039904,0.27418828,0.18146713,-0.22815599,-0.28923842,0.25513178,0.31120738,-0.251812,0.09768181,0.2592987,-0.25162372,-0.19191098,0.11477949,-0.22286224,0.2467742,-0.24664536,-0.18795113,0.2988585,0.005278459,0.2481346,0.25917152,-0.25930414,-0.04681119,-0.2645455,-0.24278076,0.36953574,0.09740458,-0.13531856,-0.78971624,0.17635122,0.5579305,0.35779735,0.32804832,-0.07940459,0.28081664,-0.1260008,-0.2549973,0.4000682,-0.8048239,0.20358796,0.22502199,0.41386747,1.6984456,0.20205137,-0.25574285,1.3102741,-2.929907,-0.0374228,0.2406523,-0.2567053,1.3761598,0.03667277,-4.2168007,-0.11062172,0.10064823,0.0139159355,-2.7982929,0.42776766,0.13795398,-0.21872023,0.22723605,0.77620894,-1.0838552,1.0558394,-0.9450771,1.053967,-0.9920255,1.0364777,-0.97976595,1.0646654,0.2946602,-0.8590638,-0.9935684,0.9819221,0.94849014,-1.0213418,0.3335791,1.038476,-1.0141014,-1.0168521,-0.97452086,-1.0655808,0.99986297,-1.0537084,0.991277,0.9519585,-0.9789752,0.982547,1.0282768,-1.0000545,-0.7117692,-0.9510942,-0.940875,0.9980011,0.4342203,-0.6883875
54,-0.04157117,0.010161985,-0.9972826,0.00011576165,-0.000770953,-0.003094592,-0.2782173,0.25166726,-0.22962655,0.21157058,-0.2585165,0.23878363,-0.21362242,0.2682819,0.17627923,-0.2392655,-0.2598638,0.25775456,0.3110463,-0.22285639,0.10731055,0.24639994,-0.23923509,-0.14791273,0.06478773,-0.21887378,0.2557303,-0.25165585,-0.21411563,0.23763186,0.08310629,0.2597259,0.25318012,-0.25820395,-0.070813574,-0.26162574,-0.24853206,0.3792112,0.10461997,-0.11297091,0.57616246,-0.0024297275,-1.4136263,-0.0135530755,-0.33942664,-0.5957738,-0.09132166,-0.05641376,-0.55657303,-0.08952017,2.250788,0.3857068,0.25405374,0.9261537,2.003754,-0.23005754,0.2887844,4.698987,-1.6591072,0.077368915,0.4452143,-0.3746902,-2.5112336,-1.4607437,3.1329713,0.46051654,-0.23416829,0.14209421,-0.8609161,0.094578676,-0.24791074,0.25504133,0.3233484,1.1158751,-0.9932731,0.9958239,-1.0097619,0.98999953,-0.98222494,0.96586704,-0.9590789,0.97212857,0.23981212,-1.0346314,-1.0282422,1.0273101,0.9303645,-0.9402251,0.9860008,0.979934,-0.9381736,-1.0246344,-1.0145394,-0.9275089,1.0590146,-1.1017373,-0.97642136,0.006592386,1.0154264,1.0708729,0.9891422,-1.012012,-0.4206428,-0.9412417,-1.0484691,1.0652848,0.4829698,-0.69914526
55,-0.043469034,0.011876203,-0.999899,0.0005707772,-0.00045170792,1.9795465e-05,-0.2598569,0.26073655,-0.20586191,0.21201889,-0.25698492,0.2513711,-0.22086984,0.2666879,0.17951798,-0.22279333,-0.2645514,0.26265442,0.30979297,-0.24728996,0.06584582,0.25920764,-0.24039985,-0.13665606,0.05622361,-0.2246804,0.23892061,-0.25714868,-0.23055696,0.27494138,0.14777951,0.24501003,0.25992253,-0.24964182,0.02326113,-0.26542896,-0.24920113,0.38260472,0.15242542,-0.119678594,0.34899428,0.013224977,0.74482244,0.058349352,-0.05576996,0.32648855,-0.19001336,0.059937082,0.22633171,0.37624085,-0.6730249,-0.041257292,-0.121038646,-0.6315611,-2.7444022,0.19278127,-0.07276028,1.1530943,-0.09703314,-0.13384764,-0.6879698,0.09444579,-1.4953238,2.6565392,2.6435747,-0.3240932,0.041133057,0.12442307,4.4726315,0.029224722,-0.014877417,-0.018931935,1.8270757,-0.3516552,-0.96666354,1.0389327,-0.9916533,0.9902087,-1.0237541,1.0381101,-1.0002183,0.9997057,0.5169814,-0.8142426,-0.9514967,1.0665547,1.0675067,-1.0267484,-0.8949202,1.0305823,-0.9509833,-1.0688417,-0.52223074,-1.018144,0.9252513,-1.0308515,-0.6180279,0.97648394,0.99772745,0.9665648,1.0020591,-0.9751399,0.9992667,-1.0029693,-1.0039532,1.0168555,0.9720193,-0.52026826
56,-0.04369135,0.013386672,-1.0016717,-0.0020543386,-0.0012183591,-0.002765989,-0.2798699,0.2688661,-0.19992837,0.21630348,-0.2582433,0.2585768,-0.22575286,0.26918715,0.18000291,-0.23018828,-0.28083163,0.2605791,0.31099087,-0.22864577,0.10180649,0.2557691,-0.24318826,-0.16073307,0.037122063,-0.21362405,0.24246758,-0.2545955,-0.21155797,0.2902288,0.036615048,0.25778377,0.24889201,-0.26268277,0.0006450455,-0.26406762,-0.24135578,0.39175603,0.15452349,-0.111971214,-0.62386256,-0.034242626,0.39899594,0.08006495,0.16678594,0.04281754,-0.07086125,-0.183319,-0.03334277,-0.35310727,-1.6541313,-0.17650378,0.0762797,0.63346803,0.22575904,-0.039695635,-0.06696015,0.886516,0.29043922,0.1286296,0.41498896,-0.004418925,0.13352759,-0.17466782,-4.5833626,0.3933601,-0.2704193,-0.34978858,-1.455565,0.40933213,0.30582973,0.27229157,-0.13665144,0.6815232,-1.0607258,1.0965158,-1.0752403,0.9667407,-1.005387,1.0270587,-1.0396303,1.0396887,0.35241154,-0.94342697,-1.0294675,1.0932465,1.0127252,-0.9227443,-0.14773667,1.0195675,-0.969237,-0.97596955,-0.93382335,-1.0090119,1.0190153,-1.021859,0.21388057,1.0034133,-0.9545242,1.054335,0.956028,-1.0780898,-0.26357484,-0.9637608,-0.9056707,1.1115216,0.5704378,-0.21849665
57,-0.043925952,0.014957626,-1.0000156,-0.002258223,0.0010161788,-0.0023572948,-0.27582708,0.26093102,-0.23752275,0.22633503,-0.26908046,0.250436,-0.21808487,0.26681358,0.1706575,-0.22510216,-0.26796654,0.2660138,0.32816657,-0.2453885,0.094337344,0.23517539,-0.23396273,-0.12697738,0.018782075,-0.21801586,0.24424529,-0.2504141,-0.2409947,0.27756462,0.11572108,0.26062667,0.26633173,-0.25999442,-0.09012736,-0.27310047,-0.23698537,0.3757496,0.088940926,-0.12474249,0.636939,-0.16380411,-1.4896735,0.4276945,-0.32956353,-0.25376892,-0.030940037,-0.27677163,-0.39201167,0.56866246,1.71405,0.35732403,0.42364076,-0.6315344,1.5723093,-0.52594763,0.102016136,3.5047638,-1.7494822,-0.15299624,-0.1510301,0.17704573,-1.9781343,1.1705111,3.0630546,-0.07033753,0.56909597,0.08294485,-3.951362,-0.06728955,0.25334063,-0.60680896,-2.44001,-0.16426843,-0.9977978,1.0312568,-1.0216317,1.0921391,-1.0600044,1.0235776,-0.9506566,0.9751085,0.277487,-0.8567261,-1.0259811,0.9884849,1.0529327,-1.0562603,0.9241892,0.9187772,-0.9205898,-1.0211351,-0.950154,-0.9842981,0.98512626,-1.0567282,-0.95470273,0.47406742,1.0625744,1.0344261,1.083652,-1.0200808,-1.1048002,-1.0489835,-0.889894,0.97627157,-0.13452964,-0.9247344
58,-0.046621557,0.009509277,-0.99930507,0.004346822,0.00096856244,0.00291019,-0.2683337,0.25060552,-0.21945333,0.23280716,-0.26189098,0.25471926,-0.2307165,0.26973784,0.18398982,-0.24122578,-0.28157502,0.25114292,0.3030373,-0.23855521,0.05026,0.24780154,-0.25331783,-0.121991776,0.06297397,-0.22240502,0.2559037,-0.23510666,-0.25173533,0.28400972,0.13430849,0.24684592,0.27242643,-0.2509048,0.004161185,-0.27719906,-0.24333058,0.37856027,0.13809942,-0.14381576,0.29171637,-0.19076927,0.5411823,0.25585747,0.4605505,0.56795,-0.3980216,0.3437778,0.7917853,-0.97887707,-1.347069,-0.5474685,-0.6441807,0.29649255,-3.231098,0.36250815,-0.3328049,0.9849408,3.6794112,-0.09657418,0.265732,0.3311094,-0.7542112,0.5134867,0.76639974,-0.09997412,0.16902778,0.4471944,4.474342,-0.19301693,-0.23714952,0.6474717,1.9994143,-0.23826641,-1.0319071,0.9598732,-1.0412011,1.0879673,-0.9881644,1.031601,-1.032596,1.0345916,0.4994525,-1.0228003,-1.0862831,1.0165403,0.98442507,-0.96598595,-0.9942459,1.0046788,-1.0150601,-1.0056566,0.34221578,-0.9899685,1.069182,-0.97018653,-0.9029118,0.9401391,0.55288583,1.005336,1.0846788,-0.89681554,0.9361926,-0.9932789,-1.0174468,1.0476377,0.93818104,-0.9088428
59,-0.047482774,0.005416782,-0.99862635,-0.00046218163,-0.0032379685,-0.0022936633,-0.27001193,0.2623365,-0.23510858,0.22256261,-0.25592688,0.26598212,-0.23466055,0.26016364,0.18585052,-0.22822997,-0.28019133,0.25897062,0.31332418,-0.25650528,0.12283092,0.2490434,-0.23766927,-0.15630914,0.07012262,-0.21429753,0.2493547,-0.23889774,-0.21718162,0.30449378,0.039602704,0.26029158,0.25286978,-0.2468706,-0.062449113,-0.2734963,-0.2579206,0.39302656,0.0986233,-0.14506617,-0.19744122,0.31434008,-0.315281,-0.4167408,0.3509653,0.0026675337,-0.06039333,-0.59809226,-0.09426615,0.7510148,0.115445085,0.11125247,0.07123749,-0.41760513,3.4615023,-0.114757665,0.41260007,0.3660763,-2.2840798,-0.14490156,-0.15613838,-0.067470394,1.5555367,1.0613698,-4.205981,0.1910043,-0.5693694,0.16357036,-3.382049,0.42215425,-0.40186173,-0.05046797,-1.6189204,0.63793856,-1.025767,1.0413426,-1.0661751,0.95898455,-0.97021013,1.015226,-0.9937496,0.93689734,0.3931294,-0.6801985,-0.9846784,0.95423806,1.0296559,-0.930947,1.0015898,0.9807177,-0.9209931,-0.9533229,-0.19993505,-1.0211757,0.99431086,-1.0193769,0.31958678,1.0045177,-0.7957109,1.0461067,0.98277336,-0.93096304,-0.90279394,-1.013049,-1.089271,1.1004522,0.06608193,-0.6650419
60,-0.048542187,0.008201102,-1.0011402,-0.00046952968,0.00018325154,0.0011850932,-0.26828048,0.26489785,-0.24886338,0.22018711,-0.2566807,0.25600296,-0.23052987,0.25957057,0.1813876,-0.23753229,-0.25628507,0.26576012,0.31086048,-0.24708511,0.12039756,0.24536379,-0.25110322,-0.11921362,0.05656092,-0.22055182,0.23883656,-0.24433365,-0.21750578,0.24856435,0.112630725,0.24647942,0.24977794,-0.24677551,-0.028979994,-0.28534606,-0.2606451,0.3859368,0.106991336,-0.1477141,0.2707709,0.40585747,-0.6010736,-0.30384985,0.094241954,-0.31243193,-0.28589106,0.20844133,-0.2973359,0.037374143,1.7968677,0.29826263,-0.2054993,0.37643415,1.3307302,0.07291289,-0.1653921,3.9106903,-0.248335,-0.28459367,-0.36573082,-0.21735938,-0.63826495,-1.297595,2.8505542,-0.29551658,-0.14822698,0.15007426,1.7867599,-0.3144839,-0.27719757,-0.43807095,0.62954694,0.22043848,-1.0120729,1.0434406,-0.9801913,0.9269633,-0.94962776,1.0444111,-1.0469663,0.9831615,0.37503058,-0.91953176,-1.0486996,1.0934976,0.9728556,-0.97721076,0.83490723,0.9938038,-1.0024133,-1.0019875,-0.6082883,-1.0052063,0.96832746,-1.0786836,-1.0707293,-0.4585859,1.0635269,0.9913744,0.9910228,-0.9647953,0.27583495,-1.0622883,-1.088884,0.9218824,0.5657655,-1.0672122
61,-0.04527553,0.012827578,-1.0009,0.00023438156,-0.0011906647,-0.00017288234,-0.2575502,0.24640824,-0.21533188,0.21495932,-0.2534614,0.25329408,-0.23801358,0.2694141,0.18510433,-0.2298837,-0.26891562,0.2581382,0.3141389,-0.25396088,0.09909439,0.24899027,-0.23831971,-0.11495703,0.053663954,-0.22061391,0.24186924,-0.23819612,-0.21266472,0.24293569,0.10274949,0.25192735,0.25848228,-0.2505639,0.05461379,-0.28694654,-0.2558069,0.37531728,0.15223587,-0.14211869,0.21989766,-0.2575593,1.3171049,0.0026378832,0.16585393,0.07137933,-0.24038708,0.5885674,-0.013129748,0.25150424,-1.7855253,-0.2789501,-0.12934697,-0.13543218,-2.9219053,-0.005137488,0.3151716,1.7526114,-0.6465698,0.10341791,-0.0016454766,0.072421245,-0.9528163,1.1230019,-0.2547705,0.19909671,0.34169027,-0.28171757,3.7259083,0.23773491,0.13582428,-0.46224052,1.6539125,0.94973785,-0.9326576,0.9519416,-1.0430062,1.0044688,-0.99622583,0.94518423,-1.1030133,1.0967076,0.41013166,-0.8596625,-0.9799289,0.9863824,1.0052153,-1.0062798,-1.0197433,0.9791366,-0.9315389,-1.0794604,-0.35793844,-1.0062565,0.9727471,-1.0005702,-0.07873494,0.92650825,0.16155402,1.0153286,1.0625862,-1.0374131,0.980497,-0.9904744,-0.99766576,1.0069419,0.9323033,-0.58885765
62,-0.04141542,0.013650829,-0.9983173,0.0011860749,-0.0017907378,-0.00032208744,-0.25429574,0.2560223,-0.22619788,0.21422452,-0.26295137,0.25516486,-0.24247602,0.26600087,0.16845106,-0.22470383,-0.28429103,0.26639602,0.3292273,-0.24789353,0.14916068,0.25624865,-0.2342401,-0.1192901,0.027874269,-0.22041291,0.24273802,-0.24588503,-0.27124524,0.27402514,0.010428335,0.24968772,0.2502533,-0.25745586,0.013050948,-0.2795256,-0.2465784,0.37743774,0.16183731,-0.14293152,0.64571947,0.3276232,-0.3717306,-0.27383602,-0.22709002,0.22268319,-0.02538917,-0.3081966,-0.40018168,0.19258612,-0.4525281,0.23264714,0.4241839,0.26855695,2.4152126,0.23241048,-0.05773639,1.9534143,-1.1814033,-0.048978228,0.15567581,-0.15107794,-2.9001482,2.5376883,-3.740645,-0.31542933,-0.42608342,-0.11731843,-2.1913311,0.51474,0.3034339,-0.011252307,0.3514405,0.28311592,-0.92972505,1.0174475,-0.9937682,0.9888012,-1.070207,1.0259824,-1.0029938,0.9887336,0.34920254,-0.7879606,-1.0506216,1.0301862,1.128149,-0.9105314,1.0049299,1.0343282,-0.94467676,-1.0622855,-0.12079147,-0.97074574,0.98899394,-1.0369941,-1.0481391,0.9593156,-0.7980219,0.9704558,0.94823253,-1.0067618,-0.34608305,-1.0470054,-0.92765677,1.0815872,0.70500773,-0.7952069
63,-0.039552085,0.012994277,-1.000741,0.0027380472,0.0026925658,-0.0007470729,-0.26776552,0.26317284,-0.24201518,0.20315918,-0.27304655,0.25862387,-0.23894411,0.26916876,0.1741733,-0.2223666,-0.2734727,0.2640287,0.31298503,-0.2547749,0.121255904,0.25576043,-0.2384682,-0.1033975,0.06395943,-0.23178212,0.23096426,-0.24437706,-0.2995562,0.2945958,0.08694431,0.2542842,0.23559786,-0.25862667,0.07949874,-0.273653,-0.24853155,0.38042983,0.17189641,-0.15178578,-0.106539205,0.24532415,-0.65048534,-0.37625426,-0.101719536,0.14247885,-0.09479309,0.33349162,0.41969496,-0.059996914,0.9975905,-0.17629406,-0.7443585,-0.08688173,-0.4134713,0.010361985,0.018235506,0.83698434,1.3125125,-0.42310527,-0.39690253,0.1127192,-1.3515861,1.2979301,3.2552936,0.4281917,-0.35717952,-0.121368974,3.1435907,0.32066497,0.08019494,0.2997768,0.52557474,0.15819992,-1.0430015,1.0472958,-0.93243986,0.9768073,-1.0809958,1.0652617,-0.9874813,1.0391803,0.38793808,-0.8327147,-1.0724112,0.95668274,0.9751171,-0.9751054,0.4703243,1.0299541,-0.9327224,-1.1003596,0.66122055,-1.0455033,0.9278256,-1.0197879,-0.91160786,0.9879774,1.0147358,1.0461562,0.9022736,-1.0547711,0.96165794,-0.9766038,-0.9706426,0.98289436,0.7932762,-0.92195886
64,-0.039042387,0.006772931,-1.0001469,-0.0009307406,0.001959379,0.0005760954,-0.26870814,0.24245338,-0.22621311,0.20485936,-0.26413733,0.25460508,-0.24028932,0.27179253,0.18866357,-0.22780256,-0.2843427,0.25020415,0.30467656,-0.26482,0.104645245,0.25047457,-0.2494932,-0.13393585,0.08501216,-0.23117226,0.24034655,-0.24499418,-0.27436262,0.30417463,0.082944945,0.2504974,0.24638216,-0.2584638,0.113199174,-0.27169088,-0.25731072,0.37795466,0.17684327,-0.121625744,-0.017633451,-0.5387691,0.62984437,-0.035371877,0.42435285,-0.06977981,0.2848869,-0.25892976,0.22849059,0.17938708,-1.4146104,-0.49289942,-0.3496062,-0.13892855,-1.9587777,-0.2079415,-0.3905886,0.8111832,-0.0056445412,0.024114149,0.20768206,-0.14362459,1.7620848,0.8841951,-0.31020886,-0.111924045,0.26417994,-0.13851485,1.2467273,0.2687288,-0.40537304,-0.6499672,0.19911362,1.5480121,-1.0332266,0.9231832,-1.084129,0.99038047,-0.9414908,0.9253016,-0.951525,0.9340395,0.47278377,-0.74938166,-0.9906463,0.9315472,0.98618287,-0.9954966,-0.58973426,0.97893345,-1.0317327,-1.1188812,-0.33029774,-1.0528607,0.9865283,-1.0109371,-0.7192714,0.9085901,0.06652757,0.9999925,0.98707956,-1.0294534,0.72966105,-0.99168134,-1.1065254,0.9847512,0.7446014,-0.2627597
65,-0.035003256,0.00906735,-1.0010041,-0.0020339023,-0.0015541019,-0.0036453684,-0.27004662,0.252137,-0.22861975,0.1993728,-0.26444176,0.2544425,-0.2434025,0.25732937,0.18323958,-0.23437239,-0.29076102,0.25073215,0.30729055,-0.25797933,0.1386831,0.24132569,-0.2530755,-0.14568649,0.11853772,-0.22626404,0.24597712,-0.24931717,-0.2819719,0.27356842,0.016284717,0.25421923,0.23116097,-0.26497784,0.035250016,-0.2686667,-0.25394976,0.3877979,0.15118404,-0.12691613,0.004256508,0.4035448,-0.106820464,-0.3581326,0.12569639,-0.09651092,-0.0966537,-0.58369416,-0.090378225,-0.30801743,0.12080319,0.13959128,0.04743362,0.43257636,1.8451948,-0.20769268,-0.003950122,1.1047693,2.4647405,0.1330002,0.37231028,-0.27227268,-0.6699503,-1.5482728,-3.0669408,0.07650701,-0.66386896,-0.057831854,-3.5369916,0.45082098,0.12057929,0.47005755,-1.0209967,0.10334873,-1.0462055,1.0402497,-0.951759,0.8590526,-0.99805164,0.9657688,-1.0347029,0.9271064,0.47023812,-0.9449417,-0.9561383,0.9756688,1.0458142,-1.0327468,0.88682765,0.95635915,-1.0135746,-1.0393238,0.063152745,-0.96335596,1.0361193,-1.0735143,-1.1019678,0.6048247,-0.6801622,1.0355022,0.82881886,-1.0283344,-0.51087666,-0.98156327,-0.9873842,1.0537176,0.40215176,-0.9298297
66,-0.03551781,0.010132445,-1.0008466,-0.00048679943,-0.0016414413,-0.00047317383,-0.27227905,0.24959461,-0.24109054,0.21035568,-0.26080945,0.26364994,-0.23283641,0.2486246,0.18954273,-0.2267304,-0.26106423,0.25269467,0.30351764,-0.25188863,0.13657206,0.26509282,-0.23247002,-0.13692915,0.07783686,-0.22846976,0.26170486,-0.25985166,-0.26538348,0.3052177,0.08704822,0.25635555,0.2503917,-0.2702208,0.0066171214,-0.2716846,-0.24498123,0.3723781,0.116599746,-0.10896671,-0.02531429,-0.5016391,-0.27478388,0.15295005,0.1535975,0.06689817,0.21827275,0.057105742,-0.033993136,0.65059334,1.6273792,0.057495862,-0.23570666,0.06678974,1.1354432,0.67087597,0.5682151,1.5071614,-3.9623098,-0.05865451,0.29681638,-0.2750348,1.0291667,2.7032292,3.0345397,0.031915333,0.75216335,-0.22682284,-1.1426805,0.14683865,0.3177369,-0.9866574,-1.5340197,1.2518333,-1.0525693,0.93445444,-0.9255624,0.9474471,-0.92272425,1.018966,-0.949865,0.9261805,0.46553165,-0.71393085,-0.95557016,1.0235927,0.9975065,-0.9297808,0.77990365,1.0930344,-0.9071024,-1.0719479,-0.9234633,-0.98200727,1.0554819,-1.0724887,-0.9936394,0.9757248,0.958174,1.0235908,1.0490568,-1.126205,-0.16691932,-0.96497345,-0.9201236,0.97009945,0.14642636,-0.32229346
67,-0.035070717,0.0023219292,-0.9992999,0.0005798099,-5.374418e-05,-0.0006165979,-0.2629394,0.2359121,-0.20084949,0.20664617,-0.2587545,0.2617852,-0.23866513,0.2623706,0.18977004,-0.24438982,-0.28645024,0.24628325,0.30830076,-0.23037781,0.095880724,0.25962338,-0.2322882,-0.14165834,0.09431477,-0.22089437,0.24493515,-0.23950134,-0.29488045,0.2989274,0.06328321,0.24894738,0.25058502,-0.26705438,0.08126355,-0.26638728,-0.24833788,0.37078395,0.15994461,-0.14426494,0.25562826,0.09698603,1.4533017,0.12754823,0.30971688,0.36545834,0.04413118,0.43218485,0.0958168,-0.9113919,-2.131678,-0.6209862,0.059940424,1.1927128,-3.553066,-0.25572428,-0.14489612,1.5935191,2.9394126,0.2070563,-0.7027128,0.5822333,-2.1963315,-1.2488194,-0.8500956,-0.09593918,0.055159036,-0.06343704,3.3370578,0.6040691,-0.18857896,0.29214886,1.9414407,-1.5220227,-0.99610204,0.9838269,-0.9177704,1.0591617,-0.9792973,1.0348351,-1.0032507,1.019572,0.4581426,-1.1125124,-1.0392329,0.9899048,1.0156107,-0.9606706,-1.0577866,1.0042092,-0.9348698,-1.057195,-0.15409727,-0.97450304,0.9513604,-0.9442274,-1.0184976,1.0368963,-0.12661844,1.0046496,0.9758068,-1.0686414,0.9915735,-0.9389639,-1.0373366,0.97576475,1.0417659,-0.80239826
68,-0.03876803,0.0033230593,-0.9970686,-0.0025459498,0.003978142,0.001848456,-0.26857042,0.23979843,-0.21179247,0.21396904,-0.24581471,0.2682543,-0.22768888,0.26333824,0.19246544,-0.2267873,-0.30428115,0.24671555,0.3141948,-0.25022167,0.1491654,0.25360408,-0.23939858,-0.1862307,0.07867354,-0.21494263,0.2292832,-0.2573226,-0.22413555,0.30581084,-0.012839787,0.26420578,0.24487697,-0.2711005,-0.026083915,-0.26148266,-0.24547654,0.38597724,0.12161159,-0.10877071,-0.39428207,-0.15575376,0.0329395,0.18299045,0.3986566,-0.23109013,0.5457417,-0.21189894,0.10687163,0.97873557,-0.41398573,-0.026706655,0.0025366056,-0.63092244,2.8135087,-0.0565031,-0.14762186,-0.63707256,-3.3441799,0.27650282,-0.15278631,-0.2703633,2.9436119,1.4166077,-3.4082983,0.21657851,-0.1641172,0.14224875,-4.8274055,0.73729974,0.13454789,-0.029436849,-1.8371912,2.112965,-1.0076938,0.9296752,-0.9603275,0.95821637,-0.95307255,1.0268382,-0.9194722,1.079875,0.48041975,-0.75845116,-0.9602461,0.9904647,1.0582306,-1.0137936,0.97929394,1.0291758,-0.9530757,-0.9708657,-0.88623244,-0.9552708,0.92448574,-1.0406103,0.9663198,0.9892208,-0.9161481,1.0389926,0.95044017,-0.9988536,-1.031763,-0.94496995,-0.9575599,1.0625424,0.10583147,0.08677173
69,-0.03896244,0.008637294,-0.99829817,0.00077615684,-0.0040070224,-0.00015964705,-0.28010657,0.23984148,-0.2172994,0.20682538,-0.25146934,0.24326977,-0.22645636,0.2562977,0.17701948,-0.23625208,-0.28331053,0.24051791,0.32357067,-0.23479587,0.107549936,0.2515952,-0.22749057,-0.17220564,0.07872153,-0.20909847,0.2426449,-0.23784058,-0.21216565,0.19206025,0.08491373,0.26257747,0.24667619,-0.272537,0.0016431406,-0.26820335,-0.2474874,0.37926024,0.09408254,-0.12551595,-0.4094471,0.45375502,-0.6207884,-0.2554767,-0.060949508,-0.8725991,-0.2183932,-0.07454194,-0.6077123,-0.32937065,1.3842349,-0.25915456,0.41242582,0.64510965,-0.89086837,-0.15869623,0.22576047,3.398215,1.5093027,0.14333445,0.1709123,0.55539423,-0.18135415,-4.94971,4.0946064,0.045419343,-0.08424053,-0.10410385,1.5014969,-0.19466467,0.07226351,-0.18260345,-0.97510153,-0.4545287,-1.0781325,0.96965545,-1.0477501,0.899412,-0.91108584,0.93759817,-1.1301975,0.9158302,0.33123806,-1.0468113,-1.0645504,1.0210862,1.0593256,-0.9852173,0.07572855,0.9910122,-0.88878095,-1.1569309,-0.70859796,-0.9423506,1.013029,-0.97189313,-0.9580179,-1.0177819,1.129642,1.06234,0.9727097,-1.108728,0.35461515,-0.95899475,-0.96310693,0.9471962,0.18363781,-0.9843187
70,-0.0422952,0.009661021,-0.99704885,-0.0007059053,-0.0007392807,-0.000144566,-0.29452708,0.24699113,-0.191135,0.20853525,-0.2479352,0.23835075,-0.23157024,0.2633513,0.19056676,-0.23820564,-0.30759794,0.24442305,0.30761817,-0.24103147,0.08853395,0.23315765,-0.24001905,-0.1792013,0.077822074,-0.20778373,0.22950056,-0.24551046,-0.16357842,0.15841176,0.054731544,0.253227,0.25034893,-0.27580988,0.07643702,-0.27228776,-0.24337064,0.38545412,0.10669721,-0.11267447,-0.6682316,0.26695138,1.0955215,0.28021005,0.26909634,0.034205057,0.14932705,0.19241357,0.30485776,0.13248809,-1.8277513,0.04360851,-0.5207648,0.08651988,-2.3864276,-0.6203499,-0.4298498,0.77062064,-0.5127854,-0.1385184,-0.5396296,-0.37556994,1.7892274,-0.7258056,-1.2603896,0.030100957,0.047887646,-0.03347335,3.3647363,0.22010385,0.049523316,0.15366122,0.30330947,0.94156945,-1.1346287,1.014562,-0.96375614,1.081573,-0.92897755,0.8635678,-0.9456238,1.0307395,0.45057815,-0.8908351,-0.97370934,1.002241,0.97532296,-0.9679835,-0.8557378,0.8808612,-0.9820752,-1.0421512,-0.33185068,-1.0213866,0.8915612,-1.0598499,0.32214466,0.9482152,-0.2644577,1.026384,0.97180855,-1.0609107,0.9997532,-0.91700536,-0.9693874,1.002307,0.46872538,-0.4972054
71,-0.042133942,0.013970345,-0.997965,-0.00040851632,-0.00042764517,-0.0020368854,-0.29118896,0.23324257,-0.21038209,0.22096536,-0.26075032,0.23507804,-0.2243339,0.2571057,0.17809577,-0.2420522,-0.30402172,0.25648904,0.33025673,-0.24066254,0.12939492,0.24359067,-0.229356,-0.16127744,0.07263671,-0.21114926,0.23196739,-0.24829598,-0.22781233,0.18945548,0.011568958,0.2569649,0.26451793,-0.27169368,-0.02660068,-0.26310062,-0.23622754,0.36710903,0.09206653,-0.12653995,0.8310187,-0.4311305,-0.9387462,0.18839353,-0.49319217,-0.0035617044,-0.2212667,-0.3845014,-0.5063555,-0.14056286,0.97751397,0.46133453,0.6420822,0.22880916,2.7045102,0.44807452,0.2626392,2.62953,0.6881696,-0.28236234,0.3212581,-0.16480696,-4.5604997,2.1326745,-1.955818,-0.25601593,0.47204217,0.32183152,-5.003231,0.27373695,0.21518394,-0.6522743,-0.37644175,-0.15705878,-1.0389004,0.9237158,-1.0125833,0.9544543,-1.0839236,0.9389588,-1.0454298,1.0086864,0.269325,-1.0231876,-0.9877853,0.9659998,1.0508602,-1.0187037,1.0560482,1.0118654,-0.8802484,-0.9994588,-0.5693736,-1.0095904,0.9466191,-1.0782255,-0.9714948,0.9866725,-0.4133719,0.9880987,1.058842,-0.9777182,-1.0693799,-1.001389,-0.9049786,0.9396775,0.29656312,-1.0038534
72,-0.04169195,0.01728332,-0.999665,0.0012558276,-0.0026719058,-0.0004162806,-0.27860835,0.24998544,-0.23764153,0.21794283,-0.26927787,0.24306439,-0.22537379,0.26173508,0.17901395,-0.22917004,-0.26342377,0.25250784,0.3197216,-0.23964898,0.15518686,0.2448644,-0.24516821,-0.137967,0.040417634,-0.21839753,0.22049984,-0.25689632,-0.24879865,0.2252535,0.08530188,0.23984034,0.2596145,-0.27339962,0.034808557,-0.27257875,-0.24305588,0.3644819,0.13645037,-0.108471096,0.27422756,-0.042917985,-1.2123195,-0.21478269,-0.25706723,-0.122220516,-0.11662599,0.6132099,-0.056507036,0.4519269,2.2676501,-0.20007975,-0.38352767,0.018676734,2.1196048,0.021025674,-0.42360374,2.951898,-1.7007327,-0.35265535,-0.41400233,0.009621569,-0.9447175,1.175824,2.8158772,-0.4138319,-0.06525872,0.11994933,3.1906912,0.0054498315,-0.107690655,-0.4362627,1.7067049,1.436829,-1.042235,1.0186694,-1.0898669,0.9942013,-0.9898222,0.9832931,-0.9727262,1.0750083,0.34585196,-0.9173399,-1.0297158,0.93481404,0.988464,-1.0230018,1.0076344,0.97371393,-0.97902983,-0.98832893,-1.1294491,-0.9944295,0.8664669,-1.0424712,-1.010835,0.9613502,0.9731749,0.9247968,1.0301653,-1.0697414,0.794887,-1.0402478,-0.98431,0.9843797,0.8835611,-0.16950811
73,-0.0433128,0.017599184,-0.9994429,-0.0041610883,-0.0010579766,-0.0036310742,-0.27486458,0.25401703,-0.21047446,0.21709633,-0.25857085,0.24664134,-0.22966395,0.26434088,0.18488973,-0.22364768,-0.28110722,0.24412477,0.32143614,-0.2348716,0.11236787,0.25595334,-0.24313672,-0.15362333,-0.015375197,-0.21878892,0.24097313,-0.23710981,-0.19333301,0.2523917,0.09559805,0.2317966,0.2522596,-0.2583384,0.10621132,-0.27418327,-0.2381394,0.36856386,0.17266977,-0.11985396,-0.67618525,-0.123319186,1.3123052,-0.15518971,0.2841786,0.0047840863,-0.00411771,-0.09297213,-0.094868936,0.25682878,-1.7774972,-0.12921321,-0.1244883,0.22872035,-3.5007343,0.33940747,-0.056588724,1.5758817,-1.941756,0.1526659,0.72691166,0.362208,1.1034728,0.54321593,0.68610173,0.054538045,-0.39949137,0.3428979,2.7821808,-0.0073849186,-0.062089723,0.37674892,1.4627384,-0.20686151,-1.0112323,1.0211393,-0.9493368,0.9536571,-1.0025061,1.005763,-0.9797487,0.9249858,0.36252517,-0.87231797,-0.9858917,1.0289391,1.0052634,-0.9486522,-1.0044907,1.0267644,-0.9739619,-1.0747597,-1.051974,-0.977486,1.0239486,-0.9851207,0.8319988,0.93311465,0.31208563,0.970594,0.97741455,-0.9221664,0.9951368,-0.93345445,-0.9765246,0.95038897,0.9838729,-0.82884294
74,-0.045792717,0.010090528,-0.997541,0.0023638254,0.0030493762,-0.0014421922,-0.27950087,0.25035313,-0.2227902,0.21563782,-0.25374612,0.26171893,-0.23278083,0.26728615,0.17773709,-0.2245762,-0.27563643,0.23746917,0.3292609,-0.24779725,0.14802678,0.263586,-0.23613435,-0.14283118,-0.04337527,-0.2212357,0.24683419,-0.24588159,-0.20969331,0.2489898,0.016336864,0.2478275,0.25629658,-0.25519466,0.06157305,-0.27201337,-0.23748086,0.37362635,0.16955544,-0.10647113,-0.14356035,-0.0941629,-0.5054424,0.024297183,-0.03332041,0.5750824,-0.31507057,0.04422178,-0.39138532,-0.5360864,0.31559598,-0.3138169,0.35824126,-0.41622236,1.7789327,0.12671676,0.17734124,2.3252976,-1.2080287,-0.43046436,0.16467291,-0.24461748,-3.9024296,-0.20566884,-3.611071,0.23256426,0.18475911,0.18315123,-1.907793,0.47188467,0.11692607,-0.21269369,-0.029244507,0.75843924,-1.0079479,1.0081736,-1.0074333,0.9850117,-0.9854643,1.0811019,-1.0298227,0.9986308,0.2926118,-0.9760385,-1.0488594,0.9287018,1.0510818,-1.0155808,0.89778113,1.0416917,-0.90832263,-1.0547985,-0.41199723,-1.0286058,0.9793714,-1.0041946,-0.40106815,0.9568192,-0.6824985,1.0016356,1.021467,-0.9766941,-0.08382257,-0.93754846,-0.9311725,0.99734205,0.6761701,-0.20686476
75,-0.039139044,0.008825467,-1.004727,-0.0033272898,-0.0012744473,-0.0028126214,-0.28149545,0.26239407,-0.2254824,0.21016811,-0.26604873,0.2584609,-0.23282187,0.2604423,0.18438955,-0.21752204,-0.27578732,0.24257228,0.31236154,-0.27312055,0.094902545,0.25790155,-0.23765978,-0.13772832,0.023017306,-0.22634141,0.23810367,-0.24999055,-0.24288017,0.22726686,0.096847735,0.24138348,0.25263658,-0.25795525,0.1246867,-0.2739012,-0.24007754,0.3722305,0.15347767,-0.11258904,-0.20465022,0.47458255,-0.45500398,-0.41822734,-0.48736933,-0.37292996,0.113910414,-0.27647856,0.19794858,0.2581123,0.18319672,0.28134003,-0.78451425,-0.5610627,-1.9167063,-0.086550385,-0.1971736,1.22495,1.110038,-0.07918896,-0.19176477,-0.09136466,-0.90891826,-0.45152333,3.3537257,0.072132386,-0.10886487,-0.1637626,2.693713,-0.11458131,-0.06562885,-0.40437663,-0.77032197,0.25707522,-1.0995013,1.0557917,-0.9719041,0.968165,-0.9872834,0.8983847,-0.8907771,0.9388047,0.4311091,-0.65086865,-1.0577072,0.91149294,0.97414076,-0.9660007,-0.112478755,1.0277836,-0.9505727,-1.0732977,0.9962691,-0.97667783,0.96869963,-1.088723,-1.0328014,0.9861491,0.97767806,0.98070496,1.003153,-1.0538877,1.0319356,-1.0545104,-0.979464,0.95786005,0.4583086,-0.97850853
76,-0.041625608,0.0100159645,-1.0003233,0.0017474391,0.0010686602,-0.00031791333,-0.27512965,0.26550466,-0.23526569,0.20908318,-0.2733596,0.26148546,-0.23452465,0.25368792,0.19314171,-0.2129895,-0.2653069,0.25123665,0.30007547,-0.29357556,0.14197628,0.26446643,-0.25132728,-0.16492498,0.077816196,-0.22825184,0.23002613,-0.24065405,-0.2750919,0.2684517,0.034264363,0.24735673,0.25683784,-0.2580889,0.16338968,-0.2752185,-0.23687007,0.3589787,0.16890945,-0.14383505,0.23467115,-0.13442515,-0.0065677534,0.019640978,-0.3379685,0.2113215,-0.08697814,-0.14714733,0.44719654,-0.006611873,0.47598204,0.050652143,-0.41548586,-0.78031546,2.23475,0.20326053,-0.24681126,-0.629326,2.1932104,-0.11359564,-0.39828634,0.25223884,-2.3070602,3.6053724,-2.7073627,0.015987612,0.21423931,0.01670485,1.6741253,0.2044781,0.072830714,-0.22866106,0.64800507,-1.0216259,-1.0389336,0.9968538,-0.9734013,1.0015955,-1.0987467,1.0684308,-1.0111107,0.9560446,0.64265627,-0.65986806,-1.052757,0.97296333,1.0656826,-1.0775996,0.9069248,1.0753835,-0.99536204,-1.0061544,0.9844253,-0.9975589,0.9095661,-0.9814912,-1.0635978,0.87368155,-0.42297354,0.9784631,1.0346875,-1.0272056,0.99166334,-1.0472474,-0.94257605,1.0446413,0.8027538,-0.94642174
77,-0.036538105,0.0104617085,-0.998614,0.0035824229,-0.0013218616,-0.0022628503,-0.2591929,0.25726616,-0.2167465,0.21226507,-0.2682356,0.26468363,-0.2326972,0.25947532,0.20424359,-0.21596089,-0.28818014,0.25304535,0.2898645,-0.29857165,0.059537757,0.25498423,-0.24323866,-0.16646416,0.11028658,-0.22253545,0.23831102,-0.24361233,-0.29775345,0.2986002,0.09444701,0.2502625,0.26587224,-0.2613936,0.097101055,-0.27188417,-0.23759289,0.35734278,0.14354362,-0.15612276,0.26605958,-0.27536997,0.5989891,0.087836444,0.14242378,0.20329225,0.15910074,0.11186949,-0.03385557,0.072335444,-1.3949708,0.23955064,-0.25413355,-0.16059643,-4.345184,-0.25964642,0.21618102,1.6472813,0.114003696,0.32511583,0.5388328,-0.37730065,-1.4792458,2.5857396,3.0226119,0.011382186,0.15215342,-0.08818338,-3.137207,0.431037,0.00971721,0.06311103,-0.9417279,0.10011984,-0.9861619,0.93946046,-0.968098,0.9695149,-1.0426668,1.0278789,-0.95447844,1.0879383,0.57767445,-0.5700693,-1.0000949,1.0103855,0.9918659,-1.004245,-1.0517071,1.0012597,-0.94399756,-0.99066275,0.2973294,-0.95636743,1.0164888,-1.0755103,-0.9899228,0.5384948,0.8019387,0.9806013,1.0650024,-1.0024686,-0.19754225,-0.9370063,-0.9550512,1.029465,0.39319435,-1.0493777
78,-0.0337731,0.014187906,-0.99914455,0.0004657184,-0.0020947307,0.001865327,-0.2731775,0.26544613,-0.22391409,0.20661463,-0.27866256,0.25811595,-0.22990718,0.26315805,0.19191596,-0.22558005,-0.2834896,0.24885759,0.2992867,-0.2713059,0.12647678,0.2531564,-0.25533718,-0.19270052,0.11978379,-0.21189047,0.2563514,-0.24455652,-0.3183049,0.29849795,0.015465453,0.255077,0.25413448,-0.26616213,0.08396162,-0.2634367,-0.23856449,0.35733902,0.14998421,-0.15509574,-0.2518553,0.4415024,-0.14466098,-0.6132291,-0.08899399,-0.16632712,0.23013349,0.12314808,-0.27191457,-0.268459,0.45471722,-0.120236315,0.11860672,1.023398,3.154859,-0.09086369,-0.32098523,-0.19164318,-0.25547802,0.03776275,0.3453921,0.0066607744,-0.67503273,0.07279703,-3.7022226,0.2000713,-0.37034675,-0.10399135,-0.48590013,0.49244356,-0.013406842,-0.5247815,0.23626874,0.19550398,-1.0760963,1.0572221,-0.9613339,0.9829863,-1.0408245,0.97639114,-0.9529931,1.0468631,0.47941637,-0.6818948,-0.9991778,1.0070978,1.0353451,-0.84029555,1.0398926,0.9889902,-1.0264357,-0.97849905,0.7405484,-0.97026116,1.0447246,-0.9889919,-0.9835357,0.9586548,-0.7479418,1.02894,0.97226727,-1.0569093,0.24409975,-1.0405943,-0.9555712,1.021572,0.64465684,-0.5773856
79,-0.029812276,0.010556956,-0.9992291,0.0014023538,0.00026062704,-0.00087096775,-0.2474314,0.25846317,-0.2168647,0.19953078,-0.2698537,0.25287604,-0.23016198,0.2585918,0.20831716,-0.2343116,-0.29236868,0.24913879,0.27622184,-0.27381337,0.055128604,0.24034639,-0.26313472,-0.19055903,0.16798437,-0.21599212,0.26478246,-0.24506237,-0.30760723,0.27448416,0.09614178,0.24801242,0.25134867,-0.2574975,0.036985636,-0.26049417,-0.24873471,0.3538048,0.098201424,-0.16842617,0.335565,-0.046549756,0.28039822,-0.16032174,0.052831296,-0.1832403,0.11669863,-0.327176,0.42709777,-0.053127162,-0.19984128,-0.034882132,-0.913133,-0.07562997,-3.0668316,-0.23106965,-0.36017042,1.2287827,1.6805394,0.18680587,0.35023436,-0.015067887,-1.0408852,0.2428148,3.3541248,-0.2613746,-0.13382584,0.10609533,-2.0045962,0.3633164,-0.44960323,-0.019493122,-2.0969906,-0.5070302,-0.90527517,0.9793127,-0.96739304,0.9725872,-1.0283238,0.9726207,-0.9651293,0.92359716,0.72336304,-0.7720623,-0.9557264,0.9455152,0.9170781,-1.0130001,-0.6915194,0.9495919,-1.0642402,-0.97090834,0.44258854,-0.9474816,1.0938982,-1.0176901,-0.9721369,0.37106222,0.90780014,0.9898585,0.9647745,-0.9938209,-0.21690568,-0.9710245,-1.0863471,0.9627809,-0.019294664,-1.0038214
80,-0.032445494,0.016577056,-0.9972809,0.001200218,-0.0019662501,0.003054061,-0.2671285,0.26795894,-0.22853398,0.19309239,-0.27516076,0.26155505,-0.21988885,0.25418782,0.20776293,-0.22489247,-0.27815956,0.24598938,0.27511096,-0.27291134,0.12515941,0.23616572,-0.26170522,-0.20913252,0.15304366,-0.20721781,0.25302356,-0.24603157,-0.3058892,0.30028903,0.04215717,0.24950373,0.24496189,-0.25826538,0.025588475,-0.26015824,-0.24003623,0.3583024,0.09826711,-0.15699473,-0.9089213,0.10326112,-0.25896344,-0.23449063,-0.22986421,0.013938731,0.46090373,-0.13592415,-0.26337707,0.47457185,0.84153825,-0.39473197,0.045264363,0.23332745,3.4994185,-0.3234156,0.028638447,0.38116315,-2.1321142,-0.07299135,-0.66958714,0.12840566,0.41520503,2.184255,-2.4816508,0.15713057,-0.0738686,0.11665487,-0.14448525,0.59959567,0.36262167,-0.36857566,0.008085144,0.954993,-1.0705172,1.0528494,-1.0583646,0.9922259,-0.9988254,1.0107075,-0.91339725,0.8999734,0.5357858,-0.73079515,-1.0105569,1.0160975,0.9154039,-1.0156356,0.98056525,0.90531963,-1.0321316,-1.0307242,-0.6684372,-0.998276,0.95870614,-0.9524755,-0.79812115,0.98070186,-0.36950085,1.0200759,0.9563673,-1.0064095,0.107619755,-0.9601831,-0.89275753,0.9793768,0.4056232,-0.094089605
81,-0.02903638,0.019060472,-1.000423,-0.0022178711,0.0015009864,-0.0012317074,-0.2689716,0.2750142,-0.19826144,0.19029577,-0.27537555,0.25675076,-0.21229766,0.2522149,0.20757987,-0.23322277,-0.29038033,0.25113484,0.281624,-0.24292672,0.06610093,0.22876793,-0.24163526,-0.22096266,0.11427758,-0.20877832,0.23907785,-0.2474513,-0.2935466,0.28534496,0.08366031,0.24888153,0.2463347,-0.25996795,0.035673566,-0.25772357,-0.25018802,0.36477762,0.09324286,-0.14755261,-0.1533211,0.18180688,1.0817082,0.080247484,0.10267683,-0.15639582,0.17366181,0.08223609,-0.2062099,-0.3562792,-0.90302694,-0.024124483,0.2758154,1.2367529,-3.2899144,-0.10461668,0.4229916,1.5600652,-0.644849,0.13454285,-0.21172284,-0.18248901,-0.59637815,-0.8471972,1.877908,0.050119836,-0.06841435,0.010111574,0.46577802,0.23099463,-0.18792434,0.7995872,-0.22666882,0.8451278,-1.0047363,1.1205983,-0.8946539,0.95265424,-1.0737145,1.000576,-0.995855,1.0511634,0.5026167,-0.96570086,-1.0539103,0.95741063,0.93920577,-0.95208764,-0.9452026,0.91099995,-0.8994756,-1.0142009,-1.026317,-1.0002376,0.97118807,-1.0945059,-0.24654959,0.6512106,0.5482342,1.0085111,0.944495,-1.0090961,0.26557377,-0.9776218,-1.0162619,0.99821943,0.3469713,-0.94243866
82,-0.033141606,0.019985732,-0.9938685,0.0012053396,-0.00078684476,-0.00016872532,-0.28775746,0.27288175,-0.2097731,0.19629106,-0.27105933,0.24805543,-0.2131741,0.25303948,0.19822529,-0.22836192,-0.27592522,0.24174981,0.28958228,-0.2355882,0.13490057,0.24490936,-0.24808536,-0.24617742,0.085527875,-0.20785259,0.25001007,-0.250743,-0.22658779,0.26000756,0.016475527,0.2656377,0.24691348,-0.25673285,-0.049941316,-0.25322938,-0.24851675,0.36739412,0.09727461,-0.117011584,-1.0776504,-0.06581866,-0.32178688,0.1816348,0.047318883,-0.51865,0.10253634,-0.03758235,-0.26494056,0.2708968,0.76582307,-0.36147332,0.25628716,0.59943825,3.54839,0.50946754,-0.4010155,0.20339431,-2.3627915,-0.02096554,0.44729653,0.16298276,1.7664636,-1.3975695,-2.9107056,0.23278219,0.0697284,0.22888744,-3.896041,0.7472031,-0.0835818,-0.4748538,0.06547989,1.6105076,-1.0966902,1.1148969,-1.014203,1.0007837,-1.0074451,0.94905204,-1.0021683,1.0148344,0.3690897,-0.9580062,-1.0247421,0.99694306,0.8905947,-1.006747,1.0171784,1.0151358,-0.9993986,-1.0389789,-0.9575827,-0.98256814,1.00807,-0.9531408,0.6463254,0.8836174,-0.560101,1.068801,0.9744861,-0.98447585,-0.9392797,-0.94776493,-1.0069038,1.043827,0.41153297,0.27777874
83,-0.03191463,0.016364982,-0.9999696,-0.00083296944,-0.0051751193,-0.00057154405,-0.28278968,0.25284418,-0.19991079,0.19544359,-0.2733097,0.25524852,-0.2113734,0.25838163,0.19054075,-0.23464921,-0.27409315,0.23404847,0.2996899,-0.24036616,0.0562865,0.24060939,-0.24073353,-0.21326777,0.05887008,-0.20653395,0.25365594,-0.23925757,-0.26234457,0.2859917,0.09775013,0.23851566,0.26125735,-0.2640982,0.015209044,-0.25991654,-0.24610227,0.3700469,0.05207393,-0.13216063,0.6027181,-0.6682592,0.059744656,0.100002654,0.03861479,0.39390424,-0.08602544,0.37373772,-0.46821505,-0.124334015,-6.2406994e-05,-0.17423643,0.72229505,0.11650241,-3.6931882,-0.11512032,0.3740329,3.7983952,-0.38840234,0.049084954,-0.05346731,0.013111671,-3.285698,1.9863747,3.3695335,-0.7210015,-0.10619761,-0.26559746,3.003779,-0.18402389,-0.014991948,-8.316617,-1.8553745,-3.059619,-1.0344211,0.98365027,-0.9876487,1.0852767,-1.0481372,1.0675339,-1.0026745,1.0256398,0.3272705,-0.9744973,-0.954136,0.9974162,0.9387397,-0.9772851,-0.94026756,0.9316655,-0.9358941,-0.95708555,-0.64677143,-0.9587424,1.0486941,-0.97771657,-1.0018402,0.9259089,0.9475221,0.9399053,1.0103192,-1.0877087,0.6903657,-1.0771621,-0.9887185,0.97619146,-0.15462096,-0.9046697
84,-0.037927262,0.026235046,-1.0000747,0.0035461532,0.0012418549,-0.0013222954,-0.26409006,0.26271322,-0.2015553,0.19971628,-0.27345333,0.24655946,-0.20652303,0.26409394,0.21087344,-0.20846628,-0.28610203,0.24225971,0.2798907,-0.28362736,0.1169896,0.23518524,-0.22599027,-0.2234038,0.09963928,-0.2034079,0.24466033,-0.23607033,-0.26505405,0.28016025,-0.0090587335,0.23556283,0.2517725,-0.25808638,0.089066066,-0.2582271,-0.24542975,0.39503404,0.119876094,-0.14452864,0.505815,0.18093932,-0.12422104,-0.03572348,-0.10525251,-0.31682864,0.073135056,0.30158898,0.5964166,0.7126673,-0.67872113,0.19412923,-0.70549744,-1.526588,2.1284983,-0.0010093157,0.20138827,-0.15974028,0.11712373,-0.00091744825,-0.32863984,0.26194853,0.22477332,0.33231226,-4.3858423,0.0070092496,-0.1590601,0.097123675,3.048924,0.18598178,0.07557843,0.66669625,2.5749536,-0.23053467,-0.9858317,1.0204039,-1.0578737,1.0714066,-1.0328851,0.88743734,-0.9289011,1.0734763,0.7042703,-0.49853182,-0.97012776,0.99808514,0.955788,-1.0343899,0.5336167,0.95026267,-0.8724302,-1.0434324,0.9916554,-0.9513873,0.97410256,-0.980729,-0.9381689,0.9118252,-1.0328661,0.9514165,0.94883657,-0.9949562,0.9668585,-1.0162566,-0.96522284,1.0986915,0.985034,-0.9764522
85,-0.036017086,0.015582213,-1.001557,0.0034686031,-0.0038539958,-0.0011354091,-0.2659413,0.2572454,-0.22282258,0.2071588,-0.26962486,0.2641939,-0.21537656,0.27160177,0.20423788,-0.21909237,-0.2667609,0.23291607,0.292273,-0.28397515,0.076667905,0.25249335,-0.24444024,-0.22494133,0.13647464,-0.21463141,0.24570478,-0.23463084,-0.290125,0.30564332,0.064102925,0.24226293,0.2657823,-0.26090437,0.00608539,-0.26317605,-0.2539161,0.37826303,0.09935466,-0.17079839,0.03481661,-0.030992948,-0.89978176,0.14614168,0.22109719,0.58877635,-0.46377093,0.007961096,-0.27177718,-0.45364305,1.48671,-0.058890775,0.4496151,0.33735517,-0.78175455,0.37034,-0.35177928,1.0226648,1.843034,-0.567121,0.23774825,-0.039325662,-2.4516363,1.5852487,2.7644863,0.06479928,0.6796385,0.17812751,-3.789292,0.05833717,-0.2501453,-0.8565261,-0.7860213,-0.87209636,-0.9990325,1.0077695,-0.95277864,0.9834061,-0.9960207,1.0828314,-0.99625486,1.0292817,0.48713568,-0.7633752,-0.9959268,0.968123,0.9749137,-1.0063372,0.22018324,1.0243528,-0.9760066,-1.0345057,0.96840775,-1.0210099,1.0207658,-0.9638411,-1.0182331,0.9933051,0.82154477,0.9815587,1.1106108,-0.99762225,-0.6790679,-0.98085994,-1.0480633,1.019331,0.23287058,-0.99037707
86,-0.031933457,0.0070938193,-1.0004358,-0.001291008,-0.000107882,0.00050772395,-0.27527216,0.24157839,-0.24033026,0.21167734,-0.2571996,0.26794755,-0.22233404,0.2620825,0.19645023,-0.2349382,-0.23890507,0.2410063,0.3146106,-0.2578471,0.077632174,0.25804165,-0.25489295,-0.25539827,0.1386406,-0.21694256,0.24872044,-0.25155863,-0.26813725,0.31506893,0.103003465,0.23461021,0.26410162,-0.25399816,-0.009897671,-0.26290074,-0.25580218,0.38511643,0.082740344,-0.1501427,-0.39785844,-0.47046858,-0.47538713,-0.053762477,0.4522247,0.09833747,-0.1996858,-0.21396142,-0.33851358,-0.14586926,1.1198457,0.28257868,0.53603446,0.73391217,0.6045912,0.3506677,-0.32395983,0.058153372,-1.2363354,-0.117314674,0.068170175,-0.72803646,1.0874374,0.9837396,1.7505066,-0.29807225,-0.28462985,0.36123478,-0.36175993,0.31745195,-0.23972246,0.2304056,-0.739932,0.97040147,-1.0712026,0.9109385,-1.0549681,1.0376368,-0.90809983,1.0340989,-0.9807514,0.9161843,0.43449786,-0.84130174,-0.97587943,1.0300857,1.0608337,-0.9551309,0.22003101,1.0720993,-1.0437683,-1.0043128,-0.3571475,-0.9796074,1.0066465,-1.0867063,-0.40378132,0.85725605,0.7834038,0.9177842,1.0036465,-0.9390573,-0.0653386,-0.95505065,-1.076234,1.0131577,0.16336149,-0.536828
87,-0.036472246,0.01059112,-0.99555236,-0.0033426022,0.0021472976,0.00020723695,-0.27741617,0.23770662,-0.2127162,0.20213091,-0.25678778,0.26154533,-0.2254077,0.26733673,0.18516076,-0.23655824,-0.25675243,0.24417855,0.32605428,-0.23881201,0.046438668,0.25468382,-0.24471413,-0.2820074,0.09901629,-0.21173775,0.26198885,-0.23520961,-0.22725588,0.29543486,0.11947608,0.2423383,0.2501843,-0.24617578,-0.02746724,-0.25192246,-0.26120064,0.39895877,0.048770647,-0.16938876,-0.37873313,0.103876084,0.6433785,-0.047333643,0.10172371,-0.33404508,0.015192844,0.25801152,-0.532915,0.07186525,-1.4486002,-0.09725117,0.5856556,1.1290356,-2.437097,-0.22357574,0.43017808,1.2308773,-2.5252395,0.2595988,0.35877514,0.5620127,-0.40030593,-0.6917601,0.47001883,0.13616548,-0.3735749,0.1658788,-0.9313182,0.96274793,-0.08817372,0.31158036,-1.1932755,-0.37158987,-0.9889333,0.97849625,-1.0626827,1.0372934,-1.0265696,1.013396,-1.0004536,1.1007307,0.26704195,-1.0016409,-0.9188521,0.9787131,1.0259525,-0.9976412,-0.9650039,1.0050765,-0.9319533,-0.91727275,-0.99279606,-0.9750614,1.0710399,-0.90907514,0.84607935,0.9171016,0.34431207,0.9578278,0.9310251,-0.91691595,-0.28132957,-0.902731,-1.0550554,1.0909401,-0.03935767,-0.64648634
88,-0.037005704,0.011069928,-0.9980932,0.00018868498,-0.002317234,-0.0009885064,-0.2882992,0.24731635,-0.23982845,0.20119573,-0.2505255,0.26225868,-0.22123933,0.271508,0.18006709,-0.23648167,-0.24945015,0.24202608,0.32818592,-0.22269206,0.107792564,0.24866892,-0.23314132,-0.28092897,0.042946655,-0.20769611,0.2632648,-0.23887396,-0.18495,0.30121443,0.06571763,0.24705222,0.24453525,-0.24990687,-0.100115314,-0.24661982,-0.2567521,0.4043377,0.04331917,-0.1502935,-0.5345679,0.18768014,-0.8035646,-0.24658819,0.2296442,-0.027775537,-0.075226635,0.0955195,-0.44113126,0.19933875,1.073073,0.0052546547,0.3275782,0.9478345,3.141768,-0.041654557,0.22597174,1.4817897,-2.5867252,-0.22773442,0.13728179,0.002819677,0.074806444,0.07928264,-2.1817048,0.101184785,-0.23376848,0.13396966,-3.0626678,0.46971494,0.059374254,-0.14974043,-0.40234426,1.0339793,-1.0646023,1.0211594,-1.0300748,1.0080794,-0.94018835,1.0890551,-1.0189723,1.051312,0.2080816,-1.0179518,-1.0573077,1.0023487,0.9761666,-0.93336236,1.0417347,1.0071772,-0.89134336,-1.0348642,-0.9968821,-0.99387693,1.0639127,-0.96941996,0.34068322,0.9259705,-0.15752906,0.98978317,0.9173047,-0.9600199,-0.97754717,-0.9903429,-1.0135598,1.0408539,0.0885741,-0.37993738
89,-0.034706514,0.020957895,-0.99771035,0.0008962196,-0.00090669806,0.0005505356,-0.28236896,0.25443217,-0.23367785,0.20096563,-0.26165196,0.24824059,-0.2208812,0.26862922,0.1768279,-0.23533052,-0.23763077,0.25181034,0.32490164,-0.20994851,0.07075703,0.2601559,-0.24475056,-0.26340613,0.006072251,-0.21758607,0.2635934,-0.24064451,-0.2234168,0.27931064,0.12753803,0.23580423,0.23884898,-0.24981953,-0.055595543,-0.26046336,-0.24798156,0.40559393,0.043177158,-0.14153555,0.4211754,0.16097876,-0.16957152,-0.0659546,-0.40250486,-0.40850368,-0.059225276,0.1047355,-0.3766663,-0.046845656,0.47486216,0.26007277,0.26899102,0.68320525,-1.5718592,0.120376095,-0.460217,2.7457404,-0.8223526,-0.2136663,-0.16630702,-0.06362317,-2.5816069,-1.416929,2.661905,-0.18924646,-0.15954778,-0.20976211,2.2364438,-0.06496769,0.3829161,0.20609872,0.03618414,0.8565684,-1.01563,1.0401837,-0.9992444,1.0410107,-1.002628,0.94713634,-0.9612488,0.965424,0.2536156,-1.0534256,-0.9577584,1.0116453,1.0057147,-0.8763516,-0.3345717,1.0213933,-1.0099567,-0.9481032,-0.95670027,-1.005017,1.0516412,-1.0414231,-0.83884215,0.96130544,1.0079385,0.9553041,0.9119025,-1.0434933,0.26386312,-0.9579765,-0.9176201,1.0085921,0.17869441,-0.87199235
90,-0.043400086,0.020768858,-0.9983924,0.0018220005,0.0018632235,0.0007057905,-0.27389014,0.24664974,-0.2377932,0.20254399,-0.25671795,0.24523377,-0.22642314,0.2760061,0.17231475,-0.23556972,-0.22459324,0.2578236,0.33475444,-0.21487899,0.12828143,0.2496903,-0.25325593,-0.27362716,-0.011899266,-0.21811031,0.24289021,-0.24226418,-0.19332296,0.2816976,0.06795846,0.23381737,0.25227487,-0.25292116,-0.036386494,-0.26294574,-0.24364823,0.3917916,0.0693329,-0.13053538,-0.16436474,-0.11684753,-0.21677949,0.12683073,0.05788827,-0.21188912,-0.21811004,0.10969991,-0.20473203,0.294854,0.524451,-0.05105274,0.3007958,-0.15654762,2.4469266,-0.3260458,-0.13057898,0.597928,-0.22220236,-0.18190148,-0.7602098,0.17368726,0.051113848,0.46344057,-2.8883805,-0.033475574,0.5580951,0.123463504,0.7638745,0.055047918,0.16401623,-0.8692383,0.97785074,0.9617649,-0.9836953,0.9951217,-1.0481845,0.9346577,-1.0083147,0.966295,-1.0226344,1.0368332,0.26592517,-1.0233625,-1.0102917,0.9574041,1.054753,-0.96520954,0.7365618,0.95672107,-1.0126878,-1.025269,-1.0127,-0.99692965,0.924123,-0.9933561,0.5116485,1.0450975,-0.30711812,0.9310778,1.0312122,-0.9756813,0.032258812,-0.9465282,-0.944757,0.9554908,0.46647808,-0.51032037
91,-0.041687105,0.021789994,-0.9979105,-0.0019310579,0.0001430492,-0.00056744384,-0.276767,0.25641426,-0.24868524,0.2068233,-0.26876366,0.23750485,-0.2254324,0.27047172,0.16634627,-0.2288757,-0.2232771,0.2653474,0.32529226,-0.22615711,0.09946138,0.2360292,-0.24001744,-0.25313494,0.016081795,-0.23097172,0.24193983,-0.23413087,-0.21754885,0.24268608,0.12559131,0.23444426,0.2496427,-0.25037432,-0.10089489,-0.25880048,-0.24830496,0.40230602,0.05061947,-0.14844169,0.030611552,0.6378087,-0.5988677,0.11042492,-0.26811597,-0.18888631,-0.014509985,-0.20713605,-0.28562167,0.17453195,0.32940954,0.06621763,0.10228122,-0.47285962,-1.0515795,-0.18921965,0.29358825,2.7289655,2.544819,-0.5751039,0.0029084233,0.3731341,-1.742287,-1.3173188,2.5669029,-0.21768337,-0.26317543,-0.09756017,-3.0503917,0.6205631,-0.068466246,0.572696,-0.7132669,0.30265588,-1.0407398,1.0853255,-1.1228759,0.98778546,-1.0329211,0.9241451,-0.9757437,1.0332022,0.30091402,-1.0563025,-0.9847229,0.92811185,1.036945,-1.0962148,-0.015805177,0.9489224,-0.912737,-1.1784964,-1.0928202,-1.1240492,0.9701384,-0.974422,-1.0254568,0.20227553,0.9956523,0.92043644,0.91557235,-1.0147827,-0.9760976,-0.94174427,-0.9917097,0.96326995,0.057731718,-0.99819857
92,-0.042088393,0.02293523,-0.99897486,0.0010639484,-0.0004175055,0.0023796197,-0.28243113,0.24171805,-0.23287253,0.20438206,-0.26674908,0.23932697,-0.2250674,0.27259088,0.17478043,-0.22367956,-0.23725474,0.2570246,0.31184074,-0.24120875,0.08064814,0.2408208,-0.2554734,-0.24263248,0.011757192,-0.23096852,0.23892175,-0.23829247,-0.20290531,0.2745244,0.09567498,0.22998731,0.2459983,-0.25835901,-0.02671101,-0.2699968,-0.2497576,0.41093895,0.03569272,-0.0987905,-0.19045937,-0.35990405,0.48686132,0.05310901,0.16650087,0.33413842,0.047578976,0.1251685,0.15240125,0.12265029,-1.3818778,-0.21345861,-0.17621705,-0.37827381,-2.146509,0.084047526,-0.39952362,1.8232805,0.19412053,-0.11696708,0.06046233,-0.34852907,-0.46537286,2.4276192,-1.136862,0.2367485,-0.033004567,-0.2901106,3.7939339,-0.35255447,-0.24483688,0.5664101,-0.6173302,2.680243,-1.0331511,0.9496124,-1.0615681,0.99811924,-1.0771028,0.98518455,-0.97769296,1.0054018,0.3154668,-0.98727894,-1.0176672,0.8812379,0.95424455,-1.0655767,-0.6305227,0.96631104,-1.0188237,-1.0749369,-1.0175676,-1.0882276,0.974531,-1.0604362,0.23842998,0.97129744,0.030414807,0.9552399,0.94961464,-1.056668,0.68826765,-1.0148576,-1.0554844,1.0119585,0.017102482,-0.47947884
93,-0.043827455,0.021113768,-0.9963085,0.00036284336,-0.00085293397,0.00036655195,-0.27052924,0.2421808,-0.25043982,0.20402734,-0.26623666,0.23710667,-0.22742389,0.26814696,0.1634374,-0.23651601,-0.23656113,0.26418513,0.32804176,-0.22325134,0.109246075,0.24486668,-0.2620915,-0.23039682,-0.024911085,-0.23469804,0.2541436,-0.23918383,-0.21185564,0.28402635,0.06668565,0.25256938,0.22952889,-0.2571683,-0.093028486,-0.2695525,-0.24345976,0.43111897,0.04457263,-0.09504768,0.49688068,-0.058482114,-0.80215883,-0.085510105,0.06251054,0.09249093,-0.17054822,-0.31677198,-0.49034634,-0.088253714,0.74330175,0.44657862,0.7023427,0.4175638,2.1750998,0.08825097,-0.19459069,2.5061636,-0.9150811,-0.08355157,0.7886535,-0.21684064,-1.7061623,0.94291717,-1.4938365,0.48404345,-0.5478143,0.09707558,-3.3844683,0.2076771,0.2860643,0.5038823,0.40393904,0.59151983,-0.9686725,0.9702415,-0.9789596,0.94995767,-1.0170181,0.9776902,-0.96601117,1.019823,0.22739334,-0.981202,-1.0319237,0.97265184,1.0488335,-0.91174924,1.0152065,0.9909891,-1.0415772,-1.0342629,-1.026768,-1.0290571,1.0859371,-1.0555845,-0.5845083,0.73713374,-0.041695476,1.0367186,0.8361952,-0.99377596,-1.0103488,-1.0483836,-0.9216436,1.0725788,0.25988007,-0.8783972
94,-0.047878515,0.008696904,-0.99819326,0.0026821215,0.0032234462,-0.0011670663,-0.27883208,0.24130474,-0.2492223,0.19929086,-0.2687203,0.24284203,-0.23009652,0.27510113,0.16718706,-0.24019818,-0.22872193,0.26368344,0.3228494,-0.23308328,0.07436165,0.24579795,-0.24886079,-0.20410053,0.012216606,-0.2374472,0.24301401,-0.23392054,-0.22516452,0.28357074,0.117322534,0.24808742,0.23017249,-0.2591713,0.0014888262,-0.27770102,-0.24227141,0.44340858,0.06419943,-0.12078474,-0.15503486,0.092405654,-0.16780216,0.14418958,0.033146463,0.24132949,-0.27380648,0.37659156,-0.03562689,-0.27817962,0.20017013,0.04377647,-0.11161787,-0.27532005,-1.5974771,0.07574198,0.31265897,2.2624748,2.791345,-0.12669456,-0.7020414,0.19059451,-0.91323274,-0.42484787,2.1396854,0.20435086,0.0206036,-0.15469766,4.60907,0.17027064,0.04402699,0.42981365,0.80655533,-0.51318306,-1.0624841,0.973307,-1.0264133,0.9767387,-0.98483384,0.95129555,-0.98693836,1.0044595,0.3669202,-1.0594926,-1.0329452,0.9797134,1.0484152,-1.0276215,-0.21356545,0.9974766,-0.95974886,-1.0215068,-0.3579656,-1.0192593,0.93395466,-1.0020422,-1.0346389,0.98125243,0.89643705,1.0327941,0.88733643,-1.0718297,0.94462025,-0.9284486,-0.96808875,1.062919,0.42134365,-1.0043908
95,-0.045424923,0.010816908,-0.99985796,-0.0034027747,0.0020559467,0.0017899394,-0.266604,0.2552159,-0.22673222,0.21802452,-0.2564263,0.25628102,-0.23604052,0.2719241,0.17667302,-0.24135846,-0.25640276,0.2676975,0.32030627,-0.22717217,0.07926287,0.26192886,-0.25137186,-0.21670455,-0.010300035,-0.23682554,0.25414145,-0.24141668,-0.20029485,0.30090904,0.026565125,0.24557658,0.24450311,-0.26309612,-0.024063986,-0.274836,-0.2483703,0.43473896,0.0649648,-0.11626142,-0.026022654,0.32991344,1.15585,0.28589785,0.2877211,0.20061114,0.030547064,-0.2276772,-0.17457476,0.23957285,-2.0924685,0.107984595,0.051393736,0.11211976,-0.7489002,0.40851045,-0.06742815,1.4849783,-0.73900187,-0.00525303,0.5044767,-0.09762333,0.34530738,0.9013371,-3.6065822,-0.38780972,0.3817523,-0.11287648,-1.5662053,0.5024872,-0.14112352,-0.6952903,0.016944282,1.0277143,-0.9766665,1.054698,-0.9299517,0.9768353,-0.95630413,0.9745838,-0.9672767,1.0323176,0.38064268,-0.866793,-1.0734572,1.0206351,1.0646592,-0.8911726,-0.30493155,1.073536,-1.0071753,-1.0539621,-0.9985708,-1.0619048,1.0461243,-1.0095162,-0.16159627,0.95746183,-0.7522631,0.9532019,0.97061414,-1.0373027,-0.37596688,-0.9535659,-1.0173517,1.0166512,0.26734918,-0.5605531
96,-0.04522447,0.0070257797,-0.9971,-0.0011806164,-0.0007209112,-0.001658532,-0.25452974,0.25258785,-0.24315976,0.217651,-0.26152995,0.25134787,-0.22972137,0.27084243,0.17712843,-0.23856515,-0.2543166,0.27329406,0.29945087,-0.23759195,0.084355675,0.26592496,-0.2403934,-0.18491332,0.016971972,-0.24126607,0.24817173,-0.23175025,-0.22250715,0.29094657,0.047347706,0.23849608,0.24480571,-0.2631516,-0.026207047,-0.27379397,-0.24829133,0.42499164,0.06391169,-0.12511759,0.17174897,0.010391492,-0.77859825,0.05371528,-0.20881253,-0.09772366,-0.17096516,0.12847854,0.08819802,-0.08335081,1.0546502,0.18877894,-0.5569444,-0.102639295,1.7701726,0.009670152,0.2722989,1.8967521,1.3879714,-0.20307913,-0.16136643,0.2176516,-2.0314064,0.010124588,0.6300722,-0.29248548,0.22173452,-0.00031774217,-0.23054105,0.5961247,-0.037438534,-0.5035031,-0.120986335,0.09422269,-0.9486688,1.0097243,-0.9185372,1.0249193,-0.9782937,0.97134805,-0.97186506,1.0286711,0.4205006,-0.95764303,-1.0186392,1.0249602,0.9369811,-0.96047086,0.9555986,1.0472333,-0.9376912,-1.0337635,0.07068082,-1.033093,1.005525,-0.9964678,-0.965037,1.0060383,0.32443276,0.9380016,0.9882405,-1.0425348,-0.13689809,-0.91641355,-0.99866027,1.090636,0.22924483,-0.9738086
97,-0.041905377,0.007199541,-0.99690497,7.874432e-06,-0.0012260857,0.0015615128,-0.25682873,0.26387012,-0.22474211,0.20216183,-0.26255515,0.25134274,-0.24510442,0.27325773,0.18528877,-0.23478787,-0.27493685,0.27536038,0.2823462,-0.2575246,0.026940083,0.26769966,-0.2498861,-0.17930204,0.07856153,-0.2313377,0.24896488,-0.22903436,-0.24583028,0.29462978,0.08737186,0.23972404,0.23226775,-0.2628979,0.053574637,-0.27670896,-0.25216255,0.427463,0.0791292,-0.12337553,0.004350654,0.34645763,0.3727286,-0.5666382,-0.023566632,0.12961367,-0.22983025,-0.15315619,0.113739066,0.1112147,-1.4636997,0.016266294,-0.5073442,-0.5725884,-3.6652215,0.04376963,-0.12871118,1.2110914,2.4329863,0.4850428,-0.057727262,-0.123694554,-1.0444287,0.61641765,2.1294556,0.4095655,-0.41625834,-0.11629477,3.9849691,0.09374126,-0.056149654,-0.048613727,0.5791393,0.7474691,-0.9976882,1.0616384,-1.0567157,0.9351657,-1.026834,0.9623601,-1.005967,0.96285766,0.54311347,-0.7778659,-0.99361247,0.9654248,0.9474223,-0.99164695,-1.1020278,1.061374,-0.9853756,-0.9999442,0.5388448,-0.93568027,1.0066963,-1.0352786,-1.0582346,0.91640586,0.63311225,1.0058215,0.8774641,-1.0473812,1.0326513,-1.0365409,-1.0125334,1.0052341,0.42588967,-1.0738348
98,-0.03859647,0.0076743998,-1.0009654,-0.0021978957,-0.0006922387,-0.0018462869,-0.26354095,0.25407308,-0.23850529,0.20852979,-0.27064753,0.25276744,-0.23831141,0.2650571,0.18547243,-0.2301392,-0.28094837,0.28368264,0.28509107,-0.26473632,0.1099303,0.25295746,-0.23782356,-0.18957122,0.078297116,-0.2289867,0.25908116,-0.24319266,-0.2636244,0.32306957,-0.015827749,0.25327393,0.24627541,-0.26715127,-0.044377662,-0.27072117,-0.26106897,0.41573593,0.082891986,-0.11043047,0.15771468,-0.39000082,-0.23546866,0.24733977,0.06603125,-0.0002374649,0.20797586,-0.18552196,-0.16710216,0.28732002,-0.09674511,0.4128472,-0.0005268324,-0.072880596,3.6121242,-0.29034197,0.23928079,0.7986423,-1.3355051,0.03203452,0.5427164,-0.54042673,-0.44475734,2.2227304,-4.7447844,0.18044628,0.4344421,0.0045072823,-4.7096567,0.8780143,-0.34111443,-0.78403896,0.19157238,1.4068601,-1.0139506,0.9663295,-1.0528774,1.0805528,-1.04505,0.9491574,-0.9730203,1.0475115,0.46051693,-0.6779128,-1.0014744,0.9996605,0.9487809,-0.9278951,1.0614318,1.0022781,-0.9333413,-1.0047003,-0.17415443,-1.0109488,1.0697048,-1.0885398,-0.9493426,0.9124642,-1.1001973,1.0175807,0.98584145,-1.033004,-1.0721426,-0.9582305,-1.0959849,1.099286,0.36137113,-0.7272671
99,-0.04167077,0.001666386,-0.9964701,-0.0010892738,-0.0010845544,-0.0032716298,-0.28297877,0.25929582,-0.25538146,0.20619085,-0.25717223,0.2524925,-0.23624113,0.26689678,0.18201466,-0.23796894,-0.26030037,0.27566415,0.2837466,-0.26145428,0.06423711,0.2549734,-0.23919904,-0.1808537,0.14145158,-0.23498404,0.25800574,-0.2389535,-0.25253314,0.26775882,0.07129271,0.24121916,0.25971594,-0.26834047,0.010709367,-0.2707653,-0.25237915,0.39892688,0.084942244,-0.12448381,-0.18267098,0.4495666,-0.6451329,-0.07957148,0.66419995,0.047539636,0.054274615,0.289715,-0.02659245,-0.45193848,1.1435113,-0.38566777,0.046262987,0.24603033,-1.1335236,-0.014596668,-0.073191196,0.6275942,3.1650012,-0.2799628,-0.1971153,0.20506951,1.0490285,-1.8976053,3.4326468,-0.09140736,0.4432894,-0.16084716,2.7303336,0.20399812,0.13054894,-0.77227646,0.17634057,-0.70413727,-1.1273867,1.0086976,-1.1043327,1.0274357,-0.9808671,1.0313517,-0.9967441,1.0489159,0.5259926,-0.84632844,-0.9963741,0.9714959,1.0058683,-0.9463157,-0.012400375,1.0155911,-0.95484847,-1.0329765,0.8094113,-1.0613426,1.0460774,-1.0008202,-1.0560167,-0.32808995,0.96498394,0.98157805,1.0484663,-1.1137594,0.6062393,-1.0394051,-0.9913287,1.0123719,0.37514627,-1.0262415
100,-0.037968535,-0.005532997,-0.9957963,0.0014864528,-7.528448e-05,-0.000712431,-0.25982362,0.2623108,-0.21823409,0.20480926,-0.24734159,0.27018324,-0.24025264,0.26673803,0.18599164,-0.23082426,-0.29796338,0.27787316,0.27814275,-0.26794234,0.03351223,0.26992133,-0.24486397,-0.1808204,0.13778953,-0.22170392,0.25580695,-0.24693152,-0.2532141,0.31933844,0.01614978,0.25156564,0.25897518,-0.26734447,-0.002085375,-0.26987174,-0.24597691,0.39093673,0.05574019,-0.12825681,0.78119475,-0.30636317,1.4761664,-0.29003105,0.4287677,0.45482236,0.122279875,-0.31753615,-0.06460025,0.6822806,-2.5517664,-0.08761432,-0.12179199,-0.3022732,-2.7797215,0.37552336,-0.032364137,1.5498117,-2.1372743,0.48143902,-0.18685898,-0.22861098,-0.621211,4.1499133,-1.8080112,0.117208265,-0.11959361,-0.10835614,-0.65160394,0.5028137,0.28489244,-0.42431015,-1.4509696,0.65416515,-0.9611646,0.99053574,-0.98062176,0.94479734,-0.99846244,1.0683429,-0.9647477,0.985537,0.55623204,-0.59053916,-0.9943677,0.97799313,0.9743059,-0.9377892,-1.052544,1.0990489,-0.9701683,-0.9803274,-0.7851633,-0.95739865,1.0067166,-1.0635467,-0.78835946,0.9238476,-0.51384795,1.0170557,1.0014378,-1.0546024,-0.10968913,-0.9611167,-0.93154263,1.0098209,-0.0889519,-0.7991057
101,-0.031466432,-0.0011749801,-1.0013833,-0.003528399,0.0025409209,0.0025740115,-0.26422533,0.24422081,-0.2386054,0.20336294,-0.26185188,0.25217572,-0.22656152,0.26302198,0.17900543,-0.2427716,-0.29405835,0.27652487,0.2769346,-0.2465428,0.086103424,0.24494323,-0.23738563,-0.17886579,0.12893835,-0.22120284,0.25436518,-0.24626061,-0.25675708,0.26929033,-0.0031191471,0.27342457,0.25299066,-0.27708474,-0.081988476,-0.26488292,-0.24555601,0.38549224,0.10230588,-0.100075185,0.004288243,-0.1287905,-0.6650193,-0.18059884,0.03618531,-0.7104369,0.2669443,-0.3299154,-0.20990478,-0.17365941,1.1284198,-0.35842106,0.10860514,0.94659394,3.3546882,-0.7102751,0.15696207,1.3693255,-0.4981215,0.019606944,0.07275435,0.14103201,0.91327125,-1.3502715,-1.3960029,0.5165179,0.04500766,-0.0005799917,-3.8288448,0.62274384,0.14287253,-0.8050375,2.1279302,1.5897955,-1.0456072,0.93557155,-1.0379245,0.97396225,-0.9623472,0.9323128,-1.0347335,0.96357137,0.413638,-0.9697348,-1.023516,1.0167074,0.9235414,-0.98613757,1.0795695,0.94098735,-0.9350275,-1.0776165,-0.99598324,-1.0178952,1.0217733,-0.95856446,-1.0290583,-0.2136016,-0.35356745,1.1050386,0.99103177,-1.0786352,-1.0816015,-1.0429429,-0.9495799,1.0105795,0.8313258,0.0031452486
102,-0.035574675,-0.0020448666,-0.9996269,-0.0023119003,0.00044723458,0.0016136067,-0.27227387,0.24526316,-0.2200171,0.20158862,-0.2579723,0.2499135,-0.230791,0.2574065,0.17423375,-0.24518898,-0.29414338,0.26003408,0.285577,-0.23900858,0.009601518,0.2431514,-0.22851527,-0.1719003,0.12856118,-0.21297678,0.25416192,-0.2362166,-0.26131922,0.27438778,0.07409345,0.24922366,0.25661615,-0.26746583,0.014282104,-0.26742557,-0.2488006,0.39533696,0.0728793,-0.107019156,0.19993728,0.117790595,0.33128408,0.058370285,0.19419982,0.41492936,-0.20972127,0.067972414,0.05753691,-0.115536824,-0.21146289,-0.36907426,0.33575818,0.23448773,-3.079848,-0.045289658,0.20438848,0.9217436,0.39441764,0.4062044,-0.11308906,0.28472704,-0.37905863,1.4232608,3.4264884,-0.6179913,-0.049437564,0.2509056,4.9092174,0.1743765,-0.044954762,0.5952492,-1.157115,0.090977505,-1.0587788,0.96477854,-1.0138834,1.0113523,-0.99456644,1.0091139,-1.0732206,0.97697645,0.46450335,-0.97795105,-1.0037278,0.98868024,0.9955149,-0.9962262,-0.91674376,0.97125065,-0.8833445,-1.0770203,-0.31832686,-0.90529567,1.0492078,-1.0009463,-1.0011398,0.89114505,0.8686972,0.96046066,0.9937351,-1.00282,1.0737553,-1.0067195,-0.9946736,1.0173867,0.06552448,-0.94656026
103,-0.04025574,0.0043449444,-0.99842596,-0.0014444926,-0.0017909191,-0.0021767914,-0.28697422,0.25175047,-0.21120988,0.20982255,-0.26473865,0.25627905,-0.22649015,0.25224096,0.16670224,-0.21910205,-0.30363443,0.27310246,0.29132825,-0.27778953,0.08409571,0.24429277,-0.23581961,-0.21017197,0.08198226,-0.21788734,0.24514405,-0.2518469,-0.23960117,0.32346758,-0.011279916,0.24433485,0.25422087,-0.26167372,-0.020572215,-0.2642608,-0.24459621,0.40074277,0.09251383,-0.08511703,-0.20554014,-0.13281785,0.5304489,0.18471631,-0.11738906,-0.16431865,0.36827788,-0.1731689,0.011597803,1.1692494,-0.36551335,0.3591618,0.21508679,-0.91636235,2.6188164,0.013888379,-0.18910706,-0.5014182,-3.8661723,-0.5945289,-0.14618638,-0.41538075,0.48269323,3.583295,-3.7537189,-0.1440306,-0.08720011,0.147149,-2.1269395,0.5342176,-0.11262954,-0.15145172,0.6786376,1.6411202,-1.0755371,0.98882055,-1.0284396,0.98532534,-1.1490993,1.0338836,-0.98803955,1.0251307,0.3770293,-0.6594439,-1.0033191,1.0553482,1.0058857,-1.1071523,0.40256855,0.98100924,-0.9438657,-0.9679502,-1.1459823,-1.1946614,0.985437,-1.0890982,0.54804283,0.9595688,-0.91347307,0.9602321,0.98442984,-1.0040672,-0.48392296,-0.9744907,-1.0152185,1.032828,0.49804726,-0.4173994
104,-0.038589846,0.009844086,-0.99998116,0.0005375051,-0.0036355488,0.00074234855,-0.28264204,0.24458857,-0.23363544,0.21155751,-0.270156,0.24163496,-0.22773586,0.25851685,0.16321471,-0.23554489,-0.27113387,0.27859753,0.3079402,-0.24900787,0.07120455,0.24371383,-0.24823889,-0.18146896,0.07409338,-0.21824102,0.24224469,-0.2452116,-0.25076467,0.25348997,0.076293536,0.24217337,0.24343494,-0.26471642,-0.04473061,-0.2626737,-0.24094355,0.41258147,0.10165648,-0.100823365,0.64817,0.18561248,-1.0820582,0.24542767,0.20144795,-0.34942153,-0.4045712,0.36851788,-0.3564779,-0.62093246,2.2410371,-0.053050064,0.67183083,0.86932874,0.67825043,0.036731496,-0.421447,3.314161,1.2422572,0.082819775,-0.12051312,0.012357913,-1.4156383,-1.7073036,3.445276,-0.25877282,-0.32650432,0.1542307,-1.0749515,0.43545604,0.20833348,0.5413102,0.43880638,-0.205267,-1.0350565,0.938998,-1.0244415,1.0138456,-1.0788672,1.0370347,-1.0693234,1.0491316,0.33312657,-1.0689485,-0.95197064,0.98801756,1.0386785,-1.0560877,0.47459972,0.9822146,-1.0009685,-1.0396094,-1.0119711,-0.9355283,0.98828244,-1.0714625,-0.99753463,-1.0249997,1.0211931,0.94673306,0.9185427,-1.023692,-0.36366343,-0.913715,-0.93110496,0.98238754,0.49578795,-0.99528736
105,-0.045330867,0.0014789832,-0.9999177,-0.0046880087,-0.003056709,-0.0006151833,-0.27263653,0.24117558,-0.21542193,0.2086372,-0.26107994,0.24771982,-0.23026669,0.26379123,0.16819718,-0.22530767,-0.2670704,0.27161038,0.295746,-0.25468975,0.03648491,0.24706915,-0.2510072,-0.16695908,0.040666837,-0.21857359,0.24134846,-0.25191337,-0.2392764,0.2805583,0.10635507,0.23921816,0.24901588,-0.26642472,0.043745384,-0.2752239,-0.24759045,0.41856372,0.09923655,-0.073557,0.28073198,-0.3642876,0.7219236,-0.16605245,0.28950992,0.22919002,0.07074594,0.2266734,0.2895381,0.4038451,-0.70465547,-0.28726324,-0.2097797,-0.17941278,-2.4310963,-0.026627168,0.04345951,1.936205,-2.235377,-0.14007095,-0.00070641586,-0.2083839,-0.003122197,2.4040499,1.4952127,0.17755057,0.0034661219,-0.16227199,4.143448,-0.36739808,-0.10390515,-0.030327551,-0.15960051,1.4593223,-0.9990049,0.9359134,-0.9864306,1.0044513,-1.0517994,1.0201738,-0.94506717,0.97914875,0.3644485,-0.83108175,-0.95473707,0.9717689,0.93798333,-1.0123924,-0.9432539,0.9775067,-0.9775512,-1.0702393,-0.9483146,-1.0307207,0.9797987,-1.0886886,-0.09958962,0.8706225,0.6095932,0.95977664,0.9654137,-1.0856835,1.0076495,-1.0859016,-1.0092683,0.9739072,0.36479247,-0.3435331
106,-0.04527552,0.0044189305,-0.99873906,-0.0024540091,-0.0012181909,-0.00039746545,-0.29048368,0.25198555,-0.23283446,0.20992583,-0.2731186,0.25171477,-0.22888592,0.26620835,0.1601774,-0.22993872,-0.26150364,0.26487166,0.3107701,-0.25485078,0.116379425,0.23882514,-0.24920277,-0.15940648,0.04133442,-0.22859006,0.24964309,-0.2484011,-0.2678127,0.28341645,0.018233165,0.24716523,0.24882293,-0.26293132,0.019863222,-0.27471733,-0.24742143,0.40839157,0.13556094,-0.085756026,0.26154858,0.124421716,-0.7309004,-0.066019185,0.15661865,0.10443206,-0.043116402,-0.09683901,-0.20774241,-0.11378529,0.36466503,-0.32545575,0.51505893,0.12365099,3.475623,-0.18511942,-0.034083255,1.7062738,1.6515318,-0.48149952,0.10444545,0.2699002,-1.2558538,-0.4661395,-4.0023437,0.25748035,0.1517466,0.16046596,-1.20675,0.25840676,-0.030164437,-0.5366181,1.5011013,-0.021339139,-1.1046884,1.0490617,-1.086907,0.93317354,-1.0421286,1.0061134,-0.98670024,0.9703915,0.23480716,-0.95319426,-1.1068498,0.9369057,0.9906962,-1.0641242,1.0004128,0.9415444,-0.981535,-1.0080918,-0.45540488,-1.0875499,1.0003352,-1.0231732,-0.972557,0.99535984,-0.7325134,1.0094577,1.0008826,-1.0162152,-0.116276555,-0.95378464,-0.9901915,0.9547311,0.83663833,-0.7253401
107,-0.04559424,0.0022509051,-0.9946198,-0.00018620766,0.0014409663,0.0015965312,-0.27564985,0.23963915,-0.23464155,0.21353847,-0.26573884,0.2597214,-0.23074165,0.26369274,0.16653964,-0.236139,-0.26040733,0.26250795,0.30729517,-0.24550022,0.063884094,0.25238493,-0.24980886,-0.14271487,0.021163393,-0.2283816,0.23995586,-0.24096218,-0.2618917,0.2881131,0.10450803,0.25961554,0.25146347,-0.26162547,-0.022343196,-0.27631667,-0.24512771,0.40685302,0.105879456,-0.10664884,0.15393378,-0.61653256,-0.12552288,0.16998453,0.03459,-0.023698315,-0.13109225,0.06955928,0.16802278,-0.087626554,0.4562287,-0.1257626,-0.16636702,0.2043695,-1.4715048,0.3397048,-0.15032102,1.842163,-0.69551754,0.09912211,-0.24261391,0.3572465,-0.19850895,0.5983397,3.645295,0.2478008,-0.06270419,-0.11081799,-1.7985907,0.44911018,0.048294205,-0.09605583,-1.1596392,-0.6902338,-1.059483,0.9508916,-0.92554164,1.0235258,-0.9811873,1.019554,-0.95948833,1.0495613,0.43507138,-0.9556375,-0.90842265,0.9686105,1.0143844,-1.0085361,-0.088951714,1.0331136,-0.9992383,-0.98663884,-1.0130383,-0.9577459,0.94855344,-0.9592041,-1.0657336,1.042192,1.070225,1.0425148,0.95077646,-1.0648255,-0.4216874,-1.0549855,-0.9677505,1.0159212,0.20098221,-0.6772304
108,-0.041602645,0.0013705568,-0.99909186,0.0022330051,-0.0019781487,0.0032412342,-0.27824533,0.2490653,-0.20112017,0.2156988,-0.27265257,0.26132944,-0.2343005,0.26637617,0.1734526,-0.24098209,-0.29049954,0.2582217,0.30257612,-0.25275207,0.06753831,0.2423739,-0.24850687,-0.15615441,0.060194504,-0.22827148,0.25044498,-0.2361155,-0.30452183,0.29083103,0.017320255,0.23761661,0.2550427,-0.2620931,0.057426725,-0.28327462,-0.2491777,0.40710083,0.121482015,-0.10570962,0.27545235,0.19545011,1.1512979,-0.117015205,-0.025851028,0.10159568,-0.11713062,0.2082868,0.19973041,-0.46227598,-2.3862355,-0.19171126,-0.045158815,-0.05788422,-1.8245915,-0.13931186,0.11176265,1.1526214,3.5213218,-0.13654162,0.4357866,-0.1484112,-2.4680188,-0.5203262,-3.4341815,-0.4797741,0.12347008,0.0020088786,3.609803,-0.099576175,-0.20624284,0.033927944,0.53760767,0.7975285,-1.0277557,1.0367812,-0.99323237,0.91357476,-1.0748214,1.0018004,-1.0242746,1.0454873,0.4197098,-0.892795,-0.9653275,1.0608625,0.99709445,-0.97793245,-0.7782909,0.96800923,-0.9905433,-1.0427111,0.25879416,-1.0988755,1.0600164,-1.0336487,-0.9717117,0.9105418,-0.83935165,0.93621415,1.0292885,-1.008474,0.9785296,-0.9746451,-1.0428251,0.99793553,0.5907605,-0.7795078
109,-0.043785233,0.004308991,-1.0012999,5.714057e-05,-0.0018964492,0.0018713688,-0.27122054,0.24590081,-0.23462823,0.20956735,-0.26565576,0.2613312,-0.23251821,0.2670839,0.17741233,-0.23379496,-0.27993813,0.26361844,0.30887675,-0.2614285,0.09184289,0.25778118,-0.24441311,-0.1851023,0.08931981,-0.23072213,0.2352897,-0.23554578,-0.26937938,0.2838941,0.027664198,0.24784698,0.24483304,-0.26874876,-0.038209002,-0.27312544,-0.25070637,0.41112924,0.08595055,-0.13545063,-0.18780571,-0.32654417,-1.4126021,-0.287954,0.16514395,-0.4179075,-0.24763146,-0.072682634,-0.02812947,0.39016137,1.4407258,0.33791834,0.0037064832,-0.27831802,2.8421028,0.3042029,0.07863277,-0.14805447,-0.79954255,0.081374295,-0.4501323,0.13509502,1.1196793,-0.23825055,0.079532936,0.0128707625,-0.402407,-0.10390631,-4.4416847,0.8739595,-0.06750395,-0.66008997,-1.4449023,-1.2046965,-1.0325063,0.9643889,-1.1186652,0.99077636,-0.9579801,0.96563447,-1.0832148,1.0598481,0.39497134,-0.7563386,-0.9301444,1.0510839,1.00138,-0.9844863,1.0746672,1.0510079,-0.9648883,-1.1901373,0.09539291,-0.99437135,0.92477095,-0.97065395,-0.2697287,0.9420315,0.06718042,0.9834892,0.9203335,-1.0724409,-0.9909884,-0.99913996,-1.0194641,1.0629542,0.053128365,-0.897673
110,-0.04080243,0.0064175264,-1.0013325,-0.00011162257,-0.0012279876,-0.0026346818,-0.2718107,0.23263277,-0.24716112,0.21172895,-0.27311322,0.24668576,-0.23429275,0.26841968,0.17225407,-0.24369858,-0.27048534,0.26530522,0.3158378,-0.24479255,0.06579511,0.26687682,-0.24162944,-0.18320431,0.084575504,-0.22790952,0.24705808,-0.22925009,-0.29186258,0.25725266,0.10694188,0.2371766,0.2458998,-0.26150185,0.035243437,-0.27021608,-0.24467105,0.41244707,0.083704874,-0.1407168,0.114856504,-0.22327633,-0.45980334,0.19728152,-0.29262364,-0.28810513,-0.070365846,0.41012406,-0.25911123,-0.38673085,0.32962352,-0.12494087,0.40599608,0.56235325,-1.2381753,0.24794279,0.032303326,1.9882075,0.67999095,0.17103896,0.22617537,0.08629798,-2.199371,-0.48881006,3.4097183,-0.13155031,0.06418258,0.2659334,3.400651,0.57264376,0.28609464,0.17682819,-0.1053861,0.35448802,-1.010361,0.92452574,-1.0410105,1.0859017,-1.0463692,0.9745941,-0.9437238,1.0035853,0.34328148,-1.0460919,-1.0475938,1.0327353,1.038765,-1.0116512,-0.16066872,1.0636613,-0.94723594,-1.0804405,-0.24026401,-0.91777956,1.0009385,-0.978761,-0.9832225,0.51368016,1.0577041,0.95674634,0.9560047,-0.9904418,0.8384367,-0.8530445,-0.91885173,0.9418251,0.31092787,-0.86277604
111,-0.044094764,0.009384442,-1.0046068,0.00040872057,-0.00125134,-0.00017066638,-0.2797792,0.25357932,-0.22279625,0.21659987,-0.27531022,0.24055542,-0.23987652,0.27174196,0.18383715,-0.2381502,-0.2947089,0.27050328,0.29884544,-0.25499126,0.076555885,0.25948066,-0.25165468,-0.20387606,0.07266884,-0.21305634,0.24730048,-0.24061005,-0.2542353,0.25300318,0.045983836,0.2338795,0.25295937,-0.26738822,0.061471317,-0.27136883,-0.24896555,0.40262038,0.09442004,-0.120666966,-0.7513758,0.376876,0.9614691,0.1566929,-0.06522794,-0.29467443,0.061254654,-0.30482134,0.27845523,0.42071006,-1.500536,0.21201417,-0.6204658,-0.047125503,-0.7132556,-0.17877589,-0.27927375,0.49478683,-1.3554296,0.31346872,0.12034337,-0.48698202,1.3884459,-0.17539105,-2.726359,0.07269733,0.22099663,-0.15905552,1.162585,0.23896363,-0.22856312,-0.64320254,0.47130933,1.2099636,-1.0715952,1.0438064,-1.0386997,1.0751195,-1.0593332,0.8886282,-1.0269712,0.9661219,0.45627385,-0.7710331,-0.9962521,1.0514476,0.9549055,-0.95353144,-0.45179003,1.0200497,-1.006862,-0.9562384,-0.46426803,-0.9667143,0.997528,-1.0610986,0.21131894,0.9666516,-0.57096696,0.9429301,1.0133116,-1.056786,0.50440925,-0.97713625,-1.0458747,1.051094,0.4780184,-0.60063595
112,-0.038057536,0.013070527,-0.9979252,0.0024416014,-0.0019899781,0.0015803631,-0.28594765,0.24755363,-0.24529806,0.2186277,-0.27088633,0.23890169,-0.23361936,0.27084428,0.17482789,-0.25092566,-0.26293314,0.27075574,0.30880085,-0.23119849,0.08932675,0.23677072,-0.24643835,-0.18982464,0.071556434,-0.22414716,0.25248343,-0.24091335,-0.2578716,0.21084799,0.06942281,0.2668931,0.25353155,-0.26965797,-0.03520153,-0.26075456,-0.24920452,0.3990458,0.10047468,-0.13978544,-0.21470463,-0.0009278228,-0.9455546,0.17042655,0.13359778,-0.007008445,-0.06286118,-0.10608845,-0.5109041,-0.4196444,2.0488863,0.012166603,0.50904596,0.739965,1.9929163,-0.6930398,0.046341024,3.0241644,0.91965735,-0.5865114,0.2426534,-0.113782555,-1.1995559,-1.4110371,0.7153345,0.79739505,-0.0042336355,0.02895496,-4.3565764,0.7159831,-0.0031215625,-0.2721491,0.10917314,-0.70613444,-1.0809238,0.9868384,-0.9705541,1.1006445,-0.9805577,0.9568336,-1.0302336,1.0338801,0.34399322,-1.0491508,-1.0234717,0.98315006,1.0083874,-0.9357982,0.9985721,0.90704477,-0.95323884,-1.0194092,-0.40443346,-1.0761961,1.022826,-1.0229987,-1.0687813,0.02856704,0.4507245,1.0960985,0.96730024,-1.0692942,-0.96653867,-0.9552134,-0.9988689,1.028015,0.4205193,-0.95846885
113,-0.03943393,0.0040558055,-1.0010012,-0.00035671215,-0.0027762759,-0.0011768421,-0.26537368,0.25893924,-0.23000126,0.21482028,-0.2712937,0.25174105,-0.2363496,0.2709598,0.16824421,-0.25475195,-0.26091197,0.27376866,0.3147099,-0.22180197,0.035976034,0.24154069,-0.24914514,-0.14145756,0.04949163,-0.22873756,0.24375936,-0.26059917,-0.30397308,0.22930978,0.13362251,0.24711742,0.24761586,-0.26101762,0.04794568,-0.2704895,-0.2528682,0.40314674,0.097904414,-0.121350035,0.63749063,0.119599074,0.56188977,-0.21261173,0.08364999,0.43732572,0.2560943,0.10600463,-0.3985229,0.0829083,-0.60846794,-0.0015243114,0.20844075,0.4584408,-2.9423652,0.27576673,-0.15215196,4.335498,-0.84840107,-0.061319653,-0.18026002,-0.6089586,-2.94733,1.5130657,2.9813845,-0.34898683,-0.14646348,0.1675978,3.8308325,0.12794927,-0.21161525,-0.17884803,-0.20679958,0.96692896,-0.9701888,1.0482543,-0.9721356,1.0202205,-1.038653,1.027871,-0.88124114,1.0457435,0.3137085,-0.9488658,-0.98244786,1.0325375,1.0091609,-0.8433875,-0.8218465,0.99966794,-0.97225136,-0.92651916,-0.66344815,-0.99663115,0.97546846,-1.1368024,-1.1266252,0.88768196,1.0268126,0.97076654,0.949861,-1.0016204,0.94790405,-1.0212078,-1.0622137,0.89931786,0.34104225,-0.5299227
114,-0.038829744,0.005451351,-0.9962164,0.0025330905,-0.0028960635,0.0013264259,-0.28046083,0.26567978,-0.23444377,0.21615198,-0.26313862,0.2554348,-0.23602827,0.26708066,0.18001586,-0.23942769,-0.26576018,0.27107513,0.31717002,-0.23519485,0.113530084,0.2439753,-0.24098402,-0.17846604,0.02865752,-0.2212278,0.23595014,-0.26857433,-0.2482277,0.2410658,0.021459583,0.24591094,0.24816644,-0.26123044,0.05794055,-0.26901397,-0.24399947,0.40458182,0.14352337,-0.11227474,-0.776513,-0.17968568,0.45302498,0.039378155,0.18081059,-0.28181538,0.0513294,-0.07842116,0.20245178,0.56810623,-0.12388373,-0.19389205,-0.23370662,-0.33503926,3.2153907,-0.096931875,0.03542471,-0.028845996,-1.4277232,0.13411465,-0.21241215,0.12888087,1.3659695,-0.4536117,-4.9289274,0.007360467,-0.14275555,0.050642725,0.48947278,0.67861176,0.3591317,-0.29366007,1.8877596,0.6920748,-1.0324638,1.0747188,-1.0363475,1.0521144,-1.0605295,1.0097718,-1.0768789,1.0429386,0.38900843,-0.95738715,-0.99973863,1.0065564,1.0267265,-1.0359168,0.72337055,0.9666958,-0.93073696,-0.96891624,-0.94750637,-1.0046617,0.92864925,-1.0614008,1.0002791,0.9881831,-0.9777613,0.9928569,0.9328615,-1.0330284,0.35520545,-0.975017,-0.91080886,0.97702974,0.9475297,-0.26632902
115,-0.04353728,0.0091231465,-0.998786,0.0006725256,0.0004845639,0.00018684566,-0.28210378,0.2553281,-0.22194752,0.2163756,-0.26987815,0.24986862,-0.23432514,0.26437646,0.16898999,-0.23967838,-0.26733592,0.26868063,0.324249,-0.23802677,0.053538162,0.25374272,-0.24752295,-0.147297,0.008683867,-0.22668356,0.23433307,-0.25139377,-0.28092098,0.24241202,0.10240287,0.24589194,0.24606824,-0.26512024,0.008133151,-0.26301482,-0.24614489,0.39284354,0.10904304,-0.14041302,0.18243702,-0.18241714,-0.09743023,-0.10202705,-0.35356423,-0.027237413,0.027612908,-0.0872529,-0.43457764,-0.07560591,0.1386173,-0.12163795,0.31814414,0.2029835,-2.0309856,0.3663061,-0.29506582,3.5765755,0.39656493,0.026247459,0.01844763,0.57972634,-3.1030898,0.0581556,3.4750607,-0.4691357,-0.08428345,0.009702872,-2.6025374,0.17187244,0.11939291,-0.40105328,-1.3531661,-0.9173312,-1.0273867,1.0463043,-0.9196757,0.9703387,-1.0628159,0.99872285,-0.96949565,1.049307,0.24851422,-1.0787926,-1.043979,0.9848602,1.0086799,-1.0342022,-0.29009196,1.0483304,-0.98667514,-1.0274591,-0.980538,-0.9660294,0.96167856,-1.0118724,-0.9298468,0.98959416,1.0460758,0.93981886,0.9471823,-1.0340786,-0.46138495,-1.0488935,-0.946682,0.9916644,0.16715433,-0.9821256
116,-0.043707795,0.006968235,-1.002054,0.0004817365,-0.003356411,-0.0024992835,-0.27207735,0.24424158,-0.23344652,0.21481103,-0.26576734,0.25058076,-0.22708774,0.2680544,0.177013,-0.2466515,-0.26464987,0.25871447,0.3146174,-0.23222359,0.10092399,0.24639553,-0.24803686,-0.15505782,0.030834334,-0.21826237,0.23771575,-0.24780422,-0.27216247,0.24587423,0.043378595,0.23980427,0.2458541,-0.2621873,0.07970424,-0.27949333,-0.24086104,0.3992422,0.1327617,-0.1205614,-0.06705556,-0.14917679,-0.16381449,-0.07564829,0.0067950366,0.076670825,0.18571384,0.2627669,0.39436367,-0.4131845,-0.025334354,-0.45231405,-0.27779,0.068420686,1.4203833,-0.22426347,-0.0041423207,0.99263906,1.6406915,-0.08953382,-0.08995363,0.10396554,-1.0215529,0.21615681,-2.6572282,0.26836732,0.0034012438,0.06853577,3.7275,-0.29311758,0.021218076,0.31220233,0.9383412,1.2380041,-0.9936155,0.9834713,-1.0922018,1.0096992,-1.0402329,1.0120683,-0.95354366,0.9926664,0.34989384,-1.0769706,-0.9751372,1.0562844,0.9836043,-0.99146503,0.36264327,0.9681971,-0.9776549,-0.99321645,-0.21318172,-1.0121436,0.9523754,-1.0150937,0.013000355,0.92867976,-0.44005707,0.9931927,0.96649885,-1.0244828,1.0998764,-1.0382382,-0.96399134,0.99780566,0.7183956,-0.31707114
117,-0.03953997,0.006865347,-0.997114,-0.0045595556,-0.0013877797,-0.003558992,-0.26415566,0.24927409,-0.25163314,0.21368836,-0.2650106,0.26016358,-0.22836502,0.2670202,0.18192776,-0.2483214,-0.2496356,0.26448902,0.30552498,-0.23790865,0.08669186,0.24245444,-0.23668024,-0.1428258,0.02711219,-0.21877635,0.23183177,-0.2458499,-0.2773602,0.26585495,0.099975936,0.24587637,0.24425425,-0.26258668,0.0036294376,-0.2801523,-0.24076672,0.40465903,0.11492267,-0.13895258,0.09778284,-0.020417117,-0.7062911,0.0059641423,-0.009182997,0.1717354,0.01683992,-0.34209675,-0.01092396,0.1415747,0.8958792,0.15226197,-0.2607689,-0.10500797,0.069606125,-0.12609443,0.14465307,2.6676247,-0.5901668,0.043983288,0.0047485256,0.08233144,-0.87497103,1.0349705,2.4679244,-0.07283363,-0.16810274,0.03573784,-3.9428144,0.42402378,0.038432572,-0.0712665,-0.7339438,-0.2213632,-0.9854,0.9893209,-1.0493182,1.0292115,-0.96139425,0.9993586,-0.9364887,0.97557455,0.4001772,-0.8867663,-1.0252591,0.98324835,0.9696291,-0.91782176,0.34274808,0.9758142,-0.9140225,-0.97253734,-0.24596973,-0.94009745,0.93947935,-1.0458016,-0.9002731,1.0084518,0.89390457,0.97996,0.9362586,-1.0391718,-0.73411006,-1.0176553,-0.9549533,1.0072653,0.3151523,-0.9713489
118,-0.045208696,0.0035531237,-1.0029855,-0.0010210702,0.00072374276,-0.0023205273,-0.26431566,0.24760155,-0.23529293,0.2103326,-0.27086908,0.2613464,-0.2324245,0.2744509,0.18851759,-0.24744321,-0.2623651,0.25819752,0.30139786,-0.2512242,0.06414415,0.25260153,-0.24568948,-0.14036846,0.07522305,-0.21549392,0.22428124,-0.24797343,-0.29575464,0.2540326,0.09904189,0.24491951,0.24197678,-0.26136687,0.07052793,-0.2821434,-0.24377798,0.4033174,0.14179385,-0.14315836,-0.009898337,0.059069168,0.44901282,-0.16115926,0.08384275,0.11417227,0.12100722,0.31253532,0.035922915,-0.15126891,-0.9918007,0.0009149107,-0.30609268,-0.23039643,-1.6159624,0.14554194,-0.22429702,1.7998973,1.671942,0.3940747,-0.10538717,-0.16863371,-1.3385911,-0.59216464,-0.102677114,0.14729172,-0.071898244,0.08896712,3.3619995,0.108776204,-0.12365449,-0.08877787,1.1569874,0.049385913,-0.9907306,0.9597729,-0.9920164,1.005202,-0.9649218,0.9481809,-0.88760144,1.0388029,0.44185847,-0.82537144,-1.0150019,1.1049402,0.96542007,-0.9153722,-0.40774104,0.9995677,-0.98707885,-0.9297639,1.0984936,-0.84700346,0.9363725,-1.0663551,-1.0315418,1.0190605,0.2533954,0.99828446,0.9564576,-0.9982597,0.98156816,-0.95469725,-1.0065447,1.0880146,0.7998105,-1.0035622
119,-0.034645565,0.0014121264,-0.9997078,0.000291127,0.00093361584,0.004376398,-0.27526677,0.2562545,-0.23936154,0.20642698,-0.27154997,0.26022896,-0.23101324,0.26737884,0.19326766,-0.22946583,-0.26184508,0.2599482,0.28954896,-0.28697896,0.12149369,0.25254834,-0.24905427,-0.1574991,0.13009836,-0.21059957,0.22927417,-0.23567778,-0.30601192,0.26499555,0.023775505,0.23843367,0.24304709,-0.2658325,0.038512096,-0.26796344,-0.23660229,0.38449395,0.13756944,-0.17712672,-0.40096542,0.30758366,0.18797834,-0.3442696,-0.075635254,-0.007335022,0.12601097,-0.17339617,0.17479165,0.68618906,-0.07395719,-0.11686294,-0.52377355,-0.9436617,2.45081,0.07727426,-0.15917763,-0.9335261,0.58081526,-0.124373294,-0.087076046,0.4932237,-0.016885646,1.6860044,-3.2569997,-0.30429178,0.11849574,-0.29805273,-1.6691062,0.8679845,0.089534186,-1.440264,-0.24367075,-0.8380125,-1.1022134,0.9970969,-1.0176454,0.9626576,-1.0310805,0.97526634,-0.97281325,1.0273892,0.5949986,-0.5515558,-1.0142354,0.962617,1.0027943,-0.98526996,0.7723639,1.012973,-0.9977714,-1.0808266,1.0002048,-0.981462,0.91473585,-0.9406633,-1.0677205,0.91300625,-0.62374187,0.9419055,0.974753,-1.1112704,-0.1501428,-0.9381282,-0.94681495,1.0010881,0.49872583,-1.0194083
120,-0.030913811,-0.00010217918,-0.99605805,0.0017513281,-2.5718022e-05,0.0005333633,-0.27012953,0.26207066,-0.21616064,0.20441939,-0.2690371,0.2641206,-0.22565478,0.26824272,0.19193423,-0.22341508,-0.2919447,0.25960475,0.2933407,-0.29517397,0.04160782,0.24989298,-0.24986722,-0.17478707,0.16484141,-0.21279374,0.22316186,-0.23378165,-0.31847003,0.2645669,0.083384275,0.2406525,0.2537127,-0.26032743,0.038930867,-0.26569083,-0.24229401,0.3543235,0.10701403,-0.1824814,0.2811701,0.20127867,0.7001657,-0.24843544,0.102747895,0.00990463,0.01322214,-0.050765034,-0.24209951,0.12428092,-1.0558652,-0.24068838,0.1567944,-0.09652865,-3.6969342,-0.14574172,-0.06940065,1.2394806,0.9626475,0.021599952,-0.21437064,-0.059935298,-1.4162099,1.0295641,2.6212654,0.08827046,0.33592364,0.009973427,0.1323002,0.32618237,-0.07340368,-1.0567741,-1.2615991,0.4333724,-1.0035032,1.0099155,-0.9896481,1.0135171,-1.047271,1.0213431,-1.0503836,1.0184501,0.53604704,-0.6291855,-1.0586225,0.9461262,1.0466394,-1.0060834,-1.0020692,0.97972035,-1.0082301,-0.99709797,0.41800022,-1.024705,0.90139776,-0.999552,-1.0204304,0.38898575,0.690933,0.96957123,1.01569,-1.0317144,0.21081406,-1.0292485,-0.99301624,0.95944166,0.17186512,-1.0254661
121,-0.026877837,0.0017476339,-0.9962674,-0.0010272133,-0.00015875409,0.0019198187,-0.26641822,0.25661832,-0.2263768,0.20534413,-0.270182,0.26386973,-0.21951003,0.26530316,0.18302147,-0.22940141,-0.28978497,0.25541577,0.30442855,-0.2744884,0.109637186,0.21784264,-0.24827142,-0.18162405,0.14843784,-0.2048424,0.23470035,-0.2489324,-0.32558438,0.27559298,-0.0034607798,0.23750937,0.25573167,-0.25950733,-0.016251862,-0.2605667,-0.24573869,0.34921357,0.11515068,-0.14071245,0.03048921,-0.3573144,0.10830986,0.030709453,0.13119389,-0.05336741,0.3074904,-0.28760508,-0.40369838,0.03937002,0.1339656,-0.14335817,0.3473352,0.71160424,3.142248,-0.8316834,0.026217777,1.9245268,-1.5297871,0.078365214,0.4796366,-0.59595454,-0.15462223,1.1611315,-3.923676,-0.09888279,0.040985156,0.36437574,-2.4761777,0.7504744,-0.08111036,-0.38973895,0.11298451,2.235064,-1.0070566,0.98222023,-0.93532073,1.0619695,-0.972044,0.9820661,-0.9245678,0.96652865,0.40563166,-0.79690206,-1.0136441,0.92955476,1.0328025,-1.0082495,0.94210386,0.8198578,-0.9852445,-1.0340949,-0.790593,-0.93980414,0.9622084,-1.0679735,-1.0413544,0.79039234,-0.8916961,0.9407914,0.99767774,-0.9412166,-0.5186754,-0.95007575,-0.99937904,0.9756336,0.4618465,-0.28372434
122,-0.02944769,0.00019064877,-1.0029275,0.0014119736,-0.0018186806,0.000512243,-0.27814648,0.2545148,-0.20758522,0.20497343,-0.2714455,0.26749676,-0.21420807,0.25884968,0.17445876,-0.24333595,-0.29220408,0.24405448,0.30504403,-0.24406564,0.031898495,0.23078637,-0.24042274,-0.15697046,0.10919449,-0.20536661,0.2587929,-0.2352507,-0.34136415,0.29219836,0.08263036,0.23077554,0.2598268,-0.2592813,0.030613715,-0.2526156,-0.24148598,0.34927782,0.10192046,-0.15273532,-0.11501889,-0.2778102,0.16261391,0.08894761,0.1068819,0.21155506,0.32122168,0.18315992,-0.08029576,-0.36117902,-0.16443755,-0.1695347,-0.030927582,0.9971579,-3.1183064,0.39818302,0.14861012,2.1107628,-0.8990913,0.09356392,0.8839936,0.28045344,-0.86048037,1.253936,3.8933754,-0.03421392,-0.03781379,-0.15116687,2.2760963,0.41543698,0.0674987,0.28512874,-0.291259,-0.6730504,-1.0887383,0.98199445,-0.98070556,1.0134913,-1.0555254,1.082714,-0.92238986,1.0471385,0.40309992,-0.98212934,-1.067075,0.9778018,1.0097342,-0.93658787,-0.7820124,0.94166607,-0.9354792,-0.94429487,-0.6812761,-0.9420061,1.1112539,-0.96288407,-1.0063088,0.9938254,1.0254867,0.92102563,0.9990963,-1.0627664,0.5947016,-0.93496114,-0.9613114,0.959414,0.35516426,-0.9424802
123,-0.028907811,0.0058697085,-0.99843085,-0.00035525474,-0.001267632,-0.0030612575,-0.27231297,0.2495189,-0.20788409,0.21036625,-0.25674966,0.26150125,-0.20628007,0.26286796,0.17464876,-0.23598774,-0.290093,0.24778903,0.32474014,-0.24042875,0.09411551,0.24831949,-0.24975997,-0.20932613,0.07505227,-0.19915041,0.2609056,-0.2424465,-0.26074743,0.27771884,-0.004805779,0.24442457,0.26207873,-0.26698747,0.055000376,-0.25248173,-0.2366653,0.34993246,0.11779188,-0.13477223,-0.47845694,-0.049436286,0.5164493,-0.0050410945,0.41146418,-0.49345317,0.4160826,0.08067242,-0.2071376,0.3767092,-0.089824624,0.038882535,0.3533598,0.295692,2.2538059,0.5112565,-0.2724921,0.12329792,-2.2910478,0.044736467,-0.12012751,-0.21422179,2.2721307,-1.3942281,-3.913984,0.52353424,0.07203374,-0.123548746,0.8496975,0.19200051,0.23755407,-0.6803667,0.5976581,0.77695376,-0.99987686,1.0088692,-0.9333483,0.97211176,-0.9542771,0.98543495,-0.8919121,1.0186434,0.28297922,-0.8730458,-1.0062107,1.0671552,1.0496689,-0.9307671,0.46623573,1.0242,-1.0064669,-1.0319971,-0.66129816,-0.970021,1.0222962,-0.98679936,1.0759467,0.9395765,-0.89344186,1.012601,1.0412672,-1.0764384,0.38670224,-0.9550613,-0.9040536,1.0106319,0.59066427,-0.19681768
124,-0.03264064,0.013352029,-1.0005234,-0.0011140136,-0.0013908435,-0.00042885056,-0.27723235,0.23836093,-0.2311614,0.2015771,-0.27325618,0.24249811,-0.19878268,0.26057565,0.16880283,-0.2344021,-0.2603416,0.25949207,0.30750903,-0.23128827,0.11167073,0.23979928,-0.24131835,-0.16136058,0.034924928,-0.20257686,0.25590524,-0.24400485,-0.28798047,0.24398987,0.07842927,0.23991957,0.24689221,-0.26328763,-0.0077733244,-0.24858333,-0.2357129,0.35435373,0.1065035,-0.15709761,-0.023482358,-0.23798469,-1.0839233,-0.27507144,-0.56365925,-0.5613492,-0.0027118786,-0.14172319,-0.30020353,0.2268869,2.208706,0.39075732,-0.43356007,0.31700695,2.1566768,-0.1587024,0.020304691,3.931962,-1.3798919,-0.21877688,0.08182479,0.20966098,-2.7163596,-0.54079276,3.1065712,-0.6172349,-0.62408614,0.29975158,-2.8960402,0.5298067,-0.024860851,0.038263224,-0.51766807,-0.65609133,-1.0263722,0.94126654,-1.0477552,0.97317886,-1.0632867,0.95667994,-0.94477373,1.0391357,0.31341356,-1.0127252,-1.0585189,0.9851174,0.93589777,-0.986713,0.9259144,0.97154003,-0.94550455,-0.91942394,-1.0272654,-0.9520636,1.0428973,-1.00289,-0.96804625,0.44221985,0.9886516,0.9081061,0.8878838,-1.0020871,-0.58662397,-1.0288099,-0.9556686,0.97341985,0.32372907,-0.9460062
125,-0.034660816,0.0018264834,-1.0036923,-0.00032502264,0.0011880212,0.0028256052,-0.279383,0.245627,-0.21151277,0.20007227,-0.25129324,0.25606316,-0.20760746,0.2674109,0.18775941,-0.24721906,-0.25429124,0.25964996,0.29701528,-0.23535153,0.07578545,0.26823103,-0.24838394,-0.193177,0.078006424,-0.21050921,0.23274927,-0.25196698,-0.2189199,0.2391677,0.09620622,0.23527586,0.2497124,-0.25621402,0.059718076,-0.26241848,-0.23809096,0.35667792,0.14247118,-0.1547678,-0.5892309,0.36804768,0.6902199,0.23680447,0.6611611,0.4092987,-0.3438783,0.3685052,0.6064077,-0.52839535,-0.6073976,-0.22811346,-0.2778164,0.010534894,-2.821504,0.7209854,-0.1660975,-0.8661423,2.9854906,-0.091684,-0.8381875,-0.30207443,1.6126554,-0.8796709,0.96362895,0.27104995,0.28432354,0.29316285,3.4551706,-0.35127285,-0.008254572,0.39372045,1.5828602,0.3946842,-1.053034,0.9944935,-1.0739884,1.0124753,-0.9694324,1.0155195,-1.0321096,0.99360555,0.5378064,-1.0165704,-1.0230305,1.0238612,1.0220102,-0.9648498,-0.9699331,1.1145972,-0.9879245,-1.002715,0.4548977,-0.970372,0.89447385,-1.0742861,0.7172442,0.95169294,0.5123989,0.97723985,1.0079077,-0.9580873,0.9504289,-0.97293156,-0.958881,1.0441617,0.8959888,-0.7174696
126,-0.033560794,0.0073694065,-0.99833643,-0.002451018,-0.0013359847,-2.0042819e-05,-0.28704497,0.26685885,-0.23030537,0.21125351,-0.26279512,0.25554112,-0.20741434,0.26907948,0.17647536,-0.23331103,-0.24142154,0.2661703,0.30975077,-0.23976897,0.14177556,0.24129727,-0.26237953,-0.17602694,0.05447272,-0.2068419,0.24138094,-0.26514682,-0.26298243,0.22407335,0.054582093,0.24669446,0.24972928,-0.25120983,-0.040064882,-0.25512,-0.24255303,0.35663158,0.076016985,-0.11941405,0.27550074,0.5494874,-0.5177371,0.19925041,-0.39191496,-0.14803421,-0.15023042,-0.19144654,-0.7209363,0.7425777,0.9789194,0.1563873,0.47841787,-0.3718946,3.5079033,-0.83477575,-0.44899085,4.43393,-2.1017275,-0.2268692,0.43856382,-0.42926517,-2.5951931,1.636251,-2.0318112,0.16388506,0.02635208,0.092586,-4.845894,0.5170949,-0.23716658,-0.6212462,-2.9008157,1.9694344,-1.0446472,1.0555702,-1.0772415,1.0883222,-1.0256479,1.0377549,-1.0291239,1.0040478,0.19548793,-0.730271,-0.9802654,1.0046915,0.92206746,-0.90812856,1.0122079,0.9191947,-1.0632453,-1.1267041,-1.0928216,-1.031864,0.99486476,-1.1147614,-1.0707399,-0.17683843,-0.21211153,0.9945596,0.9902084,-0.9714482,-1.0854369,-0.9575151,-1.0195312,1.0100306,-0.28210744,-0.20354006
127,-0.034886833,0.0016680774,-1.0018034,-0.0017876592,-0.0030325896,-0.0009265606,-0.27551466,0.24907646,-0.21181493,0.2101149,-0.26038635,0.24983035,-0.21299766,0.27262968,0.17701814,-0.24397433,-0.24912228,0.2516587,0.31238955,-0.24061865,0.06366132,0.24519762,-0.23939675,-0.1534725,0.0869671,-0.21571685,0.24585259,-0.244189,-0.27196875,0.19775234,0.12387822,0.23699525,0.25905934,-0.2499441,0.03788594,-0.25672692,-0.24685974,0.35686788,0.12051668,-0.14689517,0.36502212,-0.16600452,0.105814606,-0.059265547,0.3319219,0.100788675,-0.21775955,0.27374926,0.14789169,-0.53336686,-0.7891955,-0.5840015,-0.03537894,0.43918148,-3.930926,0.015019659,0.5329788,1.6921206,1.7618854,-0.26277775,-0.10605076,0.75363624,-0.5057197,-1.5457077,3.203411,-0.08556026,0.12912023,-0.024635682,3.9446332,0.2102164,-0.0615002,0.20504236,1.9921626,-0.98959583,-1.0464915,1.0041373,-1.0292759,1.0450233,-0.944278,0.9210789,-0.97087944,1.0533444,0.42838776,-1.0170115,-1.0278616,0.926838,1.025145,-0.9689366,-0.9633881,0.9640547,-0.8877996,-1.0068933,0.41990817,-0.9931314,0.9910672,-0.97048914,-1.0419008,0.9550106,1.0632406,0.9570348,1.0098249,-1.0067751,0.95877826,-0.97047865,-0.9926987,1.0103803,0.89669204,-1.0044726
128,-0.030404087,0.010002815,-0.9991353,0.0006855056,-0.0013035184,0.0012077037,-0.2549663,0.2520805,-0.22237064,0.21246378,-0.25682008,0.24981824,-0.21536255,0.27052584,0.18988626,-0.23852293,-0.24990843,0.25299755,0.31597856,-0.25115788,0.14067714,0.22965086,-0.24324559,-0.2102292,0.10094463,-0.21436428,0.25046942,-0.23522207,-0.23275921,0.22181123,0.011427289,0.24949984,0.25755882,-0.2536244,-0.0040366137,-0.25032648,-0.24398452,0.3609665,0.1055316,-0.14702167,-0.057546478,0.030046936,0.06521341,0.31349233,-0.111777484,-0.002650884,-0.21993363,-0.27238443,0.34715936,0.23861106,-0.29392308,0.10178846,-0.0010508253,-0.44106016,3.2653587,-0.4077758,-0.27698147,-1.5730567,-1.0578835,-0.15704066,0.2773958,0.13734016,0.1946069,2.6594858,-4.7682147,0.35787714,-0.005302236,-0.026675478,-2.176812,0.5045818,0.043658555,0.121459335,-0.9805265,0.49875095,-0.92869055,0.9447968,-0.9860657,1.0405883,-1.0239815,0.9741405,-1.0114542,1.0393765,0.5796478,-0.75346106,-1.0559355,0.98754656,1.1383963,-0.8968164,0.97567964,0.8912509,-0.96953315,-0.95896554,0.4853111,-0.99997085,1.0221477,-0.9841085,0.4596043,0.95225316,-0.94071895,1.0253273,1.0085713,-1.0036991,-0.42078537,-0.8677664,-0.9671072,1.0574286,0.20481555,-0.6514857
129,-0.034017745,0.0118225,-1.0027485,-0.00013601272,0.000997407,0.0011452168,-0.28025582,0.2538315,-0.22323902,0.22306286,-0.26237366,0.2396708,-0.22849344,0.26614392,0.19000855,-0.24463886,-0.2509637,0.24975458,0.30413043,-0.25565878,0.09143509,0.23047976,-0.26210582,-0.19921796,0.13071832,-0.22165355,0.23826265,-0.23425788,-0.23826027,0.15578958,0.091306575,0.24952655,0.26144046,-0.25519177,-0.012939865,-0.25053495,-0.25063962,0.34564206,0.08603116,-0.17434673,-0.8426872,0.43834457,-0.18054834,0.13462731,-0.17818649,-0.3847322,-0.3464314,-0.033959184,-0.14166334,-0.11489559,0.32789108,-0.13267964,-0.27901623,-0.12697433,-1.633605,0.042563044,-0.55799836,2.2670596,1.0960441,-0.13609645,-0.51791275,0.28451675,-0.55979294,-2.1341271,3.1596844,-0.1386346,0.25026715,-0.0043857237,-0.25965232,0.038500972,-0.19929747,-0.7174569,-0.7424285,-0.9361639,-1.1158019,0.9781553,-0.9310976,1.0694005,-0.97846395,0.93314433,-1.058605,1.0230969,0.46701777,-0.7621365,-1.0953052,1.0356859,0.9808157,-0.884165,-0.10835272,0.9213957,-1.0815192,-0.9793469,0.5272176,-0.9977571,0.95436877,-0.93970275,-0.9805091,-0.71711576,0.9720788,0.9855808,1.0714906,-1.0097808,-0.06987084,-0.97565645,-1.0393702,1.0959662,0.18370514,-0.9928088
130,-0.035505846,-0.0012900969,-1.0023619,0.0009905333,0.00013684898,-0.003011342,-0.282441,0.25879985,-0.19138806,0.21404062,-0.25657564,0.2643042,-0.23791571,0.26461142,0.19672003,-0.2443454,-0.2905586,0.23880982,0.30366272,-0.2674829,0.06712086,0.24192114,-0.243687,-0.19069226,0.18252316,-0.2201925,0.25679815,-0.23022053,-0.27452004,0.19176242,-0.0045749946,0.24469359,0.2597122,-0.25322065,0.064918846,-0.25786972,-0.24845074,0.35983413,0.0824489,-0.15995158,0.23724031,-0.037778832,1.0260283,-0.31376556,0.32055125,0.89955014,-0.3884579,-0.21717155,-0.06268854,-0.061428662,-2.75044,-0.310867,0.11398544,-0.48828596,-2.9812956,0.27686894,0.52272063,2.1516428,2.2449796,-0.0026196388,0.7219274,-0.44900894,-2.9742532,2.6405685,-3.7043965,0.14749639,-0.11772318,0.011427855,3.547037,-0.075083084,-0.053176723,0.66274744,-0.1388104,0.83692664,-1.0533485,0.9913129,-1.008677,1.0601157,-1.0223526,1.0483533,-1.0851574,0.9460281,0.50113946,-0.7418958,-0.98380655,0.9254274,1.0310715,-0.94812006,-0.9792946,0.9693774,-0.9229647,-1.0479238,0.93318075,-1.0112735,1.0813055,-1.0265828,-0.99273986,1.0018363,-0.96255004,1.0089068,1.0072064,-0.9530729,0.9834265,-1.0150743,-1.0134387,0.9811471,0.2897049,-0.97544265
131,-0.032103904,0.00601389,-0.9998987,-0.004603077,0.0012221155,-0.0012983003,-0.28061047,0.25020823,-0.22864585,0.21312767,-0.25504452,0.24893308,-0.22698438,0.24966767,0.18860255,-0.22331494,-0.2900255,0.2645317,0.32055438,-0.29458472,0.081492014,0.24744764,-0.24536936,-0.2210427,0.13923386,-0.21771564,0.24648926,-0.25860146,-0.20721745,0.21029696,0.042538125,0.25259247,0.25535187,-0.25647056,-0.02080762,-0.2620175,-0.25858918,0.3568197,0.07675864,-0.13760962,-0.6146922,-0.54538363,-0.9889438,-0.19718929,-0.0786345,-0.74457973,0.32328203,-0.537582,-0.43681344,1.4059877,1.110601,1.026415,0.16745998,-0.6822938,2.566645,0.15178733,-0.08970815,0.23626022,-5.9555345,-0.01915474,-0.09369923,-0.8427435,2.8088038,2.6801715,1.455668,0.15519115,-0.3370814,-0.14655268,-4.2398734,0.34447238,-0.24646209,-0.8714092,-0.15625304,1.3959312,-1.0578068,0.91318464,-0.99810594,0.9266784,-0.9854314,0.9409043,-0.9641804,0.972131,0.36643454,-0.59397244,-0.9882584,1.1091685,1.0328774,-1.0787561,0.989359,0.99544406,-0.97060454,-0.99960285,-1.0193743,-1.012173,0.9675914,-1.1260931,1.013697,0.8547219,0.37155586,1.0159569,0.97707564,-1.0274099,-0.9277567,-1.0256287,-1.0744853,1.0100573,0.27061588,-0.28811824
132,-0.034468777,0.008933347,-0.9980298,-0.00027761725,-0.00014337205,-0.0008539925,-0.28442892,0.23945351,-0.23376839,0.20022003,-0.2588966,0.24040858,-0.22340454,0.2639538,0.17459305,-0.22634974,-0.27827513,0.25778735,0.32820505,-0.2644841,0.0593192,0.23645015,-0.2497993,-0.18479517,0.06393686,-0.21790014,0.24522915,-0.24978274,-0.21289402,0.19897598,0.11228745,0.26062652,0.2565526,-0.2522914,0.057366204,-0.26625377,-0.26090938,0.3399571,0.116036735,-0.15995075,0.29143816,-0.031044504,-0.64984465,-0.21206932,0.03380997,-0.07965902,0.09769815,0.5627757,-0.6244071,-0.2261123,0.53707755,-0.35539606,0.41082686,1.1944622,-1.2593834,-0.27427006,-0.14104508,3.9945273,-1.1912509,-0.19622852,-0.3194013,0.41369,-1.5166014,-0.7527683,2.9302025,0.36617354,0.3115192,0.21997777,4.014498,-0.26820335,-0.07402882,-0.8894944,1.634207,-0.6899262,-1.0485073,0.97946936,-1.1347976,0.9109324,-0.94958544,0.95727456,-0.9189823,1.0220277,0.28545105,-0.98450845,-0.9745195,0.98081696,1.0444514,-1.0359613,-0.28922164,0.92333585,-0.9938643,-0.9378994,-0.8301635,-1.0092337,0.9715111,-1.0158234,-1.028743,0.5140602,0.9656926,1.085635,1.0608382,-0.9569781,1.0394461,-1.0138882,-1.0485262,1.0334593,0.795411,-0.95606333
133,-0.034575894,0.008616579,-0.9995414,0.0004622405,0.0022925385,0.003053927,-0.27470806,0.24321884,-0.2490985,0.20757066,-0.25594828,0.25066677,-0.22261703,0.26664612,0.1771718,-0.23830436,-0.25782397,0.2500765,0.32188386,-0.26856205,0.12802447,0.24789678,-0.26164708,-0.1815432,-0.034295324,-0.22006425,0.24488516,-0.23704058,-0.22006398,0.21645482,0.03692988,0.25060996,0.2627746,-0.25623596,0.07195386,-0.26118088,-0.25409198,0.3291716,0.15728483,-0.16876116,0.15409046,0.12868033,-0.34000084,0.13783835,-0.026246184,0.33265266,-0.13332608,0.11130453,0.21450183,-0.9628261,0.69258577,-0.38456506,-0.21377485,-0.42177606,2.9855886,0.40853065,-0.39933103,0.86252165,-4.1092315,-0.12000216,-0.011548133,0.47670648,-1.86818,0.36592346,-3.1781104,-0.38758945,0.16814785,-0.02935367,0.44599807,0.46704763,0.15367167,-0.2652539,1.6605797,-0.030866416,-0.9972505,0.982677,-1.0878513,1.0039507,-1.0246005,1.0298072,-0.9630957,1.0277877,0.3032731,-1.0514008,-1.0068839,1.0171587,0.97069544,-1.1018695,0.9287438,1.0260366,-1.06124,-1.0552766,-0.95044553,-0.96008056,0.97921836,-0.90954506,0.039325986,0.9322687,-0.4716264,0.99651664,1.0481033,-1.0263335,0.4084448,-0.98770785,-0.98833096,0.92120713,0.95799625,-0.3553829
134,-0.03181025,0.008511314,-1.0008969,0.00219925,-0.0014443056,0.0026857373,-0.27406767,0.26508632,-0.22652255,0.2020839,-0.26651815,0.2566387,-0.23178834,0.26304802,0.17969783,-0.20928231,-0.28190818,0.25138476,0.31785616,-0.29619756,0.058482584,0.24697453,-0.26805803,-0.19884326,0.01656592,-0.22447234,0.24026324,-0.24056132,-0.27459306,0.23605776,0.0637628,0.24537502,0.24376847,-0.2543289,0.12977089,-0.26596597,-0.2609942,0.35231724,0.14451292,-0.16631342,0.14767893,0.48943475,0.5490194,-0.33030298,-0.5930273,0.17774984,-0.005676466,-0.05734599,-0.039004818,0.5373604,-1.6424044,0.28355885,-0.056238707,-0.948094,-3.8644445,-0.16964418,-0.08136703,0.32724646,0.3544954,0.12202009,-0.10961669,-0.1353952,-2.9103413,3.3833518,1.5445998,-0.095868215,-0.68796116,-0.23306772,2.440522,0.3103753,-0.20581439,1.1827844,-0.61035097,0.2308509,-1.0429485,1.0581442,-1.0314171,0.97840685,-1.1014546,0.99702424,-0.96169376,1.0070784,0.4710759,-0.535262,-0.9825071,1.0539032,1.1010894,-1.0307674,-1.0304035,0.96626383,-1.0501547,-1.0820699,0.96874726,-1.0048988,0.9719311,-1.0411613,-1.00377,0.9513672,0.3713343,0.9903677,0.9144346,-1.0297577,1.0264208,-0.96474427,-1.0851609,0.98084074,0.44678256,-1.0759854
135,-0.028322732,0.009460896,-1.0003899,-0.00093090604,0.0019196027,-0.0038194312,-0.26332548,0.2627367,-0.25212252,0.20636556,-0.27350584,0.24398166,-0.22437991,0.2531231,0.19013168,-0.22741653,-0.27469364,0.25437784,0.29926205,-0.28455505,0.11735439,0.25033614,-0.26463956,-0.21492864,0.08547794,-0.22438826,0.24599656,-0.23407966,-0.30022484,0.23617586,-0.00564698,0.24430315,0.2594163,-0.25624186,0.014228277,-0.25913495,-0.2554498,0.34081182,0.13713928,-0.19457808,0.2172093,0.010819322,-0.83040583,-0.13645175,-0.109816454,-0.20338377,0.0026439326,-0.44715512,0.2823875,-0.65740675,0.8009037,0.0042143385,-0.56544626,0.45160043,3.0076344,0.3104281,0.29199585,0.5241601,3.244335,-0.43306717,0.19020675,0.29704294,-1.747945,0.16484973,-3.4619787,-0.41915208,0.37432194,0.0049497737,-5.4767666,-1.085921,0.16031918,-0.73356825,-0.14542499,-1.8382397,-0.98991483,1.0044003,-1.1034783,1.0023713,-1.0313278,0.9408708,-0.97102976,0.9343172,0.4657981,-0.79436,-1.0309756,0.935407,0.9429799,-1.0002689,1.1143935,1.0096221,-1.0562907,-1.072081,0.9379185,-1.0865752,1.0073417,-0.95171416,-0.9619246,0.6023522,-0.74585783,0.9351447,1.0333585,-1.0225018,-0.98913085,-0.98586464,-0.9902,0.9774221,0.5117947,-1.0399219
136,-0.029531248,0.00968974,-0.9999274,-0.0007089938,0.0025404496,0.0030105514,-0.24941942,0.24826425,-0.27613607,0.200272,-0.26767775,0.2367215,-0.22723082,0.26576272,0.1858508,-0.24131046,-0.22815087,0.24997078,0.31863728,-0.27399483,0.12990373,0.24486198,-0.25358787,-0.2297784,0.13617846,-0.23077969,0.23972535,-0.24442497,-0.30037788,0.1735599,0.06727812,0.26021376,0.2611075,-0.26330853,-0.019190708,-0.2571267,-0.25326765,0.35178822,0.11229012,-0.17202201,0.11311368,0.31612718,-1.10478,0.05552765,0.24367307,-0.19511479,-0.2235274,0.5688323,-0.36463335,-0.13242804,2.8506799,-0.21727969,0.49434733,0.28589317,1.9021934,-0.19877966,0.28900906,1.1853315,1.0051373,-0.19778061,-0.33462474,-0.26490775,-0.24388865,-1.779453,2.838982,0.6971975,0.29298976,-0.086918905,-1.0213872,0.29739827,0.12257903,0.1496883,-1.0624138,1.2580893,-0.9574839,0.9708368,-1.0983698,1.0455184,-0.914188,0.90789443,-1.0223374,1.0363647,0.39582387,-0.8842004,-1.042772,1.0030558,1.0628163,-1.016931,1.0348716,0.962091,-0.95468956,-0.96139115,0.45630974,-1.0214852,0.9389534,-1.0209845,-1.0338643,-0.27101535,0.981549,1.0762376,1.0541376,-1.1082959,-0.24318065,-0.9464334,-0.98616654,1.0353774,0.23772635,-0.56777316
137,-0.03096591,0.01097692,-0.99741054,0.0028635846,0.000160956,-0.00275859,-0.2560555,0.2548212,-0.24392764,0.20051055,-0.2735233,0.23924372,-0.23075384,0.26108393,0.18305133,-0.25261962,-0.23840989,0.24861152,0.31478468,-0.24291849,0.081349015,0.25457078,-0.25689632,-0.22714819,0.10176937,-0.23165159,0.24310596,-0.24358304,-0.31108585,0.20321932,0.09993543,0.23891564,0.26419598,-0.2575657,0.057775747,-0.2607606,-0.253395,0.36412823,0.07701435,-0.16562498,0.015101839,-0.34737578,1.5157086,-0.1324563,-0.012792068,0.20584917,0.22182386,-0.16616632,-0.01954813,-0.15738139,-1.383997,0.05064509,-0.16261548,0.88240993,-3.1481397,0.21693312,-0.31307468,1.5694189,-1.7193843,0.26744598,0.3245511,-0.09919824,-1.1715604,2.5402951,1.7951809,-0.45583802,-0.32738137,0.25169054,3.6452997,-0.11026487,0.04292997,0.7692191,-1.5082041,0.437342,-0.95234555,0.9679886,-0.9700333,0.95947397,-1.0667738,0.94475406,-0.93913835,0.9645811,0.48348853,-0.8977776,-0.9891459,0.93780077,1.0528357,-0.8635684,-0.94708395,1.0150557,-1.0036173,-0.9524534,-0.7874254,-0.9778162,1.0174488,-1.0580032,-0.6745979,1.0385058,0.6464045,0.94097054,0.9946708,-0.94499254,0.98303133,-1.0044895,-0.9967174,1.0272684,0.0040997337,-1.0300573
138,-0.032571506,0.005377891,-1.0001743,0.002102206,-0.0023460865,0.00088817475,-0.26593387,0.2412131,-0.24473177,0.20470111,-0.24956375,0.25657672,-0.2264428,0.25958577,0.19291969,-0.24944188,-0.25085312,0.2471077,0.3103755,-0.2360864,0.13384175,0.25554326,-0.23718762,-0.25359386,0.05300045,-0.22324918,0.24880551,-0.25770542,-0.22366077,0.25303885,0.008195205,0.24439137,0.26449972,-0.25511575,0.019598447,-0.26957628,-0.25324675,0.37496334,0.10245278,-0.14736712,-1.0918212,-0.3988839,0.38425034,-0.10250936,0.64990103,0.41264927,0.3591414,-0.30256993,-0.04859732,0.41734356,-0.8817988,0.07901933,-0.014427761,0.2065113,1.8790321,0.34452575,1.3035387,0.3431753,-2.7151892,0.038253665,-0.043224085,-0.18553308,2.167589,2.4328372,-4.1043544,0.26189137,0.17713657,0.13967922,-2.0433924,-3.1072307,0.0815842,-0.23122832,1.0862949,-4.4323916,-1.0109798,0.92863375,-1.1313931,1.0006819,-0.96273243,1.0668559,-0.99236,1.0126561,0.4345815,-0.9432123,-1.079513,0.9940755,1.0258789,-0.9413236,0.5221743,1.0256371,-0.88393676,-1.040408,-1.101966,-1.0526519,0.9976753,-1.0313265,1.0763497,0.9938418,-0.86395824,0.9866628,1.0393753,-0.97393405,-0.3013071,-1.055339,-0.9906651,1.0700547,0.609968,-0.24726272
139,-0.036657646,0.009213261,-1.0000466,-0.0019217635,-0.0014886273,-8.019593e-05,-0.28970444,0.24611703,-0.2570054,0.20272958,-0.26453835,0.23425327,-0.21697131,0.25218,0.16326459,-0.23870574,-0.22991651,0.24933201,0.32964858,-0.23974283,0.13958114,0.2508574,-0.2394791,-0.22033343,0.02083379,-0.22873166,0.24596706,-0.258655,-0.2524197,0.15625413,0.09057264,0.25328702,0.24761333,-0.25962648,-0.07296358,-0.26763266,-0.25293058,0.3895823,0.1256783,-0.04663004,0.1825782,0.43426302,-0.8396996,-0.06311765,-0.256448,-0.93786496,0.1037778,-0.1862003,-0.9707812,0.5810242,1.8500874,-0.48816714,0.8844468,0.0672541,1.8557762,-0.16037925,-0.12826921,3.9033036,-1.4995725,-0.1579306,-0.019280232,-0.36374557,-1.7838022,-3.2077134,3.08605,-0.022017585,-0.3333856,-0.007919901,-3.9606292,1.1670097,-0.020582268,-0.28731033,1.0484284,3.9342554,-1.0826136,0.9836325,-1.0205503,1.0427557,-1.0499223,0.9429033,-0.9067924,0.91593444,0.13879037,-0.9822693,-0.94364536,0.8988812,1.0285423,-1.0136831,0.9984683,0.99186134,-0.92837304,-1.0171944,-1.0679239,-1.0223281,0.96622616,-1.0205851,-0.941826,-1.060526,1.0041276,0.99350667,0.9095349,-1.0249338,-1.0466146,-1.0356137,-1.0031856,0.96163857,0.71868396,1.0583143
140,-0.03764992,0.0059998655,-0.99845994,-0.00058287836,-0.0028539808,-0.00027913516,-0.26906982,0.24329312,-0.21730945,0.20137712,-0.2477623,0.24133228,-0.22244516,0.27279532,0.18389976,-0.24849002,-0.26006994,0.23624225,0.3086509,-0.24855137,0.11317169,0.2593351,-0.24542263,-0.2179612,0.10232329,-0.21781941,0.23234098,-0.23821174,-0.24739134,0.17953208,0.029244667,0.24458233,0.2452892,-0.25346556,0.024080696,-0.2625824,-0.24673355,0.39774352,0.08642171,-0.06675865,0.6845273,0.00763577,1.2597091,0.13724971,0.74163634,0.6008743,-0.3279839,0.79467314,0.7653853,-0.8285916,-2.5739362,-0.67585564,-0.58900076,-0.51726323,-3.4733107,0.20968524,-0.4099723,0.29039496,3.4718235,0.43954462,-0.6295737,0.7104204,-1.3046341,0.80947083,-2.1718023,0.14724448,0.054805245,-0.17424747,4.5632367,0.19931443,0.027564546,0.77940977,-1.837559,-1.1228697,-0.9745595,0.9979429,-1.0604302,1.0082202,-0.98911875,1.001548,-1.0353673,1.1392684,0.5600131,-1.0650303,-1.0522331,1.0186417,1.0482788,-1.0398629,-0.9966274,1.0491563,-0.98140234,-1.0451986,1.1065117,-0.891366,0.93910295,-0.9780028,-0.45682,0.878194,-0.46903947,1.0295023,0.95551264,-1.0381697,1.0323064,-0.9100084,-0.99541336,0.9952297,-0.031039959,-0.9164472
141,-0.03742071,0.0033576037,-0.99976957,-0.0013920428,0.00039116855,-0.0006312618,-0.27417037,0.2666848,-0.23432627,0.20243438,-0.2537701,0.25641385,-0.22281872,0.26793572,0.18092604,-0.20794863,-0.2708683,0.2369391,0.30825967,-0.3105689,0.1413638,0.25942367,-0.26195225,-0.2156029,0.13171335,-0.21486166,0.25170127,-0.2373528,-0.28167295,0.21479435,-0.009828908,0.24956082,0.25385636,-0.26181522,-0.060163613,-0.26510596,-0.24650721,0.3828421,0.046634555,-0.08990954,0.40817633,0.08016646,-0.53121763,-0.5673041,0.22772975,0.25739154,0.0022116888,-0.52552915,-0.30240375,1.6450328,-0.07265629,0.64915264,0.0018695174,-1.9748813,2.2049305,0.14339179,-0.019306686,1.173817,-2.1798582,0.16267386,0.66199964,-0.20951024,-0.6856765,3.8243508,-1.845675,-0.12678726,0.006481956,-0.14205666,-4.066445,-2.4167128,0.06724811,-0.17980231,-1.3553537,-1.765738,-1.0604556,0.9892616,-1.0441526,0.9691365,-0.9562568,0.98384666,-0.99833703,1.0322322,0.29764348,-0.26128057,-1.0423474,0.9903549,0.96501756,-0.9826553,0.9457334,1.0296737,-1.0707223,-1.0401413,0.7947542,-0.9661733,1.082836,-1.0498952,-0.9776957,0.9990998,-0.5027497,0.9802219,1.0142134,-1.0218118,-0.9910295,-1.0641587,-0.9791558,1.0568936,-0.09050004,-0.99209225
142,-0.03167005,0.013068393,-0.99768376,-0.0015067992,0.0009739337,-0.00016547143,-0.2720609,0.27008444,-0.24751826,0.19934078,-0.26968756,0.23640002,-0.21847366,0.27050075,0.17264082,-0.2345055,-0.25595754,0.24981193,0.3081957,-0.24682456,0.1464037,0.2518674,-0.25978318,-0.2096473,0.065629385,-0.21451394,0.25012967,-0.24785194,-0.31486467,0.1700508,0.07111793,0.23200135,0.2578935,-0.25859156,-0.012403694,-0.27198803,-0.247469,0.36966056,0.091883674,-0.03838647,0.3316472,0.1063952,-0.5627222,-0.008831726,-0.4282763,-0.78602505,-0.15006375,0.46101058,-0.27072123,-0.51789683,1.4667629,0.21690014,0.079959586,1.9025254,1.7043266,-0.1798286,0.014446022,1.3732775,-1.7917703,0.008644161,-0.1629619,-0.3889843,-1.8154737,-1.1263092,3.244285,-0.23382823,0.29040924,0.26812118,2.470238,0.4313079,-0.03873755,-0.65508324,1.7660509,1.9483694,-1.0261747,1.0812873,-0.97845334,1.0035095,-1.0629035,0.94301265,-0.9639737,1.040945,0.33825025,-1.0007961,-1.0138197,1.0416981,1.009737,-0.93713444,0.9466891,0.976196,-1.0236201,-1.1087006,-1.0296766,-0.92253685,0.9750251,-1.0017158,-1.0378734,-0.051411033,0.9454013,0.9261058,1.0213354,-0.9676918,0.4596095,-1.0178787,-1.0027866,0.9657996,0.7222541,0.40960547
143,-0.036247473,0.01224464,-0.9975058,-0.0026311816,-0.0016103922,0.0022536928,-0.2682266,0.25123593,-0.21065213,0.20284727,-0.25775748,0.23855379,-0.2228223,0.2680511,0.1819435,-0.2405933,-0.27288038,0.24865013,0.29764116,-0.23542693,0.122772284,0.2645808,-0.26111817,-0.2524355,0.05245518,-0.20788835,0.2577983,-0.23339587,-0.26008865,0.19717959,0.033688515,0.23810263,0.2620137,-0.26698545,0.06276291,-0.26943105,-0.25050405,0.37938616,0.08274544,-0.06873432,-0.43916982,-0.6060083,1.4101068,0.28973612,0.37877694,0.065954395,0.054537248,-0.040089503,0.40120628,-0.31030262,-2.078033,0.026648939,-0.37227172,0.3701489,-3.1208916,0.29317066,-0.14975925,-0.035780497,0.25895184,0.1632917,0.23230499,0.40933004,0.6039977,1.3344107,-1.3153112,0.29857975,0.07451995,-0.47984555,3.3480363,0.13417539,0.00028831157,0.6249144,-0.32727978,-1.0998088,-0.9938759,0.9910948,-1.0869104,1.0655261,-1.0850289,0.9553635,-1.017215,1.0080471,0.4840884,-0.9749449,-0.9518302,0.9303809,1.0084355,-0.964596,-1.0429584,1.0584973,-1.0308143,-0.9682005,-0.74580276,-0.99880326,1.0512174,-0.9693141,0.95790076,0.8849268,-0.34734932,0.9840161,0.9955998,-1.1136262,0.9431479,-1.05088,-0.9976213,0.95702165,0.2753776,-0.9875269
144,-0.042133905,0.020535046,-1.0028018,-0.0028235922,-0.0014853335,-0.0005681253,-0.3000117,0.24986933,-0.23012018,0.2182242,-0.27088857,0.23410672,-0.21966882,0.2615854,0.17517169,-0.23670796,-0.27171344,0.25986803,0.30778778,-0.24143857,0.15188111,0.2619948,-0.2497451,-0.26695293,0.0331072,-0.21245345,0.2558798,-0.22915772,-0.23869039,0.21751142,0.018364359,0.24571998,0.27542093,-0.265923,-0.03360517,-0.270942,-0.2510353,0.38094828,0.052021347,-0.08269915,-0.8189026,-0.28297278,-0.730994,0.6015431,-0.4589475,-0.35104737,-0.0699133,-0.6742715,-0.2781302,0.11668577,0.9938868,0.13432837,0.55177337,-0.0028551798,2.4545007,-4.8962247e-05,0.20614004,0.05299761,-0.5867445,-0.3052353,-0.02971365,0.23400897,-0.57955974,0.7438218,-1.0051544,-0.20264609,0.5438149,0.10144453,-4.6938133,0.57909155,-0.20101942,-0.2366626,-1.246709,0.1847553,-1.1554048,1.0218161,-1.004922,1.0913785,-1.1152627,0.9417348,-0.99010843,0.9279024,0.29326114,-1.034958,-0.92705905,0.9765961,1.0150535,-1.0553977,1.1154494,1.0599813,-0.9775716,-0.9469251,-0.92968345,-1.0279787,1.0051597,-0.9075561,0.3793789,1.0416504,-0.1987569,0.92743456,1.1011951,-1.012834,-1.0457462,-1.0304315,-1.054477,1.0217036,-0.024343595,-0.1470386
145,-0.04657833,0.008240689,-0.998211,-0.0003256222,-0.0017361494,-7.261648e-05,-0.2836978,0.23991683,-0.21745029,0.22034396,-0.24929415,0.25002345,-0.22796631,0.26332656,0.18378396,-0.2414746,-0.26654115,0.24775393,0.30148023,-0.24529321,0.07792688,0.25798824,-0.24811707,-0.23883505,0.03483852,-0.2204212,0.23864254,-0.23898937,-0.22412337,0.26092818,0.10685858,0.23802042,0.27315468,-0.26170263,0.00592076,-0.27425632,-0.24688493,0.39909714,0.025699098,-0.080064684,0.29755,-0.5253754,0.21026562,0.252985,0.6186348,0.7886628,-0.32112336,0.43291605,-0.06933546,-0.1023882,0.50304306,-0.13858956,0.11588677,-0.29624197,-3.1434433,-0.14746441,0.024680609,3.5337057,1.2968249,-0.31165838,-0.41867504,-0.3148216,-0.6821759,1.7709069,3.5639865,0.25981408,-0.114528224,0.20139714,2.2038708,-0.09908023,0.13279523,1.1359257,-1.2285465,0.2622801,-1.0340617,0.93052375,-0.90578616,1.0491477,-0.84581095,1.0524435,-1.0404664,1.0551802,0.45388252,-0.99387777,-0.9707425,0.97142303,0.9777664,-1.0669016,-0.5432959,1.0199063,-0.9630456,-0.87787634,-0.94537956,-1.0497692,0.97017825,-1.0670838,-0.98350924,0.67326593,1.0644524,0.9933093,1.0598397,-0.9860847,0.4949188,-1.013576,-0.9732698,1.031717,-0.13487825,-0.9640695
146,-0.051349144,0.0063700075,-0.9939856,0.00019843635,-0.000512393,-0.0050964514,-0.2881865,0.24747182,-0.21778096,0.22087188,-0.24559471,0.26234457,-0.23143077,0.26179096,0.17895664,-0.24322933,-0.26041782,0.25165603,0.31490427,-0.22377205,0.13684873,0.24634899,-0.2561383,-0.2534944,-0.01542894,-0.2237996,0.24924421,-0.24722794,-0.19675732,0.27313304,0.02539442,0.24215071,0.25319088,-0.2662436,-0.021857567,-0.2762295,-0.24424954,0.4291142,0.062996306,-0.054909304,-0.6502867,0.11323563,0.27399766,-0.29845795,0.10650182,-0.015977377,-0.0067050643,-0.16222492,-0.49717382,0.06289329,-0.25089273,0.15953274,0.59896183,0.7759966,1.9833163,-0.12638071,-0.24860069,1.0471948,-2.1419318,-0.18657623,0.5991691,-0.3661451,-0.82312864,-0.13746588,-3.2732499,-0.17785442,-0.8021378,-0.22183256,-1.3511646,0.55665374,0.17837602,0.43436545,1.5387878,1.387205,-1.0618815,1.0199019,-0.937773,0.99692065,-0.96877813,1.0651414,-0.96502477,1.0479993,0.26190162,-0.9685093,-1.0965062,1.0409594,0.99822295,-0.858035,0.5950261,0.9943509,-1.025545,-1.0361586,-0.96765345,-1.0111142,1.0276936,-1.0319972,0.57783234,0.9302123,-0.57812804,0.94439256,0.91071856,-1.1071645,-0.32751456,-1.0544614,-0.9473531,1.0323915,0.568279,0.056204323
147,-0.04951126,-6.3226966e-05,-0.99892026,0.003071562,0.00012512633,0.0017940098,-0.2718864,0.24857618,-0.2042655,0.21212359,-0.23338601,0.26117882,-0.23634234,0.26620424,0.18277982,-0.2421457,-0.28191513,0.2578806,0.29809007,-0.22252047,0.047317863,0.25363553,-0.2489212,-0.23153183,-0.008798817,-0.22326006,0.25026062,-0.23193204,-0.19437246,0.26014745,0.10300621,0.2462771,0.23293321,-0.26753992,-0.007728989,-0.28059378,-0.23978256,0.4533956,0.031696614,-0.09693966,0.01470416,-0.17634565,-0.045270126,-0.24437262,-0.16835336,-0.14648825,-0.24730708,0.04603914,-0.01864841,-0.16912292,-1.078483,0.08361087,-0.32982764,0.061817076,-3.8334665,0.010528818,0.2523236,2.0763438,1.0757376,0.2022677,-0.18924448,0.6259802,-2.1861734,-0.31788903,3.4192963,0.1867583,-0.58240694,-0.07473448,0.65124685,0.4915802,0.30563042,0.6208862,-1.4188781,-1.5339184,-0.9731047,0.98980165,-1.0180101,1.0127535,-0.93905014,1.0294156,-1.0207783,0.997148,0.47377408,-1.0168413,-0.88978016,1.0256393,0.94504035,-0.9185535,-0.9178782,1.0085958,-0.93981904,-0.98929805,-0.4708516,-0.974921,0.9885881,-0.9438018,-0.14748593,0.93155473,0.88484085,1.0100156,0.84381086,-1.0340449,0.12114056,-0.9752847,-0.8935197,1.0186967,-0.15112838,-0.956268
148,-0.04901279,0.0059606577,-0.9974679,-0.0015088789,0.0013341667,0.00059775123,-0.28740332,0.24389769,-0.2159275,0.22357187,-0.25683612,0.2468044,-0.23454466,0.26828143,0.18463275,-0.23796666,-0.28495133,0.2631032,0.2947667,-0.23923603,0.123143,0.2547044,-0.25490066,-0.24210411,-0.02095132,-0.21627675,0.2593068,-0.24336958,-0.2178912,0.26927125,0.0046278746,0.25247407,0.24540523,-0.27612445,-0.038195014,-0.2804959,-0.23947139,0.44526035,0.049196284,-0.055337727,-0.57392234,-0.19149567,-0.12161399,0.42634138,-0.6896668,-0.44783875,-0.13993587,0.15616567,-0.21998931,0.34065592,0.23508997,0.22922337,0.1120649,-0.5741211,3.3341715,0.08335507,-0.23536377,0.7780632,0.27740595,-0.06226006,0.40786394,-0.3534951,-2.1083846,0.7505645,-4.3307953,0.11366655,0.61477166,-0.27865145,-1.2075444,0.35117486,-0.045852624,-0.7307922,0.73706424,2.5950959,-1.066207,0.99227697,-0.93140805,1.0216211,-1.0544641,0.9868142,-1.0141982,1.0536826,0.35197318,-1.0005131,-0.94618267,1.0283117,0.92645085,-1.0646532,0.99434495,1.0175661,-1.0159984,-0.9975419,-1.0306826,-0.99575233,1.0552453,-1.0450157,-0.050683737,0.9417507,-0.9447698,1.0033624,1.0103562,-1.1249974,-0.35288078,-0.93855894,-0.9676368,1.0047956,0.3467212,-0.07306007
149,-0.048534475,0.009845777,-0.9996081,-0.0025898954,0.0009382947,0.00020940248,-0.26456776,0.24550165,-0.21590082,0.22992362,-0.2657476,0.24687332,-0.23634462,0.26333308,0.19098154,-0.24060443,-0.2901318,0.27303112,0.29394776,-0.23270294,0.052650817,0.2541025,-0.24245065,-0.2140589,-0.023407416,-0.21564217,0.24889271,-0.23096071,-0.2573176,0.27295804,0.09482872,0.23796296,0.26038113,-0.27341735,-0.0492369,-0.28603858,-0.23850872,0.43271658,0.020527186,-0.08529419,0.5906101,0.047165316,-0.46043012,0.14550337,-0.38923544,-0.10492335,-0.10347995,-0.2591302,-0.25248167,-0.12690422,-0.23347647,0.09234788,0.17336671,0.07887938,-2.9028864,-0.12802465,0.14103465,2.7603266,1.0135893,0.037923787,-0.38724205,0.53822213,-2.5529485,1.1282886,3.8561864,-0.40579015,0.29440424,-0.003861197,-0.4365682,0.15053044,-0.07162791,-0.30079284,-1.2252667,-0.7703576,-0.9615644,0.9819715,-1.0131943,1.0163083,-1.0245817,0.9718432,-0.9660696,0.92270666,0.48893422,-1.0028387,-1.0168618,0.986914,0.9753498,-0.96444285,-0.5701333,0.9961593,-0.9386741,-0.9828305,-0.9109284,-0.96189046,0.9904257,-0.9682078,-1.140697,0.5889191,1.0293757,0.9482838,1.0377944,-1.0670061,-0.23756124,-1.0096464,-0.98088026,1.0447898,-0.1575494,-1.0238751
150,-0.051460143,0.005943245,-0.9988605,-0.0011256862,-0.0015602958,0.00012544669,-0.26962137,0.24238645,-0.2360192,0.22920571,-0.26503628,0.24954794,-0.23519567,0.25993162,0.18913713,-0.24677415,-0.2827348,0.26403648,0.28366095,-0.23309265,0.12414979,0.25652573,-0.24062224,-0.21364084,0.00236888,-0.2193938,0.25573754,-0.23186614,-0.2608762,0.28297085,0.016649317,0.22162342,0.26215693,-0.2716578,0.01125845,-0.28791472,-0.2449012,0.44360152,0.07663914,-0.058860328,-0.37484118,0.036601443,-0.47242585,-0.07457595,0.09780359,0.17603561,-0.032179333,0.1564049,0.054425888,-0.21467023,0.47562405,-0.20099786,-0.079744,-0.09267598,3.0823848,0.2469556,-0.027512731,0.9361888,2.2973537,-0.22528286,0.30183116,-0.1423126,-0.2092001,0.18367596,-3.5356505,-0.42880327,-0.12753487,0.31484365,2.6977417,0.23080163,-0.14177455,0.27425766,2.1777813,1.7121674,-1.0568626,1.000931,-1.032799,1.0264835,-0.97643656,0.97215223,-0.97830105,1.0185113,0.45428175,-1.0355202,-1.0118427,0.9359638,0.91804355,-0.99505657,1.02963,1.0431231,-0.9460668,-1.0764904,-0.4820372,-0.99552435,1.0491648,-1.0295416,-0.7659399,0.9237486,-0.68527013,0.8725856,0.9953933,-0.9869511,0.6169526,-1.0443606,-1.0085692,1.0492531,0.73495775,-0.45338726
151,-0.04993897,0.012779934,-0.99909776,-0.0033728275,0.0015917914,0.00032949555,-0.27688193,0.2499958,-0.22511998,0.23639731,-0.2577102,0.24780364,-0.23473217,0.26589212,0.1890851,-0.23595959,-0.29394466,0.27845526,0.28731984,-0.24623485,0.047665052,0.24331222,-0.24821153,-0.23437034,-0.035035945,-0.21859236,0.25129247,-0.23212345,-0.19461542,0.2869696,0.10406039,0.22171694,0.261813,-0.26946843,-0.030167742,-0.28525123,-0.24877806,0.44463176,0.039263904,-0.076324925,-0.6865571,-0.09531464,0.31585398,0.1690667,-0.01932482,-0.4397545,0.01837282,-0.041534044,-0.2037083,0.7336297,-0.74496037,0.4431715,0.100667946,-0.3159969,-3.3642898,-0.42206156,-0.31098616,0.17350577,-3.0125833,0.07784496,0.009600202,0.12703231,1.7802156,0.7946852,3.8780382,-0.19531685,-0.029546233,-0.10214954,-2.147921,0.51670706,-0.29530507,-0.4521131,-1.503424,-0.032562226,-1.060123,0.985392,-1.0391335,1.0572274,-1.0603771,0.93702155,-1.0098574,1.0647024,0.5199812,-0.8152507,-0.9989044,0.9871362,0.9839173,-0.95774704,-0.916504,0.9503256,-0.9978187,-1.0822344,-1.0332245,-1.0098999,1.0320394,-1.0192727,0.68814665,0.863067,1.0156614,0.86863893,1.0011051,-1.0592402,-0.51620865,-0.9937823,-1.0610291,0.99860936,-0.14271145,-0.96088046
152,-0.055298198,0.0060147676,-0.9989638,-0.00055155193,-0.00039256856,-0.0011329292,-0.26512045,0.2670452,-0.24013251,0.22797179,-0.2628998,0.25289768,-0.24017169,0.2639622,0.17376237,-0.22880842,-0.28033665,0.2750537,0.31587362,-0.26146215,0.11897126,0.24504481,-0.24029335,-0.25628638,0.023166243,-0.22054723,0.24565117,-0.22780979,-0.22039115,0.28236145,0.020099962,0.23617807,0.26732707,-0.27112114,0.012514941,-0.29821536,-0.24991807,0.43443382,0.070300214,-0.08398456,0.5091391,0.69041944,-0.56658804,-0.08925471,-0.039492246,0.3872994,-0.07303851,0.22063315,-0.58619314,-0.3498256,0.9985162,-0.09138013,1.2596493,-0.3024243,3.0320723,0.06267749,0.2716758,1.0801138,3.9360366,-0.2541657,-0.17336813,-0.08072997,-3.0097992,0.2388558,-3.9340277,0.64153147,0.31491643,0.036248278,2.1176207,-0.23024628,0.064698696,-0.112330645,1.3441719,0.26694304,-0.9747962,1.1112155,-0.95028025,1.0014812,-1.0085714,1.0591459,-0.9324819,0.99993086,0.4054061,-0.93248606,-0.9841014,1.0092671,1.1594956,-1.0465286,1.1057496,0.9844787,-0.91194195,-1.0084168,0.59123707,-0.9709364,1.0052131,-1.0177369,-1.0272284,0.6267374,-0.7371013,0.9847893,1.0674528,-1.0631838,0.49317464,-1.074653,-0.9913407,1.0025542,0.5619575,-0.9791405
153,-0.05120078,0.013594559,-1.0002656,-0.0017390515,-0.0004433439,0.00026651856,-0.25673407,0.27816808,-0.22675565,0.2249678,-0.2673774,0.24616182,-0.24093677,0.27141687,0.17606795,-0.22242701,-0.27098,0.2803737,0.30049402,-0.2632728,0.07292942,0.26007068,-0.2616069,-0.20993336,0.006515319,-0.2233861,0.2511657,-0.22230572,-0.24748343,0.23649308,0.104101524,0.2574003,0.25523704,-0.27081937,-0.073999226,-0.29022917,-0.24914457,0.4278439,0.049875204,-0.11217686,0.32454032,0.25332266,0.25743577,-0.15870117,-0.04178728,-0.56848764,-0.049493164,-0.091514826,-0.28008306,0.91260076,0.83969134,0.112529755,-0.4949834,-0.25212017,-1.0510652,0.34837183,-0.620485,3.58339,-2.8358488,0.07103747,0.16738087,0.37030986,-0.30783707,-0.26086742,3.5895047,0.40272275,-0.3184318,-0.1215876,-4.0928144,0.70074564,0.055009313,-0.8012837,-1.0449628,-0.5269385,-0.96066445,1.0805876,-0.88104075,0.92518634,-1.0212615,0.92701614,-1.0164564,1.0776666,0.42659,-0.64806885,-0.8828672,1.0128272,0.96457994,-0.97384363,-0.078681625,1.065295,-1.0804697,-0.756223,-0.9008089,-0.9829666,1.038412,-0.91458434,-0.9900095,-0.37321544,1.0381789,1.038362,1.0046592,-1.0911175,-1.0890021,-0.9472467,-0.9841079,1.1186727,-0.030677047,-0.8961847
154,-0.05232983,0.00017398782,-0.99726176,0.00031440763,9.777243e-06,0.001012976,-0.25977442,0.2628745,-0.21295202,0.21656215,-0.25485927,0.255144,-0.24334107,0.27410957,0.16715999,-0.24048269,-0.28814742,0.27328753,0.31369093,-0.25322473,0.07008174,0.2537365,-0.2449108,-0.18991934,0.05805116,-0.21992816,0.2364979,-0.22806776,-0.27251777,0.23989244,0.034620617,0.25662154,0.25625688,-0.26198554,0.012345745,-0.29194075,-0.24385439,0.42982265,0.09594387,-0.10563182,0.18483159,-0.1050137,0.43972,-0.24646772,0.605773,0.7969982,-6.4456617e-07,0.27930942,-0.4105525,-0.8011228,-1.7827191,-0.33663413,0.5089512,0.5357878,-2.1691554,-0.16810298,0.4096063,2.4932706,3.8752172,-0.05970795,-0.42201015,-0.6025693,-2.3991766,0.54915845,-2.7184093,0.40982047,0.08810824,0.4574186,4.259261,0.2536163,0.26734418,0.074211404,2.1440902,0.5223325,-0.9771212,1.0247204,-1.0761493,1.0561295,-0.99602383,1.0193679,-0.988722,0.9986061,0.3555528,-0.941667,-1.112946,1.0279025,1.0649807,-0.94621855,-0.6956309,1.0038213,-0.93664414,-0.96668,0.89465296,-0.98025775,0.95751655,-1.048571,-0.94758624,0.95453954,-0.51847464,1.0806773,1.0108855,-0.93314403,0.91759586,-1.0102582,-0.91552514,1.0919622,0.8248116,-1.0042646
155,-0.047751304,-0.002245247,-0.9975414,0.0019436751,0.0014280945,-0.00012910564,-0.26673657,0.26871523,-0.24222007,0.2249088,-0.25974438,0.24759923,-0.23348638,0.26073697,0.16354081,-0.22926785,-0.28029442,0.28446198,0.3018285,-0.266213,0.0886603,0.25404796,-0.2574089,-0.15923928,0.06388134,-0.22261931,0.23819752,-0.24897328,-0.2741826,0.2220643,0.05567951,0.24109562,0.25596237,-0.26366204,-0.06656766,-0.28320214,-0.23768961,0.42542815,0.078405015,-0.10541478,0.098519035,0.12380563,-0.86225015,0.037246037,0.21605553,-0.29518205,0.3096291,-0.6714894,-0.116280444,0.892959,1.2284153,0.38073236,-0.3095632,-0.536345,2.525388,-0.023773955,-0.2885259,2.0611992,-1.727158,0.022766015,0.012621354,-0.46788526,0.97018707,1.4781973,0.54966396,-0.7278238,-0.09159972,0.024838967,-3.7778018,0.8927555,0.16721557,-0.8580679,-0.7703967,0.4276846,-1.0302278,1.0062577,-1.0482557,1.0306275,-1.0200243,1.0254822,-0.9739274,0.9583258,0.40245625,-0.6949202,-1.0467575,0.97403115,1.0071256,-1.0062686,0.974109,1.028729,-1.0215712,-1.0612931,-0.9907174,-0.979337,0.946504,-1.0738848,-0.8055014,-0.41579837,0.3079601,0.91694146,0.98494405,-1.0208424,-0.98507315,-1.0238136,-0.9183563,1.040212,0.15944675,-0.62324077
156,-0.045901656,-0.0033102299,-0.9991458,-0.0023178798,0.0014081184,-0.0018017588,-0.2577083,0.24828875,-0.21705525,0.20961206,-0.2505477,0.25898606,-0.23575357,0.25659975,0.16601337,-0.23760943,-0.2852484,0.27375117,0.28918594,-0.24045509,0.033151515,0.24375354,-0.24719658,-0.13262807,0.035798572,-0.22766922,0.2538068,-0.2480226,-0.27679634,0.24745588,0.098033234,0.23112886,0.24550992,-0.26577064,0.02676215,-0.28222138,-0.24399935,0.43594006,0.11436458,-0.09618517,0.2931317,-0.45808202,0.84588987,-0.44445145,0.3487649,0.47115675,0.075774625,0.06993559,-0.0332916,-0.36101326,-0.8085835,-0.3692974,-0.24747446,0.8351142,-3.1907318,-0.28555533,0.380764,3.000246,0.5328246,-0.1349187,0.5134783,-0.13998213,-1.4209146,1.5922134,1.7921337,-0.11591365,-0.4373314,-0.17265353,4.251735,0.3326773,-0.19986331,0.41254914,1.1942742,0.67189336,-0.9547553,0.9845972,-0.9599695,0.99314123,-0.9543285,1.0385906,-0.9879981,0.96810514,0.4247892,-1.017261,-0.9790525,0.916346,0.9622386,-0.9604716,-0.9495435,0.9569786,-0.92166364,-0.91957605,-0.90427655,-1.0351022,1.0493132,-1.0787865,-0.994981,0.9346996,0.6036421,0.9286903,0.89583373,-1.0728976,0.9591222,-1.039051,-1.0118637,1.0152268,0.673047,-0.8940583
157,-0.04946112,-0.008915871,-0.995038,-0.0037294864,0.0036631634,0.0011649227,-0.26269442,0.2400788,-0.2301415,0.21461134,-0.23662612,0.26015612,-0.2313879,0.26081523,0.16477652,-0.2422813,-0.2836395,0.27857453,0.30321702,-0.23163743,0.099436134,0.24949197,-0.24564703,-0.1613795,0.015565159,-0.21366553,0.23781873,-0.26627803,-0.22928622,0.26761764,0.012853191,0.23733118,0.24829078,-0.26431182,-0.02769658,-0.28576276,-0.24500692,0.4213274,0.12526843,-0.06672476,-0.6046022,-0.25480703,-0.112317055,0.07698709,0.28478122,-0.028631553,0.06465809,0.061948206,-0.12007288,0.22169776,0.37218156,-0.16820233,0.27504608,0.2694507,3.2901788,0.16969627,-0.17659351,0.22821793,-1.1645389,0.23386605,-0.40242267,-0.43980077,0.27540833,0.51228356,-3.628707,0.035754357,0.28037772,0.18592294,-2.7308078,0.5311416,-0.18829262,-0.87666005,0.6655602,1.7849052,-0.96004707,0.96000916,-0.98662883,0.9546214,-0.9707354,1.0642579,-0.98525,1.0730761,0.31047103,-1.0047046,-1.0124469,0.9543739,0.9992026,-0.9761268,0.94225174,1.0184022,-0.9797575,-1.0298005,-0.907032,-0.9110408,0.91198003,-1.1114749,1.0464985,1.0333453,-0.73135066,0.937114,0.9863698,-0.99621844,-0.6528445,-1.0391247,-1.0250136,0.975365,0.6389462,0.09663089
158,-0.043838073,-0.0038875712,-0.99833924,-0.0007800258,0.0034086674,-0.0028365015,-0.28107896,0.24723461,-0.23657309,0.21995239,-0.24645765,0.2533104,-0.22838561,0.26074755,0.15964095,-0.24479452,-0.26127374,0.2749827,0.29617944,-0.22738123,0.08685145,0.2641002,-0.24490097,-0.13513699,0.010049517,-0.2236492,0.22880763,-0.25927,-0.23785986,0.21838656,0.09013407,0.23427464,0.25847256,-0.26312146,-0.034139436,-0.2791007,-0.2512861,0.40850684,0.09081899,-0.08892318,-0.41126704,0.44829953,-0.31141955,0.2744486,-0.22399068,-0.22996464,0.082568415,0.21597907,-0.20556606,0.026800897,1.2262155,-0.155593,-0.09734251,0.06631684,0.09658724,0.38120615,-0.14354159,2.9988964,1.18663,-0.3867514,-0.4593893,0.29725158,-1.1181421,-0.7567955,3.1893954,-0.011599474,0.41801792,0.101266906,-0.0019736642,0.20660952,-0.1906613,-0.595458,-1.4233307,-0.043741204,-1.0849302,0.99134684,-1.0287462,0.99200404,-0.95265186,1.0408038,-1.002263,0.99313647,0.3413866,-1.0119362,-0.9792294,0.9889162,0.9523993,-0.96267277,0.20107298,1.0788659,-0.9862553,-1.0115933,-1.0136983,-1.0719938,0.90395266,-1.1108336,-0.92942554,-0.37063307,0.9943918,0.9628033,1.0737556,-1.0126969,-0.10458861,-0.9433584,-1.0440098,0.99442273,0.077595964,-0.94851047
159,-0.049828026,-0.0012392623,-0.99800617,-0.000277666,-0.0015278255,-0.0012697201,-0.28997096,0.25883475,-0.20007288,0.22487165,-0.25772214,0.25371826,-0.23051924,0.26950172,0.16033024,-0.23943621,-0.2930643,0.26223367,0.3003691,-0.22873043,0.069387875,0.26582336,-0.2567891,-0.13348141,0.01625555,-0.2189773,0.23491603,-0.250741,-0.2748028,0.22351348,0.056915503,0.23456484,0.2679885,-0.2485401,0.059863433,-0.2832203,-0.2501538,0.40159267,0.11894853,-0.0695369,0.1435123,0.31624293,0.98705244,0.06406102,-0.2696798,0.091727115,0.0035983478,0.15083472,0.00695147,0.040953197,-2.2673666,-0.45074025,0.18516284,-0.12678196,-2.3302739,-0.07096314,-0.22968312,1.609772,1.6367087,0.23906007,0.16572621,0.17313583,-1.553748,0.5730167,-1.2338237,0.24819548,0.08952997,0.39153212,4.1964455,0.13957281,-0.011285166,-0.025614455,1.0023674,1.0972619,-1.0990939,1.0858725,-1.0424917,0.98180526,-1.0342326,0.98045135,-0.9983606,1.0230412,0.30482766,-1.0368176,-0.9783153,1.0354424,0.976958,-1.0321399,-0.9455926,1.0474586,-1.0230638,-1.0476565,-1.0232583,-0.99736285,0.9519095,-1.0357264,-0.84541523,1.0261685,-0.25768137,0.9722176,1.0543274,-0.86720514,1.0828371,-0.97798514,-1.0157928,1.0003982,0.6660338,-0.28703487
160,-0.049402636,0.0022456085,-0.99916637,-0.0008072038,0.0020002278,0.0016204971,-0.2737338,0.24623892,-0.21667533,0.21964115,-0.25782076,0.25010297,-0.22853541,0.2642165,0.15442324,-0.24020055,-0.28940055,0.26710144,0.31775084,-0.23203176,0.11932313,0.26806486,-0.24599276,-0.1547546,-0.015274956,-0.21906063,0.24798512,-0.2383981,-0.25182384,0.24446212,-0.005848913,0.2526239,0.2640212,-0.25653726,-0.035046134,-0.27534217,-0.24646612,0.4115311,0.10217065,-0.086613014,0.22852972,-0.46790326,-0.4117861,-0.14531709,0.18127802,-0.11696462,0.07206999,-0.20519249,-0.20265925,0.31379688,0.7858878,-0.019140081,0.4795463,0.03794199,2.9175723,0.17013228,0.24748987,1.0876051,-1.8790356,-0.3547685,0.6062066,0.39877337,0.052709997,1.0102997,-2.7408872,0.014236651,-0.3516167,-0.25292242,-4.5154357,0.7383818,0.06272336,-0.25158083,-0.5931298,-0.34962952,-1.0143644,0.9639273,-0.95333165,1.0453185,-0.9797792,0.995134,-1.0085349,1.0846137,0.2297256,-0.9433984,-0.95699346,1.0148503,1.0264279,-0.94306296,1.0368629,1.095742,-0.92770255,-1.115842,-1.0017133,-1.0813301,1.0224296,-0.95628536,0.024933528,0.94436944,-0.6344898,0.98390096,0.95612174,-1.050701,-1.0077674,-1.1055043,-0.9857103,1.0027443,0.29157865,-0.48487106
161,-0.0501993,0.0003786594,-0.99551153,-0.0010778654,-0.002877831,-0.000629637,-0.27258468,0.24862494,-0.2242206,0.21953359,-0.2607865,0.2486438,-0.2259831,0.2705746,0.15933222,-0.24181174,-0.2682827,0.26425126,0.30631262,-0.24902071,0.078870736,0.2542711,-0.2473829,-0.12989688,0.035706177,-0.22757654,0.23462424,-0.2414043,-0.27345443,0.23022918,0.07852615,0.23822942,0.26239568,-0.26306385,0.040770378,-0.29076368,-0.25440007,0.40402094,0.10181176,-0.08827182,0.3523845,0.2857507,-0.5400994,-0.13664612,-0.11681531,0.011866057,-0.27424094,0.32353383,0.11263166,-0.21259607,1.2825128,0.0011035936,-0.17803733,-0.37954026,-1.3378992,-0.52744657,-0.21456547,2.3952777,3.1451817,-0.3388184,-0.5786729,-0.14752685,-1.777164,-0.93618137,3.422443,-0.02590728,0.19955406,-0.19843926,3.909408,-0.41273007,-0.015737582,-0.417251,0.03417283,0.22523896,-1.0065372,1.0270727,-0.9605929,0.9854042,-0.9667304,0.9561469,-0.99360776,0.99457574,0.29664585,-1.0020642,-0.9853879,1.0013195,0.9660344,-1.0668147,-0.07043306,0.9730249,-0.9807537,-0.94732356,0.3037189,-1.046606,0.9225724,-1.083009,-0.9912289,0.97244245,1.0068464,0.9727239,1.0649872,-1.0964508,0.9825156,-1.039539,-1.0074388,0.9700075,0.42098415,-0.9868173
162,-0.045537554,0.008880013,-0.9985703,-0.0017021962,-0.0010572193,0.0024601845,-0.26214898,0.26483342,-0.22867866,0.21358517,-0.27533156,0.24082428,-0.23721206,0.26776204,0.16255754,-0.22386754,-0.24489889,0.2744264,0.31174088,-0.2624876,0.14133684,0.22693016,-0.23117602,-0.14607145,0.03949343,-0.2251318,0.22619495,-0.2437141,-0.29354948,0.23391494,0.0632083,0.23542643,0.26060307,-0.25790513,0.041076124,-0.2848069,-0.24675441,0.39981008,0.13557106,-0.09539202,0.23246178,0.2790332,-0.24998753,-0.28378898,-0.43172416,-0.39172307,-0.4097548,-0.14101087,0.018980736,0.48618495,1.0869952,0.12843543,-0.09667587,-0.15948696,3.2843022,-0.60958016,0.254637,0.46516025,-0.8895948,-0.09439262,-0.2724842,0.13231246,-0.61890256,0.87851644,-0.9153631,-0.2884326,-0.14528584,0.2837976,-0.4427654,0.6599157,0.21664537,-0.746742,1.2167732,0.6790358,-1.0043893,1.0692965,-0.9630535,0.9344663,-1.039485,0.89425737,-1.0646971,1.0263333,0.36038595,-0.78446186,-1.0196128,0.9846651,1.0245032,-1.0008036,1.0402814,0.8851003,-0.8846467,-1.0404484,-0.4412495,-1.0049592,0.8827961,-1.0274137,-0.96907,0.9533545,0.09478508,0.9123099,1.0152835,-0.9807825,0.09584903,-0.98255676,-0.9367081,0.92946905,0.7798377,-0.5727606
163,-0.043620896,0.0032508234,-1.0002828,0.0033699658,0.0012269538,0.0034112188,-0.2588202,0.25036556,-0.21737611,0.21225327,-0.26762372,0.25653693,-0.2415174,0.2698098,0.16557148,-0.23992725,-0.26053518,0.26055315,0.30441564,-0.24783103,0.0779366,0.24777992,-0.24830972,-0.15002017,0.05422325,-0.2355021,0.23193762,-0.23490515,-0.31573743,0.28970367,0.11588676,0.25202283,0.26084498,-0.25714523,0.10700521,-0.28355566,-0.24396889,0.4049084,0.14451686,-0.10215581,0.21961963,-0.5201491,0.5535671,0.10076336,0.16960825,0.64901435,-0.07278345,0.17002568,0.30666494,-0.7238451,-1.4407036,-0.28704837,-0.041139532,0.2593488,-4.0515885,0.6118863,-0.46847847,1.1376036,2.3144858,-0.24641298,0.46260133,-0.04746864,-1.8361129,3.1336389,2.339519,0.7306428,-0.07884831,-0.081612214,3.094393,0.19548315,-0.014503727,0.37859818,0.27958813,-0.022018539,-0.98570746,0.97592247,-1.0137632,1.049682,-1.0849228,1.0917325,-1.0471879,1.0349469,0.48402238,-0.9618759,-1.1123041,0.9600272,1.0576669,-0.9553921,-1.0512757,1.043418,-0.9770554,-1.0916147,-0.12457046,-1.0910993,0.979351,-1.0198987,-1.163473,0.99450004,0.8141629,1.0585227,0.98238367,-1.0197171,1.0605726,-1.0610183,-0.9876281,0.99228907,0.623452,-0.9022781
164,-0.0395457,0.0027518072,-1.004072,0.0025651997,-0.001290307,-0.0009176604,-0.2735937,0.26919225,-0.22613296,0.2078201,-0.26293904,0.26019904,-0.24974708,0.2643482,0.17432845,-0.22116955,-0.27337793,0.26927158,0.2938571,-0.26704735,0.14934245,0.25795245,-0.24394788,-0.18125783,0.06194783,-0.22564524,0.24338897,-0.24875623,-0.25335637,0.30302322,0.009475599,0.27355635,0.24274176,-0.2570288,-0.007443519,-0.27817646,-0.24022207,0.40628803,0.12946352,-0.09243852,-0.84227425,0.23827341,-0.16439764,-0.41755572,0.5168281,-0.18330938,-0.235763,-0.5911632,0.02914575,0.9044554,-0.42691845,0.22619572,-0.48423034,-0.515898,3.3780377,0.11799982,-0.05167252,0.4309766,-1.8135397,0.26227885,0.49677917,-0.4690173,3.3098543,-0.3853316,-4.5123715,0.51068115,-0.5788637,0.17269255,-5.3069687,0.8571807,0.1115826,-0.7949351,-0.547221,0.8953976,-1.0771205,1.0854316,-1.0662773,0.9021765,-0.91685855,0.9428418,-1.1290772,0.9710155,0.39335272,-0.5981751,-0.9790126,0.98419833,0.91886574,-0.964147,1.0096496,1.0486897,-0.97645694,-0.9913688,-0.30011714,-1.0005251,1.0048357,-1.0766894,0.121607,0.92851216,-0.98555523,1.115087,0.9156664,-0.9389254,-1.0479547,-0.94808716,-0.94693905,1.0076618,0.40273818,-0.44864458
165,-0.037207257,0.0039863577,-1.0031099,0.0023167557,-0.00062703434,-0.0008317867,-0.28093746,0.2684511,-0.23660772,0.20900005,-0.26440746,0.24645348,-0.23878114,0.26334155,0.158487,-0.23002684,-0.2617211,0.26460367,0.31634703,-0.2629798,0.13076024,0.2542528,-0.24657759,-0.1633716,0.06570435,-0.23435621,0.2555718,-0.23564114,-0.25739062,0.22221965,0.08570408,0.26037222,0.24469665,-0.26100707,0.024792958,-0.27533847,-0.24371913,0.39449742,0.10570642,-0.117181174,-0.03763413,0.33371335,-0.69663936,0.11114579,-0.115319364,-0.44054317,0.3084236,0.3096052,-0.74816614,-0.09916655,0.8445549,-0.1029475,0.8814892,0.33923322,-0.26012835,-0.05537469,-0.09231004,2.9672956,0.43561053,-0.17252477,0.25161177,0.35659477,-1.4266384,-3.001314,3.3090882,-0.33091798,0.14368285,-0.16431598,1.7739776,0.33585468,-0.07954808,-0.44494024,-1.0887144,-1.0222332,-1.0494329,1.0844884,-0.97745353,1.027971,-1.0056597,0.96883917,-0.8862709,1.0391688,0.32144874,-0.9309679,-0.9768252,0.9497344,1.1057396,-1.0584341,0.49949464,1.0069164,-0.98007387,-0.9587905,-0.18362507,-0.9968105,1.0478736,-0.9879822,-0.9972058,-0.091408506,1.0004277,1.0380443,0.9620461,-1.0607553,0.46809304,-1.0032293,-0.99361527,0.9698219,0.19199768,-1.0385605
166,-0.0382002,-0.0006487582,-1.0001516,0.0024735972,-0.00016706568,-0.00023224184,-0.27258125,0.25326174,-0.19848695,0.20498179,-0.25905204,0.25389317,-0.24286363,0.26851073,0.17002612,-0.21874884,-0.29375216,0.26540685,0.2983228,-0.2725881,0.09272604,0.24941906,-0.2564522,-0.14310783,0.075285144,-0.23202945,0.24158235,-0.24348786,-0.25355265,0.23348264,0.054832067,0.254152,0.240603,-0.25739476,0.10122645,-0.27730194,-0.24208955,0.3951519,0.13003884,-0.1300075,-0.18153661,-0.49217284,1.5258007,-0.17238347,0.26043314,0.31971836,0.11701954,0.09804932,0.20155567,0.2117484,-2.5164833,-0.13839482,-0.6372344,-0.31495455,-3.2131958,-0.23776406,-0.14680742,2.3526745,-0.26730493,0.09096405,-0.43828347,-0.2933843,-0.35460797,1.8788129,-1.4623303,0.020841118,-0.184772,-0.049438346,3.3649821,0.31213227,0.069845684,-0.16272447,1.0581379,-0.007248464,-1.0404277,0.95580095,-0.9661845,1.0285031,-0.9722612,0.9625359,-1.0124114,1.0095831,0.46968633,-0.67185307,-0.9746749,1.0267681,0.9687924,-0.98501426,-1.0037593,0.9719933,-1.0040643,-0.996665,0.062902644,-1.0587357,0.9561469,-1.0438817,-0.69364303,0.97207993,-0.34120128,1.0398498,0.92612225,-0.9832579,1.0906976,-1.0224515,-0.9609828,1.0737014,0.7251623,-0.7479989
167,-0.036245864,-0.0017900156,-0.9981124,0.00021916986,0.00028255218,0.0017481891,-0.2855526,0.25180376,-0.21881644,0.21298793,-0.26091418,0.26146847,-0.23185039,0.2587225,0.16930296,-0.23384026,-0.30823365,0.26299274,0.2916075,-0.26841137,0.13434187,0.2387227,-0.24705893,-0.14664511,0.104810916,-0.23517397,0.23173784,-0.24976176,-0.2730026,0.24157286,-0.02774096,0.2446604,0.25363874,-0.26563606,-0.008995844,-0.2660455,-0.24035142,0.37631324,0.14584434,-0.15476702,-0.20487596,0.08494364,-0.4421086,0.06433919,-0.03146965,0.13287634,0.304751,-0.4091663,0.03674821,-0.23833612,-0.19943832,-0.12323893,-0.12206469,0.33915132,2.2434561,-0.1495782,0.034674406,0.60173035,1.3291293,-0.36103502,-0.21099052,0.061946224,-1.1774094,0.46782982,-3.648259,-0.8362047,0.4460976,-0.17746174,-5.3870926,0.7305208,0.16694139,-1.1433729,0.6727196,-0.6388265,-1.1276288,0.989491,-0.9834821,0.9943212,-0.98947155,0.96714467,-0.89936614,1.0095211,0.45010832,-0.8011207,-0.97166544,0.9934676,1.0000368,-0.9778188,0.97185636,0.9604973,-0.9858049,-1.0302153,0.5658048,-1.0821997,0.9280637,-1.0064927,-1.0526505,0.9951247,-0.9825885,0.91388613,1.0142822,-1.0465107,-1.0802181,-1.0030814,-0.9158221,0.99395925,0.70666593,-0.7444584
168,-0.037112456,0.0015918377,-0.99950874,-0.0025781388,0.00030978987,-0.00068312127,-0.26708844,0.26610556,-0.24356493,0.20776618,-0.26601064,0.24700576,-0.22826724,0.26359433,0.17400639,-0.23322566,-0.2799911,0.26328433,0.29247192,-0.26910967,0.13210721,0.237434,-0.24316348,-0.1434164,0.13340767,-0.23661533,0.23367769,-0.23923367,-0.29214704,0.18562087,0.06201484,0.24969132,0.2508845,-0.26862007,-0.023046235,-0.26220524,-0.24607885,0.36875072,0.10653396,-0.16411045,0.47253522,0.64620376,-1.2137302,0.12362539,-0.23852938,-0.46324623,0.009979094,0.3460017,0.1685858,-0.09787128,2.3131301,-0.28759736,-0.06728302,0.04683674,1.538166,-0.18697606,0.07160995,1.2351204,0.9669581,0.087729335,-0.12689334,0.31852454,-1.4465107,-1.5406959,3.5601957,0.53756034,0.054485586,-0.12678084,-0.06350469,0.5937477,-0.14073697,0.11805605,-1.5710568,0.29978156,-1.0008451,1.0559896,-1.0461173,1.115131,-1.009678,0.99262136,-0.9792525,1.0457994,0.4817344,-0.8188033,-0.95431316,0.9486108,0.9931693,-0.9887978,0.9705654,0.93147945,-0.94526535,-0.92390704,0.45139825,-0.9972937,0.9423389,-0.9846954,-1.1032212,-0.41520932,0.96318805,1.0481802,0.9713326,-1.0957382,-0.070924334,-0.95923704,-0.99674165,0.98157126,0.11365049,-0.9700768
169,-0.035240278,0.0027268052,-0.99931127,0.0018435133,0.00022682193,-0.00028132426,-0.2708899,0.2731142,-0.2077782,0.2034915,-0.26704603,0.24980287,-0.2314183,0.26397705,0.17926392,-0.22582841,-0.296945,0.2539914,0.298098,-0.2793717,0.08355507,0.23786044,-0.2455491,-0.16548732,0.12557106,-0.22006465,0.23143874,-0.2388307,-0.29427475,0.20876822,0.10484738,0.24123685,0.25374782,-0.25504455,0.05565083,-0.26538253,-0.24306968,0.3770268,0.107875794,-0.14486025,-0.24469933,-0.2614053,1.5008512,-0.22998829,-0.08218272,0.10095869,0.052618872,-0.1407372,-0.10282573,0.5531169,-1.5806797,-0.31373882,0.22254655,-0.3842418,-3.2715402,-0.006433997,-0.11446336,0.75262046,-1.9363894,0.60426503,0.031754393,-0.030457618,0.21086547,2.54429,2.0349476,-0.24539372,-0.105251156,0.3425666,3.7432978,0.1569284,-0.01510199,-0.23544851,0.022944335,0.92767364,-1.0568322,1.0324897,-0.90916485,0.9975252,-0.9965212,0.94310695,-0.98079556,0.965483,0.478556,-0.6022328,-1.0024891,1.0313114,1.0566711,-0.9808401,-1.0326371,0.9453481,-0.96753377,-1.0858853,-0.4433782,-0.9281663,0.9493032,-0.996375,-0.9545236,1.0083362,0.6049398,0.95676196,0.9820173,-0.9213694,1.0100633,-1.0175922,-0.97307754,0.92413944,0.44157368,-0.5240415
170,-0.041042667,-0.007277624,-0.9965211,0.001559457,-0.00074475736,-0.0013075685,-0.25577757,0.2543962,-0.20091946,0.21153331,-0.24894111,0.2652512,-0.22417253,0.2540309,0.18936862,-0.23905082,-0.31692415,0.24643397,0.2904187,-0.24620773,0.09218932,0.25810167,-0.24789715,-0.1641398,0.10884363,-0.2152656,0.22739606,-0.24832578,-0.2829282,0.26119044,0.017044496,0.232482,0.2570171,-0.26242638,0.042371057,-0.269477,-0.24336976,0.3752536,0.12211173,-0.14238362,-0.07578313,-0.71454394,0.422347,0.05423924,0.44650802,0.6081807,0.3782665,-0.17508976,0.17720789,-0.6537441,-1.6471308,-0.2520695,-0.25641063,0.9452154,-0.49897715,0.60492945,-0.10242542,1.9200698,0.60107136,0.09214564,-0.0482038,-0.3247091,-1.839182,2.008431,-3.6495476,-0.49214265,0.0866507,-0.1090333,-1.2364386,0.29458222,-0.12973352,-0.10916524,0.607823,-0.24308848,-0.95342225,0.97541314,-1.0264751,0.9698143,-0.96404874,1.1185179,-0.8892162,0.9861949,0.49589738,-0.96045417,-0.9988323,1.050492,0.96098405,-0.94707257,-0.13430744,1.0675695,-0.96952254,-1.0028725,-0.4464412,-0.9913676,0.9114282,-1.0341148,-0.33969995,0.98876196,-0.878993,0.8987693,1.0129957,-1.0168542,-0.052167132,-1.0217671,-1.0027884,0.9642576,0.6174929,-0.55132383
171,-0.03938755,0.0011189384,-0.9986092,-0.0010542327,-0.0027765527,0.0023622883,-0.27797234,0.25139305,-0.23368153,0.20958522,-0.25167808,0.25592494,-0.21152933,0.2565957,0.17930032,-0.24350351,-0.3053869,0.253552,0.30964547,-0.24578562,0.10864605,0.24327031,-0.24331254,-0.18666863,0.08113824,-0.21070154,0.22694755,-0.25563666,-0.25473195,0.2357862,0.06628321,0.24460746,0.25451237,-0.2661881,-0.056695085,-0.2704839,-0.24001467,0.37760726,0.11137552,-0.114318445,-0.9079122,-0.18343845,-1.2757497,-0.05221124,-0.3551378,-0.789676,0.3140913,-0.10785348,-0.32899433,0.3535036,1.6557635,-0.032875553,0.3306964,0.4256413,2.4617844,-0.33217987,0.04654905,0.22272687,-2.5165675,0.31240755,0.15934078,-0.108070925,0.79170936,-1.6140015,1.98696,0.32770076,-0.008023775,0.034427855,-4.064987,0.40489066,0.06447007,-0.5492395,-0.5215552,1.8003379,-1.0771036,1.0159559,-1.1160945,0.91655135,-0.95721734,0.9516681,-0.9203756,1.0212561,0.3742579,-0.9268446,-0.9791991,0.93621075,1.0304538,-0.9891607,0.9961909,0.9666775,-0.9426516,-1.0222651,-0.93248165,-0.91092116,0.92791295,-1.0561354,0.13006864,0.8751938,0.5939123,0.9752128,1.0174197,-1.0233281,-0.9983008,-0.9729266,-0.9607641,0.96717095,0.34514144,-0.13455026
172,-0.042019125,0.004336436,-1.0005783,0.003986594,-0.00081139593,-0.00069346733,-0.28471714,0.26594236,-0.21535225,0.20585863,-0.26188904,0.25201312,-0.21323033,0.26135495,0.17044382,-0.23512854,-0.3167679,0.24457976,0.31457126,-0.2337979,0.06442836,0.24411133,-0.2567023,-0.18654132,0.03833573,-0.20327099,0.2323734,-0.23932104,-0.25734052,0.21364093,0.11822962,0.23049907,0.23866895,-0.25850165,0.038209777,-0.2672994,-0.2515989,0.38809288,0.09271847,-0.13125323,-0.5098863,0.32168567,0.5601908,-0.20723955,-0.27190116,-0.09914021,0.18915853,0.16288263,-0.3915713,0.07706999,-0.95791,-0.204282,0.254893,0.6084086,-3.0410051,-0.10221894,-0.37929365,2.5327592,-1.2086157,0.19276865,-0.026127363,0.43768188,-0.8932973,-0.8203285,2.2238965,-0.20601222,-0.6165697,0.023514342,4.2599297,0.22786504,-0.32632124,0.52918565,-0.850646,-0.85024905,-1.1183387,1.0707105,-1.0813152,1.0229795,-0.95707613,0.955363,-0.9162688,0.95647264,0.35738507,-0.9272356,-1.0632236,1.1014214,1.0350711,-0.90382546,-0.98905087,0.9571645,-1.0141226,-0.9624682,-0.9312529,-0.96056354,0.95523685,-0.9800164,-0.9472371,0.6543097,0.7233404,0.93264896,0.89983183,-1.0129789,1.0274739,-0.94074166,-1.0720019,1.0371333,0.1955085,-0.89226395
173,-0.04010682,0.013272339,-1.0010107,0.0015907441,-0.0009267846,0.0025943366,-0.2813101,0.25890604,-0.21854982,0.21501641,-0.26240996,0.24696243,-0.21011674,0.26356915,0.18123187,-0.22658138,-0.31161857,0.24362352,0.31039047,-0.24377935,0.14212134,0.23939249,-0.26516062,-0.20979664,0.00637977,-0.19935708,0.2427096,-0.23769267,-0.22168037,0.22817227,0.013918027,0.24079762,0.2531532,-0.26289758,-0.0049940753,-0.26260293,-0.25357762,0.3797791,0.112017594,-0.12557346,-0.5537015,-0.23126552,0.054098252,0.5119959,-0.27100596,-0.20605001,-0.033415895,0.1159541,0.07043387,0.31853187,0.24409412,-0.21453722,0.0773881,-0.19352525,3.416767,-0.047145337,-0.19036031,0.35746008,-1.2168756,-0.024256151,0.39498687,0.16136329,-1.2503082,0.68475324,-4.6120625,0.28677282,0.4558524,0.18883076,-2.18511,0.6263102,-0.052957494,-0.45075348,0.6952981,1.0975864,-1.0070049,1.0439692,-0.98690355,1.0132506,-1.0770525,1.0203345,-0.95353544,1.0680829,0.3447012,-0.97153246,-1.0999678,0.91103286,0.99685186,-1.0617753,1.0176928,0.9529378,-1.0392724,-1.0332353,-0.87020105,-0.94301015,0.9897542,-0.9601261,0.9905133,0.9477502,-0.95434505,0.97571677,1.0214214,-0.9847483,-0.4358554,-0.87430066,-1.0180702,1.0072914,0.5774064,-0.28355816
174,-0.04183675,0.016478065,-0.9983536,-0.0021761062,0.00047759883,0.0052224486,-0.28502566,0.24827746,-0.23176558,0.21219647,-0.26845774,0.24522513,-0.20596151,0.25864083,0.17159899,-0.23178065,-0.2885016,0.24638402,0.3123124,-0.23816438,0.12248991,0.26106232,-0.2478258,-0.17596094,-0.01558987,-0.21153429,0.23496613,-0.2375441,-0.25928104,0.23930375,0.096105926,0.23593035,0.25333902,-0.25650376,-0.023520906,-0.26000547,-0.2572606,0.38133675,0.08520908,-0.13442485,-0.14542848,-0.34852692,-0.7106362,0.024194315,-0.44494513,0.02358976,-0.120926626,-0.03645191,-0.42071348,0.005785619,1.5663383,0.042674314,0.14805223,0.19136636,-0.0028026234,0.5361737,0.14592026,4.031491,-0.5006201,-0.472161,-0.2267607,0.07764773,-3.157161,0.94642216,3.190915,-0.03208338,-0.1258165,0.17389522,-0.5436617,0.26105997,-0.18294248,0.20052058,-0.96467865,-0.057901118,-1.0583059,0.97282964,-1.0350907,1.0455815,-1.0097749,0.99421513,-0.93809754,0.9691618,0.28632084,-0.9490372,-1.1044178,0.8914911,0.9585946,-0.9775312,0.39666024,1.0739803,-0.95661104,-1.0431834,-0.9685552,-1.0162978,0.9461088,-1.0190386,-1.061652,0.6457941,1.030767,0.9765097,0.9637117,-0.9949458,-0.16303383,-0.9724139,-1.0609936,1.0248054,0.15347387,-1.026621
175,-0.04452723,0.005724734,-1.0008999,-0.0009826504,-0.0015794323,-0.0024065347,-0.2811899,0.25939757,-0.21502686,0.21432549,-0.2624402,0.2568899,-0.22143939,0.26151833,0.1741689,-0.23664083,-0.27948624,0.23358817,0.3240103,-0.24681766,0.10490914,0.25228024,-0.25461435,-0.19174403,-0.045503587,-0.20780607,0.2486704,-0.23457421,-0.24610876,0.24107157,0.09542003,0.22952382,0.25324592,-0.25448787,0.057211462,-0.26446208,-0.25396004,0.38938385,0.12675577,-0.11987206,-0.38778764,0.5191195,0.5415101,-0.11533784,0.11140215,0.057385918,-0.52253485,0.2148848,-0.059746798,-0.66959035,0.11562289,-0.41027105,0.26230833,-0.37997463,-1.5282791,-0.16009235,-0.27213326,1.3898369,-1.3935539,0.022100242,0.49724594,-0.029942205,-1.7276928,0.13036703,-0.100224055,-0.08928433,-0.086718835,0.024009954,3.6756835,0.07861464,0.06507603,-0.059808448,1.7157053,0.6120436,-1.0061762,1.0730728,-0.9780269,1.0731852,-1.0065271,1.0284805,-1.0477697,1.0428504,0.26369497,-1.0113627,-0.90038055,1.0221896,1.0071274,-1.006905,-0.39377418,1.000952,-1.0215198,-0.9705971,-0.45512086,-0.9520693,1.0268488,-0.93137556,0.49908376,1.0158135,0.23387802,0.9397583,0.95304453,-1.007607,0.981607,-1.0738032,-1.012973,0.9428711,0.8613745,-0.14691073
176,-0.044512473,0.008473922,-0.9990605,0.002049569,0.0004751516,-0.0027318294,-0.25923422,0.26529706,-0.22919731,0.20695217,-0.25894344,0.2550408,-0.22323845,0.26395902,0.17431353,-0.21863,-0.25782895,0.23735097,0.33261397,-0.28283814,0.14009404,0.25172836,-0.2173764,-0.19184124,-0.011608013,-0.21252643,0.23523065,-0.22296597,-0.26869217,0.24425322,0.07354894,0.2398912,0.25985566,-0.25743458,0.0787975,-0.270776,-0.24656357,0.374952,0.12499533,-0.15191212,0.18309951,-0.054228455,-0.28772262,-0.50529516,-0.33275732,-0.16522184,-0.20424053,-0.06422753,-0.4747117,0.9119985,1.0387014,0.16922547,0.09605843,-0.8699949,2.202457,0.06984315,1.0704961,2.2893488,-2.3009965,-0.21663883,-0.5304356,0.48970354,-2.240778,1.0604032,-1.0348165,0.11292207,0.29062673,0.048256926,0.8384279,-0.4416496,0.3162402,-0.9777802,-0.23314206,-1.2665192,-0.95441866,1.0157888,-0.909366,1.0126853,-0.9172421,0.9283059,-0.95610297,0.99147874,0.33122844,-0.46713567,-0.98330283,1.0171053,1.0755632,-0.9451621,0.92910206,1.0178382,-0.8113568,-0.96425664,0.98517597,-0.9563921,0.9303674,-0.8986798,-1.0443714,0.9248481,0.06309055,0.9689744,1.0599954,-1.0250115,0.5184226,-1.036051,-0.9301428,0.9788778,0.44266358,-0.9608114
177,-0.03687036,0.0016275571,-0.9972017,0.0007526799,0.0025066035,-0.0014540546,-0.2611443,0.2548448,-0.20772062,0.20218755,-0.2531517,0.25956282,-0.22957145,0.2741891,0.20358483,-0.24628757,-0.27590063,0.23536581,0.2769024,-0.26056403,0.08405392,0.23492008,-0.24764587,-0.19156094,0.0705702,-0.21596958,0.230496,-0.2256079,-0.28137293,0.2572083,0.07682798,0.24065405,0.25005558,-0.25906157,0.12912618,-0.26683384,-0.24622515,0.37958834,0.1678525,-0.16683215,-0.04059462,-0.11425863,0.53142244,-0.04842969,0.29127717,0.43214095,-0.2788275,0.015606993,0.73312616,-1.4246523,-1.6287688,0.17767881,-1.9905068,0.71105176,-3.8333235,-0.63107353,-0.8118339,-1.2043875,5.882006,-0.35248753,0.07726107,-0.411469,0.17829669,0.7211467,0.5877599,0.23067346,-0.3978516,-0.19253734,2.3445206,0.32947654,0.06998687,0.60627544,1.7747029,-0.66749287,-1.0091641,0.99073726,-1.0751396,0.9838593,-0.9764518,1.0258003,-1.0602041,1.0382167,0.760616,-1.002328,-1.1117893,1.0376943,0.94333965,-0.9660801,-0.9611625,0.89284784,-1.0069413,-1.0245191,1.0226481,-1.0272838,0.9510998,-0.98522514,-1.091434,1.0049738,0.34674275,0.98929226,0.9356751,-1.0671121,1.0246675,-0.9415318,-0.9735893,1.0582535,1.0264648,-0.9622808
178,-0.04084026,-0.0017494906,-0.99683976,0.002190346,-0.001611729,0.0005460049,-0.27789223,0.2654241,-0.2303376,0.2082053,-0.26164883,0.26683477,-0.22740375,0.2549143,0.19276027,-0.22416462,-0.2669821,0.24964446,0.28516734,-0.29651314,0.13112493,0.23216799,-0.24735887,-0.16490723,0.084665686,-0.21738452,0.24757665,-0.24274392,-0.2923049,0.2533558,0.028202156,0.2426584,0.24643238,-0.26226082,0.015295971,-0.26643437,-0.24589096,0.37930903,0.06441009,-0.17094143,-0.09378416,0.14605273,-0.41519743,0.10601469,0.36254275,-0.07897605,0.28492293,-0.73335123,-0.71316004,1.3894179,0.8537004,0.27456674,0.13403457,-1.1058415,2.9679244,0.09805053,-0.010765479,3.572656,-3.822322,-0.06636804,0.51477456,-0.42307085,-0.5076163,0.22440632,-2.5243359,-0.31710753,-0.15327398,0.16853836,-5.6446137,0.55468833,0.16780955,-0.55536324,-4.27806,0.30896777,-1.0579947,1.0141816,-0.911779,0.9367662,-1.0456425,1.0445101,-0.93714076,0.940868,0.42570502,-0.55147344,-1.0557629,0.9281126,1.0283982,-1.0893276,1.1063708,0.9598605,-0.9771299,0.9181412,-0.33317706,-1.0260134,1.0116621,-1.0270191,0.316158,0.20421878,-0.4497597,0.918898,0.965026,-0.96776503,-1.033415,-0.9579909,-0.9312859,1.0252788,-0.6106069,-0.73846656
179,-0.041572373,-0.00016484439,-0.9986495,-0.0005990392,-0.0017423185,0.0029853922,-0.26984507,0.22318128,-0.228389,0.21725057,-0.26008692,0.25236583,-0.22780648,0.2552321,0.17959207,-0.24465217,-0.262208,0.24946518,0.29342955,-0.26791388,0.08506334,0.24991472,-0.24627417,-0.13576156,0.05300984,-0.21897858,0.24094051,-0.24292757,-0.29444432,0.22660953,0.09905344,0.23199143,0.26824892,-0.25809854,0.08262525,-0.26591995,-0.24560055,0.3611663,0.10084433,-0.16950949,0.070482425,-0.7682469,-0.11953,0.3960948,-0.15259635,-0.23402575,-0.127044,0.5803823,-0.22887105,-0.7858968,0.45560548,-0.016842622,0.23468636,1.0237677,-1.7131484,0.48489246,0.020034963,2.364868,0.24031234,-0.086560935,-0.15241419,-0.08333383,-1.5022157,-0.35243836,3.0207264,0.10288199,0.7059429,0.048767317,3.487107,0.10825641,-0.1282936,-0.49988225,1.5665199,0.18490516,-1.0397246,0.8659364,-1.0592592,1.0670298,-1.0102458,0.9637727,-1.0323606,1.0700291,0.4418255,-1.0571994,-0.9899617,0.9742971,0.99376875,-1.0385841,-0.26346815,1.0368752,-0.9694917,-1.0497662,-0.22055572,-0.9735542,0.99136513,-1.0376556,-1.0315431,0.89246225,0.97841,0.9398012,1.0968845,-1.0177772,1.0340691,-0.9530659,-1.0086249,0.946998,0.714212,-0.98017204
180,-0.040556584,-0.0018354511,-1.0009567,0.0006495193,-0.00059197913,-0.0002406872,-0.2854006,0.24445981,-0.23309873,0.21498622,-0.25901812,0.2635991,-0.23419505,0.26313877,0.18375126,-0.24636066,-0.25475186,0.24613978,0.29870665,-0.27108017,0.1312235,0.24952903,-0.24494663,-0.1680803,0.09636689,-0.2138128,0.253767,-0.2462386,-0.30268595,0.24711685,0.030764107,0.24709736,0.26704493,-0.2537202,0.11197877,-0.2661994,-0.24279882,0.366905,0.13634165,-0.17842463,-0.264988,0.5398959,-0.014770018,-0.15108757,0.11357978,0.44261712,-0.36770585,0.021634009,0.24344273,-0.27696294,-0.114169076,0.2282251,0.013678734,-0.041657448,1.5860957,-0.08992534,-0.07914555,-1.0746381,2.353665,0.054514647,0.5190015,-0.3372792,-0.30161488,1.110475,-2.9497283,0.5137536,-0.19349815,0.26221347,1.1173322,0.15190393,0.0373497,0.22240037,1.3060682,-0.42770883,-1.1389827,0.99628675,-1.0321078,0.98486036,-0.9903102,1.0440283,-1.0527273,1.0174705,0.5360389,-0.86030626,-0.95908105,1.0909182,1.0702983,-1.001267,0.5740189,0.9966642,-0.9801605,-1.0252187,0.8556343,-0.93392414,1.067,-1.0377742,-0.977726,0.9760776,-0.5248025,1.0207602,1.0107406,-0.9368111,0.6863486,-0.9912787,-0.96728647,0.94510293,0.78863996,-0.96501863
181,-0.039678276,0.00022187055,-0.9989049,0.0039533363,0.0013427474,-0.0012187093,-0.28725904,0.25267956,-0.22125548,0.2106667,-0.27318722,0.25561175,-0.24006882,0.2575777,0.18252353,-0.22998676,-0.2547232,0.26669368,0.29962605,-0.28669396,0.090276785,0.25366488,-0.25751385,-0.16181888,0.10008164,-0.21702829,0.23687755,-0.26755533,-0.3306227,0.23384394,0.108863704,0.24829516,0.24756856,-0.26011747,-0.0041808374,-0.25673008,-0.25302842,0.36949852,0.074303,-0.18081722,0.4800251,0.17194723,0.051189635,-0.18559892,-0.2401636,-0.5334778,-0.12695238,-0.34575745,-0.25339943,0.89527756,0.10879295,0.43219262,-0.09977765,-0.5479106,-1.1372182,0.045968913,-0.23825546,2.045249,-2.1811798,-0.012013979,-0.7243122,-0.2860139,-0.92146856,1.6955746,3.4015079,-0.27484122,-0.4489825,-0.32616958,-5.346257,0.9178143,-0.3074658,-0.7126106,-2.3737419,0.6016175,-1.0559652,0.9619691,-1.0158173,1.0083702,-1.1181365,0.99393594,-1.0918336,0.9922989,0.42741743,-0.6333926,-1.0111953,0.95398414,0.9893098,-1.0294561,-0.18150997,1.0282277,-1.0223734,-0.9245161,-0.7282327,-1.0139116,0.8997474,-1.0992451,-0.84975517,-0.036806248,1.025305,0.9629359,0.9335269,-1.0718998,-1.060208,-0.95520216,-1.0633427,0.9763809,-0.1809797,-0.6550692
182,-0.033817653,-0.0023852792,-0.9996003,0.00069259945,0.0010023669,0.0006032812,-0.2810758,0.24698891,-0.22138016,0.20965606,-0.2627098,0.25447655,-0.23412156,0.26530907,0.19379096,-0.24998459,-0.27858135,0.24469453,0.28775147,-0.25442156,0.10096569,0.2529781,-0.25262153,-0.15768707,0.08366817,-0.21533017,0.25242606,-0.24696568,-0.30213654,0.23720425,0.059167624,0.23488955,0.25584894,-0.24608639,0.059590437,-0.25483567,-0.2505253,0.35888526,0.12143371,-0.17296734,-0.08811005,-0.1723922,0.3138958,0.094720565,0.64086074,0.32920676,0.2864978,0.5812964,0.25849834,-0.6648435,-1.6685591,-0.9613709,-0.23768288,1.0526272,-0.984726,0.041723173,0.045095075,1.614153,1.174187,-0.10006427,0.4884139,0.49461478,1.3099662,-1.1487797,-2.1589875,-0.17915377,0.3017655,0.40177628,3.226927,0.3241558,0.11397647,-0.07249344,1.7710127,0.56342006,-1.1082946,1.0036536,-1.0582658,1.0720685,-0.89122856,0.9983148,-0.9408455,1.0332341,0.4597564,-1.1018882,-1.0137293,1.0055538,0.9110353,-1.050732,-0.24626473,1.0023446,-1.0097454,-0.9793399,-0.5949055,-1.0085346,1.0621263,-0.95250535,-0.9558776,0.9193123,-0.3787234,0.95500106,1.0227424,-0.87066275,0.90654624,-0.90115243,-0.9754958,0.9432306,0.82464075,-0.5185699
183,-0.033967517,0.0016412487,-0.99745643,-0.00068909785,-9.075794e-05,-0.0030356932,-0.2761998,0.26371783,-0.2318453,0.21396883,-0.25172454,0.2617889,-0.23182434,0.26115623,0.19148317,-0.24310668,-0.28408393,0.25506794,0.29406804,-0.2454126,0.12282949,0.26178858,-0.25109446,-0.18471931,0.029754296,-0.21256553,0.2321876,-0.25348678,-0.24051861,0.23334181,0.032209072,0.24506994,0.2512722,-0.25936228,-0.031363904,-0.25681102,-0.2494925,0.35698724,0.08395803,-0.18327321,-0.31240728,0.29209304,-0.46787867,-0.27534983,0.045473885,-0.38621116,0.20572318,-0.3585266,-0.21838476,0.58568275,0.05289604,0.28535414,0.09082935,0.5098275,1.5957098,0.200286,0.046054363,0.7672718,-4.212923,0.11136975,-0.84161234,0.10237832,0.91950977,-0.16214743,-1.1577901,-0.081660695,-0.25771335,-0.3258419,-4.337718,0.13268965,-0.20618117,-0.56246656,-1.5692577,0.07085905,-0.9973906,1.0672575,-1.116214,0.93337137,-0.98872906,0.9887018,-1.0051217,1.0056621,0.390931,-0.82820904,-1.0654995,1.0095024,0.9422301,-0.87151575,0.624597,1.0656492,-1.0008149,-0.9261769,-0.78708935,-0.9753961,0.8734497,-1.0352018,0.8543065,1.0169913,-0.20222397,0.96035206,0.9783574,-1.0735744,-0.9655602,-1.0168223,-1.0602322,1.0460224,0.0072100535,-0.81645685
184,-0.031888757,0.005954377,-0.9934391,0.00035697702,0.0010075177,0.0023693342,-0.2732855,0.25665686,-0.2504555,0.20360568,-0.26522422,0.23879147,-0.22701527,0.26969644,0.18189229,-0.24177864,-0.25699908,0.24944328,0.3062667,-0.24898939,0.13529165,0.24520507,-0.25063035,-0.16837597,0.013516015,-0.21442164,0.25212288,-0.24470496,-0.25840607,0.17910902,0.106731646,0.25083703,0.25228083,-0.25950077,0.03677244,-0.26764488,-0.2481337,0.3480758,0.12803464,-0.14450264,-0.15687951,-0.02463193,-0.9054783,-0.17454028,-0.5887323,-0.6009104,-0.16047099,0.39381576,-0.5171729,-0.0038488205,2.1632636,0.0038423848,0.4073098,0.05232866,1.6451104,-0.32256243,0.11676016,3.0776494,-0.3744856,-0.14088817,0.98023236,-0.22920817,-2.1487825,-2.2219682,2.9178512,0.601509,0.09465077,0.13815549,3.5487065,-0.56971806,0.183978,0.11506672,1.83936,2.08404,-1.018291,1.0265083,-0.99626094,1.0152062,-0.95998216,0.8954052,-1.0179125,1.0235261,0.29718834,-0.9728948,-1.0744898,0.97301143,0.95281833,-0.99767685,0.97869486,0.96813124,-0.98143226,-1.0571764,-0.10945452,-0.95093435,1.0999086,-1.0807278,-1.0783744,0.27228954,1.0740507,1.0510492,1.0093809,-1.0202377,0.884529,-1.091748,-0.9650817,1.0512842,0.86482024,-0.83806074
185,-0.03431137,-0.0013660353,-0.999421,0.0009664737,0.0006283524,0.00074566813,-0.27548122,0.24859308,-0.22740453,0.19927545,-0.25299308,0.25114125,-0.2393319,0.27019104,0.19339608,-0.23849075,-0.2655707,0.24031378,0.29474637,-0.26784745,0.09058007,0.24540438,-0.2513603,-0.17475045,0.07369235,-0.21135096,0.2570517,-0.24066225,-0.25122622,0.19779402,0.10317999,0.2491856,0.25107738,-0.25626406,0.09407721,-0.27280077,-0.25619924,0.35276887,0.15076324,-0.17795037,-0.59169364,-0.15969498,0.9974468,-0.14872417,0.2659422,0.52091557,-0.22372647,0.037374366,0.25523987,-0.27540278,-1.5950553,-0.21678303,-0.49675322,-0.36891854,-3.6660564,-0.06023095,-0.12204359,0.94290787,2.713847,0.05505168,-0.07500289,0.20395695,-1.2535732,0.9916178,0.19162136,0.066040926,-0.050881356,-0.08460643,2.446963,0.16013205,-0.10232761,-0.06975443,1.136225,-1.619205,-1.0403605,0.9758638,-1.0471888,0.9605344,-0.9552578,0.9717316,-1.0051814,1.0070677,0.50418586,-0.8255855,-1.0497724,0.9898012,0.9427025,-0.9862788,-1.0400021,0.9768924,-0.992692,-1.0438532,1.0121855,-0.92066914,1.0224036,-0.9596843,-0.27218208,0.9692943,0.35088798,1.027851,0.9983503,-1.0293875,0.891016,-0.9860213,-1.0278741,0.97569764,0.8460149,-0.9938865
186,-0.033245347,-0.004651965,-1.0007544,-0.0031710232,-0.0022102254,-0.0028819852,-0.27061588,0.25731865,-0.2353633,0.20084292,-0.2533735,0.26664838,-0.24003854,0.26813555,0.18555366,-0.232437,-0.280929,0.25437722,0.30824134,-0.28547797,0.14456432,0.2515218,-0.25793594,-0.1954158,0.08808064,-0.21346623,0.24555995,-0.26119703,-0.2717916,0.26031852,0.004721182,0.26021522,0.24574628,-0.2638764,-0.017257603,-0.26322615,-0.24770293,0.3660543,0.10785166,-0.15996711,-0.029752323,-0.16721252,0.05295717,0.09620468,-0.19286175,0.41288567,0.0338605,-0.31126717,-0.36709106,0.4335999,-0.43447614,0.35130948,0.47018495,-0.5967829,2.64849,0.20039374,-0.19220047,0.7044842,-0.55522877,0.03313391,-0.021747531,-0.68529224,-2.6942523,3.883421,-4.367944,-0.07076191,-0.25903293,-0.09490428,-5.3614087,0.70048016,0.22903724,0.19016486,-1.7875813,1.0705029,-1.001044,0.9813041,-0.99556434,0.9541629,-1.0264983,1.1116773,-0.99692076,1.0482851,0.5018371,-0.70004785,-1.0041561,1.0065149,1.1141276,-1.0485007,1.0011951,1.0258993,-1.029944,-1.0914981,0.0099838665,-0.9389316,0.985459,-1.1032206,-0.5635042,0.9593407,-0.94848895,1.0239064,0.9382891,-1.0158771,-1.11261,-0.95954174,-0.93613535,1.040869,0.085334845,-0.45872602
187,-0.035480868,0.0069919876,-0.9975817,0.00040863678,-0.0021778638,1.2419972e-05,-0.2682264,0.26783675,-0.22642384,0.20768741,-0.27104092,0.24929532,-0.23091622,0.2688994,0.1767671,-0.24120577,-0.28319305,0.26162726,0.31524408,-0.2649803,0.1009707,0.25665164,-0.26160342,-0.191322,0.075897165,-0.21227424,0.2488071,-0.25064155,-0.30998513,0.20810862,0.089803405,0.25901055,0.257047,-0.25659543,-0.009038566,-0.2722877,-0.25053903,0.3520606,0.1045471,-0.18432006,-0.004436833,0.41642457,0.050450064,-0.023304688,-0.61894476,-0.80096436,0.07977056,-0.0211853,-0.27845615,-0.13584664,0.24724078,0.14867534,0.20508587,0.53778696,-1.1031814,0.072654456,-0.059985783,1.6877203,-0.43120882,0.14293386,-0.26799458,0.4197132,-1.4385934,-1.4728656,3.4176679,0.101794556,0.37421572,0.070630975,0.71582764,-0.39311942,-0.067816645,-0.754326,-0.3731426,-0.3269539,-1.0223198,1.0624518,-0.9840036,0.9111606,-1.0582229,0.94345504,-1.0338204,0.9868583,0.44903752,-0.8515554,-0.99622387,1.0710418,1.0973101,-0.9761441,-0.03229926,1.0246996,-1.053831,-1.0075371,-0.56775165,-0.96104664,0.99234635,-1.0189104,-1.104514,-0.13504706,0.9158421,1.0493388,1.0512835,-0.98621994,0.12146987,-1.0870407,-1.0054892,1.015124,0.32438508,-1.0356327
188,-0.034837518,0.0037229664,-0.998568,0.0028907931,0.00070034224,-0.0033884181,-0.2725519,0.26282725,-0.19599846,0.20200062,-0.26639003,0.24935886,-0.24034023,0.26353285,0.1862938,-0.2513706,-0.31552836,0.25002885,0.30690104,-0.2660371,0.07428261,0.2512189,-0.2562977,-0.19969428,0.11824191,-0.20415387,0.23650871,-0.24814521,-0.303989,0.20171015,0.017477196,0.24066563,0.25293067,-0.25932202,0.069812134,-0.27331156,-0.25163987,0.35742164,0.11360308,-0.17824839,-0.45397452,-0.11777864,1.1849501,-0.11912188,0.2591092,0.19299158,-0.11829511,-0.009627567,0.18629663,-0.43120506,-2.361498,-0.52403885,-0.3953015,0.2709106,-3.1584854,-0.11365115,0.15222763,1.5584251,2.6842995,0.013116186,-0.3371702,0.016820448,-0.6191206,-0.6747243,-2.8940284,-0.38319242,-0.11220211,-0.0060926205,3.5236416,0.19341314,0.016028825,0.51309764,0.51489186,0.3879023,-1.0527768,1.0429515,-0.98049057,0.9352302,-0.99557966,0.9398067,-1.0254737,0.9592997,0.43293932,-0.97353,-0.9574143,1.0518178,0.9679742,-1.0424641,-1.0255699,0.9939587,-1.0219657,-0.9976506,0.20253752,-0.98250026,0.954918,-1.0165796,-0.4819816,0.908224,-0.7632545,0.96359235,1.0040349,-0.98252183,1.0024347,-0.94205874,-0.9895519,1.0560055,0.5577459,-0.7187607
189,-0.03414952,-0.00076446,-1.0002611,-0.0010948569,0.001068075,0.0015473549,-0.27708808,0.2573186,-0.23207833,0.20051193,-0.25641245,0.25515106,-0.22947304,0.2642231,0.17639638,-0.24739397,-0.30732936,0.24781668,0.31179738,-0.25316313,0.09247967,0.24701363,-0.24806675,-0.20057838,0.08392876,-0.2170367,0.22760214,-0.24614848,-0.26008478,0.22820762,0.019334514,0.24720323,0.2413908,-0.26054105,-0.028444111,-0.2598875,-0.24175817,0.36804506,0.07553522,-0.18622053,-0.4468115,-0.34368518,-1.0386326,-0.15331718,0.2188308,0.040297072,0.23032436,-0.10422893,-0.535107,0.5480834,1.1963276,-0.17037506,0.27889818,0.2403512,2.455051,-0.16153322,0.1713597,2.008429,-3.3666823,-0.47122443,-0.120446794,0.35385063,0.4493179,2.6059148,-0.16900872,-0.29217768,-0.39068937,0.09336549,-4.676251,1.0541358,0.15330446,-0.34786186,-1.6112187,0.09110798,-1.0402606,0.9678579,-1.0693368,0.95925474,-0.94745564,1.0761737,-1.0180322,1.0780898,0.29968247,-0.8784506,-1.0291803,1.0431743,1.0037773,-0.9700567,0.9854388,0.97831196,-0.9734499,-0.97836465,-1.0138689,-1.0893892,0.91565996,-0.92609465,0.24421173,0.57568973,-0.02285607,0.9488633,0.9031935,-0.9848412,-1.0123053,-0.96336895,-0.94484067,0.9208054,-0.023477145,-0.40200496
190,-0.0369639,-0.00071510964,-1.0006936,-0.00074305816,-0.0017241162,0.0022599034,-0.28110257,0.2515253,-0.21633637,0.20278352,-0.25852132,0.25771475,-0.23137143,0.27183515,0.17997795,-0.24819845,-0.30856347,0.24624139,0.2982111,-0.23808837,0.026419284,0.25894174,-0.24416685,-0.15877262,0.037209928,-0.21783195,0.23411801,-0.24593526,-0.27710947,0.2357626,0.10053433,0.24385013,0.23997156,-0.26082662,0.04883537,-0.26447958,-0.25712186,0.3767764,0.108751975,-0.15507568,-0.05724119,-0.09878075,0.11966369,0.19162259,-0.25458318,-0.022668337,-0.1001788,0.49456728,-0.06775054,-0.19909,-0.23572063,0.012495707,-0.46206537,0.53598744,-3.3263853,0.4740343,0.02268225,3.5933309,-0.24212216,-0.17049338,0.20107478,-0.39257425,-1.7418942,0.14331183,3.4144993,0.44985887,-0.035103012,-0.11991834,3.9564118,0.20015074,-0.44642028,0.79142034,1.3659626,2.133252,-1.0555001,1.0355041,-1.0483218,1.0328203,-0.99305135,1.0133803,-1.0028453,1.0492501,0.41396216,-1.0324023,-0.998022,0.94963676,0.92688745,-0.96036243,-0.9509635,1.0656028,-0.96728987,-0.98618835,-0.77965355,-1.032901,0.9776149,-1.1215767,-1.0148072,0.9434685,0.94418806,1.036485,0.9316823,-1.0454463,1.0153797,-0.8467248,-1.108543,0.9315375,0.71267545,-0.93074846
191,-0.038650114,-0.00244051,-1.0012327,0.0015451241,0.0042491145,0.0012592499,-0.26635894,0.24746175,-0.23565403,0.21173406,-0.246023,0.2589219,-0.23211527,0.27672058,0.1890847,-0.25323766,-0.2876784,0.24717833,0.30268186,-0.23884553,0.09648821,0.24695632,-0.27299002,-0.19466521,0.042994354,-0.22055982,0.24713139,-0.2559409,-0.21423285,0.23026365,0.029123422,0.25301346,0.24797025,-0.25831038,0.025348213,-0.2624926,-0.23852621,0.36564866,0.13935977,-0.15147671,0.07334078,-0.21835043,-0.5395173,0.49045172,0.50482804,-0.10232397,-0.10089775,-0.18239373,0.32885996,-0.24111038,1.2205771,0.17397761,0.08180159,0.1352284,3.3869088,-0.37340757,-0.6242805,-0.6030492,0.6202926,-0.2673588,0.33961108,-0.0969956,1.5793719,-0.55149376,-3.2853901,0.20770383,0.35227454,0.15020072,-1.1626531,0.048351042,0.41068143,-0.29364008,1.1388979,-0.12154425,-0.9747946,0.9972211,-1.0173708,1.0004274,-0.92270917,1.0154061,-0.98239976,1.000863,0.4507557,-1.088977,-1.0308273,1.0067656,0.99002206,-1.0043782,1.0159246,0.959431,-1.1233004,-1.0376718,-0.31663463,-1.0089097,1.0005327,-1.0224348,0.6110359,0.9273276,-0.5486101,1.0256962,1.028462,-1.0081041,-0.08872159,-0.9492493,-0.898853,1.0682504,0.7760009,-0.6135704
192,-0.040615883,0.004557269,-1.0030397,0.0009768234,-0.0018940159,-0.0025029567,-0.2716068,0.24384858,-0.23697853,0.2107209,-0.26225173,0.25028056,-0.23428132,0.27100468,0.17639148,-0.24877544,-0.26687235,0.2531393,0.31880462,-0.24658239,0.08186005,0.2468115,-0.26040158,-0.18774362,0.012526852,-0.22725691,0.24006838,-0.23740539,-0.24948168,0.23322457,0.10716333,0.25695536,0.24333116,-0.25256342,-0.012363586,-0.26337516,-0.24727179,0.37291658,0.08420999,-0.18624164,0.23430413,-0.26697147,-0.3486068,-0.19425814,-0.4585163,-0.36408085,-0.19322436,-0.18012193,-0.6573701,0.5481313,1.1733233,0.2880964,0.61518794,-0.23816,0.12007683,-0.0739902,0.24725868,2.5842524,-2.149955,-0.09593388,-0.24457794,0.57133466,-2.106806,1.2337375,3.2506385,-0.088249944,-0.32869512,0.29355133,-1.7618788,0.34731734,-0.20751533,-0.2108435,-2.1045985,-1.147797,-1.0278271,0.9450046,-1.0041156,0.95221144,-1.0264146,0.9836658,-1.0328478,1.0382854,0.2932705,-0.92431486,-1.0111026,1.0600141,1.0461286,-0.9948163,0.21430981,0.98462784,-1.0303963,-1.0330471,-0.9768236,-1.0033439,0.95829326,-0.9311608,-0.9924051,0.49457118,1.0510699,1.0093412,0.9229548,-0.9515409,-0.3731105,-1.0148348,-1.0430034,0.99703205,-0.08502555,-0.9744236
193,-0.037573602,-0.0018008352,-0.9994097,-0.0014837912,0.00063568493,0.0015712159,-0.2713351,0.24707511,-0.21367267,0.20462571,-0.25890115,0.25296944,-0.24147563,0.2648037,0.18103395,-0.26071537,-0.280181,0.2529511,0.31269392,-0.23235382,0.060554184,0.25326955,-0.25049785,-0.18988407,0.054131508,-0.2296674,0.22750613,-0.24262683,-0.2515853,0.23736766,0.06536235,0.2456022,0.24510886,-0.2554124,0.05925995,-0.27364147,-0.2532516,0.3794889,0.13100551,-0.1777219,0.052602425,0.33914882,0.8799414,-0.1641571,0.38201493,0.42867416,-0.17201962,-0.0158976,0.31307063,-0.87722397,-1.5565989,-0.35962504,-0.15998988,0.5276514,-2.927042,0.2367128,0.32413688,0.6803117,3.7998984,-0.16272163,-0.3299096,-0.21921885,-0.9784035,-0.33983782,-1.7728536,-0.059404735,0.08202858,-0.057284188,3.4735909,-0.26806277,-0.15380314,0.588807,1.7655761,1.3082526,-1.0220813,1.0154576,-1.0117791,0.9633137,-1.0180547,1.019061,-0.9997271,0.96316206,0.45528325,-1.1009974,-0.9647288,0.9438692,1.0430809,-0.9087052,-0.96499246,1.0237069,-0.96419,-1.0776949,0.41597316,-1.032908,0.917116,-1.0483413,-0.32819596,0.9023097,-0.2616723,1.0089277,0.9566477,-0.99895257,0.9610203,-1.0110054,-1.047058,0.93345004,0.8671697,-0.8558583
194,-0.03857094,0.002897242,-1.0018237,-0.0029896558,-4.3587177e-05,0.0024096787,-0.26768264,0.25055653,-0.24344137,0.21502428,-0.263936,0.25073943,-0.23646756,0.25499412,0.18111171,-0.2410956,-0.2717611,0.2548036,0.31494614,-0.2624485,0.093206905,0.23211218,-0.24116604,-0.19659962,0.027597005,-0.2234446,0.24762492,-0.22689481,-0.24901731,0.23760517,0.0738816,0.24398728,0.24415813,-0.25877786,-0.0305009,-0.26304686,-0.24748047,0.38675758,0.080991134,-0.18995231,0.28616711,-0.16289333,-1.0784785,0.048271067,-0.28539398,-0.5146195,0.2178682,-0.42555767,-0.15776779,1.2299489,1.2726443,0.19917232,-0.00406368,-0.993922,2.940424,-0.53188163,0.3329589,1.4960256,-4.3886414,0.2828449,0.56648326,0.6453658,-0.03319946,2.0958974,0.34041324,-0.49138993,-0.18848906,-0.07227622,-4.4776144,0.76088303,0.2815122,-0.22660568,-1.9834936,-0.02649634,-0.98824185,0.9355632,-1.023037,1.0927132,-1.0324054,0.9957774,-0.967767,0.97525877,0.36759466,-0.72492486,-1.0427275,1.0102051,1.0124216,-0.9889827,1.1061555,0.90804476,-0.90315706,-1.0535725,-0.6110607,-0.9297007,1.0209087,-0.879134,-0.42036575,0.27342612,0.3291184,0.93571013,0.9210991,-1.0224301,-0.9696518,-1.0238959,-0.9278191,1.0031842,-0.075825416,-0.7727693
195,-0.03849332,0.003604966,-0.99686044,0.0046436116,-0.0004010434,-0.00028788953,-0.2649031,0.25257066,-0.22326843,0.20730864,-0.26698303,0.24541537,-0.24047153,0.2581123,0.18800378,-0.26080608,-0.27767327,0.2531618,0.2980542,-0.24762061,0.03352552,0.25894725,-0.26837072,-0.18967696,0.111144,-0.22399503,0.24970521,-0.22926266,-0.26103166,0.21847716,0.11346852,0.23599632,0.23637444,-0.25613737,0.045889273,-0.27291447,-0.23895946,0.3920986,0.13061686,-0.16305622,0.11897082,0.3987654,0.35551897,-0.08510956,0.17324618,0.09580923,-0.36529583,0.3902474,0.3332041,-1.0582551,-0.4236636,-0.20330867,-0.26178506,0.95229965,-3.4102309,0.72875303,-0.7880849,0.7321657,3.6584067,-0.19202296,0.1047664,-0.45379362,-1.3752447,-2.9473271,1.6158484,0.104440294,-0.18757415,-0.0049928785,3.8652444,-0.22209534,0.40090132,0.7349363,1.8784451,1.6292741,-1.0177612,1.0697641,-1.0069996,1.0088092,-1.0112226,0.90270466,-1.0581688,1.0158819,0.51164925,-1.1579595,-0.91088325,1.0343977,1.0089877,-1.0012542,-0.9620734,1.0684394,-1.1088463,-1.0312322,0.9773602,-1.0119944,1.0444124,-1.0471975,-1.0730332,0.9490981,0.6559408,0.9821824,0.9091235,-1.0175058,0.99686503,-0.97721815,-0.86968917,0.9770355,0.8820859,-0.9679316
196,-0.039716054,0.0010141154,-1.0004768,0.0025162247,-0.0021413723,-3.5067278e-06,-0.26276553,0.27667633,-0.24341038,0.21811034,-0.27094647,0.25253308,-0.24289064,0.26296932,0.18595515,-0.22859244,-0.2606791,0.26142424,0.30942142,-0.29667205,0.09572037,0.2605201,-0.25860557,-0.21710497,0.1235964,-0.2195069,0.25585714,-0.23446338,-0.23734139,0.2503766,0.06714986,0.24999581,0.25446558,-0.2525998,-0.044768978,-0.27620733,-0.24397376,0.37083364,0.06969269,-0.17121048,-0.1518609,0.18419516,-0.34401023,0.018488115,0.20910384,0.05342886,-0.04871777,0.08985438,-0.26826644,1.5963736,0.9965577,0.38035193,-0.017030206,-1.5970113,3.534121,0.055154826,0.30908343,0.45599687,-3.2160563,-0.014990616,0.22119795,-0.074976034,1.2748103,3.0982115,-2.2197442,0.110890225,0.6675036,0.22141632,-4.1624246,0.44721404,-0.32234454,-1.6321993,-2.246943,0.50236607,-1.0159844,1.0567961,-1.0107186,1.0285023,-0.9769089,0.9634979,-1.0409216,1.0508991,0.40818748,-0.42519546,-0.98902446,0.9602999,1.0073282,-1.0255483,1.0139183,1.0455087,-1.0177052,-1.067595,0.054208092,-0.99330264,1.0458868,-1.0066669,-0.19213003,0.93755734,-0.215478,0.98682785,1.0774466,-0.95633584,-0.9435292,-0.9705289,-1.0426944,0.94709986,-0.17027974,-1.0325043
197,-0.036813233,0.0067680213,-1.0011849,-0.0029703178,0.00019276043,-0.003447006,-0.26276654,0.26378626,-0.229593,0.21242797,-0.27103624,0.2474426,-0.24426766,0.27047563,0.18235081,-0.25111425,-0.2603764,0.25180984,0.3050244,-0.24347813,0.04914753,0.25059748,-0.2606653,-0.19045733,0.07880002,-0.21856138,0.26479626,-0.23369041,-0.2495374,0.23652701,0.119536914,0.24057807,0.24772733,-0.26038688,0.050320473,-0.27293652,-0.24132527,0.3657476,0.11015032,-0.15335982,0.23410523,-0.22226702,0.07837567,-0.25634816,-0.04407255,-0.22188601,0.24277261,0.21272062,-0.24514404,-0.8211892,-0.30289257,-0.27831256,0.022164855,1.7284763,-2.727297,-0.18130147,-0.09074201,2.628062,0.016603764,0.0011062911,0.1423416,-0.12320572,-1.7153778,-0.11398201,2.5251267,0.09818023,-0.1935916,-0.21352316,4.3456244,0.09016772,0.18171237,0.28163716,1.5034287,1.3992927,-0.9864424,1.0311517,-1.046069,0.9629759,-1.0615916,0.96833444,-0.9249507,0.99677694,0.478904,-1.0523604,-1.0174146,0.80337274,1.0260894,-0.89054316,-0.70786786,0.998381,-1.0494459,-1.0424318,-0.6789709,-0.9585742,1.082666,-1.0294784,-0.91885567,0.39364257,0.9254475,0.9879128,0.96766955,-1.0617027,1.0794988,-0.97638744,-0.93093985,0.976054,0.7339587,-0.9733119
198,-0.0396705,0.0031220657,-1.0022316,-0.0004635762,0.00090780284,0.00081420527,-0.25998536,0.25978252,-0.24739392,0.21231051,-0.24518776,0.2521038,-0.23276864,0.2698413,0.18736508,-0.23891038,-0.24868125,0.25514236,0.3044676,-0.25603455,0.11272597,0.24375568,-0.2502737,-0.19501683,0.044913564,-0.22057678,0.26057056,-0.23767303,-0.19129224,0.2826929,0.04941475,0.24259265,0.2600902,-0.2580793,0.0027239772,-0.26567733,-0.24373335,0.35655752,0.13161527,-0.15049843,-0.4401207,-0.6426751,-0.119338766,0.076907225,0.45035398,0.06434951,0.4033951,-0.26223195,-0.30446756,0.82980186,0.47358766,-0.15096356,0.05647447,-0.27944604,3.0611005,-0.3065569,0.27896306,1.587121,-3.2359009,-0.1177431,-0.17314856,-0.024276344,1.2197105,2.2107663,-3.2912943,-0.39275193,0.3001613,0.040790312,-2.5708814,0.51665,-0.12918219,-0.7722433,0.9727601,0.6650044,-0.9465305,0.97772974,-1.0514678,0.9745035,-0.9285662,1.0194505,-0.9439673,0.9856007,0.38976583,-0.8156901,-1.0349143,0.92423415,0.9800574,-0.99914515,0.91805416,0.9489911,-0.98139584,-0.9244134,-0.9814026,-1.0089978,1.0225785,-0.9742974,0.49989653,0.9989711,-0.47965875,0.9168548,1.0624657,-1.0173398,-0.48140752,-0.95765245,-0.9949095,1.0738997,0.72794825,-0.45676118
199,-0.043090295,0.008918118,-1.0020497,0.000117322765,-0.0017866921,0.0013243523,-0.25570917,0.25764003,-0.23374712,0.21176353,-0.2632478,0.24540807,-0.22522783,0.25990003,0.17668585,-0.2418182,-0.25398076,0.26519492,0.30658183,-0.23538265,0.06957288,0.23548701,-0.2510127,-0.16394192,0.008694096,-0.22123303,0.24077186,-0.24642561,-0.23479296,0.26104718,0.1140014,0.22216423,0.24537735,-0.25915053,0.05232439,-0.26977968,-0.24015372,0.36491078,0.13906337,-0.14292938,0.13627201,0.12864043,0.01961973,-0.26733512,-0.5851543,-0.40871826,0.2814567,-0.26577532,-0.45191452,-0.17050679,-0.14815153,0.29292434,0.17705412,0.55452377,-1.8598137,-0.09625801,-0.10342668,3.362475,0.44392568,0.07277597,-0.5942493,-0.25223106,-3.3997407,-0.8294739,2.8304234,-0.29381764,-0.39951956,0.021277718,2.3943226,-0.17471714,0.02230423,0.3783726,0.28036943,0.5377974,-0.94106066,1.0700377,-1.0709071,0.9206045,-1.0672166,0.9682582,-0.9304794,0.9322041,0.38557446,-1.0234356,-1.000958,1.0364571,1.0035154,-0.96940225,-0.37175176,0.94585896,-0.99830914,-0.9692591,-0.9367678,-0.9749511,0.9527383,-1.0856388,-0.94013333,0.5839569,0.9435454,0.88450146,0.9505781,-1.0045615,0.6961594,-1.052909,-0.9674036,0.9931301,0.6218253,-0.97191304
200,-0.038746987,-0.00025619502,-0.9996658,0.0006876808,0.00016605601,0.0031860848,-0.26233277,0.26049113,-0.24084488,0.20495738,-0.25510442,0.24956223,-0.22399653,0.257208,0.17339653,-0.24593411,-0.24918987,0.2555316,0.31407303,-0.2352924,0.13442317,0.24759959,-0.25725985,-0.17982255,0.025646888,-0.21699612,0.2398208,-0.24682291,-0.2001238,0.25282377,0.030124234,0.22913887,0.2423734,-0.25914186,0.078128174,-0.2715863,-0.24111362,0.37586883,0.16580512,-0.13455538,-0.61667955,-0.17776486,0.23561887,0.07284978,0.30279362,0.08955773,-0.10157879,-0.053407773,-0.0020966528,-0.2737168,0.41173813,-0.40517268,0.16771704,0.054043435,2.6550465,0.25905442,0.0410778,0.5290771,2.092616,-0.21275514,0.07455407,0.06880793,0.3515747,-1.006935,-3.9242973,0.29716867,-0.18255703,0.1167478,0.97710717,0.41564533,0.061092988,0.42676377,0.98781985,0.728949,-0.99058396,1.0611575,-1.0273358,0.9801352,-0.92638296,0.999967,-1.0629475,0.9504244,0.38290033,-1.0983964,-1.041219,1.0326458,1.0341911,-1.0367793,0.8116301,1.0031345,-0.98794836,-0.985342,-0.67164785,-1.0343499,0.9620478,-0.9673715,0.043109898,0.92818123,-0.67841434,0.942433,0.93954545,-1.0014793,0.5139049,-0.9814692,-0.9538616,1.0446991,0.86064047,-0.2011658
201,-0.04054481,0.0013382275,-0.99774545,0.0011240633,0.0009775903,-0.0015897114,-0.26876613,0.25938022,-0.21780351,0.20840545,-0.24645412,0.25299183,-0.22902438,0.25797394,0.18150757,-0.23907416,-0.26143926,0.25869894,0.30718157,-0.24403559,0.04692624,0.26911545,-0.2429721,-0.16728628,0.003034487,-0.21701829,0.23593472,-0.24229755,-0.17000473,0.26410052,0.11269442,0.24864697,0.23967083,-0.26174387,0.002726716,-0.2663503,-0.24058753,0.3900682,0.08621246,-0.15097499,-0.29471532,-0.3777975,0.59223163,0.16854683,0.093340285,-0.18772471,0.02891968,-0.18330766,-0.057803582,0.50342005,-0.91226184,0.14209102,-0.18657455,-0.3500842,-3.7911325,0.5928566,0.1508955,1.7804004,-1.8253901,0.3644612,-0.21117175,0.28672412,0.72557026,0.3847894,3.8367047,0.2842256,-0.124916755,-0.355828,-3.2618742,0.43866473,0.004422174,0.17653367,-3.2037466,-0.19919458,-1.0294743,1.0270919,-0.9235245,0.97003096,-0.9578277,0.96653897,-0.96186584,0.9826008,0.42147508,-0.85888284,-1.0055515,0.983376,0.9773925,-0.98604757,-0.9248841,1.122169,-0.94468486,-1.0613694,-0.95575213,-0.90108657,0.92737013,-0.99476904,-0.12292464,0.98588514,1.089896,0.9945618,0.928674,-1.094027,-0.6043312,-0.9477685,-0.96332216,0.9863597,-0.29056615,-0.8912791
202,-0.03921734,0.008903164,-1.0000001,0.0008951659,0.0017000486,0.0021138538,-0.26359224,0.25115964,-0.22511719,0.20765452,-0.25880608,0.2536018,-0.22518075,0.2576299,0.18018727,-0.23649813,-0.25832722,0.25267988,0.3001083,-0.254112,0.12413743,0.24871382,-0.25023812,-0.16363429,0.0498984,-0.20962949,0.22943373,-0.23147294,-0.21907888,0.27561244,-0.0043298015,0.24291308,0.24159195,-0.26612175,0.06872241,-0.2665739,-0.24785984,0.38758495,0.115698,-0.1387147,0.56763184,-0.19507954,-0.17922032,0.013307049,-0.16199955,0.24023616,-0.14499834,-0.055077214,0.084576,-0.32077226,0.26591715,-0.43893597,0.111136764,-0.2797631,3.2196467,-0.5825445,-0.23560774,1.6743888,2.5930622,-0.2807319,-0.19164081,0.07763303,-3.6329854,1.3739609,-5.032041,0.20056875,0.09357628,-0.022654299,3.2773287,0.20589198,-0.17746074,0.18461558,1.120912,1.1851671,-0.94279534,0.979681,-0.9838032,1.0601583,-1.0088108,1.0441859,-1.0130061,0.8860216,0.3742538,-0.95058066,-1.0460411,0.9312769,0.9573906,-1.0273445,0.9834972,0.9589061,-1.0007191,-1.0359693,0.56234974,-1.003273,0.93504524,-0.99873227,-0.9852334,0.88560635,-1.0193721,1.0100662,0.9503993,-1.0616115,0.9638218,-0.91003126,-1.0205656,0.9101476,0.6820225,-0.72418576
203,-0.04006083,-0.0017069392,-0.99998593,-0.0042738877,-0.0031064993,0.0013458759,-0.25243393,0.24518292,-0.228398,0.21746682,-0.25294447,0.2629013,-0.22883143,0.24987248,0.1875009,-0.2389717,-0.25942406,0.2511118,0.29864857,-0.26637244,0.06593306,0.2444798,-0.24076545,-0.16516219,0.083652325,-0.2210358,0.24150862,-0.2367153,-0.22245294,0.2804184,0.087824866,0.25022656,0.2514678,-0.2654417,-0.010672136,-0.26912773,-0.2384162,0.3780556,0.119845025,-0.13663755,0.22748867,-0.0931105,-0.21597934,0.11168006,0.3122715,0.12748158,-0.075816296,-0.37505043,0.107275724,0.10878323,0.020281885,0.18105917,-0.19280034,-0.22389616,-2.3009408,-0.15603316,0.15864803,0.84485185,0.10987414,-0.24454108,0.6325999,-0.2723281,0.6514424,0.9691646,3.7397,0.07391292,0.29910803,-0.087444626,-3.9290323,0.3671466,0.21304451,-0.46416754,0.060273584,0.5752997,-0.98412913,0.95254755,-1.0623432,1.0291002,-0.91124636,0.9584823,-1.0052689,0.99618757,0.5444193,-0.69806117,-0.89995503,0.9408101,1.0267093,-0.9163548,-0.43370685,0.9707731,-0.94986755,-1.037967,0.31710857,-1.0487154,1.0291222,-1.037405,-0.9898059,0.86923283,0.9893893,0.9958016,1.0017151,-1.0587611,-0.7873531,-1.0267423,-0.9210099,1.0054842,0.4786088,-0.9099319
204,-0.035612643,-0.003688346,-0.99923164,5.3667103e-05,0.00020874583,0.0020348486,-0.25632617,0.2601388,-0.22883153,0.21026379,-0.2523119,0.26643962,-0.22750534,0.2525154,0.191064,-0.23164323,-0.26221287,0.24745262,0.29462343,-0.2791317,0.097540855,0.25503248,-0.23412296,-0.18591699,0.12743263,-0.22040358,0.23802894,-0.23452663,-0.24500497,0.27615604,0.03971395,0.25116396,0.25779048,-0.26148444,0.061144773,-0.27169558,-0.245866,0.37125713,0.10710942,-0.15127726,0.16830751,0.4997605,0.06339272,-0.39352533,0.034610696,0.013870677,-0.0050695916,0.39328024,0.10609956,0.12443984,-0.5095228,-0.19053595,-0.15776767,-0.23872311,0.94656885,0.3444866,0.18509935,-0.037141006,1.2283529,-0.07962205,-0.33244246,0.13503326,-0.9583477,-0.1394587,-2.0586994,0.03573757,0.17191628,0.19555132,3.469938,0.16403046,-0.119321994,-0.54998314,-0.5133348,0.21110576,-0.9889235,1.0447729,-1.0273318,1.0140713,-0.97907686,0.95906323,-0.9755805,1.0665152,0.5343312,-0.6746219,-1.0496954,0.8441832,1.0202651,-0.95944273,0.27921167,1.0458947,-0.9019112,-0.94975346,1.0551025,-1.0045052,0.9545924,-1.0048112,-0.9367518,0.99291676,-0.33009794,0.9990141,1.0130128,-0.99431956,0.9357638,-1.0619402,-0.9988701,0.95955837,0.31139717,-1.03223
205,-0.034389652,-0.0010879617,-1.0001208,-0.0025661308,0.0024709087,0.00013501012,-0.25261357,0.260791,-0.24150509,0.19980668,-0.25839594,0.257795,-0.22943258,0.25472942,0.18939571,-0.2314423,-0.2697473,0.25837857,0.3023058,-0.2725082,0.08323689,0.24504183,-0.25213587,-0.1832174,0.13900632,-0.22034764,0.23589319,-0.24375398,-0.25592434,0.252121,0.079686046,0.24790277,0.2354542,-0.2570746,-0.034089338,-0.25872564,-0.24450675,0.37475166,0.08610904,-0.16044681,0.08632241,0.23548512,-0.48090038,-0.5215032,0.12824276,-0.15047699,0.001776567,0.02084336,-0.34470892,0.21570243,0.05091523,0.40439215,0.058502145,0.23487693,-0.014666111,-0.30632585,-0.45317623,1.6561698,-0.80434066,0.19379781,0.2172119,-0.27362025,-0.47757623,0.3180143,1.6446393,-0.43154427,-0.8239632,0.14224453,-4.3663673,0.569028,-0.065467805,-0.16993268,-0.7824722,-0.48409873,-0.981101,1.0120789,-1.1517195,0.98806375,-0.9747198,0.9870334,-1.0440022,1.0837387,0.46284714,-0.7061124,-0.98345625,1.0313692,1.0099627,-0.95151806,0.11791031,0.9656185,-1.0004832,-1.0510124,-0.27432233,-0.9849331,0.9814837,-1.0122539,-0.9748667,0.06330602,0.5265032,0.9479138,0.84180796,-0.9709667,-0.95458347,-1.1247972,-0.99103683,1.0314634,0.18228625,-0.90987605
206,-0.031483974,-0.0040381965,-0.9981361,0.0005138224,-0.0011366504,0.003544598,-0.2600182,0.24907412,-0.22412999,0.19563727,-0.25657725,0.25432608,-0.22758594,0.2591212,0.1816912,-0.23398617,-0.2764105,0.25499392,0.2961729,-0.26912537,0.0722169,0.2566495,-0.25820577,-0.18083832,0.12355555,-0.21402681,0.2555274,-0.24221914,-0.24704951,0.25670752,0.06940922,0.22728153,0.24039452,-0.26467288,0.054201823,-0.2740466,-0.23778808,0.36635378,0.06937099,-0.15446715,-0.03759085,-0.25784415,0.5384231,-0.20618008,0.22474715,0.12383613,0.11397083,0.60335475,-0.030455621,0.15680829,-0.67923343,-0.14853317,-0.15546775,0.29860765,-1.1736851,0.46753398,-0.14723918,1.5479832,-1.2774652,0.1784758,0.471393,-0.12582116,0.23440683,0.9312968,-0.21551944,-0.31312776,0.16769096,-0.24091065,4.161427,-0.17360921,0.23084001,-0.3780314,-0.58621234,0.6050297,-1.0016338,0.97905064,-1.0275733,0.99573904,-0.92447,0.9523931,-0.99820757,1.0113949,0.42714354,-0.83348936,-0.9686769,1.0225272,0.9362787,-1.0107775,-0.4088902,1.0493662,-1.0385984,-1.0099503,-0.3445744,-0.97102004,1.0599096,-1.0061977,-0.77296966,1.0785707,0.09739531,0.91107976,0.96574306,-1.0761607,1.0795871,-1.0431403,-0.9083621,0.98163533,0.15941592,-0.71003425
207,-0.033593733,0.004679904,-1.0019418,0.000117011616,-0.00073648256,-0.0013143789,-0.26241618,0.2400302,-0.23165993,0.19881348,-0.2653391,0.24704096,-0.22853775,0.2650644,0.17831188,-0.24176279,-0.2751397,0.26733562,0.29950863,-0.24925946,0.122709356,0.25852615,-0.25376138,-0.19108704,0.08011077,-0.20821048,0.25739968,-0.2515135,-0.25609583,0.26449427,0.034750696,0.23954739,0.24275357,-0.25907782,0.010714989,-0.27408248,-0.23917753,0.36605275,0.09639354,-0.14478059,0.07529643,-0.10416128,-0.43897706,0.18055564,-0.29016262,-0.2661787,-0.07187707,0.032481547,0.0058714217,-0.064995304,0.7217978,0.3181881,0.12631048,0.7465057,2.9242322,-0.16843589,0.1570798,0.37897784,-1.5681988,-0.018806908,0.04569855,-0.23791954,-0.89613146,1.1570177,-1.6742429,0.2879933,0.1858128,0.3598348,-2.2872257,0.30822802,-0.02567046,-0.15791519,1.0135165,0.69117606,-0.9785392,0.9466949,-1.055593,0.991861,-1.0689795,0.95727926,-1.0276603,1.0028913,0.40421212,-1.0206864,-1.0013483,1.0130798,0.97515464,-0.99498343,0.93310755,1.0071775,-0.9704393,-0.9929134,-0.7878994,-0.96531254,1.018525,-1.038929,-0.21667583,0.96083736,-0.24276882,0.9651145,0.96281254,-0.94457704,-0.38414326,-1.0357984,-0.96147436,0.9963371,0.57993054,-0.6040328
208,-0.040753394,0.0048716874,-0.99901795,0.00067538186,-0.0014162554,0.00033974924,-0.26997808,0.25294802,-0.2412642,0.18993488,-0.26516587,0.25178608,-0.22846985,0.26888472,0.18262364,-0.24928291,-0.25310114,0.2611516,0.2884528,-0.21955258,0.11020118,0.25360346,-0.2390881,-0.17252652,0.0549787,-0.21675785,0.24433279,-0.24278255,-0.25108168,0.25850305,0.10036217,0.24978442,0.23819341,-0.2544204,0.039191376,-0.27025616,-0.24295068,0.37713456,0.099860415,-0.14359358,-0.01797648,0.47654083,-0.41102684,-0.040917806,0.18748263,0.13609445,-0.061788317,0.17175576,0.0008927671,-0.1410229,0.9885038,-0.4228459,-0.05727867,0.7188724,-0.31505507,-0.12272748,0.09561903,2.4360688,-0.28979298,-0.24655321,-0.4237004,0.13892466,0.3621622,0.20104471,2.5288875,0.5967958,-0.24700569,-0.006899929,1.4472913,0.39408717,-0.20106523,0.39014488,0.16216177,0.5683775,-1.0426573,1.0217553,-1.0590873,0.99936163,-0.97122717,1.0054629,-0.9808866,0.9930234,0.40068552,-1.0168608,-1.0325348,0.9304413,0.9045131,-0.9013639,0.15077198,1.0055832,-0.9204202,-1.050829,-0.93653774,-0.9893635,0.9626943,-1.0170338,-0.9978208,0.280078,0.8989101,1.0551001,0.8917242,-1.0331354,0.4619143,-1.0063798,-1.0214539,0.93887174,0.43213347,-0.5467171
209,-0.041189145,0.0002459925,-1.0001462,0.00081311265,0.0018596875,-0.0017202883,-0.27174208,0.26930723,-0.2225694,0.20157431,-0.2518937,0.26559108,-0.23007107,0.27073607,0.18200903,-0.247311,-0.26454195,0.2474846,0.30002764,-0.22219141,0.08571442,0.2424066,-0.24894424,-0.17895487,0.053380966,-0.21545923,0.2480905,-0.24971178,-0.21666373,0.26320475,0.061335623,0.23711863,0.23681088,-0.25918826,0.09853895,-0.27238423,-0.24813628,0.3902701,0.123535246,-0.12733021,-0.1067337,0.36274922,0.867073,0.38030368,0.5904836,0.48318824,-0.10621678,-0.04061061,-0.111470714,-0.04583582,-1.303412,-0.45842302,0.45745817,0.097081564,-2.1635787,-0.27265534,-0.49741906,1.8544775,1.3529806,-0.10905236,0.119963504,-0.09897504,0.58040035,-0.4478941,-1.3419915,-0.39511815,-0.03293822,-0.012128472,2.6577437,0.35715863,0.08740794,0.41018772,0.8983141,0.548022,-1.0173035,1.1307558,-1.0706793,0.998394,-0.91460216,1.0540882,-1.0697095,1.0161917,0.3632204,-1.067619,-0.9253534,1.0538218,0.97852224,-0.98621064,-0.7328772,0.9558612,-1.0258597,-0.97251874,-0.99253017,-1.0464522,1.0112853,-1.0163811,-0.12391475,0.92188334,-0.18409854,0.9391229,0.92843395,-0.9967003,0.9546921,-0.9376207,-0.95654744,1.0345395,0.6733852,-0.33201492
210,-0.03993893,0.0022795773,-0.9965054,0.001641336,0.0032018388,0.0040037013,-0.27578056,0.25453585,-0.23466994,0.21485172,-0.26258358,0.254324,-0.2298468,0.25659907,0.17392752,-0.24500796,-0.26324067,0.25494128,0.31315288,-0.23659706,0.12627703,0.24607141,-0.25016916,-0.17712332,0.02940432,-0.22031245,0.24192975,-0.24565531,-0.21702172,0.2679202,0.045193236,0.23749566,0.24308798,-0.2543737,-0.010966069,-0.26720124,-0.23375702,0.3910869,0.09580414,-0.12549807,-0.038106665,-0.43382385,-0.65615886,0.26361698,-0.4027357,-0.48157066,-0.1973226,-0.592266,-0.31540176,0.48805603,0.78519756,-0.047880087,0.4711344,-0.29137865,2.845317,0.069474444,-0.029049017,1.2223666,-1.8464576,-0.35627687,-0.1177341,0.3779486,-1.3990303,0.9213888,-1.1417036,-0.39085075,0.13453421,0.28514338,-5.1235933,0.6673408,0.28030512,-0.50505257,-1.0470418,0.74074966,-1.0153376,1.0100999,-1.0704018,0.96291643,-1.0984199,1.0132233,-1.0650414,0.9671737,0.29831532,-1.0001984,-0.9775146,0.9115238,1.0255922,-1.0171248,1.0119137,0.9951437,-0.98509514,-0.9325255,-1.0383701,-1.0685871,0.9694182,-0.98277575,0.19414036,0.91196895,-0.1065816,0.90459746,0.9464222,-0.93515444,-1.0284785,-0.951344,-0.8792237,1.0035264,0.17736092,-0.37062383
211,-0.040967368,0.006309904,-0.9990887,0.0012912834,-0.0003161289,-0.003959417,-0.2629661,0.24591577,-0.22928284,0.20647553,-0.25939733,0.24580546,-0.23407306,0.26881626,0.17668615,-0.25131613,-0.25999096,0.24605381,0.31750926,-0.22685032,0.073554866,0.25038826,-0.25010335,-0.16982585,0.027019871,-0.23027195,0.23913445,-0.23773317,-0.21497685,0.25206771,0.10911708,0.23705423,0.22810987,-0.2520492,0.059973706,-0.27230763,-0.23451471,0.40729618,0.112567715,-0.12186536,0.27725452,-0.17877686,0.0920317,-0.120868914,0.04631807,-0.1096725,-0.37051782,0.5296421,-0.018688966,-0.37604287,0.051647585,-0.0026291339,0.045466766,0.2438363,-2.3869495,0.106516585,-0.038673837,2.3156245,0.9951542,-0.19526683,-0.1012792,-0.010724131,-0.49643072,-1.3662996,2.9220033,0.34111673,-0.44865435,0.051372748,3.5516334,0.115081504,0.009504404,0.7881774,0.51919055,0.44697154,-0.99065864,0.9861376,-0.9603001,1.0383977,-0.9281577,0.9114395,-1.0713876,1.1021421,0.38075963,-1.0632253,-0.9763632,1.0166945,1.0311534,-0.96014214,-0.436471,1.0065956,-0.96414137,-0.9573825,-0.32235065,-1.0357481,0.98693246,-1.0657624,-0.94213575,0.96653235,0.95161796,0.98504126,0.832705,-0.98453,0.9768299,-1.0363225,-0.9370787,0.875182,0.5555631,-1.0568933
212,-0.04452026,0.0035658798,-0.999592,0.0003706667,-0.000975542,-0.0016599881,-0.27041602,0.24162707,-0.24899396,0.20953408,-0.26550898,0.25663546,-0.2455995,0.27045515,0.17857704,-0.24752252,-0.23977649,0.24867636,0.30357495,-0.24813107,0.14490812,0.27544272,-0.24228707,-0.13784473,0.04421011,-0.22578953,0.23548666,-0.2531086,-0.24429569,0.2758328,0.03839139,0.23356439,0.2460841,-0.25293213,0.057492208,-0.27688313,-0.24147129,0.39198172,0.12149677,-0.12794288,0.17348026,-0.088967115,-0.49082357,0.1409795,0.2066071,0.4803461,-0.21531512,0.30710664,0.1536135,0.1061403,0.69713527,0.13589291,-0.51509035,-0.3011417,2.9214926,0.7161011,-0.0014968715,2.4842029,0.13242872,-0.17360751,0.10365978,-0.42174122,-1.4784862,1.910805,-3.1483662,-0.1870285,0.5240557,-0.15448096,-0.34945995,-0.0104394825,-0.22296765,-0.5744271,0.45327607,0.58884317,-1.0329118,0.93897295,-1.0379041,1.0066961,-0.9799338,1.0269998,-0.9916629,1.0474553,0.38631192,-0.81486154,-0.9337267,0.957466,0.91212034,-0.88293946,1.0629702,1.1429465,-0.95866346,-0.95892495,0.39282396,-0.97108245,0.9617981,-1.097743,-1.0852872,0.9181562,-0.46441838,0.93365496,1.0168638,-1.0535914,0.19626318,-0.99698585,-1.0018066,1.0296797,0.57817054,-0.74417514
213,-0.043121073,0.0024007198,-0.9982438,0.0005620716,-0.0018021542,-0.0011533652,-0.2595918,0.2518702,-0.23656751,0.20963503,-0.26448977,0.25615403,-0.24045715,0.2769797,0.1869048,-0.24287848,-0.25371528,0.25612327,0.29624853,-0.26449513,0.0878379,0.261338,-0.23755805,-0.1460244,0.09932972,-0.23440658,0.24356982,-0.24251214,-0.26752836,0.26592186,0.106942505,0.23554122,0.24866618,-0.25845963,0.11613128,-0.27523214,-0.22945283,0.39118376,0.14440638,-0.15198445,0.6065426,0.36821094,-0.0473442,-0.122140884,0.039003517,-0.057979837,-0.012757795,0.054903332,0.28464547,0.029369041,-0.58237183,0.028297247,-0.15699565,-0.43517077,-2.691348,-0.5293125,-0.00049336185,0.18264261,1.8973227,-0.14752091,0.1485065,0.25090525,-0.8398286,-0.30627185,3.069077,0.33578753,0.068461865,-0.13577029,2.4693074,0.23051277,0.42215008,-0.22931571,0.7644985,-0.880134,-0.98080564,1.0095122,-1.0323112,1.0436685,-1.0046006,0.9509004,-0.9775189,1.0075094,0.49390578,-0.83321023,-0.97045773,1.003359,0.98765206,-0.9911167,-0.48271403,1.0019203,-0.92965627,-1.0314077,1.0601715,-1.0379716,0.9929001,-1.0004014,-1.0222455,1.0647691,0.942116,0.984453,0.9876297,-1.0333786,0.9607022,-0.99915105,-0.8358424,1.0353522,0.71926665,-0.9985385
214,-0.034592036,0.0066843214,-0.9985203,-0.0006268238,-0.0011246973,0.004656208,-0.25235215,0.2702629,-0.24221681,0.20446472,-0.27137876,0.25648293,-0.24594943,0.26219705,0.19162342,-0.22747123,-0.26396227,0.2596698,0.29086635,-0.28660902,0.14414968,0.25282887,-0.24134982,-0.17765965,0.14503917,-0.23751837,0.2436678,-0.25028008,-0.2810274,0.27824095,0.022339348,0.24841468,0.24165958,-0.25806788,0.07075448,-0.27046162,-0.23277162,0.3889165,0.128766,-0.1490175,0.27560845,0.3595803,-0.051786065,-0.31942976,0.0012053838,-0.06298845,0.041852716,-0.63327867,0.11713514,0.47308922,-0.57611793,0.035679977,-0.15170345,-0.59139794,2.2314517,-0.39548832,-0.18135366,-0.2760569,0.6316632,-0.12527311,-0.028968263,-0.16483727,-0.23419493,1.3169706,-3.7728138,0.119662,-0.2134436,0.03782509,-2.1798718,0.66732544,-0.18800801,-0.565595,-0.6113726,0.5041327,-0.9869306,1.0748056,-1.0957036,1.0170888,-1.0410341,0.9664583,-1.0331501,0.9382544,0.5492236,-0.6079563,-1.0534061,0.94831204,1.0074128,-1.0021284,0.74995255,0.96957004,-0.9505393,-1.0033485,0.6120761,-1.0619521,0.9680254,-1.0419014,-0.9921086,0.93721175,-0.75104773,0.98789716,0.92543447,-0.9954904,-0.138782,-1.0152828,-0.9698188,1.03945,0.38674316,-0.65230703
215,-0.039449368,-0.0053238436,-0.9990333,-0.00059161935,-0.00026854238,0.00028223783,-0.26432636,0.26538253,-0.25765797,0.21368948,-0.25310308,0.25143093,-0.24192996,0.26327965,0.19126832,-0.24029428,-0.25738165,0.2620196,0.2925798,-0.274593,0.10784,0.25278646,-0.24516729,-0.1683856,0.15262806,-0.223625,0.23748134,-0.25493672,-0.24328735,0.21804427,0.10345448,0.25388673,0.24517997,-0.25743744,0.0042355736,-0.26960924,-0.2463017,0.38579878,0.091005735,-0.1572737,-0.24717775,0.12904213,-0.42572278,0.33549345,0.7472486,-0.11309364,0.13350593,0.046889484,-0.21524267,-0.0853309,0.6279242,0.058763668,0.049326796,0.38001105,-0.7942366,0.1581958,-0.12672159,2.248567,-0.055349946,0.3781713,0.009382037,-0.2563217,2.5616295,-1.6146939,3.344387,0.2929343,0.14433487,0.114089444,-2.767445,0.30979437,-0.3845456,0.08931766,-1.4989183,-0.38875696,-1.038726,1.0200934,-1.035888,1.0362283,-0.8940028,1.0152557,-1.0012277,1.0326983,0.55377275,-0.82772064,-0.9639716,1.0255128,1.0226663,-1.0174088,0.29126254,1.0274329,-0.9617985,-0.9642683,-0.6205531,-0.9179426,0.97329324,-1.0719185,-0.979938,-0.734078,1.0174363,1.0422753,0.96883583,-0.96797705,-0.505605,-0.9848294,-1.0513203,1.055173,0.06406556,-0.9362456
216,-0.040133815,0.0033560833,-1.0000958,4.5477133e-05,-0.0006034537,-0.0034351542,-0.268906,0.26112884,-0.21719463,0.20642355,-0.26741645,0.2509072,-0.2441149,0.2534724,0.17472526,-0.23596172,-0.29979086,0.25433058,0.3125405,-0.26891974,0.09042105,0.26436946,-0.24213703,-0.16465569,0.113034084,-0.2069343,0.2492165,-0.24833849,-0.26538002,0.21608686,0.03979783,0.25558066,0.24623613,-0.25902188,0.06970514,-0.26734224,-0.25443387,0.383192,0.089492485,-0.14559144,0.16158314,-0.22477442,1.5580066,-0.2623433,-0.051923502,-0.081737146,0.28249013,-0.25101233,-0.48230535,0.3342978,-2.9998753,-0.4919856,0.5080055,0.3649267,-2.6255276,0.2984677,0.051189154,2.1002645,-1.9257512,0.61100066,0.27840403,0.2869823,-0.8223124,1.3395029,-2.3214662,0.085534066,-0.111765206,-0.1951558,3.1735148,0.42571437,-0.36487842,-0.38178402,-0.08028806,1.0457631,-1.0366625,1.0295688,-1.0835662,0.9846967,-1.0473945,0.9312127,-1.0124658,0.901077,0.3921313,-0.80143595,-0.983236,0.99179834,1.0649654,-1.0006425,-1.0259086,1.0702893,-0.9385052,-1.0690333,-1.011148,-0.91908044,1.0231228,-0.9741418,-0.9347443,0.9378292,-0.58515954,1.0301564,0.9514088,-1.0086116,0.91675746,-0.97977453,-1.0848503,0.9446629,0.33714548,-0.26892805
217,-0.041399527,0.002752248,-0.99871886,0.00087640906,0.001568463,0.0010957757,-0.27125093,0.26559952,-0.22446133,0.2111616,-0.24960743,0.2571787,-0.23319963,0.2518779,0.18657142,-0.23834246,-0.3081948,0.25638837,0.3091103,-0.24527308,0.12982151,0.26335803,-0.24454561,-0.19083102,0.06716765,-0.21181655,0.24472906,-0.25448686,-0.19774255,0.23896424,-0.03710286,0.25204355,0.24450116,-0.26672038,-0.021178737,-0.26927817,-0.24441501,0.3832117,0.104568675,-0.16082278,-0.46819726,-0.09351207,-0.01663312,0.30567035,0.35958785,0.064413294,0.25987455,-0.38943487,0.2914118,-0.12721106,0.023334406,0.22235459,-0.071601704,0.6459924,2.495205,-0.049146816,-0.18935652,-0.725236,-1.3740541,-0.31483346,-0.14825594,0.01083953,1.7833146,0.7201387,-3.5692506,-0.3530366,-0.035708603,-0.28266087,-4.273165,0.3798713,0.23902704,0.16212852,0.4830841,-0.41824034,-1.0414267,1.0746478,-0.9598317,1.0340276,-1.0101391,1.0487326,-1.0315622,0.9982415,0.54479074,-0.95978534,-1.0862839,0.96800745,1.0893266,-0.9831628,1.0136627,1.0524744,-0.9707341,-1.0363181,-0.76234853,-1.0477473,0.9747209,-1.0417625,0.5715353,1.0058562,-0.9548302,0.97443986,0.9340514,-1.0898515,-0.9043679,-1.0587225,-0.93565404,1.0766602,0.50681055,-0.9739719
218,-0.04066291,0.0042340127,-0.998349,0.0014412191,-0.0012018654,-0.00089561753,-0.28357038,0.25946513,-0.24314329,0.21351777,-0.25729692,0.24170946,-0.23505929,0.24845463,0.16484267,-0.24093732,-0.27406004,0.25280157,0.32551628,-0.23793627,0.12694919,0.25748363,-0.2611806,-0.1621535,0.04001729,-0.22022326,0.2553599,-0.23908868,-0.2158203,0.18995573,0.06274513,0.24286692,0.23782611,-0.26194546,-0.05407177,-0.2670067,-0.24354154,0.38229382,0.088151716,-0.15906902,0.024049122,0.0066122226,-0.8624063,-0.32690135,0.022706749,-0.19494623,-0.24459834,0.35458437,-0.7301875,0.20439816,2.4768114,-0.27268848,0.5869378,0.38721728,1.6431257,-0.1143617,-0.32467756,3.9209733,-1.5002205,-0.17547834,0.2589934,0.30176133,-1.3780019,-1.235065,3.8304822,-0.4185335,-0.25016084,0.32935652,-1.2000663,-0.12430019,0.110479526,-0.24792758,-0.57511586,0.35418332,-1.0756056,0.9952048,-0.9412953,0.903917,-0.9397591,0.9767819,-1.0536653,1.0206589,0.1949616,-1.002133,-1.0317646,0.9558613,1.0120002,-0.9704756,0.98005044,1.019851,-1.0635672,-0.9417421,-1.0098755,-0.9792595,1.0531276,-0.9817732,-1.0644386,-0.29955462,1.0602493,0.93794805,0.93571234,-0.9966319,-0.41096175,-1.0526513,-0.9543833,1.0581888,0.22145864,-0.78661126
219,-0.044987798,0.006452911,-1.0009551,-0.0006708918,0.0015588626,0.0017273965,-0.28391555,0.26162747,-0.20504963,0.21178944,-0.2518981,0.24423425,-0.2358114,0.2699405,0.177886,-0.24672373,-0.2829767,0.24508503,0.32163587,-0.2327383,0.09950649,0.2580975,-0.2509139,-0.18344355,0.020207657,-0.22464249,0.24532211,-0.22551492,-0.17283535,0.18707806,0.07011465,0.22803013,0.25232044,-0.2571855,0.037029874,-0.28090912,-0.25308427,0.37424314,0.11170759,-0.17860405,-0.32083765,0.123895094,1.3085597,0.12997554,0.16573767,-0.0050103823,0.034261376,0.7044577,0.326001,-0.07080591,-1.3237722,-0.40868032,-0.093998484,0.334966,-2.685232,0.10670518,0.2576113,-0.13779622,-0.7671632,-0.26175866,-0.49416906,0.5284029,0.12288173,-0.32525417,0.5934898,-0.20861706,0.44427487,0.09507655,4.0533123,-0.20345062,-0.35280803,-0.0045243576,0.97631323,0.15591359,-1.0452588,1.0551939,-0.96916974,1.0102592,-1.0356877,0.96298623,-0.9977446,1.0627502,0.38541725,-0.9829298,-0.98597926,0.97564614,1.0354478,-0.9450681,-0.9415581,1.030063,-0.9957441,-1.0972668,-0.40734702,-1.0805054,0.96498203,-0.9193479,0.77557224,0.9472754,0.2421289,0.91081387,1.0396037,-1.0006143,0.96809685,-1.0148537,-1.0855234,1.0505686,0.6339468,-0.8323232
220,-0.039814085,0.011273405,-1.0025531,-0.00026485472,0.0019190565,0.0025163754,-0.27597997,0.24325955,-0.22945194,0.2110953,-0.26386565,0.24325016,-0.23216449,0.2667765,0.16364785,-0.24363877,-0.28137755,0.2509222,0.33714655,-0.22896475,0.15802468,0.2373942,-0.25631127,-0.16720808,-0.0032204958,-0.22278138,0.23239465,-0.24361882,-0.23418555,0.23394977,0.010387174,0.2502524,0.24960798,-0.26145476,-0.051070035,-0.28183392,-0.2512004,0.3750595,0.08806895,-0.14706235,0.8944933,-0.69194686,-0.9333174,0.12113165,-0.3087228,0.11065198,0.047127355,-0.34598446,-0.63090086,0.08590751,0.4996069,0.12200348,0.7707217,-0.05488877,2.5783982,-0.65187573,-0.22028156,3.8403213,-0.19622815,-0.08073554,-0.2669754,-0.5868012,-4.0950027,3.113916,-2.6997545,0.73114425,0.11438463,0.055567056,-3.9597216,0.16477971,0.058597766,-0.10814648,-0.85809696,1.8092797,-0.9654759,0.933318,-1.0949037,0.98748344,-1.0406905,1.0292213,-0.93883026,0.8849437,0.12188237,-1.0249183,-0.9409955,1.0233408,1.0328922,-0.9854122,0.98378414,0.9200667,-1.0440181,-1.0489775,-0.9208747,-1.0050792,0.9284395,-1.05463,-0.95058936,0.94728494,-0.5764839,1.0537075,1.0153897,-0.9849676,-0.93268186,-0.939765,-0.9916173,0.9554055,0.18563555,-0.48158705
221,-0.050287206,0.012671454,-0.9978494,0.002424395,-0.0026801496,-0.0003582648,-0.27662212,0.23339158,-0.2536525,0.2096933,-0.279833,0.235202,-0.23653004,0.25775725,0.15880951,-0.24219315,-0.24485034,0.24590845,0.33455426,-0.2308623,0.1618503,0.23992892,-0.23929368,-0.119702585,-0.029829584,-0.22211145,0.24499959,-0.23374027,-0.26897275,0.22702704,0.08578617,0.249942,0.2513438,-0.2642403,-0.0028304076,-0.2870633,-0.24584605,0.3830517,0.13922133,-0.13908918,0.16963188,-0.25716627,-1.0102104,-0.23052071,-0.22972663,-0.3342518,-0.10580257,-0.07841576,-0.19240597,0.20220423,1.9508581,0.039023563,-0.30626118,-0.0012099441,1.3963312,0.10932104,0.423829,4.1895895,-0.8386899,0.14459135,0.44715932,0.21907671,-1.4727848,0.1779354,3.0473382,0.113809116,-0.23166159,-0.07000575,2.3260245,-0.12720254,0.17421342,0.32542425,2.0411148,0.29345962,-1.0240092,0.9196771,-1.0207524,0.94088,-1.0436612,0.9789245,-0.9785333,0.9720272,0.18748583,-1.0303077,-0.9845343,0.9836324,0.9842499,-0.98910904,1.0293516,0.97855836,-0.916742,-1.0758418,-1.104418,-0.89790547,1.0194663,-0.9619736,-0.99073106,0.19349343,1.012931,1.0012393,0.95769525,-1.0624073,0.4696612,-1.1483742,-0.9523097,1.0526202,0.96655583,-0.7515573
222,-0.051821366,-0.0030403852,-0.9937238,0.0006895598,0.00075405545,0.00215122,-0.28529546,0.23540044,-0.21578565,0.20848288,-0.24888189,0.2575414,-0.23268893,0.26091638,0.18037395,-0.24598277,-0.26980793,0.23804282,0.3067157,-0.23255369,0.10948239,0.23985349,-0.2506802,-0.13187218,0.0006585833,-0.22772497,0.2508523,-0.24087846,-0.21018022,0.25592786,0.08545528,0.23628613,0.24175492,-0.25156194,0.07741592,-0.29348364,-0.24921511,0.40174854,0.18104608,-0.13659123,-0.7023784,0.05637459,1.2755984,-0.13633138,0.81966805,0.6201847,0.22816151,0.1014968,0.58142024,-0.3275912,-2.1537108,-0.21803899,-0.9207057,-0.055243164,-3.9973423,-0.020145305,-0.29832432,0.7662146,2.336749,-0.30976054,0.23485418,-0.27397868,0.8401949,0.91791016,0.073336236,-0.44764453,-0.33100677,0.1759031,3.427975,0.10561722,0.0037148122,0.5487498,1.6521426,0.35212472,-1.0337745,0.94984365,-1.0166538,0.9105727,-1.0146363,1.0898215,-0.9042013,1.0027329,0.42008108,-0.97432,-1.0005052,0.9524692,0.934553,-0.92918366,-1.0598285,0.9517877,-1.0040499,-1.0791963,0.11512517,-1.0667024,1.0306138,-1.0160525,0.9775555,0.8980244,0.17276135,0.9192658,0.9258205,-0.9476777,1.0088524,-0.99486417,-0.9882097,0.937815,1.0541016,-0.6645419
223,-0.049561676,0.006468952,-0.9998162,0.00058860885,-0.000392902,0.0028453975,-0.2635082,0.24491781,-0.2252203,0.21309799,-0.2612789,0.25158954,-0.23463887,0.26474378,0.18061024,-0.23273228,-0.28060037,0.2599566,0.29708222,-0.24794239,0.1596576,0.23341611,-0.23378254,-0.14403145,-0.03219773,-0.21382283,0.2445107,-0.2523304,-0.2058059,0.27257302,0.017160457,0.2665024,0.24458055,-0.26056886,-0.032593817,-0.28540587,-0.25539216,0.40358528,0.12705056,-0.12150947,0.13201898,-0.30962127,-0.14293575,0.36260396,-0.5554861,-0.4533881,-0.2603371,-0.12958997,-0.07440296,0.78178465,-0.06172505,0.5913669,-0.19355276,-0.465859,3.0229187,-0.28364438,0.28615022,1.0450935,-2.870147,0.5228383,-0.15117748,-0.3538051,-1.561966,2.0087917,-3.1234446,0.82772166,0.16825724,-0.089602426,-4.9237423,1.0128387,-0.29270145,-0.43811545,-2.2579494,1.1243502,-0.96827924,0.9391137,-0.9895927,1.0557972,-1.0120112,0.9924482,-1.0811834,1.0047743,0.4779412,-0.8028669,-0.9968658,1.1138624,0.9910128,-0.980542,1.143698,0.91646355,-0.88820976,-1.0872996,-0.9343017,-0.87786984,0.9509926,-1.0425128,-0.4068118,0.9202466,-0.6865777,1.096934,0.9558175,-1.0072048,-1.0653743,-0.9214022,-1.0702722,0.9404665,0.061662577,-0.20198263
224,-0.04676531,0.0057495134,-0.99923414,-0.0021643797,-0.0028630996,0.0009961452,-0.27195862,0.2422951,-0.23314776,0.21887486,-0.2657602,0.24505585,-0.2325028,0.25824735,0.18631466,-0.24198891,-0.2859535,0.24597932,0.30285493,-0.24878865,0.113325946,0.25040478,-0.2514518,-0.14990254,0.02894866,-0.2169849,0.25087196,-0.2320988,-0.22054704,0.24214758,0.09583088,0.24983986,0.25056642,-0.25474912,0.05336057,-0.28174397,-0.2451549,0.38849866,0.15633084,-0.14465205,-0.48894536,0.28285068,-0.6127893,0.008999813,-0.37190008,-0.3263176,-0.0788727,-0.1536793,-0.074700475,-0.6762372,0.090752214,-0.37352487,-0.068224244,0.23023467,-2.0871112,0.56604,-0.55380917,0.75373405,4.1906385,-0.103222616,0.077754945,0.6188945,-1.4767256,-2.6294107,3.52889,-0.24620736,0.20741676,0.13418025,3.9203098,0.31981537,0.42072275,-0.45280248,1.0492448,-0.61483574,-1.0626627,1.0030564,-1.0738744,0.9890115,-0.962483,0.8776267,-0.95079887,0.92858076,0.4630479,-1.0054274,-1.0346303,0.9781068,0.99795324,-1.0058665,-0.13527903,1.0352842,-1.0314901,-0.9946854,0.71053654,-0.9466801,1.0339218,-0.94638497,-0.97419286,1.009732,1.0161794,1.0093609,1.0072887,-0.9835014,1.0034505,-0.9257469,-0.8910212,0.9392887,0.82300854,-0.95701987
225,-0.042575274,0.011684956,-0.99667776,0.0001846653,-0.0016545812,-0.004124408,-0.28053096,0.26061106,-0.21991624,0.21656847,-0.27363166,0.2614759,-0.2371542,0.2640967,0.19282165,-0.22502024,-0.30706704,0.25290257,0.29044777,-0.2751935,0.13912731,0.23417647,-0.2438515,-0.1698414,0.042644396,-0.2145857,0.25049135,-0.22999214,-0.25018358,0.30990493,0.01799387,0.2718388,0.2586612,-0.26105833,0.010764366,-0.27639374,-0.24835883,0.38496417,0.095759876,-0.14905728,-0.18860649,-0.07992026,0.73199654,0.042613063,-0.26119065,0.4420408,0.19587395,-0.06135812,0.14400001,0.617432,-1.6005796,0.1250474,-0.33926156,-0.90072376,0.13727094,-0.51929826,0.23865426,0.23245893,-0.86841637,-0.060683683,0.14782225,0.013630455,-1.849085,4.6643767,-3.3103182,0.53156334,0.122868955,-0.13589144,-2.120413,0.3820384,-0.1652313,-0.026006619,-2.3287523,0.30890706,-1.0787034,1.0005281,-0.99449104,0.99416745,-1.1354984,1.084929,-0.9502058,1.0400093,0.6333497,-0.6346881,-1.1438591,0.93544465,1.0341213,-1.0123463,0.15672003,0.90193665,-0.9419326,-0.9929315,-0.22338556,-1.0003834,1.0292568,-0.9715607,-0.8430893,0.9089738,-0.7455799,1.1045997,0.99693954,-1.0052471,-0.36769277,-1.0093182,-1.0238732,1.0464262,-0.07264256,-0.8648068
226,-0.04146443,0.0075941286,-0.9966734,-0.0016265349,-0.00044630043,-0.003103318,-0.28760022,0.24984217,-0.23732592,0.23025607,-0.27024445,0.2601787,-0.23237947,0.25438133,0.18679665,-0.24057463,-0.30641073,0.25362355,0.2916362,-0.2662325,0.11002683,0.2535052,-0.26156273,-0.16141926,0.07289189,-0.22081724,0.2524866,-0.23575014,-0.2547945,0.28942233,0.06400698,0.25107852,0.2589051,-0.256298,-0.022691807,-0.26961106,-0.24883474,0.38384604,0.106178775,-0.16437589,-0.14669983,-0.14980276,-0.47688854,0.103515506,0.41728157,-0.04897358,0.08630446,-0.031118533,-0.24885853,-0.43514135,0.72105724,0.14957985,0.16010301,0.46621078,-0.07861451,0.6429785,-0.48772874,1.8365777,1.4695477,-0.1605008,0.0099113975,-0.24388592,-0.07091113,-1.1271353,1.6585747,-0.8376677,-0.057249703,0.040024966,-1.3212626,0.5301121,-0.11762843,-0.3136723,0.44883534,-0.45770982,-1.1187568,0.9676352,-0.9994288,1.0663888,-0.97438306,1.028984,-0.95582473,1.0002428,0.44653752,-0.85685605,-0.973225,1.0477823,0.9688935,-0.9652627,0.4439966,1.0563049,-1.0639195,-1.0165874,0.08135649,-1.0052191,1.0302955,-1.0120454,-0.99530613,0.10319396,0.4740187,0.95270985,0.99583733,-0.984829,-0.30970195,-0.95805246,-1.0229597,0.93730205,0.5155935,-1.0635694
227,-0.040022377,0.00364235,-0.9998917,0.003684732,0.0029705847,-0.005231947,-0.2677712,0.26709577,-0.20875815,0.21748777,-0.26523203,0.25617397,-0.22746196,0.25203604,0.2037724,-0.24492902,-0.32999828,0.2564873,0.28050995,-0.25446966,0.07231954,0.25424618,-0.24041468,-0.18413544,0.08478214,-0.21902543,0.24873249,-0.23754355,-0.23844041,0.26933452,0.060479872,0.24297255,0.24164476,-0.26236755,0.054437514,-0.27205694,-0.25214022,0.39944726,0.08802474,-0.16640833,0.24582914,0.4449978,0.8363102,-0.34901926,-0.0368789,-0.2376889,0.23407613,0.10185912,0.3483619,-0.16569316,-1.914924,-0.0006294831,-0.4538191,0.48020384,-2.7015612,0.06261571,0.5593143,-0.12336657,0.4058374,0.108545944,-0.05986107,-0.071111396,-0.07492925,-0.5925075,0.088086665,0.17403375,-0.3813209,-0.13793561,3.7450948,0.35888818,0.043767348,0.55843556,-0.8029304,0.88759464,-0.99131703,1.0913962,-1.054265,1.0347868,-1.0179229,0.93983585,-0.90405643,0.97676194,0.70617425,-0.830974,-1.0523287,0.96604127,1.0046312,-0.8959886,-0.83917457,1.0242894,-0.91001046,-1.0327523,-0.0006356129,-1.0011642,1.0111072,-1.0075064,-0.5624722,0.9324325,0.0067033316,1.0056123,0.909982,-1.0192845,0.98226523,-0.9659828,-0.98689204,0.97353053,0.19038107,-0.8327664
228,-0.036019776,0.010339819,-0.9993371,-0.0011536373,0.003108201,-0.001163355,-0.26597667,0.26543838,-0.22278333,0.21778616,-0.2720032,0.24780853,-0.21791139,0.25691667,0.190073,-0.23453598,-0.33259237,0.26236016,0.29478315,-0.25684765,0.124791175,0.23370971,-0.25822064,-0.18749784,0.06383058,-0.2147846,0.24950352,-0.23868519,-0.26061618,0.2527241,0.02663083,0.25002384,0.24680638,-0.25838926,-0.038569156,-0.2617704,-0.25991175,0.3831623,0.09348124,-0.15367901,0.2708426,-0.08814205,-0.49508217,-0.1941684,-0.21583514,-0.4990711,0.18255131,-0.07176701,-0.6558592,0.6495497,0.7094191,-0.10471223,0.44561478,0.015161883,2.89891,-0.59754604,-0.4513178,2.2168243,-2.183991,-0.21474367,-0.22195509,0.20022444,-1.3776696,0.50182515,-1.6856414,-0.39040846,0.05746257,0.13655369,-4.6947656,0.84046215,-0.44544998,-1.5020611,0.13411447,0.705943,-0.96750194,1.0505433,-1.0316309,1.0082148,-1.0275071,0.9253671,-0.9668846,1.0357132,0.35858724,-0.77396643,-1.1183581,0.9844765,0.9455268,-0.95694673,0.99665856,0.91346526,-1.0473495,-0.9324046,-0.7762083,-1.0639848,0.97342837,-0.94879717,-0.7878692,0.47934788,-0.3412238,0.952189,0.9690092,-0.96807384,-1.0536313,-0.9499457,-1.1309128,0.9727888,0.39060763,-0.44776398
229,-0.03774983,0.0012306101,-0.9976803,-0.0009969887,-0.0025021501,0.0011525393,-0.2465223,0.24243958,-0.2214837,0.2107043,-0.2570919,0.25572503,-0.21898594,0.26726487,0.19193523,-0.25186896,-0.3246621,0.24807945,0.28834355,-0.24336544,0.04655364,0.25717455,-0.2547161,-0.14959921,0.071439266,-0.22532037,0.23798034,-0.23471165,-0.27113932,0.27772367,0.108273126,0.2372931,0.2550742,-0.25470188,0.044110052,-0.25974616,-0.26039615,0.3694238,0.10974679,-0.15864757,0.40088913,-0.68632513,0.09962825,0.08471172,0.53572583,0.680019,-0.0774017,0.6245136,0.10343304,-0.6515763,0.11022199,-0.3733839,-0.18314527,0.4741609,-3.6126053,0.6313198,0.10122083,2.6808975,1.9121313,-0.4250218,-0.18455549,-0.14865947,-1.7116467,1.7999507,3.506947,0.1469583,0.30384386,0.19495024,4.2181153,0.0014092292,0.04149535,0.20964004,0.7570389,0.100764714,-0.9049637,0.9226805,-0.99878544,1.0272338,-0.9476746,1.0841857,-0.94412535,1.036609,0.50834423,-1.0635915,-1.0318596,1.0362625,0.9185444,-0.9672908,-0.8116374,1.0608581,-0.99704075,-1.0123286,-0.0073630433,-1.0897759,0.9750943,-1.0145104,-1.0267355,0.99035686,1.0160574,0.99460244,1.0174885,-0.9511151,1.0537688,-0.9188026,-1.029517,0.9908142,0.5934825,-1.0123703
230,-0.035876974,0.0015482927,-0.9975273,0.0025682338,0.00037978697,-0.00025320935,-0.26079565,0.24479917,-0.23424649,0.22053203,-0.25327456,0.2591373,-0.21456283,0.27392235,0.19059344,-0.23776694,-0.3067906,0.25190502,0.29693148,-0.25518307,0.125793,0.2401742,-0.265637,-0.17850009,0.04619817,-0.22092295,0.24522807,-0.24648204,-0.24395922,0.29950973,0.03152168,0.23822045,0.2548109,-0.25337005,-0.014343463,-0.25781867,-0.25510514,0.37129262,0.13128786,-0.13078922,-0.5252834,-0.12962349,-0.08068698,-0.040554095,0.1479699,-0.2445127,-0.025322605,0.041773338,-0.3185844,0.8597012,1.1020888,0.23248318,0.22216642,-0.3292034,4.0564604,-0.3711262,-0.3751695,0.5406853,-2.9469383,0.111897215,0.40311652,-0.35094962,1.0109662,0.7196812,-3.537527,-0.21876875,-0.078734785,0.22726235,-3.0792072,0.411909,0.06016974,-0.6807353,0.93918467,1.2812988,-0.9789422,0.9666824,-1.0463415,0.9793883,-0.97043985,0.9881353,-1.0064348,1.1213562,0.3504983,-0.8023352,-1.0069213,1.0122206,0.9568494,-1.0012466,1.0742682,0.9522657,-1.0924346,-0.9922504,-0.89260936,-1.0061885,1.0102371,-1.0210559,0.3603668,0.97960633,-0.6484113,0.9266146,1.0055984,-0.9427944,-0.65037334,-0.98542464,-1.0158266,1.0945877,0.714169,-0.25400558
231,-0.03596074,-0.0030470456,-0.9983033,0.0035456978,0.0037589194,-0.0022499268,-0.26357353,0.2381462,-0.20420189,0.20684464,-0.25311625,0.26080632,-0.22984454,0.27108276,0.18230088,-0.24339165,-0.3023191,0.24825063,0.30329415,-0.25193602,0.048496492,0.25894248,-0.24746849,-0.1595334,0.056337133,-0.22258192,0.24941048,-0.24108449,-0.240384,0.2787229,0.10741217,0.24018762,0.24642207,-0.25863132,0.062446684,-0.2599077,-0.24913417,0.37349236,0.10803712,-0.14409252,-0.059474505,0.06978525,0.5607082,-0.13806097,0.09893768,0.0868181,-0.22630759,0.30778468,-0.19827683,-0.34458756,0.08406446,-0.26811418,0.15955848,0.31604218,-3.799492,0.4111144,0.48068216,2.2598593,1.6804641,0.025744235,0.022438861,0.21324888,-0.73811543,-1.2625409,3.2390106,0.1798127,-0.122442596,-0.3217012,3.7728066,0.17208038,0.22278346,0.4718459,-1.0195469,-0.13455252,-1.0287756,0.9744872,-0.90519756,1.0758952,-0.94427836,0.9898684,-1.0248255,1.032832,0.45434368,-1.0068312,-1.0639398,0.89670235,1.0173647,-1.0180839,-0.9585819,1.0534772,-0.92496884,-0.9745972,-0.15685679,-0.97996163,1.0115137,-0.9998237,-1.0653708,0.97706234,0.99082315,0.9724469,0.9522885,-1.0849876,1.0191673,-1.006888,-0.9669656,0.95368046,0.23153983,-0.9490367
232,-0.034188997,0.0024153844,-1.0000721,-0.0003227199,-0.003657944,-0.0010261728,-0.2704427,0.2627159,-0.22326837,0.20606385,-0.25212,0.26349917,-0.22779226,0.27346903,0.19190685,-0.23115838,-0.28191516,0.2529619,0.28616732,-0.25326276,0.12533256,0.25324896,-0.25456834,-0.16637997,0.04841312,-0.2216844,0.24535783,-0.24585012,-0.23339969,0.2782793,0.029020652,0.25226283,0.23625287,-0.2517696,0.026385924,-0.25888464,-0.24674836,0.3810406,0.100263566,-0.13269567,-0.18027413,0.455578,-0.22879799,-0.335936,0.04388726,-0.12477601,-0.14756644,-0.2575195,0.15018483,0.3855494,0.90318465,0.09355105,-0.5195403,0.065753415,3.7501206,-0.18120326,-0.30826077,1.0928402,-1.216994,-0.31371063,0.033386026,-0.20436132,-0.0729155,0.23436733,-3.6816483,0.3093074,-0.46638098,0.31684527,-1.9232391,0.45193735,0.15574203,-0.23062539,-0.15777962,1.0415558,-0.9932379,1.0675988,-1.0071626,1.0171361,-0.97919905,1.0196928,-1.0676273,1.0258104,0.41160542,-0.7727531,-1.084264,0.8942465,0.86471766,-0.9266056,1.0361269,1.0064176,-1.0137992,-0.96341276,-0.15249485,-1.0756128,0.9950598,-1.0457983,0.009603206,0.90781194,-0.6519111,1.021291,0.884707,-0.94171077,-0.2518713,-1.0030426,-0.9589218,0.9969139,0.3865854,-0.549825
233,-0.03569714,0.004246839,-0.9992713,0.0034603172,-0.000712557,-0.0022721665,-0.2684726,0.2647893,-0.22833069,0.20842558,-0.25965255,0.2549126,-0.22509322,0.26920027,0.18499112,-0.24012631,-0.2641615,0.25049898,0.2950079,-0.24399753,0.10592728,0.23674662,-0.2400519,-0.15876694,0.063152105,-0.2296558,0.24844624,-0.23824279,-0.25021848,0.24922672,0.10412708,0.23231626,0.25668362,-0.25035807,0.0686916,-0.26874942,-0.24259579,0.36647323,0.11366332,-0.15274526,0.1226994,0.21388756,-0.70376736,-0.08470346,-0.2695392,-0.34829184,0.0023843052,-0.0017232454,-0.18017581,-0.29281473,1.1196867,-0.035971962,0.2272635,0.46838927,-0.514253,-0.29528958,0.33337998,1.4697449,1.0391766,-0.25352263,-0.067185126,0.3128923,-1.3946944,-1.6162335,3.1815827,-0.54263544,0.53401226,0.14233083,2.2237444,-0.21957414,0.18517917,-0.7454868,0.31995964,-0.34865838,-1.0214709,1.0896478,-1.0399175,0.9604614,-0.9806654,0.9343504,-0.9497051,1.0132371,0.39477572,-0.9660219,-1.0029547,0.96477956,0.9334293,-0.95305336,0.15096939,0.94973165,-0.9075911,-1.0712675,0.10716201,-1.0259289,1.011473,-0.9928068,-1.0016813,0.9478102,1.0368291,0.89934623,1.0477171,-0.9699827,0.7548525,-1.0421394,-0.9391412,1.0284791,0.51723635,-0.9764529
234,-0.037199512,0.0085756015,-0.99808353,0.000105874984,-0.00063226145,-0.002367066,-0.27427813,0.2731193,-0.21683323,0.20822047,-0.27236384,0.25903916,-0.22987781,0.27073145,0.19467096,-0.23130038,-0.2664232,0.24941306,0.27650744,-0.25370917,0.10666215,0.25416976,-0.23666619,-0.17385146,0.07102038,-0.23196788,0.25122446,-0.23021325,-0.26615605,0.2733609,0.07248084,0.23569162,0.2553875,-0.2565354,0.12804118,-0.27047986,-0.24310568,0.36272877,0.12024914,-0.14760514,0.06257477,-0.05789609,0.503237,-0.051029753,-0.15692048,0.030824514,0.15232565,-0.12383142,0.34454462,0.16259474,-0.78269905,-0.22742447,-0.44609326,-0.29270595,-0.933007,0.28022936,-0.07425401,0.40788132,-0.05796104,0.102971956,0.011650894,0.17157751,-0.48257792,1.9780337,-0.9479126,0.23993672,0.04861564,-0.35585588,2.3986843,0.10217287,-0.048945297,0.085269436,0.1391983,0.653266,-1.0614799,1.0776638,-0.986337,1.0177392,-1.0594723,1.0018659,-0.9525622,0.9697405,0.57761395,-0.7601944,-1.0511788,0.93694854,0.9243499,-0.93394685,-0.2528009,1.0261043,-0.91852915,-0.93183273,0.015026755,-1.0053452,1.0037246,-0.954955,-0.9505361,1.0349363,0.0046596895,0.96846926,1.0097679,-1.0715537,1.005572,-1.0328109,-0.99050665,1.0571456,0.50050277,-0.5863799
235,-0.03526384,-0.00014158222,-1.0025171,-0.0030692397,-0.0004356968,-0.00393312,-0.2736987,0.26432186,-0.2284883,0.20016271,-0.25618288,0.26295143,-0.23132622,0.26847616,0.19466738,-0.24320538,-0.2683979,0.24939762,0.28631032,-0.25201523,0.11119107,0.25547802,-0.24572429,-0.18598577,0.12160398,-0.23005298,0.23324956,-0.24097082,-0.24816746,0.27739674,0.048269607,0.24879175,0.24514496,-0.26056814,0.05534514,-0.2661193,-0.24351323,0.38094974,0.12071694,-0.16405949,0.02194077,-0.104943916,-0.28908315,-0.14534488,0.70058906,0.4392689,-0.04700667,-0.11434256,-0.0851946,-0.34214938,0.11396467,0.03761837,0.3327596,0.17350096,0.15153599,0.034558125,-0.49227867,0.6383973,2.1591396,-0.01851023,-0.36027393,-0.2839659,0.48897535,-0.57966995,-1.4153271,0.14407139,-0.53228474,-0.093857266,-3.5610478,0.41140878,-0.08344041,0.46268263,0.082372926,-0.79642415,-1.0574627,1.0445889,-0.9858305,0.99034846,-0.8835314,1.0012497,-1.0023735,1.0605506,0.4968179,-0.90175295,-1.0158525,0.97724336,0.97357297,-0.96540457,0.3628216,1.0345658,-1.0039864,-1.0055659,0.45358908,-1.0080644,0.927081,-1.0340642,-0.96258855,0.98212445,-0.17382234,0.99954635,0.89451206,-1.030889,-0.453439,-1.0553389,-1.0018841,1.0664887,0.49591857,-1.0329683
236,-0.03436299,0.0012224602,-0.9987988,0.00021161846,-0.0022919066,0.0035430656,-0.26760224,0.24643601,-0.24173217,0.21271169,-0.26647133,0.2485479,-0.2254068,0.26389155,0.18714388,-0.24221815,-0.24645373,0.26067784,0.2932808,-0.25210795,0.122412674,0.24171707,-0.2604498,-0.1765775,0.09130073,-0.22253603,0.23552784,-0.24905562,-0.27883536,0.26461586,0.11392878,0.24004988,0.25140223,-0.2568243,-0.047534123,-0.2738336,-0.24504842,0.36886054,0.07110586,-0.14875942,0.5843908,-0.31603536,-0.5429872,0.23969252,-0.3344333,-0.41413632,-0.11243854,-0.09077929,-0.16225009,0.5993742,1.8782055,0.35789317,0.20291929,-0.13906026,2.4981666,-0.52300274,-0.26659542,1.5943565,-3.5174694,0.26579463,0.13320103,-0.22530858,-1.2389008,2.3829172,2.656801,-0.28937042,0.41718644,0.22577758,-4.3430343,0.070537485,0.067340896,-0.7265043,-2.1942544,1.3853936,-0.9912919,0.908912,-0.9596578,1.0360026,-1.0625378,0.99425775,-1.044446,1.0290557,0.44305977,-0.8086346,-1.0145975,0.97836024,0.95980823,-0.95322126,1.0093341,0.9175308,-1.0489664,-1.0298654,-0.8970846,-0.93533605,0.96077037,-1.0524465,-0.95788056,0.16605805,1.0056521,0.9362642,1.019215,-0.9749001,-1.0194983,-1.0880806,-0.9629485,0.99336624,-0.17978998,-0.4972535
237,-0.035199143,0.00069244456,-0.9980668,-0.0024714686,0.0042742407,0.0018452195,-0.26663718,0.24444567,-0.2042412,0.20755705,-0.27311906,0.25630304,-0.23139663,0.27034435,0.1963857,-0.2550359,-0.2595754,0.25259525,0.27817306,-0.23695402,0.08861767,0.24957368,-0.24701275,-0.18085873,0.110299885,-0.2252588,0.23158278,-0.24419084,-0.31093672,0.26544362,0.112628214,0.24325296,0.25171113,-0.2544941,0.020558558,-0.27188537,-0.24530877,0.37638873,0.11446028,-0.15129095,-0.018197974,0.3241124,1.2022626,-0.01009875,0.0802604,0.5126165,-0.107687265,0.49419066,0.2592898,-0.68180746,-1.7206273,-0.44597065,-0.29914883,0.6625728,-3.520939,0.32379487,0.26956388,1.0612537,2.717903,-0.074895754,-0.14510174,0.10808022,-2.6153123,0.33180022,0.22810921,0.35522065,0.016190313,-0.1114469,3.6671093,0.36361477,-0.07127312,0.71762836,2.0289648,0.36230257,-0.9983187,0.9820565,-0.9615302,1.0157872,-1.0445924,0.9936683,-1.0094025,1.0430619,0.5221234,-1.0267588,-1.0379646,0.99810547,0.916887,-0.90174943,-1.1138046,1.0074406,-0.95986235,-0.9932676,0.6092693,-1.0003641,0.96391183,-1.04305,-1.0347325,0.9429084,0.36140814,1.0144293,0.9898375,-1.0360143,0.8584543,-0.8708389,-0.9951135,0.9607991,0.86620766,-1.0220428
238,-0.038858987,0.00891925,-0.9967413,-0.00091897586,0.0008903295,0.0037659025,-0.26870424,0.26172516,-0.21286048,0.21754807,-0.26321575,0.26313534,-0.22986054,0.26754254,0.194728,-0.24355279,-0.27865812,0.2554106,0.2969791,-0.25097558,0.15412876,0.2514428,-0.25605637,-0.23055536,0.0835783,-0.21137631,0.23867835,-0.2510126,-0.2648642,0.30652294,0.010465076,0.24985398,0.26128694,-0.25279635,-0.06579427,-0.2712926,-0.24605732,0.37226906,0.087449536,-0.12531206,-0.54438305,0.25491536,-0.011881337,0.26206356,0.00061238883,-0.06133297,0.2530219,-0.36866945,-0.19342878,0.95293534,-0.60574335,0.02017485,0.33797705,-0.3429016,3.234927,0.06598677,-0.31067353,-0.21104735,-3.6797543,0.36527488,0.20122083,-0.14552034,0.9405297,2.8797553,-4.507434,0.02916745,0.26679856,0.22355932,-4.2358418,0.6594761,0.0073042014,-0.7874216,-1.0322521,1.4528027,-0.9835543,1.0326892,-1.0222421,1.0299095,-1.0655882,1.0527896,-0.98005295,1.0338428,0.42218977,-0.76190275,-0.88460886,0.9980299,0.9801537,-0.9592665,0.984667,1.0157369,-1.0304114,-1.0606498,-0.99778986,-0.9510096,0.9627352,-1.0082793,0.8574782,0.9079071,-1.0501721,0.9885621,1.040756,-0.9070146,-1.0703332,-0.9879006,-0.98151845,1.0105703,0.15466574,-0.0804681
239,-0.040285412,0.0042670635,-1.0004419,-0.00373093,-0.00052502454,0.0030948657,-0.25859007,0.2471236,-0.23111688,0.21228357,-0.2589619,0.24845253,-0.22049297,0.26946965,0.17812634,-0.25240862,-0.25921926,0.24680337,0.32369614,-0.22486551,0.13027383,0.25365898,-0.251094,-0.19934782,0.06315357,-0.21253529,0.24564974,-0.23397526,-0.26809722,0.23246874,0.09577498,0.25532317,0.25974584,-0.25551054,-0.058480866,-0.26800326,-0.25287423,0.37170243,0.09587732,-0.14751168,0.08283284,0.11642295,-0.89648753,-0.051459815,0.2187765,-0.12724113,0.07230592,0.23035905,-1.0567902,-0.2650619,1.430122,-0.29047918,1.1382793,0.69474113,-0.16720562,-0.023081876,0.19122119,5.1389084,-0.18678239,-0.09666864,0.116400294,0.39565867,-1.9567623,-1.590071,3.4849596,0.3356785,-0.1335498,0.090061665,0.41000092,-0.123510964,-0.28613007,0.2430579,0.08501455,-0.80337286,-0.9337739,0.93416566,-1.0801008,1.0182987,-0.95170486,1.0725677,-1.0297992,1.0241693,0.29764584,-1.0554869,-1.0179205,0.9792112,1.0894786,-0.91850096,0.43777803,1.0075643,-0.96153784,-1.0478749,-1.0445466,-0.9945,1.0003849,-0.9671307,-1.0131892,-1.1851192,1.0741446,1.0724275,0.99801207,-0.97665536,-0.123054646,-1.0914149,-1.0691699,1.0786376,0.3949208,-1.0123037
240,-0.047226485,0.010250835,-0.99470425,0.00032783358,-0.0033416445,0.00097292964,-0.2616365,0.23488526,-0.18970466,0.21321231,-0.25198552,0.24600737,-0.22824836,0.2660575,0.19854116,-0.25360575,-0.2801322,0.24732573,0.29696062,-0.22996068,0.10397027,0.2452719,-0.25083968,-0.20233576,0.039253466,-0.21082686,0.2451863,-0.2447057,-0.21836594,0.21288478,0.05979994,0.23974198,0.25501207,-0.25866997,0.035556447,-0.27944776,-0.2520461,0.38497734,0.11657692,-0.12133868,-0.9406421,-0.3780973,1.6656392,0.025531115,-0.07617004,-0.3286132,-0.07902879,-0.1720238,0.5245495,0.06220831,-2.1286805,-0.056638867,-0.90361524,0.099052094,-2.884397,-0.18263102,-0.16160755,0.92302966,-0.84921294,-0.03803073,0.09744251,-0.23983233,0.2927162,-0.5774223,-1.373836,-0.41321152,-0.07246572,-0.4343941,4.338053,-0.10478263,0.06960573,0.22339277,0.89293826,1.6210527,-0.9482852,0.9348827,-0.94964343,1.0302595,-1.0351804,0.9084413,-1.0760069,0.99477327,0.49818078,-1.0223756,-1.047286,0.9273641,0.91028523,-0.9576017,-1.0247763,0.96318007,-0.9984543,-1.1048006,-0.75409985,-1.0359385,0.9956534,-1.041095,1.0098355,0.9792917,-0.2258465,0.9429364,0.999709,-1.102967,1.0189755,-1.0713454,-0.9939194,0.9189999,0.64700276,-0.38923365
241,-0.04403489,0.0017499874,-1.0009875,-0.0021035725,3.077832e-06,-1.6761536e-05,-0.27472985,0.24262445,-0.21154281,0.22145268,-0.25463593,0.25355935,-0.23013507,0.26267096,0.18574952,-0.24929462,-0.28378677,0.24553762,0.30737057,-0.24280067,0.13825521,0.24876447,-0.25700182,-0.19155781,0.051903926,-0.21990794,0.24224345,-0.2408801,-0.23406547,0.2431328,-0.0013098201,0.23539302,0.26456103,-0.2684483,-0.05484941,-0.2737122,-0.2430459,0.3767301,0.09941796,-0.1506736,0.05065832,0.14375636,-0.96504116,0.36218095,0.05988765,0.4166418,-0.23644564,-0.2841542,-0.3467006,0.06328444,0.39781284,-0.0051372875,0.57105315,-0.3050718,2.0665076,0.22358096,-0.18443328,1.960108,1.6324534,-0.45448488,-0.110667996,0.17991078,-2.5441227,1.2711873,-2.8295827,-0.54455614,0.20785493,-0.20175536,-4.4299273,0.7003244,0.17079078,-0.34176418,-0.7362685,-0.86229247,-1.0096726,1.008398,-1.0179601,1.0491467,-1.0264546,1.0815632,-1.0325125,0.9810867,0.29971704,-1.0372244,-1.0159655,0.9345712,0.9671698,-1.0478892,0.93736154,1.0254366,-1.0261637,-1.0380716,-0.30404404,-1.0617617,0.97338885,-0.99759513,-0.34943876,0.9264668,-0.63857603,0.9012115,1.0558528,-1.0776037,-1.0541831,-0.9168933,-0.9503195,0.97778106,0.24278514,-0.98349845
242,-0.04384803,0.0041783485,-0.99875516,8.623776e-05,-0.00039579568,-0.0002716965,-0.27307707,0.2531493,-0.24562943,0.22451232,-0.26157054,0.25720364,-0.23254313,0.26712015,0.1755782,-0.24657075,-0.25083598,0.24744813,0.32355034,-0.23819372,0.13990483,0.25335646,-0.26412082,-0.17125076,0.028988626,-0.22436115,0.24906203,-0.24873908,-0.25350985,0.23133795,0.07508789,0.23604739,0.25668958,-0.2677688,-0.082379654,-0.2678452,-0.25106606,0.39269954,0.08770834,-0.11565982,0.68481565,0.015478309,-1.3671889,-0.005196968,0.13347913,-0.23882142,-0.3206625,0.3858514,-0.35179782,0.22866033,1.914541,-0.011638105,0.3521288,0.28511703,1.6337432,-0.004879874,-0.08458792,2.853765,-1.1519325,-0.21869709,0.2615131,-0.3440654,-0.5330171,-0.78155744,3.1839714,0.21233246,-0.33555344,0.110614724,-0.7793133,0.567421,-0.10916451,0.32163325,-0.5061523,2.137127,-1.0045087,1.0370712,-1.0222807,1.058012,-0.9358425,1.018716,-1.0017122,1.0524987,0.25988376,-1.0326325,-0.98681074,0.95418566,0.988674,-0.99233294,1.014098,1.0053478,-1.0366963,-0.9612228,-1.0369993,-0.9892397,1.0148357,-1.0701257,-1.0436397,0.6140463,0.98082876,0.9551068,0.96912265,-1.0467124,-0.43662778,-0.8971862,-1.0183657,0.9578662,0.24042311,-0.3204895
243,-0.044261172,-0.002436254,-1.0014119,0.00067192095,0.0009745351,-0.0023289353,-0.28143975,0.24233551,-0.22397566,0.22511879,-0.2528824,0.26350668,-0.23736602,0.27335146,0.17501552,-0.25500062,-0.26327288,0.23799017,0.32974526,-0.23020424,0.09628515,0.24833976,-0.257345,-0.17207721,0.012982887,-0.22469375,0.25352553,-0.24917847,-0.22419561,0.23875491,0.115523204,0.21923213,0.2603664,-0.26562455,0.0224166,-0.2750596,-0.25336388,0.3974924,0.10499494,-0.10834403,-0.0993613,-0.4717111,0.6114707,-0.032712344,0.68713725,0.27722648,-0.12494691,0.22631241,0.024620203,-0.20463717,-1.2428583,-0.08150695,0.22796,0.0804213,-3.2255707,-0.12272189,0.028537653,1.094615,0.70447725,-0.013022741,0.24204105,-0.09236964,1.459595,0.45473158,1.6732726,-0.33964014,-0.008708323,0.062289756,4.470217,-0.48182166,-0.1312837,0.32394576,0.74812514,0.13595146,-1.0871902,0.96164614,-1.0926679,0.9792024,-0.95312303,1.0601948,-1.0502735,1.0095944,0.3882781,-1.0583633,-1.0260663,0.9756226,1.1102692,-0.9643833,-0.9123651,0.9681503,-1.0258733,-0.9949606,-0.9471925,-1.0211354,1.056172,-1.0519482,-0.1670885,0.8217479,0.64865047,0.8615246,1.0217468,-1.0103183,0.9916025,-1.0532,-1.0360942,1.0809792,0.5657349,-0.7368416
244,-0.048576497,-0.0018979592,-1.0003337,0.003922802,-0.001628163,0.00013112654,-0.2896322,0.2447018,-0.23669559,0.22602378,-0.2486855,0.2638942,-0.24142157,0.26870295,0.1657972,-0.23804224,-0.27487072,0.25021824,0.32947582,-0.24233918,0.16379265,0.26227576,-0.26163808,-0.16133778,-0.028202264,-0.21323964,0.2508881,-0.24840754,-0.19951129,0.2455274,0.013201251,0.23553143,0.2592896,-0.25984457,-0.060090978,-0.27972528,-0.24798037,0.38385478,0.083717525,-0.124661095,0.091820635,0.051367484,-0.30439863,0.012780213,0.3261091,-0.15600842,-0.10294326,-0.29509288,-0.2994341,0.7404468,-0.31828418,0.10678845,-0.013436953,-0.16888936,2.8478887,0.35635382,-0.09834685,3.0780041,-2.797109,0.3414399,-0.2544416,0.105262846,0.03602447,-0.25229707,-4.314306,0.21363658,0.15718748,0.17600818,-3.9143844,0.2879298,0.11309967,-0.9565444,-0.92284906,0.021309324,-1.042384,1.0068296,-1.0438061,1.0865189,-0.9724042,1.0397785,-1.0096387,0.9687539,0.09044635,-0.93062675,-0.9547661,0.9984685,0.8926963,-0.9888988,0.9994252,1.0648412,-1.0425197,-0.9696082,-0.9782639,-0.8993327,0.97493786,-0.9951776,0.47410572,0.9343819,-0.9345415,0.93505603,1.0400102,-0.9596363,-0.99085814,-1.0601414,-0.9751965,1.0365146,0.13485727,-0.36176166
245,-0.048177797,0.011342462,-0.9944755,-0.0024115373,0.0025551424,0.0003077199,-0.27272284,0.25916892,-0.25177002,0.22089216,-0.26691383,0.25458792,-0.2386993,0.2669592,0.17060415,-0.24447405,-0.25813127,0.25993627,0.31506887,-0.23073977,0.16509478,0.25536495,-0.25551045,-0.1297518,-0.048159648,-0.22923972,0.24774873,-0.2505972,-0.23985796,0.23739389,0.082887456,0.22762251,0.24752419,-0.25791287,0.03383442,-0.2821958,-0.25165376,0.40243623,0.12039622,-0.11647765,0.69126755,0.41611582,-0.8581784,-0.22297913,-0.66329896,-0.02012083,0.11939853,0.25791588,0.050678644,-0.6184093,1.2879333,0.60604227,-0.30699238,-0.0013713667,1.2945801,-0.18579078,0.14947149,2.4739003,-0.7906296,-0.60995686,0.094652675,-0.22391795,-3.0233178,-0.054189395,2.7895389,0.31638616,-0.5362044,0.21140853,4.534474,-0.13448,0.03517928,0.9108685,1.613374,0.96228313,-0.9922982,1.0634663,-1.002144,1.0057797,-1.0586017,1.0328697,-0.9074161,1.0472779,0.33641413,-1.0511527,-1.0496005,1.061904,0.9796617,-0.94647,1.0494559,1.0039849,-0.992958,-1.0581756,-0.35745853,-1.0599434,1.0304043,-1.1202449,-1.0262951,0.93840027,0.9315343,0.95721716,0.91600364,-0.9812509,1.0526952,-1.0421219,-0.9918278,0.9956302,0.81020063,-1.0407289
246,-0.04543366,0.008782689,-0.9994246,0.0018848928,0.00069291296,-0.0011287368,-0.25475377,0.2803493,-0.21590513,0.21821205,-0.26455754,0.26552558,-0.24960838,0.277847,0.19478133,-0.20762844,-0.27740154,0.26360646,0.2856048,-0.28636628,0.10597966,0.25770682,-0.26127324,-0.1396278,-0.0074013276,-0.2267952,0.24965289,-0.24848595,-0.27018133,0.29300854,0.09730124,0.24606977,0.24347763,-0.26109213,0.10062399,-0.28504968,-0.24591373,0.39072108,0.1676312,-0.12626858,0.5355811,0.20876394,1.3247573,-0.20134753,-0.12860154,0.210441,-0.4057495,0.059232306,0.47811842,0.8735831,-1.6990169,0.28266153,-0.96101123,-1.546119,-3.8513846,-0.054979764,-0.20763142,0.8612245,0.48574388,0.28319502,0.026948156,-0.1841517,-1.54835,4.384391,0.9119449,0.5538348,0.03878959,-0.28356057,2.8627849,0.2932229,0.20150883,-0.48259968,1.8344805,0.1330001,-0.9095733,1.0810826,-0.95424056,0.96934074,-1.0842131,1.0557086,-1.0991207,1.0449053,0.5646343,-0.43242696,-0.96517134,0.98180395,0.91352016,-0.9815979,-1.0416734,1.0005087,-1.0582309,-1.1309386,0.9738047,-0.9795993,1.0089536,-1.1000438,-0.6462229,1.0333132,0.36674142,1.0167598,0.9799691,-1.037164,0.98135746,-0.9612528,-0.9384296,1.0231993,1.033033,-1.0161558
247,-0.038874228,0.008674646,-0.99569905,-0.0015485928,0.000110120745,0.002681065,-0.25845295,0.27587718,-0.23037958,0.21340433,-0.26956424,0.26159427,-0.2520097,0.26582736,0.18064061,-0.21952075,-0.28522307,0.2695183,0.29033247,-0.27552444,0.15480743,0.26059037,-0.26173007,-0.1545395,0.05014508,-0.21819006,0.24930368,-0.24667424,-0.2823628,0.27939445,0.024992038,0.23986095,0.2526585,-0.26058912,0.03039241,-0.2753605,-0.24735081,0.37624732,0.18797423,-0.15130284,-0.027866395,0.09838333,-0.30563313,-0.39092317,0.048678182,-0.28892395,-0.103582114,-0.3378246,-0.41587767,-0.29595047,-0.021081243,-0.1877195,0.123912014,0.49720773,2.2798376,0.3324029,0.03539004,0.8040874,1.7456254,0.024183176,-0.081103265,0.23584956,-0.9379299,0.12269243,-3.4605088,-0.5229742,0.11668954,0.023409477,-3.451757,0.9109468,0.069688454,-1.285038,0.73109233,-0.49648938,-0.9777853,1.0422611,-0.9700564,0.9425068,-1.0378276,0.97741747,-1.0253054,1.0226425,0.47724918,-0.62554735,-0.96040833,0.9527224,1.0119064,-0.89879394,1.0309122,1.0759803,-1.0338862,-1.0539978,1.0373938,-0.9544476,0.9862141,-1.0023501,-0.97875714,0.34029254,-0.7075021,0.9245824,0.98566866,-1.0025913,-0.5371883,-0.9907935,-0.952836,1.0304132,0.8811022,-0.736144
248,-0.033921987,0.008249365,-0.99912477,-0.0005531635,-0.00057882443,0.004047501,-0.26810923,0.26941884,-0.23831008,0.20396481,-0.26929036,0.2637491,-0.24564523,0.2672929,0.19133323,-0.21874343,-0.28097397,0.25490615,0.27875638,-0.29071015,0.10534139,0.26155454,-0.26182467,-0.17013334,0.10701434,-0.2282151,0.2593268,-0.24012946,-0.27593306,0.28667212,0.10376045,0.25214973,0.24184056,-0.26063582,0.064437084,-0.26877967,-0.24764262,0.37439626,0.13041621,-0.14481273,-0.39581653,-0.08980568,-0.4071994,-0.30298033,0.041418266,0.12317533,0.18397593,0.11436649,0.35341862,-0.053838644,0.39671227,-0.18905471,-0.49289903,-0.46263096,-1.537305,-0.036421448,-0.05364433,-0.79039437,1.9600785,-0.23239133,0.40909684,-0.059681024,-0.104714654,2.1550214,3.5033696,0.6080778,-0.26356766,-0.016285,1.6815948,0.22499605,-0.13210112,0.5267648,-2.0602067,0.41468433,-1.0616429,1.0128249,-1.0308411,0.9755295,-1.0778764,1.0930419,-1.0011252,1.0209091,0.67740184,-0.6934628,-1.0488302,0.9662938,1.0206419,-1.0599751,0.040458467,1.0480481,-1.0433241,-1.0392526,0.9918088,-1.0348703,1.0794979,-1.0296621,-0.89428216,0.40602085,1.0607904,1.0570301,0.90852517,-1.0257936,0.60014254,-1.0257635,-1.0078163,1.0024747,0.12298884,-0.89242816
249,-0.03348583,-0.0013261522,-0.9951954,-0.0005956016,0.0013028753,-0.00011187577,-0.26044026,0.2683407,-0.20909956,0.2008226,-0.25612298,0.27389902,-0.2513184,0.2658718,0.18614446,-0.20818691,-0.30239344,0.2566064,0.28780374,-0.29439577,0.07436704,0.24256153,-0.25796956,-0.17740524,0.10426625,-0.21681498,0.24499586,-0.24735889,-0.27156234,0.3270617,0.06414762,0.22789294,0.24601196,-0.2668634,0.035578385,-0.2695122,-0.24485615,0.36824828,0.0968617,-0.16119614,0.11620841,-0.31827945,1.3647593,-0.30722433,0.51205975,0.31752244,0.015920034,0.01661197,-0.5873027,0.6272243,-1.78672,-0.36257032,0.30042198,-0.033649612,-2.5185192,-0.5952521,0.07418447,2.5468028,-2.660058,0.6245896,-0.5136037,0.05782311,-0.24671331,3.031848,-1.5128444,-0.8450485,0.13760002,-0.36326203,-1.4143015,0.6376,-0.015022884,-1.0514168,-1.4899142,-0.3356614,-0.9844879,0.9746861,-0.99050874,0.9999103,-0.95245266,1.0673234,-1.1047608,1.0743227,0.48914793,-0.38013527,-0.94270897,0.955817,1.0092831,-0.9110015,-0.8826912,0.9330233,-1.0267857,-0.98272324,-0.54558414,-0.93146294,0.9706631,-1.0076745,-0.90426224,0.1759196,-0.29376444,0.8786599,0.97412384,-1.0848616,-0.11351128,-1.020134,-0.98673224,0.9747702,0.09308116,-0.6947055
250,-0.034764923,0.00244799,-0.9945387,0.0022824137,0.0015667026,-0.0010533107,-0.2582796,0.2611108,-0.22178496,0.19955027,-0.25408998,0.26900962,-0.24092083,0.27150542,0.18686967,-0.23663217,-0.31000805,0.25051403,0.28680304,-0.24167283,0.1272773,0.25686553,-0.26621616,-0.18284887,0.101489656,-0.21100195,0.23575252,-0.24164376,-0.27087379,0.2981924,-0.007251355,0.24763177,0.24652804,-0.2693793,0.008570162,-0.26090616,-0.24287392,0.3641649,0.13291971,-0.16969073,-0.19355889,0.07740346,-0.48583224,0.19001406,-0.042016827,-0.13726202,0.30471435,-0.01810466,0.21488668,-1.0167682,0.029172014,-0.3117502,-0.12735477,1.654987,2.5268476,0.29560727,-0.17165627,-0.101131245,1.2819506,-0.031298093,-0.39352146,0.16086134,-0.46539897,-1.3171726,-3.4117475,0.5849434,0.11881246,0.055625647,-1.1738608,0.44536552,0.23105137,0.31747895,1.3602868,0.02619309,-1.0163139,1.0496593,-1.0647032,1.0157285,-0.9621557,1.033859,-0.9979282,1.0110207,0.61692613,-1.0318747,-0.9690944,1.0256015,1.03346,-0.9105318,0.94284964,1.0223379,-1.0655471,-1.0012736,-0.050663523,-0.9572052,0.92890215,-0.9767361,-1.015764,0.8626475,-0.8542916,1.0372335,0.96012044,-1.0246961,-0.1853054,-0.9381155,-0.91668767,1.0113252,0.7989451,-0.71766204
251,-0.03847373,0.0073339595,-0.99721473,-0.00078254944,0.0005478051,-0.0032385003,-0.25814307,0.26643533,-0.23180887,0.20568658,-0.26702186,0.24558444,-0.2330081,0.2634603,0.18777622,-0.23481937,-0.2988275,0.26049727,0.28494486,-0.25379732,0.11320953,0.23771098,-0.2412725,-0.18144064,0.10179778,-0.21285956,0.22594473,-0.24663399,-0.2728078,0.20262496,0.08790445,0.252135,0.2507348,-0.26303023,-0.07350447,-0.26132014,-0.23687623,0.3809544,0.08665553,-0.160757,-0.23210561,0.29184473,-0.3810577,0.2606229,-0.37520486,-1.026631,0.43430233,-0.32856536,-0.093955256,0.4440838,1.3154663,0.21469277,-0.02036662,-0.31645876,0.66313344,-0.4671938,0.5337693,1.6592784,-0.9240893,-0.11637908,-0.18063632,-0.01702784,0.3754732,-2.6147456,3.8778818,-0.03873618,0.05584723,0.30548623,-3.5675566,0.3803439,-0.14510459,0.35170913,-1.9594054,0.8620732,-1.0088774,1.0520838,-0.9762384,1.0488467,-0.99981827,0.9018588,-0.9280925,1.0027678,0.5025988,-0.8074343,-0.9554565,1.0113678,0.9477567,-1.0049131,0.5118753,0.9319985,-0.91447455,-1.0436875,-0.9162918,-1.0151132,0.903767,-1.0280178,-0.9838502,-0.67755044,1.0312567,0.987759,0.9624392,-0.96113163,-0.98625594,-1.0368739,-1.0029293,1.0020425,-0.05670256,-0.7078257
252,-0.03918899,0.0066651665,-0.9999591,0.001135354,0.00025308342,0.0047026346,-0.26678127,0.25535613,-0.19969158,0.21024778,-0.26919138,0.25167492,-0.23385099,0.26537415,0.18140578,-0.23950875,-0.315185,0.24306501,0.30128095,-0.24836282,0.079925545,0.24011984,-0.25236478,-0.17616865,0.122965604,-0.20714162,0.24555866,-0.23454103,-0.30979708,0.20740794,0.054324403,0.23795071,0.2577075,-0.2633172,0.021415176,-0.27182072,-0.24386176,0.38683707,0.08854413,-0.15395327,0.1628755,-0.27190056,1.199177,0.075541094,0.30582455,0.66881084,0.022302344,0.4733601,-0.32737145,-0.47390696,-1.5913796,-0.6644211,0.75780874,0.4211059,-3.1960783,0.21795805,-0.33362308,2.5656047,1.869738,0.20322764,0.5119061,0.01634401,-2.748033,0.2795769,-1.1489289,-0.15800798,0.13120295,0.106609985,4.62108,-0.24035716,0.06385938,0.8098284,0.13923429,0.5241664,-1.0030644,1.0189372,-0.93781656,1.0146269,-1.0136561,0.98667043,-0.9818159,1.0776445,0.3481856,-1.0278444,-1.0034212,0.9637127,1.0119631,-1.0527399,-1.0060922,0.98003083,-1.0079209,-0.9839561,-0.036221344,-0.93714786,1.0315679,-1.0143396,-1.104171,0.93736714,-0.20624086,0.9561317,1.0121491,-0.9858022,1.0398848,-0.9903491,-0.96102977,1.0525148,0.37908477,-0.8899704
253,-0.040771633,0.011433786,-0.9997143,-0.0013217891,-0.0011793019,0.0029789265,-0.28086734,0.2549564,-0.21304932,0.20919499,-0.2647823,0.2533812,-0.22494675,0.26861382,0.17147194,-0.24077907,-0.31082737,0.24496982,0.31645274,-0.25050813,0.13089803,0.2505098,-0.25613338,-0.20706032,0.0824409,-0.20612775,0.24895269,-0.25123727,-0.26880515,0.22343734,0.010290508,0.26824358,0.24618174,-0.2611139,-0.06550282,-0.26675627,-0.2396924,0.4052003,0.06904394,-0.12844199,-0.7380418,-0.080174625,-0.48839223,0.020577595,-0.009580438,-0.20009634,0.28087196,-0.33936355,-0.16742042,0.66063696,0.66793555,0.33138052,0.20089634,0.13680814,3.1169424,0.13592947,-0.23502047,0.05089384,-3.7670329,0.052857455,0.41568726,-0.48586348,1.0205538,1.9902704,-2.124266,0.7284121,-0.3350201,0.13879293,-4.181794,0.4709926,0.050890494,0.0076191723,-0.63832486,1.6090034,-1.0474172,1.0004488,-1.0369706,0.95129234,-1.0772978,1.0015547,-0.9717269,1.0303538,0.2987727,-0.84809697,-0.9795734,0.99422985,1.0289842,-0.9713937,0.9973968,1.0128882,-1.0333829,-1.0286751,-0.98370296,-0.9785953,1.0214113,-1.0648214,0.99434364,0.87951463,-0.5030456,1.0844209,0.9403872,-0.9712243,-1.0684949,-0.96103424,-0.94956744,1.0486463,0.16011834,-0.26500747
254,-0.044980682,0.014478557,-0.9985094,-0.0042892215,-0.002343618,0.0018882867,-0.28171507,0.26468998,-0.2323887,0.20813403,-0.2672675,0.24704215,-0.22305158,0.26403812,0.16577828,-0.2352635,-0.27852044,0.24797282,0.32747844,-0.22918385,0.12954347,0.23772699,-0.24581498,-0.17052373,0.030288119,-0.20961446,0.25649858,-0.24860285,-0.28446642,0.1949001,0.088626236,0.2570667,0.24989662,-0.25371218,-0.033499237,-0.26943436,-0.24801464,0.40401727,0.09164367,-0.1299156,0.17385408,0.35303822,-0.92856395,-0.0072169425,-0.065440945,-0.124771826,0.024397397,0.02027787,-0.7117685,0.05222693,1.9539431,-0.04045403,0.49207246,0.7293016,0.80324554,-0.3069717,0.23630865,4.893464,-1.3334607,-0.25953928,0.16419074,0.094901614,-2.2393615,-0.78453714,3.0022748,-0.1515901,0.108377956,0.25988674,1.7398254,0.10922756,-0.20426948,-0.20398594,0.72032815,-0.2054327,-1.016174,1.0608909,-1.0543531,1.0495422,-1.0158747,1.0394866,-0.9432995,0.9321142,0.16739434,-0.9896701,-0.98180634,1.0130842,0.9999832,-0.93001443,0.58721215,0.9302429,-0.9418504,-0.9884135,-1.0699787,-0.97691536,1.0582919,-1.0353527,-0.884726,-0.31003496,0.95090324,1.0312251,0.98753744,-0.9655934,0.24771583,-1.0104281,-1.0224266,1.0134428,0.5068987,-0.8123536
255,-0.04502913,0.0036361825,-1.0012275,-0.000421989,0.0011140887,-0.001532838,-0.2756765,0.24233633,-0.20753814,0.20768498,-0.24759515,0.24941948,-0.22614561,0.26071364,0.17349386,-0.23881547,-0.27461654,0.24159385,0.3228081,-0.22437188,0.093208835,0.2510667,-0.22488828,-0.18867372,0.012999449,-0.21536136,0.25785038,-0.24299064,-0.21356548,0.19411239,0.086095035,0.25234094,0.24561799,-0.2609082,0.05279502,-0.27559957,-0.24897216,0.41341847,0.13755946,-0.13290113,-0.23660186,-0.50678307,0.9610163,-0.24469672,0.78779304,0.10604929,-0.1771091,0.11873047,0.35136643,-0.07170539,-0.94844735,-0.34710416,-0.26259893,0.5455111,-2.952545,0.4152396,0.28628078,0.12115354,-0.70860505,-0.15390596,0.117754936,0.18298636,1.9258912,-0.13494231,0.3095213,-0.26638165,-0.31165135,-0.34976003,3.5927422,0.34382764,-0.13438986,0.18653774,1.8466231,0.045476194,-1.0088059,0.9738526,-1.03865,0.9160351,-0.9560606,0.9750595,-1.058753,1.061383,0.37658122,-1.0746036,-0.9106355,1.0505522,1.0321715,-0.9815413,-0.95939416,1.0419321,-0.8558244,-1.0417348,-0.980555,-1.0310129,1.0394267,-0.9569844,0.9792332,0.96131724,0.25391197,0.9705087,0.91672057,-1.1044673,0.91571873,-1.0436635,-1.0208777,1.0363089,0.9237465,-0.2468741
256,-0.045461264,0.006316669,-0.99809873,-0.00076010684,5.2122923e-05,0.002671084,-0.29088518,0.23828876,-0.22310239,0.20670833,-0.24923453,0.2524906,-0.22521403,0.26765326,0.16678143,-0.23124026,-0.26646605,0.24629998,0.32586485,-0.23935619,0.14603189,0.24837992,-0.2612936,-0.19896789,-0.021339871,-0.21520774,0.25199947,-0.25519955,-0.16618693,0.21815978,0.031364985,0.25858307,0.2463152,-0.26443285,-0.039789185,-0.28026992,-0.24553801,0.39932024,0.09597815,-0.12271734,-0.7743278,-0.4095258,-0.801331,0.051035907,-0.06306942,-0.33105,-0.09459823,-0.24617793,-0.5061915,0.11625942,0.80251634,0.10847466,0.4731273,1.6605266,2.7199285,-0.20213804,-0.9544171,1.4517729,-28.806257,-0.30096427,-0.23283534,-0.06756733,-0.7803214,-6.535664,-2.701694,0.15711898,0.18896763,0.03055455,-4.19083,0.20046236,0.17237386,-1.2404287,-1.841741,0.59564465,-1.0489883,0.9713259,-1.0300958,1.0069953,-1.0026947,1.0128034,-0.991228,0.98455274,0.086418875,-0.96704084,-0.953328,1.0261607,0.9333264,-1.0329847,0.9824858,0.9757928,-1.0846901,-1.0225613,-0.9426112,-1.0404873,0.989942,-1.029605,1.0367392,0.96123904,-0.5016023,1.0406276,0.9831452,-1.0518321,-0.95039916,-1.0567873,-0.9402817,0.9976322,0.009691625,-0.28171706
257,-0.050397396,0.0015059222,-1.0019758,0.00032052107,0.00092653476,-0.0002099176,-0.2710436,0.23711759,-0.19402052,0.21043801,-0.25024146,0.25086096,-0.23749296,0.2609076,0.19753012,-0.23700257,-0.30570564,0.2417668,0.2789763,-0.25089744,0.100283265,0.25334057,-0.2554758,-0.21645482,0.079493895,-0.21122305,0.23605476,-0.23994242,-0.19457994,0.23264247,-0.047585495,0.24065848,0.25507945,-0.26740226,0.04494172,-0.28754225,-0.24485424,0.41152543,0.13899422,-0.146619,0.7073876,0.21861169,0.58215475,0.5059937,-0.50356406,0.36162654,-0.38511342,-0.03866587,1.2454977,-1.0203148,-2.6323862,-0.36714333,-1.1621505,-0.48413712,-4.1693077,0.110672645,0.028140131,-0.76580656,6.0766425,0.2255799,-0.5477014,0.4735994,-1.0570552,1.2500619,-2.842795,-0.18236974,0.18851976,-0.22601555,4.151514,0.18905117,-0.040000264,1.2686301,1.8813337,-0.7550846,-1.0309987,0.9847539,-1.0256352,1.0861545,-1.0384896,1.0176347,-1.0031004,0.99439347,0.8672481,-0.98894674,-1.0094429,1.0047047,1.0332428,-1.0506704,-0.993191,1.0167855,-0.986841,-1.0172685,1.0404077,-0.89539,0.9411781,-0.97443265,-0.98523384,0.9964233,-0.9759223,0.9855534,0.96893424,-1.0637113,1.021377,-1.0193021,-0.9915257,1.0359086,0.9378002,-0.9660819
258,-0.05015345,0.0016834529,-0.9988556,0.00087643054,0.0012433751,0.00066772365,-0.27446032,0.27217263,-0.24550807,0.22130367,-0.2580025,0.2589323,-0.2350775,0.2515705,0.18747786,-0.2242695,-0.2837387,0.24983554,0.29181904,-0.28055477,0.07155335,0.25424835,-0.25381356,-0.16755961,0.11533856,-0.2199633,0.23338044,-0.24886325,-0.23581079,0.20783642,0.030692209,0.2529144,0.24585606,-0.27324757,-0.031601816,-0.2870069,-0.24955784,0.4273619,0.08097375,-0.14909272,0.37280813,0.80087996,-1.7964773,0.063307166,0.18236153,0.06354335,-0.0924697,-0.40973988,-0.73711395,0.9493325,2.3858874,0.18954834,0.33502305,-1.1940812,1.2148478,0.05936232,0.0076095103,4.289172,-1.5688614,-0.32119578,0.14670867,-0.36808223,-0.7652529,1.1587561,2.7856596,-0.08748343,-0.2927448,0.095391355,-4.019605,0.3656449,-0.24107057,-0.026394842,-2.3929918,0.53683877,-1.0618057,0.99769425,-1.0672673,0.9671299,-0.9755744,1.1020961,-1.0690634,0.9693394,0.4784036,-0.46341252,-1.0436442,1.0448505,1.047049,-0.9132582,0.91349834,1.0408281,-1.0032703,0.2469615,-0.14974242,-1.0476079,0.9763981,-1.0775591,-1.0822376,-1.0519749,0.68371886,0.9816752,0.9601244,-1.0321727,-0.89990497,-1.0051162,-1.054542,1.0934297,-0.1583349,-0.8482764
259,-0.055911314,-0.0023575919,-0.9959334,0.00016019338,-0.0013942659,-0.002893332,-0.26743054,0.25624776,-0.23865269,0.2166624,-0.2627789,0.2601955,-0.2414867,0.25554407,0.177509,-0.23228265,-0.27279365,0.24384229,0.29974052,-0.25701606,0.028416831,0.2635417,-0.24416994,-0.13345465,0.08794386,-0.22706017,0.23627439,-0.23666286,-0.26600438,0.22609717,0.101336315,0.23763351,0.2597413,-0.26447958,0.043380693,-0.29885232,-0.25232497,0.41347933,0.120139435,-0.16143747,0.44761613,-0.41970384,0.16982856,-0.20374154,-0.021131048,0.23795137,-0.40126145,0.43462193,-0.16302793,-0.3335165,0.33635035,-0.052779112,0.2282163,0.6935909,-2.0298874,0.34384927,0.2186815,1.9009163,-0.59984773,-0.38979188,-0.11815474,0.19240312,-1.8766791,1.834456,2.915539,-0.18370545,0.37977934,0.023216216,3.8628418,-0.2812399,-0.1183567,-0.71376073,1.5953411,-0.17675295,-1.0008571,1.0041054,-1.0238024,0.92647403,-1.0017276,1.051217,-1.0685693,1.0225215,0.4347476,-0.9432199,-1.0311207,0.98968476,1.0081885,-0.9983142,-0.58645785,1.089064,-0.9512117,-1.0097575,-0.26765704,-1.0428042,0.9491749,-1.0056344,-1.0834514,1.0888425,0.9682088,0.93977267,1.053086,-1.0806571,0.95738196,-1.0861242,-1.0434277,0.9798976,0.7936834,-0.9922933
260,-0.051987052,-0.0017999085,-1.000051,0.0023552298,-0.0013073351,0.0024186138,-0.27670977,0.25826105,-0.23659012,0.21715194,-0.25438645,0.26410097,-0.24703705,0.2630748,0.17474586,-0.2331283,-0.27866724,0.2440643,0.30840716,-0.25251037,0.070891716,0.24957946,-0.25364247,-0.18195148,0.055979285,-0.2274457,0.2408378,-0.23766,-0.21286972,0.24043989,0.030001022,0.24746273,0.2586693,-0.25988045,0.07449003,-0.29781184,-0.24639198,0.4006861,0.1363194,-0.16615291,-0.69104356,-0.069034666,0.29867327,-0.08785753,0.341545,-0.15097174,-0.1497907,0.09232462,-0.14042865,0.19434538,-0.726517,0.10005589,0.21813412,0.39412865,1.2073805,-0.46779272,-0.195896,-0.40550417,-2.3017714,0.080511525,0.21095052,0.0019490371,2.4508595,0.23864427,-2.9976552,0.42610115,-0.020819006,0.47318938,0.98173225,0.28283298,0.35368714,-0.63872707,0.676947,0.17655069,-1.077023,1.0221059,-0.9965287,0.98752123,-0.9424487,1.0150745,-1.0140474,0.9904526,0.38486332,-0.8195812,-1.0272015,1.0844358,1.0483254,-0.91486967,0.20469382,0.9716675,-1.0123469,-1.0053924,-0.29935554,-0.9714501,0.9839505,-0.9746157,0.33983132,0.9798087,-0.5926051,1.0283601,1.024348,-0.9136641,0.5009598,-1.0052385,-0.90996075,0.9766826,0.68135494,-0.6517411
261,-0.04882974,0.0034866182,-0.99802643,0.00016505284,0.0013968659,0.0009484082,-0.2873984,0.2505009,-0.25301582,0.2149675,-0.26344642,0.24711962,-0.2471583,0.2587595,0.17388791,-0.24820335,-0.25480154,0.25230503,0.30539897,-0.24491905,0.067396834,0.253084,-0.24810944,-0.16388558,0.08734645,-0.22250725,0.23805939,-0.24435018,-0.23624505,0.20183337,0.087495685,0.24773102,0.2560549,-0.25347176,0.029973129,-0.28928995,-0.24472831,0.40108478,0.103521265,-0.17568718,0.038131844,-0.036351852,-0.84846365,-0.023695009,-0.2280148,-0.38532773,-0.2172079,-0.18142855,-0.026198177,-0.47185186,1.6851994,0.17314006,-0.06685664,0.4171886,0.82889307,-0.032627735,0.034956146,1.4599626,1.8609062,-0.12370875,0.054205906,-0.10161898,-1.9709837,-2.0204608,2.0896327,-0.052715775,-0.093170434,0.116305694,-1.9212568,0.5442065,0.022327855,0.0075738896,-1.3591933,-0.00058726163,-1.1057113,0.9846003,-0.95142055,1.0696689,-1.0115688,0.94166803,-0.9708765,0.97828484,0.37347066,-1.0258024,-0.8932759,0.9206439,0.9683433,-0.95435005,0.6345271,1.0059639,-0.9625807,-1.0483325,0.4800303,-0.9296076,0.9735463,-1.0190626,-1.1094953,0.5358788,0.76699185,1.0033733,0.95840377,-1.0016382,-0.23621972,-1.0992695,-0.9737761,1.0017383,0.14065337,-0.96677214
262,-0.04378408,0.006282401,-0.9993139,-0.0014041546,-0.0011731356,0.0016839836,-0.2690174,0.24533008,-0.23674278,0.21165937,-0.265242,0.24481465,-0.24826008,0.26541033,0.17398208,-0.23854627,-0.26496902,0.2541539,0.3001151,-0.26423272,0.03413925,0.2466857,-0.25692797,-0.18024538,0.10891686,-0.21645936,0.23964308,-0.23169747,-0.2609462,0.19754304,0.1177744,0.23305471,0.24169262,-0.25516608,0.09976649,-0.2837207,-0.2465724,0.40670636,0.081350856,-0.19267508,0.681846,0.048080128,0.5404955,-0.34838223,0.009688708,-0.09851394,0.18804857,0.51697683,-0.06746529,0.51569057,-0.9734298,-0.17376271,-0.040211145,-0.5128691,-2.4227674,-0.0002000861,-0.3541743,1.0183831,-0.29731828,0.37179634,-0.21409814,0.46634313,-1.2026994,0.7823237,1.5810617,-0.46768907,-0.38719288,-0.07464615,3.1334858,0.73803985,-0.011029297,-0.061782926,-0.88233566,-0.37751046,-0.98214346,0.96782166,-0.9804157,1.0083334,-0.9704599,0.88074374,-0.93727,1.112232,0.3960864,-0.7208026,-1.0364882,0.9894734,0.99253196,-0.9606026,-0.7785077,0.9969831,-1.0302427,-1.0021688,0.53136307,-0.8946744,0.9636139,-0.9359612,-0.98211503,0.9811084,0.6596715,0.9277295,0.9235078,-1.0248005,1.028023,-0.957239,-0.9810794,1.0301216,0.1505786,-1.0204067
263,-0.045049287,0.01256989,-0.99679744,0.001894203,-0.00056319806,0.00013593213,-0.2645761,0.2565088,-0.2269098,0.20517501,-0.2738457,0.24442802,-0.24326128,0.26665977,0.17735237,-0.24066134,-0.2817176,0.26353943,0.30664667,-0.25335002,0.07918204,0.23805562,-0.24956408,-0.21364224,0.11979212,-0.22196335,0.24160418,-0.23789011,-0.28979507,0.23225173,0.012715172,0.24808395,0.2393467,-0.25359538,0.061508004,-0.27827245,-0.2374662,0.41621742,0.09198437,-0.17841104,0.2040873,0.1497797,0.49594,-0.09829417,-0.18281695,0.11596494,0.20929557,-0.06997755,0.015450158,-0.17946796,-0.7305958,0.49056202,0.06984314,0.30931985,1.5200702,-0.3860908,0.1686454,-0.5396988,0.75887454,-0.24638169,0.43352228,-0.6281659,-2.0569766,2.4349134,-4.4933352,0.4217157,-0.19839583,0.02746508,-1.7903546,0.48248515,0.14922084,0.44339612,0.5243637,1.0065135,-0.99036884,1.0025877,-0.966504,0.9776142,-1.1548187,0.9933452,-1.0155936,1.024531,0.47276285,-0.8615117,-0.9859584,1.0902191,1.1008786,-0.9358428,0.35954112,0.92208815,-0.95564955,-0.9138666,0.3427275,-1.0649427,1.018171,-1.0784237,-0.4135301,0.9000945,-0.9770134,1.0307635,0.90347546,-0.9832402,-0.074463286,-0.9484822,-0.93028235,1.0515046,0.48577297,-1.0302958
264,-0.04405891,0.009059674,-0.99696183,-0.0009028956,0.0028081713,0.0057688425,-0.2569902,0.26057196,-0.26649252,0.2113697,-0.2744988,0.24476083,-0.23685278,0.2631488,0.17934406,-0.23392403,-0.24507932,0.26940483,0.28243572,-0.26062584,0.09252355,0.25358817,-0.25740433,-0.16024989,0.11904149,-0.22348681,0.22588032,-0.24830915,-0.3079265,0.21485561,0.081144996,0.24496076,0.25087944,-0.25552335,-0.04088823,-0.27372265,-0.24511863,0.39015123,0.071399,-0.19434093,0.42237863,0.1540317,-1.4295874,0.055749655,0.23379499,-0.07722581,0.40575728,-0.0034539136,-0.21828292,0.69325984,2.2274628,0.09835698,-0.59496784,-0.45361552,2.3071272,0.43936184,-0.42915937,4.435657,-1.2919052,0.040169884,-0.6500349,0.03813841,-1.524119,1.7266015,2.7469864,-0.501368,0.33795226,0.058973774,-4.636527,0.36787552,-0.14051038,-1.4763821,-1.0329323,-0.7396515,-0.9325772,0.96502554,-1.1358688,0.92955065,-1.0621845,1.1011565,-0.9323637,1.0131667,0.4038567,-0.7334843,-1.0557703,1.0509386,0.866655,-1.0015575,1.0166636,1.0402244,-1.057016,-0.6528978,-0.92213595,-0.9518128,0.86834705,-0.9932434,-0.9057422,-1.0353878,0.9574613,0.9273663,1.0062791,-1.0172603,-1.0592918,-1.0243732,-1.0053385,1.0621127,0.07023314,-0.7499478
265,-0.045271117,-0.0014323704,-0.9982528,0.001955371,-0.003827766,-3.4229037e-05,-0.26913026,0.26749974,-0.23241383,0.21320245,-0.2612777,0.26206613,-0.2327402,0.27543247,0.17321412,-0.24487083,-0.25155002,0.2523625,0.30321676,-0.23502411,0.057086043,0.2499544,-0.24845998,-0.18193978,0.07783514,-0.21786687,0.23909304,-0.23953989,-0.26836312,0.2452674,0.07999138,0.22825426,0.25811484,-0.25834692,0.034714233,-0.27558166,-0.24580374,0.3906022,0.11588025,-0.17898515,-0.4818312,-0.14546172,1.3427479,0.19558375,0.61015314,0.5745815,0.17772813,0.2923571,0.015284488,-0.5327597,-1.3007462,-0.6299675,0.44585395,1.2648343,-3.0124292,-0.06857131,0.3545501,0.070083484,-0.4634947,0.08009391,0.42190847,0.0726055,0.56060314,0.64048004,0.1105973,-0.042036753,0.29622224,-0.17849585,3.8283215,-0.031947244,-0.14129312,0.6271803,1.8351125,1.2698017,-1.0323102,1.0819213,-1.0295136,1.0133661,-1.0141505,1.1137481,-1.0242013,1.0077119,0.47565278,-1.1006767,-1.0522751,1.0037127,1.0840944,-0.9850405,-1.0560316,0.9820835,-0.94324386,-0.95544344,-1.0318918,-0.9905433,0.99875087,-1.0020599,0.081570104,1.0018731,0.26150912,0.93057233,1.0365548,-1.0748044,0.92535055,-0.9556235,-1.0167583,0.96601564,0.83407974,-0.6186225
266,-0.048016366,-0.00059022865,-0.99569404,-0.004511315,0.00060592126,-0.0019668532,-0.26874843,0.24642405,-0.2371175,0.21740955,-0.24459507,0.26464862,-0.22717482,0.26814806,0.17502256,-0.24388352,-0.26355916,0.25854507,0.32234442,-0.2257462,0.10588541,0.25789136,-0.24843086,-0.21652122,0.041138913,-0.21701843,0.23542474,-0.25333658,-0.20262656,0.25407863,0.0015801272,0.26418608,0.25266486,-0.26100382,-0.053802356,-0.27824518,-0.25242808,0.40179458,0.07159136,-0.14905962,-0.58306557,-0.7422585,0.16627744,0.3837008,0.3079143,-0.124115825,0.33229196,-0.34518543,-0.2874904,0.15548572,-0.37672016,0.04588693,0.6175823,0.1821247,2.119747,0.16168976,-0.22357596,0.7463778,-2.2935262,-0.042697754,-0.04130602,-0.36659408,0.7566473,0.55473363,-3.6055582,1.0759308,-0.025163444,0.07825315,-3.9724662,0.48111877,-0.18240282,0.09408007,-1.8563446,1.5005485,-0.9812863,0.9431984,-1.0143095,1.0758947,-0.95439696,1.0616051,-0.957993,1.0006139,0.31599054,-0.9801114,-1.0305009,1.0064917,1.0626787,-0.9312351,0.61296284,1.0476954,-0.9793008,-0.89771706,-1.03059,-1.0192872,0.9337058,-1.0668035,0.9731712,0.8834145,-0.8062429,1.1129568,0.99865806,-1.0020573,-0.9681438,-0.9860094,-1.0442597,1.020688,-0.076725066,-0.3154369
267,-0.052122373,0.007397463,-0.9973149,0.00011759379,0.00018300381,-0.00070319074,-0.26499844,0.25681648,-0.25183043,0.22814257,-0.25358382,0.24717079,-0.22490172,0.26429084,0.1642841,-0.24217659,-0.24194653,0.2529356,0.32919103,-0.21844272,0.11045691,0.26026675,-0.25653768,-0.19052851,0.010805673,-0.21721342,0.24051754,-0.24121721,-0.2324697,0.1895987,0.08180575,0.26517946,0.2583122,-0.25942475,-0.0560221,-0.27567762,-0.25130507,0.39864302,0.05953919,-0.16547228,0.39606383,0.52058357,-0.9239774,0.15673564,-0.4258055,-0.59237844,-0.20597582,-0.16777252,-0.32824966,-0.022242706,1.9284527,-0.07333361,0.48204938,0.42761254,1.6508967,0.0055625075,-0.2874367,2.2419336,-0.62274134,0.0145120965,0.021401783,0.6470836,-2.000629,-1.7935712,3.2181396,-0.12315875,0.006586937,0.11361339,0.20026655,0.28443658,-0.052082732,-0.24010253,-0.4757724,-0.14395833,-0.9889208,1.0453815,-1.0658778,1.0008793,-1.0116435,0.97637033,-1.0340505,1.0167245,0.32361975,-0.99572146,-0.987084,0.94424397,1.1058707,-0.8865825,0.79892987,1.0397651,-1.0222825,-1.0043025,-0.80387366,-0.94428134,0.9885591,-0.97365403,-0.95691353,-0.2995304,1.017577,1.0423143,1.0179063,-1.0200984,-0.14355281,-0.9613277,-1.0224329,1.0520809,0.14250827,-1.0438039
268,-0.046875246,0.0063477918,-0.9974742,0.0052964627,0.0012336434,-0.00178114,-0.29461187,0.23977141,-0.2212165,0.21894649,-0.2547581,0.25420442,-0.22867516,0.260459,0.16840509,-0.24250776,-0.2540798,0.24867716,0.31014943,-0.22797193,0.07427428,0.25436813,-0.24418768,-0.19679546,0.025591798,-0.2223724,0.23481345,-0.23893519,-0.22010358,0.22047314,0.07094285,0.23410006,0.25510588,-0.25631502,0.041378453,-0.27187356,-0.25240165,0.41424158,0.07752552,-0.15995982,-0.6320054,-0.56234473,1.2307322,-0.10355878,0.40213814,0.37945706,-0.018424574,0.064489014,0.3735157,0.029709544,-1.8996,-0.14725772,-0.5411508,-0.3111599,-2.912727,-0.119233645,0.20746912,0.46367314,0.49788237,-0.21265426,-0.21561968,-0.11045712,0.20008844,2.012967,-0.24901287,-0.79580235,-0.33657187,0.025752146,4.15856,0.52942526,-0.011864076,0.50449574,0.6326006,0.6391707,-1.1462581,0.89788365,-0.9718806,1.0253835,-1.0300411,1.0289679,-0.9529317,0.9846145,0.35856876,-0.9101809,-1.0157095,1.015092,0.96467483,-0.9058739,-0.96547246,1.0033265,-0.9483609,-1.063428,0.027748702,-1.0378044,0.94714975,-1.0412664,0.11468433,0.95660186,0.09361586,0.904027,0.9673046,-0.99386597,1.0257132,-0.848872,-1.015372,1.0497901,0.42993045,-0.9609271
269,-0.04709419,0.00089898455,-0.9994371,0.00034661184,0.0007001386,-0.0013175327,-0.28523946,0.23288244,-0.22442573,0.22143267,-0.2542268,0.24900831,-0.2331348,0.2575673,0.18573558,-0.24446617,-0.26895788,0.2590449,0.3054525,-0.23231113,0.1405484,0.24521965,-0.24354135,-0.21819717,0.052325193,-0.22640505,0.23773046,-0.24921781,-0.22144905,0.22251356,-0.023383586,0.2445819,0.25335026,-0.25393564,-0.044832062,-0.26740956,-0.24825501,0.3992319,0.055474523,-0.16546063,0.5674929,0.06144597,-0.19335261,-0.27893505,0.1709371,0.014164132,-0.2962966,-0.29151082,0.21116133,-0.12699297,-0.051069144,0.35288492,-0.14174348,0.15203744,2.902027,-0.27606246,-0.0478374,0.18637715,1.7699275,-0.32094267,0.33379117,-0.3211838,-1.2201903,0.47172442,-4.1013994,0.2069504,0.04045733,0.17110671,-4.2380743,0.27275723,0.09163856,-0.9385579,-0.9017537,0.4129027,-1.0421563,0.94403476,-0.9747029,0.9292741,-0.98785144,0.9658228,-1.074474,1.0023333,0.38093165,-1.0178012,-1.0076469,1.0117818,0.9529411,-0.94618165,1.0067238,0.964058,-0.96928924,-1.0774928,-0.16423339,-1.0802101,0.97907406,-1.067485,-0.42775226,0.895542,-0.98381037,0.9828281,0.9899617,-0.9499971,-0.9966462,-0.9889856,-0.9859465,0.93719995,0.036171757,-0.9610313
270,-0.045564435,0.007018207,-0.9970123,-0.0023543327,-0.0027098926,-0.00287582,-0.26436257,0.25201878,-0.2427788,0.22993721,-0.25908536,0.24177866,-0.22616886,0.25996217,0.17537205,-0.24699427,-0.24226211,0.26624316,0.31272423,-0.23198435,0.14452438,0.2573526,-0.26508373,-0.20993134,0.050443996,-0.22825947,0.23716661,-0.24485601,-0.25009152,0.16903618,0.055937298,0.2591394,0.2602225,-0.25570846,-0.10142801,-0.2650421,-0.25117153,0.37830952,0.029897502,-0.15092225,0.8843472,0.6980585,-0.9642833,0.33682236,-0.099598914,-0.2980522,-0.021885876,0.4266355,-0.23967294,0.24286899,1.8439287,0.0029183242,0.54517233,0.022311302,1.572792,0.3707028,-0.5562572,2.1659164,-0.12513676,0.03918698,-0.13209653,0.05018207,-1.3205532,-1.1561294,3.148876,0.49964094,0.33856103,-0.10752412,-2.111047,0.24795657,-0.018713035,-0.7059555,-1.0393529,0.93892956,-0.94951934,1.0403767,-0.9372752,1.0878904,-0.97250795,0.9667238,-0.9216632,1.0466694,0.33133203,-1.0589296,-1.0394052,0.9826557,1.0147288,-1.0408406,1.0100863,1.0459256,-1.0864981,-0.993159,-0.9940511,-0.93681747,0.9346283,-1.0054957,-1.0481672,-0.23981608,0.9238743,1.0647968,1.045518,-1.0642797,-0.8012674,-0.9953258,-1.0077218,0.9942678,-0.09832267,-0.4567934
271,-0.044047877,0.010634003,-0.9981931,0.0015066275,0.00020086471,0.0019585975,-0.2766445,0.25096267,-0.21184994,0.22889915,-0.27238432,0.24803373,-0.23181789,0.26541272,0.1715642,-0.24582405,-0.2547404,0.25245702,0.31088385,-0.23193029,0.109187044,0.26266864,-0.25713715,-0.19836296,0.028844206,-0.228956,0.24724859,-0.23299222,-0.26976156,0.20795545,0.062255453,0.24231975,0.261549,-0.2585719,0.0036839745,-0.27094448,-0.24554132,0.38197303,0.052606884,-0.15483928,0.22224228,-0.14030997,1.0876584,-0.20155562,0.23489812,0.41351157,0.20879583,0.34668106,-0.0049131745,-0.0026154767,-1.7350417,-0.48102388,0.11086714,0.29194126,-3.0849864,0.13804913,0.33298528,1.89599,-0.28397012,-0.18322556,0.4127358,0.47925368,-0.94663215,1.8613681,0.46761182,-0.38005158,-0.07208594,-0.18767722,4.919915,-0.033215474,0.32508984,0.30062827,0.828887,0.55507916,-1.0395339,1.0086149,-1.0181605,1.0053824,-1.0408757,0.99367505,-0.97855324,1.0360631,0.31320333,-1.0019636,-0.9873045,0.9430287,0.9877713,-0.955017,-0.9392773,1.0496154,-0.96904683,-0.98475516,-1.0086325,-1.1091266,1.0530466,-0.9577779,-0.69170296,0.97872007,0.17134693,0.96280867,1.0338429,-1.0385975,1.031376,-0.9684052,-0.91060114,0.9949137,0.36000174,-0.9172086
272,-0.042978168,0.004356132,-0.9991561,0.0012750165,0.0013109561,-0.00069801067,-0.28155956,0.24928388,-0.2214612,0.2246016,-0.25208333,0.25345236,-0.2257746,0.27162635,0.17432463,-0.24759208,-0.27211714,0.2597398,0.31430402,-0.22347201,0.1594458,0.24793841,-0.24912567,-0.2285729,0.0017012692,-0.23797637,0.24586214,-0.24154478,-0.18883815,0.21431158,-0.03305032,0.2625415,0.25656682,-0.26727036,-0.0742906,-0.27134266,-0.24318373,0.38421142,0.067416646,-0.13340394,-0.41313544,-0.030546993,-0.10819755,-0.10077006,0.7004455,-0.08867308,0.22993124,-0.23581663,0.020154465,0.13004708,-0.3511449,0.14026664,0.13898373,0.44793165,2.3306038,-0.32909265,0.0997444,0.21425529,-1.3805577,-0.36202672,-0.122556806,-0.34902516,2.8909788,-0.62105656,-4.047453,0.47113338,-0.15375148,-0.15332767,-3.9028065,0.26993933,-0.033805482,-0.3380369,0.71979827,1.340487,-1.0501463,1.0305192,-0.96422786,1.0034354,-0.95850766,0.98351264,-0.9383227,1.0094305,0.2625334,-1.0520074,-1.0845312,0.9871827,0.9583146,-0.94560784,0.9196309,0.98611104,-0.96812254,-1.0334357,-0.99585253,-1.1298262,0.9699794,-1.0260736,1.0513335,0.9798725,-1.0064499,1.0707314,1.00323,-1.0717992,-1.0453328,-1.0162934,-0.9812385,0.97504556,0.41323796,-0.40156117
273,-0.04909898,0.0052566677,-1.0007348,0.00082068954,-0.0013908196,0.0013923304,-0.27927634,0.24788743,-0.24088462,0.22563669,-0.25918716,0.24281092,-0.2231131,0.2631857,0.15821822,-0.24019419,-0.25245917,0.25350598,0.3298887,-0.24159294,0.15225515,0.2486165,-0.24647512,-0.18341365,-0.0033849045,-0.23258457,0.24921542,-0.22608767,-0.2204613,0.17556396,0.06065101,0.25121358,0.2559964,-0.2593449,-0.09909809,-0.27192616,-0.24464689,0.38357595,0.057195287,-0.15738769,0.7662972,0.12961547,-1.2207037,0.12443238,-0.052577693,-0.109401494,-0.136127,-0.041302674,-0.6581589,0.4046943,1.7650028,-0.1375195,0.8110888,-0.70510715,1.1701732,0.020321451,0.040542234,4.598083,0.031851042,0.16247258,0.1084293,0.63394135,-2.5572815,0.3363714,3.5216663,-0.5301759,-0.10322219,0.33208305,-0.9607572,0.17646529,0.044348687,-0.012816038,-0.46228614,-0.6300449,-0.9960581,0.9500784,-1.0095153,1.0679576,-1.0205477,1.0773323,-0.9715839,0.95645773,0.20038043,-1.0193926,-1.078774,0.9528597,1.0427849,-1.0874428,1.0036641,1.0074912,-0.9601776,-1.0443447,-1.0449502,-0.95611227,1.022029,-0.89688206,-0.997189,-0.8248936,1.0061622,0.97181195,0.99641174,-0.96641076,-0.55288386,-1.0492283,-0.9598986,1.0504774,0.12510672,-0.9163849
274,-0.048659552,0.00460449,-0.99773103,0.0020683324,0.0007346056,-0.0009390202,-0.27388647,0.25221092,-0.21007514,0.21954806,-0.25388917,0.25010037,-0.22615229,0.26195994,0.17116416,-0.23426472,-0.2766999,0.25919026,0.31887537,-0.24903548,0.10828823,0.2578725,-0.24166864,-0.18676284,-0.0010775031,-0.2285625,0.2258183,-0.23293677,-0.19774444,0.19415498,0.05424903,0.24421488,0.24732287,-0.25827095,0.0035716454,-0.28295836,-0.24719433,0.39857364,0.09978566,-0.13817646,-0.015678132,0.15357499,1.2452604,-0.05604453,0.2311714,0.2924031,-0.1534671,-0.06443814,0.5202028,-0.111084014,-2.0702047,0.050595615,-0.42514694,-0.13976888,-3.4512336,0.1264523,0.059701104,0.32676104,0.7133108,0.3102122,-0.7518739,-0.34810087,0.613063,1.4400426,-0.009092367,0.21397047,-0.24954453,-0.009535407,4.8348794,-0.33130842,-0.16304894,0.6696167,1.815826,1.5506212,-1.0320565,1.0165099,-0.9874307,0.9665766,-1.038803,0.9786468,-0.9906618,0.91349983,0.468198,-0.9125596,-1.0177585,0.9773226,1.0537046,-0.98814344,-1.0040361,1.0342191,-0.9566719,-1.0241286,-0.2970043,-0.96858674,0.8940756,-1.070018,0.23013689,0.9930059,0.02611886,1.0083954,0.97896135,-0.992354,1.000341,-0.9571287,-1.0255641,1.0224967,0.7632469,-0.9890575
275,-0.05352197,0.0012467639,-0.9953623,-0.0017650126,-0.001132504,0.0007411677,-0.26013082,0.2468369,-0.22626862,0.22834906,-0.25786763,0.25784352,-0.22397664,0.27193406,0.16462836,-0.23175453,-0.272369,0.26171163,0.32839787,-0.2594062,0.14565724,0.24605997,-0.26451263,-0.15926251,-0.024703238,-0.22733092,0.2240525,-0.24418953,-0.22040717,0.22799584,0.01381322,0.25561914,0.25006637,-0.25867572,-0.07173613,-0.28375876,-0.24524829,0.3899528,0.10008775,-0.12748063,0.824399,-0.25737873,-0.45406747,0.05566826,0.22392257,0.2571356,-0.04730645,0.27471587,-0.6293169,0.6669839,0.53652763,0.11886082,0.5064264,-0.34150028,2.389003,-0.24004635,-0.55556077,3.8187547,-2.757181,-0.03904831,0.13764946,-0.43187898,-1.7574084,3.0813804,-1.9373311,0.10729021,0.07079757,-0.13768348,-3.6721404,0.4436202,0.037255894,-0.8219299,0.05456719,1.1542912,-0.94996434,0.91934323,-0.9654562,1.000498,-0.9713304,1.070383,-0.99706554,1.1741596,0.28026754,-0.6742527,-0.9463959,1.0112154,1.0890728,-0.9360935,1.0465868,0.9823657,-1.088346,-0.9816559,-0.7212822,-1.0076433,0.9376558,-1.0561721,-1.0678012,-0.075507425,-0.41262767,1.0114838,0.990338,-1.0348598,-0.97960156,-1.0164951,-0.97883564,1.0094852,0.4132366,-0.56456167
276,-0.04798107,-0.008178007,-0.9994997,-0.0036237508,-0.0012643861,-0.00042291338,-0.2657104,0.25990987,-0.22537512,0.22421022,-0.2572302,0.2595015,-0.23148946,0.27137214,0.16967273,-0.24252217,-0.2913862,0.25691304,0.30549103,-0.25231305,0.07225537,0.23963585,-0.25415564,-0.13044438,0.06501001,-0.22439496,0.23774788,-0.24562372,-0.24162099,0.20774871,0.08867831,0.25113586,0.2476857,-0.25603014,0.023711586,-0.28231442,-0.24854587,0.39564747,0.15655068,-0.12493377,-0.052481554,0.6499151,-0.5080216,-0.3195786,0.18161911,0.2225061,-0.26416996,0.19798717,0.48324227,-0.99310887,-0.762856,-0.11923762,-0.72658235,0.39855814,-3.5880473,-0.076772384,0.27716434,1.0799087,5.6843166,-0.04941137,0.36025664,-0.26947036,-1.2359595,-2.2975917,3.3188274,0.1489969,-0.255386,0.17432226,4.448445,0.087003745,0.10226704,0.43989357,2.120316,0.27593347,-1.0441343,1.105681,-1.1345658,0.9709914,-0.9636553,0.99434584,-0.98512715,1.0152317,0.45685735,-1.0661803,-1.0319314,1.0262719,0.99131495,-1.0090677,-0.7371801,0.9618677,-0.9984208,-0.9799753,1.0819528,-0.97845274,0.9999407,-1.0700564,-1.0319242,0.98463863,0.8970577,1.0291104,0.9430031,-0.9655172,1.0039836,-0.9530656,-0.95844877,1.0095837,1.0369713,-0.9828187
277,-0.042387526,-0.0005372146,-0.99808717,0.00049415807,0.0009647971,0.0011600695,-0.26388794,0.28144112,-0.23524453,0.22207507,-0.26732746,0.26956686,-0.23226725,0.26771536,0.17254217,-0.20892261,-0.28991106,0.27132627,0.30029958,-0.285245,0.1276311,0.25974965,-0.2464322,-0.13147509,0.0042120633,-0.21784848,0.24602555,-0.24636748,-0.26972872,0.27620476,0.055250354,0.25259,0.25665697,-0.25503618,-0.049110807,-0.27895078,-0.24380997,0.3655446,0.10086929,-0.124531016,0.57175237,-0.45492828,-0.05552014,-0.32192498,-0.1365741,-0.17320505,0.08740291,-0.2835523,-0.23504913,2.1285436,0.03158407,0.3583094,-0.4210109,-1.1386414,3.0764246,0.45211124,0.21838327,1.805567,-7.874118,0.20190006,0.18932694,-0.03371088,-0.14595796,5.5677896,-1.651937,-0.24107496,0.52825147,0.07597149,-3.7627635,0.6021238,0.0045453277,-2.3905077,-2.1250212,0.7788101,-0.99393356,1.0068544,-1.0120348,0.9791081,-1.0374845,1.0560654,-0.9704568,0.9975389,0.4000475,-0.27216065,-1.0087044,1.0620161,0.9558168,-0.8888935,0.9523707,1.0666276,-0.97822297,-1.0371261,-0.8780544,-0.9609514,0.98647803,-1.0167954,-1.0596386,0.8434013,-0.24189356,0.98392504,1.0877165,-0.95482725,-0.9348515,-0.98618776,-0.9712022,0.91622466,-0.021069627,-0.4021252
278,-0.043611746,-0.005519728,-1.0009955,-0.0009557668,0.0025274716,-0.0019444883,-0.27108672,0.24626404,-0.21118894,0.21358782,-0.25799468,0.2699149,-0.23848823,0.26822054,0.16910966,-0.23611291,-0.32219392,0.26093113,0.3019859,-0.24307391,0.057413682,0.25354782,-0.24952671,-0.13741152,0.07470525,-0.21353212,0.2474513,-0.25064132,-0.2636916,0.27645102,0.07659221,0.23445241,0.2586458,-0.24858102,0.03860255,-0.27410477,-0.25057116,0.34968376,0.15108512,-0.1233774,0.090318345,-0.40609097,0.51005316,-0.27333543,0.61286515,0.2855367,-0.2118871,0.26765797,0.117454,-1.4010285,-1.5064241,-0.42695293,0.09296209,1.2519195,-4.367079,-0.131317,-0.05610133,0.3071263,4.3702946,0.07308428,-0.00031439075,-0.1585631,-0.34903252,-0.9036265,1.1432512,-0.22025894,-0.028134197,0.10682872,4.371587,0.12185476,-0.2579662,0.0868634,1.9491988,-0.038293365,-1.0526485,0.9544909,-1.0047635,0.97797614,-0.99263835,1.0518707,-0.9853532,1.0167569,0.4714225,-1.0521308,-0.9730545,1.0215597,1.0481424,-0.8864981,-1.1009724,1.0015002,-0.9919554,-1.1380948,1.036092,-0.94514596,1.0196271,-1.0627626,-0.9990945,0.9594407,0.32888997,0.9613388,1.0294021,-0.92997235,1.050271,-0.9646696,-1.0495633,1.0860211,0.9860479,-0.9496619
279,-0.03575368,0.00073747255,-1.0000832,-0.00043810403,-0.00111467,0.0033726753,-0.27585497,0.27337268,-0.22384784,0.21651916,-0.2705216,0.26480526,-0.23026851,0.26768848,0.17682284,-0.21127623,-0.3115432,0.2705756,0.28521535,-0.27879876,0.10869461,0.2567011,-0.23481724,-0.15000585,0.12004326,-0.21279778,0.26211143,-0.24168064,-0.27829775,0.2533705,0.02431554,0.22889984,0.25610787,-0.2633609,-0.04367888,-0.25236028,-0.2448002,0.34916776,0.0926019,-0.1527779,0.27826756,0.7002607,-0.206112,-0.15373047,0.0706964,-0.38597855,0.3033714,-0.056829214,0.041757025,1.1648314,0.573147,-0.012133966,-0.37510785,-1.2471732,3.1113071,0.06396116,0.33828074,0.3460569,-0.43737024,0.08808962,0.45013973,0.45141378,0.5788341,0.8655789,-2.436329,-0.71079266,-0.24836954,-0.48248133,-4.089697,1.3134274,-0.14025207,-0.53750014,-2.320304,-0.16027455,-1.0888706,1.0653147,-0.92599183,0.95688945,-1.0553778,1.0401527,-0.93747133,1.0925331,0.46231997,-0.51940894,-1.0563385,0.9316551,0.97609025,-1.0351523,1.0437765,1.0320518,-0.9015655,-0.9518724,-0.1992883,-0.94914573,1.0714264,-0.95243806,-1.0015665,-0.21567267,-0.4855077,0.84834504,0.9910255,-1.1089014,-0.96048135,-0.8186067,-1.0379347,0.9476885,-0.09897256,-0.7260752
280,-0.03258388,-0.0047568083,-0.99759376,-0.0007258944,-0.0035622555,0.0015248324,-0.2519632,0.24447201,-0.21225262,0.20770793,-0.2604604,0.2614756,-0.22646958,0.2751843,0.17136735,-0.22117509,-0.3169098,0.26362345,0.29108083,-0.25744158,0.034541186,0.26025105,-0.23616679,-0.13321315,0.09031219,-0.20692343,0.24571209,-0.2411127,-0.27993602,0.27265483,0.09833247,0.21552385,0.24591129,-0.26748377,0.038680587,-0.25419492,-0.2585658,0.3520951,0.08164459,-0.14471161,0.97816133,-0.8335049,0.26652667,-0.3057111,0.41396362,0.14337423,0.19602592,0.5149255,-0.1757577,-0.14216232,-0.2745663,-0.07164873,0.22754997,0.6898379,-3.308858,0.0536691,-0.12417868,2.637653,-1.1925752,0.11548458,-0.47166204,-0.26000047,-0.56807524,2.1987448,3.223159,-0.0121879075,-0.2184246,-0.20132409,4.0294695,-0.10122598,-0.26862675,0.14984871,-0.38168353,0.50340235,-0.90906024,0.91331726,-1.071271,1.0159487,-0.9719618,1.022624,-1.0069802,1.072437,0.39412832,-0.8572535,-0.9725481,0.98888755,0.9712802,-0.9943848,-0.95644647,1.0371145,-0.9290122,-1.0211937,-0.9611575,-1.0032387,0.9899638,-1.0770423,-0.9958161,0.9110439,0.8575409,0.88580126,0.9561654,-1.0725896,0.98308176,-1.0033135,-1.0905858,1.0143882,0.25492585,-1.0132297
281,-0.032090787,0.005758125,-1.000836,0.003283135,-0.0017897581,-0.0023395321,-0.26391387,0.24973032,-0.21989143,0.21145111,-0.2630613,0.2566729,-0.22183669,0.2788188,0.1625665,-0.22827265,-0.30491367,0.26696712,0.3040239,-0.23602253,0.110379614,0.263559,-0.24238005,-0.14579023,0.056638382,-0.21029493,0.24263608,-0.24826127,-0.28432387,0.2679863,0.036938645,0.23479103,0.25532418,-0.26365498,-0.018801862,-0.25748298,-0.25674096,0.3440898,0.13966532,-0.11738073,-0.056957286,0.19621176,-0.21884587,0.11177917,0.019727312,-0.20962757,0.10530999,0.0929567,-0.10778442,-0.089672446,1.2048349,-0.32471788,0.31006622,0.7839097,3.6681583,-0.033186972,-0.29332036,0.64102155,-0.72459,-0.34652686,-0.13483135,-0.010333518,0.3246799,-0.6010981,-3.0492933,0.47036964,0.2839213,0.23821792,-2.6523678,0.30759245,0.047687177,-0.63113207,2.1985333,1.4768605,-1.0237069,1.0232494,-1.0017388,1.0058309,-1.0139776,0.97803694,-1.0016267,1.100205,0.28475216,-0.97614557,-1.0172099,0.9746478,1.00179,-0.9755268,0.99858695,1.0415599,-0.966435,-0.9882367,-0.9888308,-1.0499058,0.953106,-0.9846247,-0.5197043,0.98791265,-0.51782906,0.9509407,1.0182941,-0.99563473,-0.5656576,-1.0214322,-1.0186948,1.0384632,0.9839293,0.054349348
282,-0.0390812,0.004017818,-0.99596095,-0.0016826789,0.0007786065,-0.0010990875,-0.26647303,0.24777368,-0.21097769,0.2120946,-0.26836792,0.25281572,-0.22263306,0.27937385,0.15823409,-0.24405743,-0.3055951,0.25748342,0.31881014,-0.22427247,0.04299629,0.25813547,-0.25433663,-0.14685555,0.050629985,-0.21413717,0.24416994,-0.23843285,-0.27351502,0.23407878,0.12484022,0.2241326,0.2572899,-0.25210795,0.02336075,-0.26647085,-0.25783336,0.34444296,0.113497026,-0.13132398,0.2558678,0.30137783,-0.05101859,0.17388174,0.03337579,-0.17854121,-0.060625754,-0.17564066,0.0067525366,-0.42144367,0.08770845,-0.122841336,0.433125,0.5925452,-2.9599004,-0.08265462,-0.4703422,1.2497184,1.191446,-0.025022829,-0.14804277,0.29465324,0.66324973,-1.4261904,3.703407,-0.1289208,-0.007351677,0.4666784,1.9560302,-0.34079632,-0.032635406,0.38272095,-0.9894345,-0.39830142,-1.0275804,1.0504178,-1.083482,1.0005146,-1.0024122,0.9297602,-1.0197443,1.0002949,0.3373708,-1.069203,-1.0256104,1.0432897,1.0765817,-0.9460061,-0.86504835,1.0249003,-1.0328593,-1.0427344,-0.91017634,-1.0077149,0.9850248,-1.0072528,-0.96215916,0.79521567,1.0984033,0.9056101,1.0199465,-0.8989326,0.52523863,-1.0226628,-1.0395538,0.99638855,0.25185663,-0.9624406
283,-0.04308547,0.0021826301,-0.99917626,0.0012642613,0.00021227743,-0.0025826066,-0.26979852,0.24064174,-0.232849,0.21787454,-0.26335183,0.26035476,-0.21763805,0.276342,0.15489572,-0.2326266,-0.26880893,0.2567491,0.32163393,-0.24137941,0.12110554,0.26321232,-0.24889414,-0.1390123,0.021780692,-0.21655206,0.23745656,-0.24281193,-0.25673625,0.28040916,0.06427448,0.2426181,0.2609773,-0.26377845,-0.0092294505,-0.26546153,-0.2517369,0.35215765,0.11330444,-0.11560665,0.065302774,-0.70408785,-0.47490054,0.19668497,0.5285649,0.4200684,0.011994709,0.061413955,-0.14748417,0.67195827,1.6429667,-0.25659382,0.17473055,-0.64263093,3.654134,0.015984284,0.098537266,2.6110747,-2.3440626,-0.33218732,0.12136708,-0.19331805,1.4677956,2.5437512,-2.8002608,0.6039806,0.15786669,-0.1431636,-1.5751626,0.10381632,0.29061463,0.03560084,-0.07723719,1.279824,-1.0486326,0.9006764,-1.0286193,1.0451009,-0.89544684,1.0372958,-0.99048245,1.0335579,0.23289444,-0.823757,-1.0428542,1.0007232,1.0173981,-0.98654455,1.0758789,1.036519,-0.97973186,-1.0674858,-1.0304991,-1.0148911,0.97864324,-1.0108802,-0.96453995,0.9856452,-0.27047014,1.010348,1.0497624,-1.0693713,-0.30782315,-0.99465895,-0.94812584,1.0733627,0.42976946,-0.21454886
284,-0.045102738,-0.0028638346,-0.9964377,0.0031659887,0.003347214,0.0018771024,-0.27920288,0.24727339,-0.2146871,0.22054562,-0.26193815,0.2600934,-0.23056854,0.28139076,0.15894508,-0.2269508,-0.26915002,0.24775967,0.31116384,-0.2599002,0.056126226,0.24574476,-0.24845144,-0.11461261,0.06456621,-0.21375535,0.24219011,-0.24076173,-0.26190236,0.24961917,0.12877265,0.23790559,0.25433058,-0.25768426,0.061981026,-0.26744768,-0.25391498,0.36708656,0.14307523,-0.124492116,0.21227734,0.6449166,0.12779376,0.1646739,0.29309458,0.084507465,-0.33953568,0.12019314,0.31309578,-0.13976976,-0.38431215,-0.10419346,-0.38085333,-0.27466765,-3.2608562,-0.37911147,-0.17410436,2.069706,2.935526,0.05029468,-0.13596566,0.056985915,0.054164525,-2.4912155,2.8597376,0.038104527,-0.20997943,0.019839678,3.3907151,0.32060203,0.0328117,0.69610256,1.2160565,-0.19638212,-1.0750605,1.0512906,-1.049377,1.0939972,-0.9624324,0.96752363,-1.0599178,1.0793121,0.31914264,-0.92904896,-1.075684,0.9396702,0.9565984,-1.0859296,-0.8880937,0.96776056,-0.9926814,-1.0708976,0.2518288,-0.94838613,0.9729322,-1.039601,-1.0753852,0.92964447,1.0015962,0.97063,0.9902189,-1.0177273,0.9557861,-0.9235457,-0.999824,1.0126547,0.81013894,-1.035039
285,-0.043086898,-0.0013379584,-0.99976784,0.0021094456,0.003804387,-0.0033762217,-0.25919393,0.25966436,-0.22695097,0.22670163,-0.2603277,0.2619845,-0.23321748,0.27224985,0.17565519,-0.22271177,-0.26239318,0.25201067,0.3011206,-0.26888126,0.13193041,0.2638626,-0.25094098,-0.14867106,0.08410331,-0.21447897,0.25927344,-0.24767731,-0.246836,0.24689385,0.031678744,0.26209036,0.25959635,-0.24958007,0.022707954,-0.26850846,-0.250804,0.36463073,0.11051985,-0.114088885,0.45458463,0.33015153,0.07727524,0.10717435,0.16015418,0.050311666,-0.31290913,-0.5667435,0.4294322,0.19045351,0.37768206,0.33373126,-0.31317624,-0.19274713,3.4818513,0.40626165,-0.01588076,0.09093323,0.018150734,-0.12474616,0.8186656,-0.41870433,-0.1129535,0.9665275,-4.414901,0.703753,0.13461311,0.33870113,-1.9746419,0.06198834,-0.012174324,-0.1713198,-1.2882904,0.9537876,-0.9465643,1.0426159,-0.9331164,1.0169014,-0.98632175,1.0137708,-1.0686587,0.96310633,0.4221805,-0.7582443,-0.96305895,0.9950668,0.9697178,-1.0157712,1.0602719,1.0746201,-0.99575067,-1.1018662,0.050983872,-0.979654,1.0884349,-1.0663486,-0.32427388,0.90211886,-0.83074415,1.0876697,1.0439874,-0.90981424,-0.26353043,-1.000513,-1.0053643,1.0669289,0.17980754,-0.64279234
286,-0.04325714,0.0013779287,-0.99808186,-0.0014645974,-0.0032218911,-0.0027155946,-0.25851545,0.24316339,-0.22264913,0.2229332,-0.26341483,0.25817,-0.23111738,0.2630675,0.17239237,-0.21889079,-0.25702053,0.2636642,0.30022842,-0.2711049,0.10125886,0.2600643,-0.24658704,-0.13701187,0.066911645,-0.22068335,0.25122008,-0.25554273,-0.25975794,0.2651617,0.10092059,0.26452735,0.25744715,-0.2554514,0.060570624,-0.27411243,-0.2504674,0.36753777,0.104067475,-0.11575893,0.2689988,-0.49194145,-0.28039178,-0.16475254,-0.1615516,-0.2010796,0.06728192,-0.1815732,-0.2103332,0.39251965,0.55596775,0.4335715,-0.013600583,-0.006100742,-0.98282945,-0.09191373,0.14029835,2.1090822,-1.8562044,-0.22381738,-0.39411512,-0.34669238,-0.9989374,2.0294557,3.1653678,0.040932033,-0.10886295,-0.16916913,1.7917868,0.13943973,-0.105327025,-0.19232613,-0.1495464,0.22180371,-0.9558345,0.9257777,-1.0007902,0.9548932,-1.0226203,0.9839947,-0.9419164,0.98794866,0.39606836,-0.7386923,-0.92265415,0.97998595,0.9847106,-1.0144137,-0.003998085,1.0398175,-0.9515524,-1.0684417,-0.56387234,-1.0006719,0.9903138,-1.1367458,-0.9098997,0.862493,0.982114,1.0516571,1.0215895,-1.0340271,0.6159914,-0.95583904,-1.0399922,1.0060539,0.40004736,-0.9541911
287,-0.042905983,-0.0039277566,-0.99962455,0.00015342333,0.001663484,-0.0020864431,-0.2739666,0.23497294,-0.23002525,0.21573043,-0.2570358,0.2645159,-0.23332231,0.26428205,0.17644505,-0.23845965,-0.25231358,0.2643993,0.29255143,-0.23999761,0.13697417,0.24512684,-0.24091753,-0.13691929,0.061827224,-0.22039351,0.2433919,-0.26684874,-0.24201727,0.27413544,0.046323355,0.23672035,0.24833524,-0.25180286,0.11476287,-0.2681491,-0.25030926,0.38306388,0.15569218,-0.117665455,-0.4566667,-0.05204221,0.11526512,-0.20006613,0.56471765,0.32751164,-0.020616746,0.19569671,0.07637726,-0.5866345,-0.28098372,-0.44045487,-0.22291699,1.1674306,0.97421753,-0.41763154,-0.14762138,0.9425772,1.3341042,-0.29195678,-0.2844423,-0.079678915,1.141343,-0.7446292,-2.273898,-1.0050143,-0.4322392,0.20819251,2.1954818,0.7589614,0.07527429,0.21279763,1.9716996,0.1953601,-1.106649,0.9573393,-1.0364172,1.0276023,-0.9033703,1.004464,-1.0223076,1.0741681,0.45147893,-1.0137534,-0.99989736,0.9692361,1.0005211,-0.93460923,0.43286556,0.9505878,-0.9642011,-0.96176726,-0.6204648,-1.0317765,0.9479916,-1.0682896,-1.0126526,0.91198605,-0.3126672,0.8740401,0.92099345,-0.947248,0.90857023,-0.97251314,-0.9958999,1.0415696,1.01735,-0.33423185
288,-0.042260766,0.00014977471,-0.9982812,-0.0028622276,0.0017963899,0.0017585122,-0.28759274,0.23981439,-0.20509735,0.2247346,-0.2551619,0.26248333,-0.23512708,0.2624389,0.17562264,-0.23789369,-0.2902857,0.2648372,0.29753032,-0.23752211,0.075383864,0.25456002,-0.258274,-0.16035488,0.04616239,-0.22211759,0.23886153,-0.25988024,-0.21201497,0.26589027,0.05846428,0.2430371,0.24832162,-0.24927196,0.017952517,-0.26300475,-0.25464377,0.37418512,0.09372631,-0.14079079,-0.34657115,0.08066898,0.68560547,0.19879758,-0.071641505,-0.25700432,0.18449692,-0.19949183,0.05295599,0.2565824,-2.1128993,0.102265485,0.038961053,0.046624597,-3.3806632,0.36073667,-0.38289008,0.33791432,-0.9198583,0.14560105,0.0028206138,0.32101908,-0.09301552,0.58236474,0.66280854,0.10182344,0.016313225,-0.04629531,-4.57319,0.25290942,-0.17125313,-0.16901094,-2.6325057,-0.30714998,-1.0511107,0.9569449,-1.0258256,1.0157063,-1.1288341,1.0218372,-1.0041648,1.0539893,0.36871728,-0.9813826,-0.9782546,0.9749486,0.95433134,-1.0181401,-0.96165997,1.0573663,-1.0477055,-0.98530525,-0.9928757,-1.0481619,0.96096754,-1.0571207,0.96208316,1.0145711,0.11389832,0.9649857,0.9640036,-0.9453807,-0.8116284,-0.9934603,-1.0521038,1.0323552,-0.15920876,-0.856973
289,-0.04601468,0.0024870092,-0.9969977,0.0012178478,0.0019446607,-0.0027907465,-0.2889716,0.25730243,-0.23563978,0.22948562,-0.26096636,0.24865556,-0.22550915,0.27066228,0.160073,-0.2375049,-0.2692153,0.25982067,0.31086224,-0.22423849,0.10807346,0.2623703,-0.25788182,-0.13589121,0.02743304,-0.21865496,0.24304391,-0.2546941,-0.21252355,0.1938405,0.06754655,0.26126683,0.25668567,-0.2598861,-0.08291383,-0.26597846,-0.24068058,0.3720139,0.09743929,-0.10689305,0.14621004,0.7493914,-1.3375393,0.122578636,0.03558978,-0.4798923,0.11444784,0.3941494,-0.69199336,0.10952589,1.7142874,-0.5612687,0.56410635,0.33476523,2.502135,0.17432088,0.057901897,4.1202474,-0.16529542,0.055517834,0.059609428,0.104917586,-0.025625754,-2.5951076,-0.015624055,0.56789577,0.40908375,-0.17177884,-3.9635346,0.1134363,0.53622377,-0.5091303,0.1787913,2.2407753,-1.0785981,1.0606785,-1.042003,1.0503285,-0.9364122,0.9929847,-0.959426,1.0604266,0.19722146,-0.9845025,-0.96425265,0.9737442,0.97238624,-0.9379907,1.0996698,1.0606356,-1.0136378,-0.982482,-1.0243821,-0.94958925,0.97315276,-1.0216159,-0.92669255,-0.5531378,0.2417606,1.0802295,1.0473814,-1.0475725,-1.0658811,-0.9863221,-0.86023116,1.0288441,0.41863856,0.03483465
290,-0.042586934,0.00034240837,-0.99589217,-0.00067436846,0.0016338676,-0.0011233864,-0.27811652,0.25778633,-0.22418745,0.21931931,-0.2652031,0.24612175,-0.23330669,0.2718278,0.16665486,-0.24551806,-0.27305123,0.2455339,0.3042312,-0.22366315,0.047319714,0.26527554,-0.24692765,-0.102485046,0.050915636,-0.22534098,0.25324824,-0.2319977,-0.24644352,0.2001207,0.13125741,0.24887963,0.2526782,-0.24706358,0.011470931,-0.27167448,-0.24712576,0.38504383,0.10189934,-0.12016263,0.53968126,0.1489,0.20452046,-0.5699985,0.067610115,0.3319367,-0.29912227,0.15716262,0.26037642,-0.54336184,-0.22045384,-0.5393271,-0.3539939,0.560027,-2.9251833,0.06784953,0.19872943,2.2186093,2.2753232,-0.39160532,0.25756004,0.6778191,-2.5421693,0.028966796,2.7445996,-0.23591188,-0.4570977,0.3528075,4.26404,-0.24838617,-0.07856107,0.6870027,0.31012163,-0.4682584,-1.0215687,1.0266677,-0.9665038,0.9311942,-1.0236005,0.9964098,-1.0350822,0.9963205,0.33929855,-1.0483301,-1.047751,0.99228674,0.9201541,-0.9252279,-0.7202152,1.0543998,-0.9527825,-1.0424862,0.10070857,-1.051059,1.0568885,-0.95940334,-1.0195441,1.0126077,1.0041392,1.0008461,0.96847177,-0.91818416,0.92367107,-0.9803391,-0.99267274,1.0490818,0.47836572,-1.0308644
291,-0.047658075,0.00500736,-0.9940108,-0.002757983,-0.00024267468,0.0011361488,-0.26656404,0.24689749,-0.23829615,0.2193187,-0.25358662,0.24656606,-0.2317932,0.2695429,0.17178737,-0.23400493,-0.25568315,0.24745813,0.30719885,-0.23896138,0.12488181,0.2528589,-0.24158485,-0.14966017,0.0038033668,-0.22095284,0.2593752,-0.24115676,-0.1765131,0.24259162,0.0623188,0.24211884,0.24592859,-0.24997348,-0.0037666191,-0.27603862,-0.24415624,0.3878281,0.11857404,-0.079286784,-0.36153144,-0.66604924,-0.03402628,0.025965534,0.23185612,-0.2786072,0.040813737,-0.1534095,-0.14462318,1.0388433,0.65847,0.11979083,0.1850571,-0.48953986,3.6871216,-0.23288792,0.014923633,0.10533426,-5.0058956,0.0060772942,0.5094127,-0.35994434,2.3158572,2.2220461,-3.1966007,-0.2009191,-0.020912418,0.015186361,-0.88874704,0.24388419,0.023215353,-0.31946215,0.5032085,2.2950585,-0.9790677,0.9279675,-1.0119714,1.0111804,-0.9512352,0.9693521,-1.0108769,0.9956207,0.36252138,-0.7484995,-1.0133266,1.0443625,1.0199019,-0.9158401,1.0036018,1.0021855,-0.9435031,-1.0124419,-0.98080206,-0.99266225,1.0742943,-1.0088418,0.7439265,0.98333114,-0.42403567,0.95864666,0.99638647,-0.9954035,-0.16363339,-0.98104435,-0.96561784,1.0459559,0.57616705,0.17620501
292,-0.048464134,-0.00016687583,-0.9987946,-0.0010485898,-0.00040647323,-0.0024126188,-0.27904454,0.24001436,-0.22712211,0.22007698,-0.256675,0.24698712,-0.23125216,0.27289787,0.17200725,-0.2412374,-0.2692038,0.2453039,0.3046966,-0.2504205,0.04818686,0.24032435,-0.24434836,-0.1348151,0.065357335,-0.22624053,0.2512746,-0.24440826,-0.17933288,0.24044801,0.12581685,0.23525111,0.2596474,-0.2479968,0.06882064,-0.28213578,-0.25094044,0.38090494,0.12591311,-0.100102,-0.48859432,0.13243733,-0.032452576,-0.10348206,-0.004659611,0.32612267,-0.18564221,0.23768446,-0.008553488,-0.6283083,-0.889537,-0.09732814,-0.2177381,-0.019292958,-4.14018,-0.44435257,-0.25099614,1.5619011,4.1571903,-0.14236899,-0.5921944,0.03979484,-1.6500168,-1.0224079,2.8766167,-0.08171577,0.26194516,-0.0126810055,3.411675,-0.33061942,-0.33193448,-0.25730494,0.32857236,-1.086077,-1.0903362,0.9792393,-1.0670358,0.9427985,-0.9275989,0.96444315,-0.972535,1.0541403,0.4750103,-0.9759367,-0.9982931,1.0450888,1.024888,-0.98420984,-0.98813665,0.93603265,-0.96455514,-0.9738231,0.9045949,-0.9867583,0.9859908,-1.0321231,-1.0640523,0.9891235,0.9716147,0.95027566,1.047362,-0.9755456,0.9820491,-1.0242934,-1.0741581,1.0045799,0.5778479,-0.9361754
293,-0.038599607,-0.0008010249,-0.9981225,3.3726606e-05,-0.0018124275,0.0012033902,-0.2684446,0.2581409,-0.23946911,0.20954737,-0.25935072,0.26202384,-0.23025486,0.2704989,0.1777687,-0.21730961,-0.2775348,0.25529844,0.2943515,-0.27810305,0.12841095,0.24179035,-0.24751519,-0.15093176,0.09089845,-0.22558868,0.24868168,-0.24082573,-0.2215015,0.28601635,0.019799028,0.25589633,0.24711855,-0.25146997,-0.02590166,-0.28291845,-0.24978195,0.38223237,0.08930246,-0.114075996,0.24307501,0.1711197,-0.3539044,-0.37214825,-0.23357162,0.22075695,0.24459983,-0.5386671,-0.015725376,0.95393586,-0.36132795,0.4265323,-0.33450678,-1.0636427,3.3487358,-0.06195533,-0.22578353,0.8331628,-1.0824004,-0.2905681,0.17888862,-0.093553364,-1.9893842,3.4178216,-4.668608,0.3690916,-0.43630102,-0.10136897,-4.5676875,0.54069346,-0.030482946,-0.3780407,-1.5658844,-0.28459573,-0.99806714,1.0058657,-1.1201406,0.9471882,-1.0024071,1.0294409,-0.9162237,1.0042272,0.4988935,-0.538966,-0.9488346,1.027011,0.9952917,-1.0056206,1.0067885,0.96130764,-0.9888452,-1.0161604,0.14534625,-1.0753865,1.0058964,-1.0272726,-0.9772351,0.96334743,-0.98040193,1.0292554,0.926407,-0.98904705,-0.9809928,-1.024839,-1.0128633,0.9912545,0.042527135,-0.7322012
294,-0.04248951,0.00070790714,-0.99800426,0.0015040122,-0.0033461358,0.0020311358,-0.2699426,0.23391952,-0.24104162,0.21345378,-0.25591707,0.25231177,-0.22526787,0.26943475,0.17557244,-0.23172998,-0.268209,0.25236756,0.29493523,-0.25926253,0.07939032,0.26184267,-0.23863198,-0.14637364,0.08954671,-0.22833964,0.25451374,-0.23489358,-0.21429391,0.24991782,0.09971874,0.25189736,0.2443992,-0.25485083,0.013055523,-0.28027818,-0.25277102,0.38018847,0.10580478,-0.14058962,-0.28255734,-0.4237689,-0.006906444,-0.057610415,0.23550296,-0.21462515,-0.018299451,0.27582645,-0.18659985,-0.3940652,0.81639457,-0.03637276,0.016217096,0.74556834,-1.1011848,0.69337696,0.18269587,1.6256694,-0.006544627,-0.027066046,0.2544417,0.21364382,0.48390913,-0.72878116,3.348906,0.14509077,0.030129103,0.043246023,2.2243893,0.11469828,-0.11632023,0.00082837354,0.69279706,-0.4894476,-1.0610918,0.8629191,-0.91880393,0.95427835,-0.91624016,0.9680824,-0.9926897,1.0459043,0.45832977,-0.9066851,-0.96546936,0.97684485,1.0043558,-0.9788059,0.10519363,1.0928521,-0.94850725,-1.021737,-0.40520746,-1.0136758,1.0560477,-0.98167795,-0.9609446,0.046195414,1.008627,1.02655,0.9721476,-0.97646177,0.5257411,-1.0368313,-1.0405372,1.016027,0.55433375,-0.9837222
295,-0.04418827,0.0029403327,-1.0019287,-0.00040757263,-0.00016544624,-0.0022330473,-0.2675698,0.2306737,-0.20599295,0.20388244,-0.2506194,0.2499734,-0.23055509,0.27259257,0.18585745,-0.23200563,-0.29336202,0.25193134,0.2877186,-0.2664156,0.07979932,0.25032845,-0.23222367,-0.17267779,0.11328151,-0.22423564,0.24830635,-0.22437643,-0.18186246,0.23303482,0.025191354,0.25095883,0.24792673,-0.25773337,0.08654301,-0.2855182,-0.24979042,0.37144327,0.1086358,-0.16773908,-0.4052862,0.37101927,1.2589581,-0.24401776,0.0419558,-0.058781005,-0.06389412,-0.122794874,0.07511857,0.1465795,-2.0787446,-0.3234761,-0.16602345,0.07643859,-2.0457726,-0.39927858,0.18386488,0.20176889,0.59012073,0.13368525,-0.4866384,0.55896854,-0.021726463,-0.3431865,-3.0558257,0.046037696,0.11642775,-0.34944716,2.9916255,0.11787124,0.10446756,-0.5393073,-0.03463078,-0.68418264,-0.9996802,0.9379624,-1.076051,0.9065214,-0.9667851,0.88496906,-1.0509197,0.9834366,0.46567923,-0.87601674,-0.9241026,1.0025288,0.95552605,-1.0575864,-0.927881,0.9809971,-0.91490006,-1.015859,-0.12365856,-1.0600134,0.9637845,-0.8621366,0.23662499,0.9922113,-0.7383138,1.0178198,0.9992825,-1.0665308,0.9425633,-1.0475919,-0.99269205,1.0202807,0.4173932,-0.6773987
296,-0.044619635,0.004519077,-0.99612105,0.0007431246,0.0019247546,0.0021163854,-0.27349985,0.23857398,-0.23203681,0.21035519,-0.2550085,0.24946982,-0.22753765,0.25870028,0.17828378,-0.23662063,-0.2874879,0.25982183,0.2914976,-0.24755017,0.09310195,0.25490165,-0.24830651,-0.1594659,0.08008161,-0.22056422,0.24624637,-0.2400834,-0.20658599,0.24039331,0.028786058,0.2513379,0.24907783,-0.2605854,-0.01361772,-0.27931184,-0.24599472,0.37173036,0.08335124,-0.13963969,-0.1835197,0.47715434,-0.88314193,0.29240656,-0.29684162,0.20686617,0.0046231886,-0.31765422,-0.30291936,0.06811315,1.0492738,0.31611314,0.14234604,0.57712,2.0634625,0.14238149,-0.34793878,2.0434995,-1.4159034,0.04524758,0.3068142,-0.6028321,-1.7215306,2.4501085,-0.12900573,-0.4142811,0.024654055,0.17021227,-4.6117826,0.38751897,0.15833785,0.11972082,-1.0077927,1.6939167,-1.061004,0.94756013,-0.98825926,0.9758431,-1.0087013,1.0426561,-0.9948231,1.01882,0.4585566,-0.8933832,-0.99188167,0.9931778,0.98851776,-0.9367246,0.9766554,1.0355928,-0.9939204,-1.0763284,-1.0183942,-0.9627489,1.0260752,-1.0549328,-0.9601257,0.07106713,0.02886609,0.9589159,0.9763245,-0.9620333,-0.92427474,-1.0334151,-0.96058863,0.98328644,0.11741916,-0.5762073
297,-0.044110227,-0.0027714672,-0.9994829,0.0015386954,0.0016342548,0.0009725623,-0.26006216,0.2552668,-0.22753744,0.2159411,-0.25605294,0.25981516,-0.23231858,0.26518455,0.18048745,-0.23721862,-0.28490332,0.2514058,0.3005306,-0.2444465,0.03231305,0.24548188,-0.2614364,-0.14740278,0.08628932,-0.2205599,0.24745533,-0.23395306,-0.23490056,0.25590345,0.10398878,0.23481819,0.2509971,-0.25727528,0.06275564,-0.28401202,-0.2484646,0.38034293,0.10904989,-0.1412519,0.53623855,0.3995949,-0.13495587,0.14774217,0.039288245,0.4181339,-0.30422568,0.25181204,-0.16448247,-0.08407387,0.15071493,-0.20294625,0.31323272,0.22006331,-2.775645,-0.22337504,-0.33874226,2.477459,1.1994597,0.08126626,-0.27636528,-0.02066936,-2.424834,0.7907659,3.2881045,-0.22224906,-0.03319759,0.05703078,3.6247234,0.1633374,0.14994814,0.43216765,1.2443744,0.3617717,-0.932177,1.05786,-1.0970743,1.0321195,-0.9559606,1.0387559,-1.0770433,0.97103846,0.3944613,-0.9750399,-1.0111756,0.93566036,0.9855784,-1.011084,-0.7951591,0.9631401,-1.0599309,-1.0395979,-0.4784071,-0.98001724,0.9915272,-1.0341333,-0.96213293,0.95884275,0.9968963,0.9324629,0.986662,-1.0046446,0.99215484,-0.93003,-0.95000386,1.0401363,0.6927887,-0.9668734
298,-0.046615347,0.008119565,-1.0005335,0.0019074726,-0.001983029,-0.00019271692,-0.27296358,0.25550106,-0.2385654,0.22420168,-0.2580557,0.25505647,-0.22923084,0.2644962,0.17993817,-0.22793819,-0.26817542,0.25768217,0.3019985,-0.24736114,0.110088736,0.24573794,-0.26109868,-0.17933555,0.04074554,-0.22598903,0.25917894,-0.25240934,-0.1908305,0.25470427,0.041222133,0.2447737,0.2478798,-0.26228812,-0.008355671,-0.27573273,-0.2437619,0.38327867,0.123315625,-0.09099402,-1.0107199,-0.068736404,0.009762873,0.107639566,-0.042617213,-0.54941225,0.16234952,-0.11967175,-0.16464521,0.7323518,0.88455695,0.26284587,-0.046943177,0.081313156,3.7725263,0.054022595,-0.0645668,0.02845469,-3.664982,-0.48908544,0.6860949,-0.56254625,1.6448258,-0.033827793,-2.952234,0.30649754,-0.038492735,-0.0053709955,-3.3711267,0.7306097,0.032249935,-0.41628006,0.53187144,2.8111572,-1.0403537,1.0249095,-0.9943356,1.0509344,-1.0073274,0.9586993,-0.97954345,1.0555226,0.29084748,-0.82792616,-0.96425444,1.0180657,0.92430186,-0.9679886,0.97980684,0.99862236,-1.0569878,-1.0734683,-0.9603456,-1.1148584,1.0827874,-1.0777422,0.8373536,0.8883728,-0.46457827,0.9867692,0.955403,-1.0310379,-0.6767436,-0.9900972,-0.9653497,0.9379286,0.60269797,0.02851611
299,-0.043288127,0.0033605585,-1.0000675,-0.0014570295,4.7828973e-05,0.0025332123,-0.2708026,0.2475501,-0.2227692,0.21685162,-0.26326287,0.2522551,-0.2340562,0.27432707,0.17381054,-0.23919678,-0.2769913,0.25303265,0.30369732,-0.23413332,0.038001098,0.24727048,-0.24495563,-0.1667544,0.07152369,-0.2323048,0.24317993,-0.23900318,-0.21860896,0.25113836,0.10492148,0.243091,0.2527427,-0.2582061,0.06324479,-0.27428427,-0.24238642,0.3802938,0.09495138,-0.12169916,0.27874616,-0.085867755,-0.02374235,-0.21241829,-0.19788133,0.10841528,-0.076279946,0.48053312,-0.22372149,-0.5652731,-0.6903423,-0.44079992,0.22394599,0.46354824,-3.801901,-0.04021149,0.40093362,2.1212966,2.4802363,-0.2284428,-0.85516983,0.6628116,-3.591333,-0.17981459,3.0630243,0.09504889,0.12667488,-0.03166915,3.40879,0.2921998,0.1552181,-0.11159823,-1.1690813,-1.2531348,-0.99165416,0.99376005,-1.0108591,0.9678984,-1.0230656,1.0077379,-0.9484936,1.0840422,0.39791209,-1.0269656,-1.1227652,0.9589886,1.0059041,-0.9509767,-0.92203116,0.9859982,-0.9248627,-1.0017183,0.3756032,-1.0301536,0.9405126,-0.9548012,-0.97790664,0.9324408,0.98797345,0.99973345,0.9859406,-1.0270284,0.9357916,-0.98399913,-0.930121,0.9734143,0.16102906,-0.9373337
300,-0.040142037,0.012917726,-0.99975914,0.0008894563,-0.0016826061,0.00052030914,-0.28194377,0.24861537,-0.22769758,0.21708405,-0.2676619,0.2517759,-0.23643555,0.26368296,0.18463269,-0.22952935,-0.27630374,0.26145664,0.28629795,-0.24790905,0.10782949,0.25089568,-0.23274374,-0.18544737,0.07537614,-0.22987926,0.25831303,-0.24134108,-0.2359853,0.27973828,0.012480351,0.24435967,0.24986479,-0.2562133,-0.029446648,-0.27093303,-0.25235716,0.39146802,0.095884584,-0.11193392,-0.33195326,-0.14943096,0.12299588,0.022517381,-0.11986026,-0.0005107885,-0.15159784,-0.32676095,0.32554448,0.39799803,-0.07765908,0.39905232,-0.5347463,-0.42625907,3.1684093,0.19670224,0.19809446,-0.27640486,-0.82162887,-0.040968265,0.8885651,-0.29395947,0.14457126,2.4403076,-4.370212,-0.31205747,-0.33176956,0.10626714,-4.322769,0.7812203,-0.39849856,0.2521629,-0.008712825,0.9750601,-1.0966793,0.97118795,-0.9926409,1.0557817,-1.0370706,0.9946386,-1.1057931,1.0386826,0.49730977,-0.7896673,-1.0570335,1.1126102,0.94430244,-0.97527736,0.8868184,1.0321807,-0.8768302,-1.0925447,-0.54142576,-1.0600979,1.0859027,-1.0294808,-0.64475656,0.85729766,-0.90529686,0.95121795,0.91464853,-0.980056,-0.93260074,-1.0045706,-1.0711617,0.9734845,0.387661,-0.43087524
301,-0.044977136,-0.0028349177,-0.999616,-0.0024449234,0.0035776566,-0.004311682,-0.2793376,0.23873867,-0.23192273,0.21584028,-0.2549815,0.2695878,-0.24376847,0.272392,0.18625937,-0.22717103,-0.28018963,0.24637182,0.2906914,-0.25895914,0.011824432,0.257295,-0.24949493,-0.1675787,0.11594252,-0.22995599,0.25041527,-0.24313384,-0.22745161,0.30960962,0.102993764,0.23753902,0.2528762,-0.2617124,0.02266103,-0.27895257,-0.24343751,0.3890725,0.05957308,-0.1299384,0.24810337,-0.2038098,-0.40168384,0.035844304,0.6428982,0.76012516,-0.13013981,0.31018177,-0.057090163,-0.21627875,-0.075975075,-0.36826065,0.2542948,-0.21272527,-4.2768593,0.029343678,-0.5829471,2.1733673,2.201313,0.15409622,-0.44899157,0.059413556,-0.6894114,0.9902764,3.9675665,0.09595708,0.26622143,-0.15565097,2.662485,-0.34078732,0.10915242,-0.15615524,-1.4820112,-1.0068525,-1.0505693,0.9423893,-1.0520022,1.0201788,-0.89261484,1.1103176,-0.9718159,0.9797405,0.46413198,-0.9097875,-0.91219795,0.9572844,0.9665045,-1.0587293,-1.0031155,1.0180361,-1.0192583,-0.9892735,0.19141954,-0.95717984,0.9921598,-1.0165895,-1.0386316,0.95512104,1.0834033,0.9813402,1.0230428,-1.0436445,0.65312207,-0.99532473,-0.96340483,0.97390664,-0.049832653,-0.95800847
302,-0.04238372,-0.0004925297,-0.9973641,0.0010531202,-0.0008664902,0.0006648539,-0.27594605,0.25220162,-0.24069269,0.21535556,-0.254542,0.26397815,-0.23529118,0.27097395,0.17642045,-0.23555647,-0.28154427,0.25808948,0.30207866,-0.24816708,0.09875838,0.24026613,-0.24353011,-0.18950324,0.086086266,-0.22385135,0.24550049,-0.24013087,-0.22745721,0.29630512,-0.0019153848,0.25087446,0.24918611,-0.25230002,-0.06091354,-0.28080168,-0.23753706,0.38885662,0.074454345,-0.1314169,0.03506557,0.31576833,0.0759401,-0.2480438,0.02583614,-0.40652692,0.25614437,-0.49826553,-0.38923332,0.472066,-0.046197854,-0.116708465,0.34782678,0.49637914,3.8217788,-0.4739076,0.13018885,1.1808063,-2.637938,0.20387155,-0.093294576,0.27657232,0.72064084,-0.6358249,-4.5322895,0.12999283,-0.07210786,0.3055474,-3.9738014,0.46609956,0.21349367,-0.78780377,0.37180406,0.9912041,-1.0487667,1.0379071,-0.96301657,0.9799289,-0.9069643,0.9752843,-0.96996665,0.9690388,0.3291847,-0.7922558,-1.1607269,0.9796234,0.97650266,-0.95088464,1.0135105,0.93256056,-0.9497867,-0.9319832,-1.0457542,-0.95005536,0.9752614,-0.9401142,-0.56126416,0.8473233,-0.94951123,0.9873849,0.9762382,-0.94114655,-1.0083545,-1.060421,-0.9204269,1.0157855,0.3535268,-0.16228041
303,-0.04299132,0.004726466,-0.9950408,0.00044076776,-0.0014285658,0.0017901835,-0.2713251,0.26572585,-0.22313444,0.21146025,-0.26402104,0.25979996,-0.23588704,0.26904774,0.17591932,-0.2323501,-0.28905234,0.25143576,0.29470727,-0.23036192,0.017618781,0.24605292,-0.2621376,-0.16562201,0.07428514,-0.22902505,0.2402851,-0.23354791,-0.25171617,0.2544437,0.090395674,0.2377031,0.24566314,-0.25447297,0.029161543,-0.28041193,-0.2511626,0.3934891,0.067461364,-0.1225038,0.38966158,0.5351765,0.017747575,-0.00452747,-0.19428135,-0.22076443,0.15889347,0.3426359,0.028778162,-0.5052949,-0.15892734,-0.19842863,-0.088811226,1.0785685,-3.4179432,0.18179865,-0.44910932,1.9841882,0.8437582,-0.37759012,-0.2573837,0.08884128,-1.9987925,-2.0689714,3.895621,-0.03759297,-0.18711786,-0.07981783,4.402466,0.21011144,-0.2725946,0.57420105,-0.18918225,0.99530476,-1.0180964,1.1333057,-1.0523171,1.0612571,-1.0305241,0.98175424,-1.0084497,1.0935364,0.40826243,-1.0159843,-0.99671876,0.9467654,0.9434821,-0.92380464,-0.930104,0.9940277,-1.0480999,-0.9669512,-0.20788386,-1.1183147,0.9882841,-1.030544,-1.0401757,0.9131789,1.025724,0.9734076,0.9259292,-1.020408,1.0171322,-0.9996839,-1.0453527,0.98646176,0.227737,-0.96570635
304,-0.04496183,0.0061405776,-0.99940014,-0.0004927534,0.00082381384,0.0040773186,-0.2685617,0.25602388,-0.24218665,0.21695358,-0.2637221,0.25398946,-0.23056729,0.26639265,0.17946157,-0.23265785,-0.27192366,0.2560419,0.3000752,-0.24675143,0.0903712,0.25542977,-0.23766953,-0.19415243,0.08745355,-0.22648643,0.24574664,-0.23021531,-0.23248385,0.2586071,0.02371041,0.22867112,0.24931069,-0.2533973,-0.025902824,-0.272855,-0.23893301,0.39948782,0.08320524,-0.12454282,-0.049713314,-0.3824808,-0.33900505,0.13530411,0.15869266,-0.20035589,0.032091107,-0.085835055,-0.08073472,0.36736685,1.1840048,0.089327276,0.20567997,-0.26343432,3.5843217,0.26077738,0.41471502,0.40744233,-0.68421775,-0.13419893,0.3441752,0.113044426,0.28224903,0.62220746,-3.207059,-0.56962985,0.019462688,0.14753716,-2.7138748,0.7901289,0.23584759,0.032079823,0.76360923,0.48007384,-0.9890032,1.0036318,-1.0275657,1.0602916,-1.0017821,0.97068715,-0.99246716,1.0531895,0.33491153,-0.91182446,-0.9012953,0.92760277,0.95938355,-1.0285537,1.000474,1.0343077,-0.9135043,-1.0680642,-0.562725,-1.0421265,1.0113477,-0.9689145,0.12156144,0.9393527,-0.58728194,0.8808705,0.94583786,-0.97688377,-0.5995957,-0.9845496,-0.91977865,0.9809464,0.48807362,-0.6975059
305,-0.049356095,0.0038554126,-0.9995696,8.50796e-05,0.0010756493,0.0011418348,-0.2769392,0.25317192,-0.23743194,0.21386887,-0.27237162,0.249123,-0.22806074,0.270922,0.16698095,-0.24543919,-0.2517235,0.25721097,0.31822568,-0.2349495,0.05050469,0.24404742,-0.24089728,-0.19527854,0.07572715,-0.22981645,0.24499004,-0.23541613,-0.24578993,0.2503724,0.1015146,0.22786763,0.24115176,-0.26144674,0.017854493,-0.2745016,-0.25465992,0.4124374,0.07383361,-0.11704917,0.104907684,-0.015638243,-0.36606425,-0.11085934,-0.09812644,0.026334427,-0.028545195,0.3946742,-0.32231525,-0.29480565,0.8879048,0.18860635,0.67176557,0.6971003,-1.6838846,-0.2866135,-0.11518344,1.1645473,0.41095728,-0.046644907,-0.022587452,-0.33051583,-1.0993465,-0.063312836,3.421412,0.14120013,-0.23021278,-0.20162597,1.9456489,-0.27859387,-0.5279562,0.5853475,-0.5468494,0.84332645,-1.0493418,1.0314234,-1.0423356,0.9294283,-1.029915,0.97575086,-0.98230517,1.0737114,0.3770204,-1.1109334,-1.0252174,0.95062774,1.1278924,-1.0543447,-0.35051468,0.9581395,-0.9467249,-1.0227379,-0.94343877,-1.0006635,0.9967552,-1.0720972,-0.9345445,0.9249734,1.0987576,0.9309282,0.9249694,-1.0930399,0.47519052,-1.0330893,-1.120734,0.9763295,0.18717901,-0.96176326
306,-0.047891747,0.010515844,-0.99985754,-0.0010871725,0.0017167082,0.0010073888,-0.26616624,0.24961847,-0.24680679,0.21947531,-0.27250275,0.24819197,-0.22671048,0.2790758,0.16333589,-0.2386653,-0.22295488,0.26215938,0.3250792,-0.22020014,0.10640487,0.242586,-0.2502055,-0.20797242,0.013968859,-0.22857665,0.25040412,-0.23960525,-0.24808758,0.2828325,0.07741224,0.24052742,0.25503063,-0.26098374,-0.03662552,-0.28350613,-0.2499441,0.3973424,0.074479245,-0.09031056,0.14450058,-0.1980399,-0.10364557,0.020685216,-0.23212913,-0.19912621,-0.04849895,0.11937125,-0.2699058,0.36797974,1.3478563,-0.09346496,0.32672745,0.49561808,3.1131406,0.018970892,-0.42649332,1.416149,-3.6592772,-0.14812645,0.31571823,-0.031820163,-1.4531146,1.9693097,-1.2421479,0.26465344,0.38577506,0.11254479,-2.5608268,0.081336334,0.23025681,-1.0371783,0.14806852,1.7808053,-0.933985,0.9674263,-0.96252584,1.0303046,-1.0708954,0.98760337,-0.99364376,1.0864749,0.21535303,-0.88254815,-1.035067,0.9266136,1.0304309,-0.8222513,0.9149596,0.9792252,-1.0133691,-0.99645597,-0.975142,-1.0211048,1.0305486,-1.0000134,0.033666436,0.9631269,0.1235072,0.9688316,1.0224413,-1.0293376,-0.6353474,-1.0907803,-0.94570863,1.038679,0.3336413,-0.11082098
307,-0.046518642,0.007766339,-0.9985404,0.00534801,0.00080278795,0.0010279487,-0.2771258,0.2398302,-0.23093161,0.21555305,-0.26739973,0.2559089,-0.23621985,0.28443405,0.16726947,-0.24011683,-0.22781552,0.25551733,0.3104602,-0.22415234,0.043354012,0.25099626,-0.24236777,-0.17621449,0.04291025,-0.23098615,0.24871336,-0.23743956,-0.25961718,0.29010952,0.13268533,0.24063937,0.258763,-0.25601763,0.03902132,-0.29333282,-0.25310263,0.38770708,0.11239704,-0.09839948,-0.18655491,-0.20332599,0.48470184,-0.22885674,0.31219095,0.35350165,-0.15567763,0.17539163,-0.008723721,-0.2446042,-0.63473797,-0.14586061,-0.40086094,0.010844773,-3.6201973,0.15703817,0.1030757,3.1256752,2.221725,0.003471194,-0.2311691,-0.12697457,-1.1745127,0.2764323,2.5453422,0.19225459,0.15549782,0.12269175,3.743403,-0.15359221,-0.24148938,-0.271862,1.3954233,-0.17452016,-1.0504853,0.93819994,-0.9708283,0.986226,-0.99091464,1.0061598,-1.0218519,0.9951433,0.27125984,-0.95746344,-1.0233784,1.0327808,0.9075708,-0.89957833,-0.9832491,1.0091616,-0.94011503,-1.0809296,0.1752046,-1.00202,1.0069354,-1.0674449,-0.97409505,0.90404683,0.9979704,0.99288183,1.0424743,-0.99403083,0.9401351,-1.0307487,-1.0628663,1.0086844,0.72849417,-1.0257049
308,-0.045392856,0.009234935,-1.0007476,-0.0007445937,0.0019571895,-0.001467234,-0.28261063,0.24831961,-0.2352359,0.2150663,-0.27011573,0.25276366,-0.23344252,0.2786989,0.16954498,-0.24043982,-0.23609936,0.25940588,0.2990969,-0.23555596,0.12516287,0.26129386,-0.24282925,-0.19895256,0.07423542,-0.22577196,0.24276826,-0.24522424,-0.25243694,0.2847437,0.017608408,0.25470683,0.25073048,-0.24552989,-0.025666973,-0.28376013,-0.26474395,0.3971797,0.12250931,-0.100423306,-0.08128529,0.33746782,-0.0058016363,-0.053858597,0.14439715,-0.08685769,0.100770354,-0.29076838,0.2034991,0.117906004,-0.45369545,0.02812419,-0.28133017,-0.048296858,3.349425,0.19130598,-0.2310254,-0.314984,1.5166639,0.022429677,-0.0100240465,-0.027674945,0.2234471,-0.18544783,-5.1145997,0.19491439,-0.28496364,0.28007045,-3.1878767,0.8707739,-0.34722897,-0.10569643,0.6502323,0.38048035,-1.074561,1.013219,-0.9869992,0.9266719,-1.0466194,0.9672986,-0.9498688,1.0641929,0.44851825,-0.96024656,-0.98553944,0.93636554,1.023685,-0.9720377,1.0120137,1.0542483,-0.964545,-1.0319247,-0.26873788,-0.97624934,0.9647713,-1.0096245,-0.41892585,0.9366969,-1.0026413,1.0025476,0.9462906,-0.92246395,-0.71846944,-0.96058226,-1.1189469,1.0094788,0.64427567,-0.38222927
309,-0.04468659,0.0061658267,-0.9991823,0.0016803851,-0.00084898074,-0.0013369942,-0.27657905,0.2564154,-0.23575555,0.21948065,-0.2696087,0.2495969,-0.23414637,0.27319008,0.16589335,-0.2404376,-0.23945946,0.26983434,0.30637628,-0.22772254,0.06896073,0.24994569,-0.2462854,-0.180453,0.08136881,-0.22641471,0.23685303,-0.24412985,-0.2566007,0.24850024,0.0979828,0.25020722,0.2551824,-0.2520768,-0.077953376,-0.28037304,-0.2549136,0.3897382,0.07005778,-0.11510642,0.31895828,0.44755203,-0.21230897,0.13022341,0.14375265,-0.117028944,0.1246889,-0.22877471,-0.32724807,0.15135846,0.30086583,0.0843182,0.3126328,0.13610247,-1.7394991,-0.27585664,-0.11220695,2.712591,0.29714555,0.12048528,-0.17567143,0.11538777,-0.35663694,-0.31786492,3.4485602,-0.11508272,0.10731643,-0.2753357,-2.1457915,0.17561078,0.29466546,-0.30879146,-2.4192543,-0.35476232,-1.0327892,1.025545,-1.0226347,0.99009997,-1.0076991,0.9897665,-1.0267925,0.9796099,0.35959566,-0.9577269,-0.97257227,1.0381745,1.0185996,-0.96549845,-0.25793424,0.9939947,-0.9770911,-1.0038618,-1.0945137,-1.0101771,0.9631536,-1.0196049,-1.0198433,-0.15060543,1.0135059,0.9924429,1.0119389,-1.0586307,-0.6970935,-1.0215442,-0.9613687,1.0576131,-0.20270634,-0.84247506
310,-0.046703342,0.01212212,-0.99864423,-0.00042959873,0.00097623,0.0014338971,-0.26582462,0.27603105,-0.21012965,0.2171542,-0.27096537,0.24858353,-0.22860925,0.27019,0.17385091,-0.23786889,-0.2567613,0.25680798,0.29993293,-0.22772098,0.08748064,0.24260981,-0.24149378,-0.1848096,0.06138399,-0.21498641,0.24651046,-0.24396561,-0.24882422,0.23876627,0.036954883,0.23690042,0.25165227,-0.25622165,0.0166932,-0.2894941,-0.25430185,0.39676148,0.07979759,-0.08708577,0.18483344,0.43334657,0.85893506,-0.0020102889,-0.015592622,0.0039158426,0.16412117,0.046493992,0.15522832,0.14046851,-1.4110358,-0.32036072,-0.15451401,0.2708619,-0.25641072,-0.2990831,0.011643955,1.2407457,-0.32024574,0.14257415,0.2779264,-0.09595682,-0.083305314,-0.13991477,-2.5328023,-0.039676614,0.02520605,-0.00045095355,4.431609,0.10099926,0.120706536,0.081760265,0.4940078,2.0161974,-0.9944797,1.140554,-0.95300925,0.99930453,-1.019033,0.9331383,-0.9951313,1.028942,0.4701492,-0.951898,-0.98844874,0.991541,1.027547,-0.95502067,-0.18990833,0.93918526,-0.9489013,-0.86867195,-1.0067494,-0.9962188,1.0179135,-1.0308799,-0.7274394,0.9762318,-0.5029308,0.9560773,0.9980195,-0.99149483,0.95798504,-1.0320339,-0.986359,0.93677884,0.4321862,-0.2467441
311,-0.047692277,0.003496003,-1.0023323,0.0009118474,-0.00047561672,-0.0031420277,-0.27345186,0.26485705,-0.2203713,0.22303833,-0.26660368,0.25872087,-0.22499396,0.2693248,0.16600817,-0.22816345,-0.26277903,0.26320958,0.31707078,-0.23301803,0.0900721,0.2496047,-0.23666802,-0.17607729,0.031220376,-0.22027701,0.2477666,-0.24229613,-0.2453666,0.29357517,0.019591095,0.25451362,0.26731342,-0.2649453,-0.057312753,-0.28815547,-0.2436191,0.39189458,0.07990962,-0.10235337,-0.22190881,-0.5862323,-0.45841256,0.42720312,0.17586564,0.4092814,0.14953795,-0.15992081,-0.3552287,0.32737297,0.13531387,0.18235025,0.5152635,-0.32249185,0.4054545,0.22976753,-0.03731948,2.0678618,-1.3802701,-0.1862173,0.11145861,0.004214165,-1.3571914,3.1743636,-0.6766686,0.3977316,0.2999981,-0.31554347,-3.5063863,0.34649676,0.26370147,-0.19582863,-0.17312168,-0.5451308,-1.0120087,1.0298179,-1.0654513,1.0387266,-1.0994563,1.122509,-0.97410715,1.0504949,0.28158394,-0.90791965,-0.910189,1.005876,1.0343173,-0.9892586,0.2850155,1.0211327,-0.9247849,-0.9984908,-0.9976821,-1.0562435,1.0102237,-1.0361707,0.08605058,0.9661583,-0.13563536,1.0409548,1.0527169,-1.0827745,-0.88690037,-1.031822,-0.9232024,1.0201743,0.28157458,-0.90952176
312,-0.051293634,0.004746474,-1.002331,-0.0030165173,-0.0029849804,-0.0012509684,-0.2761658,0.25667235,-0.2538995,0.22544917,-0.26600686,0.25967237,-0.2228178,0.2666229,0.15711282,-0.2292846,-0.23149422,0.26645347,0.3197054,-0.23288615,0.10096673,0.2417277,-0.23826791,-0.1420682,-0.000758047,-0.22023383,0.23342517,-0.25133666,-0.248466,0.27894127,0.096138254,0.2434642,0.25615227,-0.25351536,-0.034707937,-0.28337362,-0.24201736,0.4015141,0.107455075,-0.09487009,0.2111146,-0.21864875,-1.0168029,-0.1013661,0.1266331,-0.29440692,-0.089977995,0.1584446,-0.2768521,0.2853246,2.005103,-0.0009078299,0.11138722,0.09591252,2.2207274,-0.1130445,-0.13248214,2.8939152,-1.087719,-0.100363515,-0.5006599,-0.10133686,0.05843733,-1.0063056,2.990668,-0.28525358,-0.32374898,0.5124172,1.0863454,0.4107327,0.13288727,-0.05786506,1.1207575,0.80115783,-1.0429237,1.0396287,-0.9685148,1.0141191,-0.9637168,1.0156796,-0.9090071,1.0418166,0.25767562,-0.93243194,-0.92765135,0.9971678,1.0014433,-0.9924076,1.0517976,0.97822785,-0.9295242,-0.99984664,-1.0392895,-0.95164394,0.90829974,-1.0565093,-1.0446929,0.6149442,1.0482516,0.96934646,0.9803145,-0.9146636,0.08944,-1.0127305,-0.9412387,0.9850594,0.6541045,-0.3985488
313,-0.051787887,-0.0022079826,-0.99873537,-0.0021815705,-0.00087111036,0.0010829478,-0.28298548,0.2561173,-0.21586171,0.21862714,-0.2588902,0.26909932,-0.2280868,0.27266818,0.17383131,-0.24153753,-0.2519277,0.25855508,0.29995418,-0.21837156,0.08622402,0.2350078,-0.2411324,-0.15510613,0.008480361,-0.22419176,0.2298291,-0.23197158,-0.22929373,0.29863396,0.06493217,0.23437889,0.2504414,-0.24976155,0.059113905,-0.28847176,-0.24834399,0.40040162,0.120290615,-0.13570139,-0.13880166,-0.2084926,1.343198,-0.13967976,0.41843128,0.4263347,-0.052148808,0.014953891,0.61879534,-0.6265073,-2.193177,-0.36270952,-0.61121243,0.43989226,-2.7835448,-0.37833548,-0.17354065,0.27100885,1.9822224,-0.056470033,-0.22789535,0.60843176,-0.5027716,1.3006381,-1.2633975,-0.22180057,-0.21992801,-0.057177197,4.0993633,0.01116242,-0.25357667,0.32274315,0.4347238,-1.2328962,-1.0374357,1.0102239,-1.0355678,0.9646957,-1.0545292,1.1194247,-0.99394673,1.0116469,0.49720374,-0.9942798,-1.0277712,1.0085425,0.9786399,-0.87531286,-1.0109516,0.9115298,-0.9546052,-1.0193981,-0.38052714,-1.0288678,0.9229104,-0.94313544,0.03873439,0.9858088,-0.13289914,0.9392483,0.97040224,-1.0008606,1.0558417,-1.0136998,-1.0473014,0.9771439,0.5632204,-1.0181682
314,-0.053633764,0.0053491234,-0.998327,3.9941307e-05,0.00097514666,0.001967201,-0.2774625,0.25421882,-0.22552726,0.22728299,-0.25780016,0.256894,-0.2242991,0.26295686,0.17094639,-0.22952753,-0.26623616,0.26424348,0.30653742,-0.23433413,0.14173561,0.23167588,-0.25274414,-0.17805757,-0.0043971892,-0.20984843,0.24708374,-0.23633653,-0.1921086,0.27870136,-0.017198358,0.2548617,0.24517116,-0.2547873,-0.032581996,-0.2891109,-0.24608488,0.4030636,0.095897116,-0.10720374,-0.32098013,-0.114954196,-0.24554174,0.048930958,0.014405331,-0.5827814,-0.027734209,-0.48287785,-0.30796674,0.6559517,-0.2641788,0.24334095,0.31120464,-0.40830636,2.9412656,0.12292708,-0.22261593,1.042416,-1.7592971,0.620804,0.833851,-0.30600017,0.8268758,-1.2988715,-3.4020665,0.42315817,-0.15489186,-0.121339686,-4.356325,0.43468186,0.024613278,-0.30571598,-1.0609492,1.8870151,-1.0368044,1.0302322,-0.93005127,1.0042413,-0.9641582,0.95475906,-0.9883255,0.99175006,0.28636456,-0.84576553,-1.0701455,0.99444914,0.9601188,-0.9680409,1.0917345,0.9581653,-1.0106585,-1.0396718,-0.8422347,-0.8413902,1.0433689,-1.0232604,0.14844169,0.83590394,-0.821106,1.0292921,0.95198196,-1.018734,-0.9704822,-1.0089134,-0.98341596,1.0182836,0.15570351,-0.40310487
315,-0.05014731,0.003191396,-0.995807,0.00047734773,0.0030947318,-8.29588e-05,-0.2755934,0.26472178,-0.22439115,0.21462257,-0.26032883,0.25708467,-0.22805473,0.26640114,0.17265709,-0.23482805,-0.2563865,0.26178032,0.30669874,-0.23496488,0.09082455,0.24361436,-0.24856895,-0.15941747,0.042221937,-0.21799594,0.25390723,-0.23924214,-0.21923961,0.24835096,0.076876104,0.25226158,0.23820078,-0.26179394,0.04603677,-0.28685796,-0.25272164,0.40434217,0.08338496,-0.10825731,0.28777468,0.50053746,-0.40172046,-0.4163616,0.019992853,0.048213776,-0.25292018,0.124982916,-0.13694596,-0.50876623,0.66175574,-0.01270185,0.08947194,0.41646543,-1.9771131,0.15999022,0.08258329,2.1023912,3.2657921,-0.4131762,0.016462384,-0.19575976,-2.4286463,-1.9055676,3.687765,0.22117308,-0.21302602,-0.028713591,3.9619086,0.013689962,-0.06386248,-0.030219022,-0.4541344,0.2224542,-1.0279416,1.1038263,-0.9484972,0.975202,-0.97375906,0.9866533,-1.0052596,0.9796978,0.31129426,-0.9895005,-0.96768963,1.008146,0.94699347,-0.943123,-0.15173997,0.9755081,-0.9722647,-1.0018519,0.5358469,-1.027791,1.0335267,-1.0550783,-0.99245185,0.93219686,0.9943364,1.0404177,0.9193505,-1.0315076,0.9907238,-1.0420603,-1.0125844,0.9867963,0.23499188,-0.9956743
316,-0.046134327,0.002340265,-0.9965064,0.0043747067,-0.0016354277,0.002981418,-0.2629978,0.27623242,-0.2453651,0.21715862,-0.25492194,0.26635712,-0.23268375,0.26544008,0.1809496,-0.23110592,-0.24591643,0.26227945,0.30097702,-0.23780409,0.13586567,0.22985291,-0.24998228,-0.178146,0.027857453,-0.21153317,0.25229684,-0.237477,-0.205825,0.27932227,0.05046642,0.26069155,0.24519898,-0.25616962,0.009357428,-0.2841533,-0.25467783,0.38969597,0.09365558,-0.11466977,0.1829001,-0.08630438,-0.3361529,0.100608274,0.092069894,0.123408936,-0.18089944,-0.11419037,0.074258156,0.4643143,0.4734542,-0.08987177,-0.05440019,-0.19932117,2.6793938,-0.33166468,-0.049556434,0.24399114,-1.5681837,0.21442994,-0.054800127,0.24451484,0.21268663,2.6833827,-1.022042,0.044952393,0.21179084,0.11508939,-2.089226,0.6655,-0.16202065,-0.8223482,0.4323298,0.2761674,-0.9828294,1.0924553,-1.0602485,0.9928418,-0.9558419,1.0839931,-1.0187709,0.9977848,0.50516796,-0.81900805,-1.0180755,1.007534,1.0592989,-0.94027996,0.89972615,0.8998022,-0.99216807,-1.0073506,-0.944833,-0.8861273,0.984022,-0.91823024,-0.4712937,0.8775806,-0.0057773027,1.037625,0.9650311,-0.9976675,-0.37404653,-1.0017886,-1.0473034,0.9410892,0.46068648,-0.17668039
317,-0.04741533,0.0037543178,-0.99996674,-0.00038820287,-0.0017100923,-0.002369382,-0.26646748,0.24795026,-0.21072294,0.22200468,-0.2630062,0.25608516,-0.23583475,0.26081455,0.17608841,-0.23365077,-0.28026366,0.26482522,0.3021981,-0.25237444,0.08162803,0.2339386,-0.23162472,-0.17414542,0.039731562,-0.20490241,0.24133271,-0.23137593,-0.22761425,0.27838805,0.07748143,0.24458335,0.24916059,-0.25060868,0.076177485,-0.2856862,-0.24342531,0.39169988,0.09031656,-0.11398842,-0.0523418,-0.6600473,0.9416357,0.23166615,-0.2123518,-0.20145842,0.026571766,-0.06599361,-0.018915942,-0.087142386,-2.005577,-0.061392657,0.049937215,-0.3507961,-3.658983,0.15274096,0.3325358,1.6669244,1.6333525,0.3247101,-0.2894674,0.06482237,-0.9023391,-0.056609698,1.3067763,-0.3078645,0.1372156,0.028989805,3.175849,0.17147167,0.29548696,0.36660805,0.05834589,0.697534,-1.0261734,0.99052876,-1.0140476,1.0214363,-1.0079966,0.93792206,-1.0207419,0.9602419,0.49101195,-0.9508448,-0.93913084,0.9702319,1.0435607,-1.0740575,-1.0268192,0.95869243,-0.900997,-0.98056495,-0.8783481,-0.9215427,0.98269236,-1.020243,-1.0432358,1.0020286,0.34125888,0.97154856,0.9869386,-0.9553244,0.9424406,-0.99269634,-0.9269378,1.0224919,0.39516228,-0.9424223
318,-0.04593313,0.010810087,-1.0016336,0.0026461387,0.0014134728,-0.0014840178,-0.25992447,0.24752545,-0.215744,0.22553375,-0.27313757,0.2517833,-0.22960727,0.26365995,0.17231667,-0.23092234,-0.29365987,0.2665992,0.3099529,-0.2506129,0.14121795,0.2428866,-0.26932803,-0.18708754,0.02914135,-0.20350331,0.24368626,-0.22006178,-0.24779941,0.27295008,-0.017238798,0.2620068,0.23891358,-0.25938833,-0.012169302,-0.2743318,-0.24535826,0.38465917,0.09163835,-0.13742074,0.25243226,0.026144724,-0.25368014,-0.14218567,-0.23936681,-0.28381938,0.21449475,-0.17475408,-0.17145842,0.10677,-0.61203706,-0.06614382,0.2784393,0.120625116,2.6198525,0.3637668,-0.18769008,0.7150962,-0.39765954,0.0076067154,0.04790573,1.11489,-1.0732675,0.2920134,-4.020204,0.24080962,0.57275033,-0.24057375,-4.297629,-0.036840692,0.07921452,-54.569885,-0.2694983,-17.464685,-0.97650784,1.0114472,-1.0160959,0.96891165,-1.0488749,0.92625767,-0.9434089,1.0619022,0.39126167,-0.8608905,-0.98976064,1.0052848,1.0559624,-0.97499967,0.9305576,1.0120462,-1.129641,-1.0081573,-0.53170854,-0.9370448,0.99938196,-0.86350554,-0.755756,0.97048014,-1.0175157,1.0439267,0.93989307,-1.0404152,-0.8929882,-1.0201303,-0.95999974,1.0059755,0.2942995,-0.75596017
319,-0.04771919,-0.0029217994,-0.99896735,0.00056801684,-0.002358873,-0.0052151256,-0.2563273,0.26300007,-0.19372731,0.22365019,-0.2484049,0.25674343,-0.23226832,0.2630934,0.20581883,-0.25513977,-0.32502794,0.24674706,0.27356884,-0.24549764,0.08643837,0.26428822,-0.2545291,-0.13710184,0.13816477,-0.20668103,0.23305586,-0.21184018,-0.24240468,0.1918633,-0.080075435,0.23912688,0.24456316,-0.26854295,0.06155611,-0.28499067,-0.24483143,0.39381716,0.123887174,-0.15760832,-0.19147499,0.73294705,0.57656336,0.15082766,0.8941821,0.31274533,-0.06961895,0.38561058,1.3316759,-1.088164,-2.0964634,-1.0149649,-0.99530375,0.061767723,-4.1769624,0.4423996,0.23285873,2.2794082,6.429653,-0.35012743,-0.6472292,0.20644623,-0.09888015,-4.0650487,-2.4587502,-0.39708495,0.16392778,-0.4624214,3.870705,-0.16256326,-0.09476771,0.95863026,1.289788,-0.18594483,-1.0236784,1.0225198,-1.0201645,0.9464082,-0.9759993,1.0593315,-0.98673815,1.0673897,0.9250416,-0.9622928,-0.9771426,0.92488533,1.0074377,-0.9099371,-0.94231105,1.0817827,-0.98379093,-0.09817302,0.9917567,-1.023118,0.91719216,-0.91292244,-0.995898,-0.99544567,-1.023726,0.97042406,0.96293426,-1.1133825,1.0398296,-0.9920566,-1.0049717,0.95283204,0.7444439,-1.0052797
320,-0.045593508,-0.0090221865,-1.000367,0.00083144667,-0.0023006564,-0.0019426855,-0.2634339,0.2834208,-0.22332314,0.22700872,-0.2512409,0.27021945,-0.22690205,0.2607742,0.17580278,-0.21397823,-0.33198634,0.25039774,0.3143339,-0.3150176,0.084154546,0.2600865,-0.24910896,-0.13941455,0.1840472,-0.20870784,0.22687714,-0.21831106,-0.28392893,0.22627601,-0.07087651,0.25204495,0.24311209,-0.2661623,-0.038049452,-0.27574533,-0.24155307,0.38964662,0.061595235,-0.15855987,0.4959829,0.054215286,-0.76548535,-0.26848966,-0.10377912,0.20217487,-0.071651414,-0.32913157,-1.1271596,2.050614,1.1940845,0.30048683,1.2916887,-2.817209,2.0220942,-0.11309492,0.07101963,2.0925903,-2.5053897,-0.12269894,0.08049511,-0.28496647,-2.256911,4.708648,-0.0084738275,0.00363331,-0.043406017,0.24177875,-4.7815104,0.80416584,0.065552145,-1.0483867,-2.3834715,0.5062912,-0.96026593,1.0143197,-0.9263077,1.0853908,-1.0152042,1.0792948,-1.0109679,0.98647237,0.26259944,-0.21495423,-0.9788023,1.0524914,1.0614158,-1.0349488,0.98543054,1.0432326,-0.9719395,-1.0501175,1.0455223,-0.95968413,0.93804085,-0.9748735,-0.7030214,0.90411305,-0.36191413,0.9976876,0.96883845,-0.96952355,-1.0362159,-0.9055085,-0.9622585,0.9884757,-0.23462051,-0.9233664
321,-0.04003808,-0.0009059388,-1.0000921,-0.00042974693,-3.7538368e-05,-0.00025963862,-0.26418015,0.27063015,-0.24580063,0.21544486,-0.26659137,0.24996479,-0.22272578,0.25647372,0.1618969,-0.21631552,-0.28017527,0.25283167,0.31861883,-0.29570034,0.10992803,0.2622805,-0.2397458,-0.104630515,0.14593677,-0.2160824,0.2438889,-0.22420382,-0.29548153,0.17766973,0.030388929,0.22808555,0.2399436,-0.26134598,0.048954464,-0.27273688,-0.2502959,0.37845558,0.12075614,-0.14358692,0.3445772,-0.07847415,-0.88951963,-0.5211161,0.30336067,-0.7245392,0.051937904,0.3534225,-0.48810947,0.23337539,2.7698474,0.156952,-0.07340902,0.66423273,2.168009,0.11081889,0.15738842,3.5836492,-2.447331,-0.22610778,0.5468707,-0.29480913,0.48861513,-1.2343318,3.9270115,-0.497007,-0.22975767,0.33864456,3.9476957,0.27279443,-0.050878547,-0.8198187,2.3870173,0.83930683,-0.99939877,1.0054328,-1.0435678,1.0100166,-0.99128354,1.0249119,-0.9675087,1.0099185,0.26212537,-0.70064914,-0.96056634,1.051325,0.9913465,-1.029176,0.8980733,1.0560621,-0.9124518,-1.0362566,-0.43309438,-0.9774639,1.0168471,-0.96679676,-1.0258008,-0.8728025,0.99131316,0.8899696,0.92446816,-0.983959,0.9872145,-1.0407372,-0.98474056,0.98848164,0.9568421,-0.6798372
322,-0.044503946,-0.0058982186,-0.9952526,4.7630787e-05,0.00052281225,0.0014787856,-0.2727789,0.2621575,-0.22322042,0.20533134,-0.2546382,0.2544134,-0.232713,0.2650341,0.15931138,-0.2213412,-0.27741653,0.24909155,0.31594682,-0.2763583,0.06187671,0.26057893,-0.23344578,-0.09698444,0.12368248,-0.22510935,0.24036114,-0.22935213,-0.28747702,0.19852954,0.090528265,0.22990726,0.24435976,-0.24829805,0.11218194,-0.2734984,-0.24077469,0.35587648,0.17127663,-0.15764828,-0.25109437,-0.32574406,0.7777953,-0.28835195,0.3770206,0.36545253,-0.20292465,0.3196686,-0.09670845,-0.062452596,-0.7408903,0.1386204,-0.33063674,0.6085583,-3.0705764,-0.18283798,0.24051909,1.382645,-0.9601213,-0.21715288,0.073273845,-0.22340384,-0.9184515,2.0802255,2.626637,0.15156585,0.4026704,0.35433763,2.8218105,0.34216952,0.11549077,2.1750362,1.9791459,1.960616,-1.0516163,0.9835866,-1.1313784,0.9993468,-1.0159519,1.0193523,-1.0479718,1.0314515,0.35119313,-0.67196995,-0.9543445,1.0344853,1.0373383,-0.90626895,-1.0711999,1.0065414,-0.9209138,-1.0909126,0.49485976,-1.0458763,0.9742777,-0.98406225,-0.4174709,1.0233628,0.78435624,0.9288469,0.9979525,-0.91266805,1.0284026,-0.9966001,-0.95217717,1.0215805,1.0651374,-0.9638245
323,-0.036242407,-0.00093877275,-0.99894214,-0.0028433574,-0.0016564284,-0.002326031,-0.27911934,0.24499531,-0.23106097,0.21280776,-0.25018337,0.25761765,-0.23130609,0.26626426,0.16223645,-0.2325809,-0.26692414,0.25818005,0.31348717,-0.24139298,0.12749995,0.24562013,-0.25928926,-0.1387964,0.07697271,-0.21699467,0.24402721,-0.24547414,-0.24953994,0.22007811,0.017483521,0.24776788,0.24796304,-0.24495679,0.032552864,-0.2677258,-0.24422778,0.33097827,0.13446514,-0.13993862,-0.4279215,-0.4511106,0.013368378,0.301915,0.07242375,-0.1932204,-0.032117024,-0.33926123,0.09381967,-0.28168172,0.60900533,0.13283245,-0.027562086,1.4618474,3.246568,-0.41515017,-0.72142875,-0.17130269,-2.4726784,-0.08372031,0.1733693,-0.4064876,-0.24788927,0.9617436,-3.4782698,0.6750881,0.24411009,0.3651714,-3.782223,0.5464069,-0.07238672,-0.71634185,-1.3895507,0.88513297,-1.0284169,0.990504,-0.9594795,1.0428032,-1.0658618,1.0372187,-1.0150821,1.0040119,0.28336984,-1.020176,-1.0652262,0.88924646,1.0321411,-0.9760134,1.0198278,0.9471396,-1.0804334,-1.0738374,-0.760629,-0.98867166,0.9793629,-1.0104696,1.0308337,1.0565282,-0.6532931,1.0181146,0.9854033,-0.9093137,-0.6133001,-1.0213753,-0.9883717,0.9292161,0.25973395,-0.36615285
324,-0.04428135,0.0052307337,-0.9997002,0.004952493,-0.00027474936,0.0010614629,-0.27594897,0.25902227,-0.25191838,0.22075513,-0.25948486,0.24496019,-0.22535893,0.26272526,0.15157707,-0.22859915,-0.23391956,0.26611838,0.32216746,-0.2364566,0.16128223,0.2534202,-0.25303456,-0.13152409,0.068523176,-0.22325227,0.24185939,-0.24419652,-0.26271304,0.17848673,0.07368695,0.240372,0.25788832,-0.24198869,0.024160998,-0.2677026,-0.24794088,0.3229668,0.12949415,-0.14309597,0.15797108,0.35455772,-0.5956323,0.16681394,-0.30421758,-0.4205171,0.1169146,0.0053928085,-0.33062434,0.17663044,1.9768237,-0.016031738,0.18375455,0.13340399,2.027318,0.34497347,0.27711844,3.1484797,0.29706487,-0.342731,-0.3265918,0.07123594,-1.8963777,-1.1972042,2.3785334,-0.30196604,0.292986,0.14593124,-0.1534396,0.057519935,-0.06704651,-0.11274597,-0.16562666,0.5456925,-1.0182911,1.0523479,-0.9775913,0.92034876,-0.99123824,0.98267937,-0.9627018,1.0112932,0.25181872,-0.9854263,-1.1190991,0.9455503,1.0347282,-1.0473284,1.0521215,1.0425224,-0.9757326,-1.1206838,-0.99913645,-1.0123049,0.9534187,-1.0312911,-0.95462304,-0.17795455,0.90372956,0.9427361,1.0657657,-0.96552813,0.08004889,-0.99714744,-0.99539095,1.1131109,0.48758107,-0.7569816
325,-0.04491008,0.0026109621,-0.99975127,0.0009911386,0.0025220565,0.0015899832,-0.28843084,0.25527388,-0.213211,0.21774182,-0.25820613,0.25096253,-0.22587119,0.2642746,0.16953093,-0.22976547,-0.25247324,0.25393248,0.30953792,-0.24182318,0.11247714,0.25412843,-0.24632008,-0.14921458,0.04952435,-0.22647727,0.25532907,-0.25236833,-0.22826217,0.20125793,0.09199548,0.24029505,0.25333008,-0.2442523,0.08937516,-0.27853256,-0.2422489,0.3500211,0.14373957,-0.09323962,-0.8749907,-0.25858763,1.3331655,0.12814164,0.052065466,0.19357836,0.3170581,0.024990216,0.43905243,-0.0045782328,-1.7203046,-0.134744,-0.4588053,5.6782683e-05,-3.4372053,-0.008792303,0.041863915,0.5249836,-0.22376834,0.10563859,0.77192396,-0.45935935,0.23619719,1.2310528,1.0023253,0.15337874,-0.3264598,-0.17483841,3.0003476,-0.22442263,0.18177143,1.3828932,0.39035043,2.074027,-1.0983475,1.0265385,-0.9866213,0.9969488,-1.0581771,1.0345873,-0.9713766,1.0114652,0.39727417,-0.9904943,-0.99058825,1.027497,1.0052242,-1.0687664,-1.0052321,1.00617,-0.9654302,-0.99976194,-1.0056448,-1.0308474,1.0841298,-1.0861027,0.7325781,0.90883046,0.4039257,0.9687749,0.97446924,-0.97844535,0.9649231,-1.0365644,-0.926619,1.0241946,0.64675844,-0.20923959
326,-0.044117074,0.00091623986,-0.9977049,-0.0029439868,-0.0034251804,0.0048339167,-0.28845793,0.25419146,-0.22307022,0.22671792,-0.2521237,0.26217884,-0.2309548,0.262892,0.16578774,-0.22612152,-0.249199,0.25833312,0.3160381,-0.23721738,0.17075047,0.25162858,-0.23985238,-0.13671122,0.0061229244,-0.21757393,0.24807782,-0.25245562,-0.20069592,0.23565288,0.00079582643,0.24727559,0.25340694,-0.24867873,-0.010994458,-0.2751087,-0.23831256,0.3469369,0.10830426,-0.10824555,0.0034955146,-0.24644375,-0.21996877,-0.009855801,0.22890256,0.23445335,-0.20591204,-0.21234168,-0.45818377,0.32040548,0.059338383,-0.23978147,0.24567537,0.3159095,2.7225153,-0.1359296,-0.047516298,3.452734,-2.0932472,0.27464506,-0.4704248,0.37600288,-1.5627089,1.2830096,-4.0990796,-0.017407695,0.14634009,-0.15416278,-4.579907,0.32580552,-0.040322907,-0.7630933,-1.3994846,-0.5697225,-1.0177634,1.006255,-0.97135144,1.0048269,-0.9466696,1.0682724,-1.076566,0.96930754,0.11320554,-0.9153365,-1.1252224,1.000347,0.8933402,-0.97167814,1.0445809,0.9890449,-0.9605975,-0.9501103,-1.0238383,-0.93432564,0.96084017,-0.99172574,0.33045343,1.0088602,-0.84905314,0.98502535,1.0455881,-1.0238394,-0.9012817,-0.9844766,-0.9787386,0.99339706,0.15618463,-0.38321343
327,-0.043548822,0.0060978383,-0.99666286,-0.00014025744,0.0013386554,0.0033896654,-0.27599362,0.24038899,-0.23537874,0.21840832,-0.26115146,0.25496978,-0.22770184,0.25657058,0.17092441,-0.22274229,-0.22537382,0.25792256,0.3103345,-0.25311112,0.17579447,0.24488531,-0.2436384,-0.12208851,-0.06499599,-0.22255604,0.23727024,-0.2570141,-0.23161654,0.23879668,0.07403423,0.23564276,0.23488456,-0.25623593,0.06959335,-0.27469584,-0.24362282,0.3757065,0.15067524,-0.089476705,0.23832814,-0.15693954,-0.8304116,-0.026427845,-0.6212384,-0.08269269,-0.29962063,-0.17104658,0.33996454,-0.45431343,1.6660775,0.0069157784,-0.23542158,-0.77875626,1.4563491,-0.060527265,-0.062545,1.0098263,-3.621529,-0.33491468,-0.27243662,-0.04377681,-2.1480458,0.06404606,3.0848093,-0.011281507,-0.64462286,-0.1737516,3.8364098,0.1837009,-0.18085164,1.3490512,1.6765804,1.5612013,-1.0491507,0.9722444,-0.9712253,1.0856572,-1.0176438,1.0125558,-1.0274961,0.9095138,0.44019133,-0.9678259,-1.0459768,0.954728,1.0289197,-1.0763512,1.0784721,0.9908679,-0.9358934,-1.0566149,-0.9720964,-0.9836475,0.9490687,-1.096902,-1.0153139,0.95891744,1.0217063,0.97090733,0.87417674,-1.0830419,1.0640826,-1.0208386,-1.0228028,1.0043739,0.9382783,-0.5312095
328,-0.040038273,0.0021646884,-0.9989577,0.0010589281,0.0005103763,0.0007203804,-0.26864314,0.24677572,-0.20321207,0.21929081,-0.2582337,0.26764965,-0.2368658,0.25375962,0.1886099,-0.20960416,-0.2704096,0.25042927,0.29776123,-0.29253164,0.14770815,0.25551093,-0.25828856,-0.15668662,0.01828857,-0.22003056,0.25391522,-0.24169318,-0.25679877,0.26453212,0.022161622,0.23795158,0.23799843,-0.24819681,0.1286288,-0.28032634,-0.24208288,0.3857277,0.17642483,-0.10960354,0.14272839,0.07641392,1.2681881,-0.0054823244,0.12991859,0.512196,-0.016716627,-0.15353459,0.4033457,-0.039301757,-3.456041,-0.08144854,-0.2859926,-1.1152291,-3.6292315,0.24470371,-0.44636405,0.35712135,3.4338303,0.3896252,0.7148053,0.13627312,-1.1811743,2.3209832,-1.7659918,0.020493837,-0.09216692,0.20271003,2.2561615,-0.109773725,0.2927739,0.40968993,1.1013341,-0.66426015,-1.0209948,0.966251,-1.0326102,0.975993,-0.97205776,1.02854,-0.98060066,0.961289,0.5776261,-0.57569873,-1.004681,1.0187396,1.0483649,-1.0672677,-0.95699483,1.0349629,-1.0457766,-1.0347059,0.9937751,-0.93880486,1.093077,-1.0289222,-0.97983074,0.8571295,-0.52560204,0.9550593,0.93280536,-0.88205427,0.9736074,-1.0061041,-0.8973,0.9678797,0.9292211,-1.0183144
329,-0.040899206,3.1883854e-05,-0.9973595,-0.00040640312,0.0033802455,-0.0003372262,-0.26895744,0.24882701,-0.21643472,0.21614738,-0.26031473,0.27084577,-0.23402709,0.25025395,0.1902741,-0.21211168,-0.294607,0.25739503,0.28928983,-0.29708776,0.17606193,0.26717103,-0.24570164,-0.15791568,0.060853247,-0.21685198,0.24616387,-0.23052058,-0.28502697,0.28230193,-0.05152514,0.24340898,0.23597161,-0.25913873,0.0069421786,-0.27060863,-0.24445638,0.3754356,0.11849253,-0.15805505,0.14406443,0.07220072,-0.4687573,-0.27336687,0.026930947,0.06475275,-0.036334034,-0.0069178515,-0.0027045452,0.03521562,-0.79512185,-0.028878748,-0.39147553,0.111200035,1.7900736,0.27559805,0.22362924,0.98468065,0.091350764,-0.13021468,-0.40229833,0.47964793,-1.592118,1.516129,-3.2662687,-0.24770144,0.02697524,-0.34523493,-5.463358,1.0518788,-0.2988662,-1.089901,-2.4922678,-1.5929154,-1.0156423,0.94491106,-1.0165879,1.0321159,-0.98851913,1.0265049,-1.0006547,1.0633961,0.49861178,-0.5295954,-1.0236062,0.9494788,0.9528252,-0.9482781,1.0038247,1.0873717,-0.9659261,-0.9778331,1.0505104,-1.000625,0.9670172,-0.92456776,-0.9471341,0.8944219,-1.0002644,0.9410308,0.93236727,-1.0411711,-1.0205654,-0.9741311,-1.0382715,0.96264404,-0.035879806,-0.99716544
330,-0.039631557,0.0036492827,-0.99950105,-0.0029117635,-0.0037176295,0.0024638025,-0.2597791,0.23875932,-0.24267793,0.21143173,-0.2524662,0.26083043,-0.22980785,0.25926456,0.19833782,-0.22321711,-0.27610755,0.25075546,0.29015616,-0.29321176,0.16429159,0.2470139,-0.24785188,-0.18023685,0.10591693,-0.22036147,0.24174817,-0.23873603,-0.26339683,0.24003893,0.042086978,0.2322616,0.23321307,-0.25947103,0.051813226,-0.2676868,-0.24435055,0.37488133,0.11901867,-0.15130904,-0.32468188,-0.19186786,-0.8530583,-0.26582557,0.059999708,-0.53514737,-0.115010835,0.43948737,0.10532472,-0.24766912,1.6241044,-0.04719031,-0.19229473,0.32070512,0.9830589,-0.5282418,0.076856755,-0.4858443,0.63925594,-0.24327652,-0.041177213,-0.28075644,1.337584,-2.100878,3.688205,0.13482082,-0.12726367,0.1478809,2.44759,0.2885517,-0.014846623,0.07494085,0.305862,1.1738319,-1.0372194,0.9103032,-0.9424014,1.0405804,-0.8451841,0.92262113,-0.98337525,1.026121,0.59597903,-0.73634243,-1.0575347,0.9693616,0.9959145,-1.0330784,1.0247545,0.9497562,-0.9658072,-1.0109905,0.99736714,-0.9923302,0.99897075,-1.044702,-1.0309012,0.6389484,0.9285113,0.9674934,0.9107499,-0.9970697,0.72737014,-0.9605815,-0.9897637,1.0396792,0.5564166,-0.915502
331,-0.035501286,-0.0011541363,-1.0003736,0.00056265265,-0.0013315029,-0.0029405633,-0.27529508,0.25479016,-0.20461851,0.20845993,-0.25857076,0.26465347,-0.241979,0.26322168,0.18918763,-0.23503226,-0.2965677,0.2510179,0.29673678,-0.26536062,0.115766644,0.24669911,-0.2476437,-0.20290068,0.14774582,-0.21663712,0.23277976,-0.24419214,-0.2992256,0.23642182,0.030521763,0.23297526,0.24146347,-0.2646489,0.12005731,-0.26823345,-0.24743655,0.3704108,0.09894622,-0.1559007,-0.24995653,0.6269553,1.1758817,-0.13385168,-0.14032835,0.34252998,-0.1234628,0.053198338,-0.20453666,-0.66106874,-1.931827,-0.23677301,0.31476727,0.9078342,-3.9666712,-0.03408244,-0.19618344,0.73863363,2.6037526,0.35570648,-0.4048826,-0.26172143,-2.9604743,0.15044956,-0.08065861,0.026419245,0.13261391,-0.5162904,2.8555546,0.29609963,-0.031177154,-0.09927061,-1.0311348,-0.12394479,-1.0504247,1.0417337,-0.97161263,1.025756,-1.0375661,1.0259911,-0.9830908,1.0048037,0.5167267,-0.83606017,-0.9558201,0.93201214,1.0482547,-0.91631716,-1.0336068,0.9820074,-0.9852142,-1.0284028,0.7762166,-0.91319185,0.920322,-1.035303,-0.9170795,0.9926514,-0.092825025,0.9485653,0.9287585,-1.1226128,1.0609537,-0.9905445,-0.9967996,0.94729865,0.19455135,-0.9151454
332,-0.033005662,0.009252297,-0.99872625,-0.0011039344,0.0014473883,-0.0024009417,-0.27837378,0.277987,-0.22114758,0.21138345,-0.27283657,0.24939758,-0.2299922,0.25681683,0.18295957,-0.22618261,-0.3124968,0.25681937,0.30806756,-0.27536073,0.15365006,0.2450542,-0.24288669,-0.21051918,0.15972339,-0.2066439,0.24594708,-0.25621465,-0.32352754,0.17424732,0.0013278179,0.24591528,0.24227524,-0.27252242,0.0055748685,-0.26399413,-0.24512044,0.37001115,0.093318336,-0.11445197,-0.030473007,0.7356869,-0.31881166,0.09996611,-0.45978832,-0.7721764,0.475672,-0.1557687,-0.46723524,0.76173675,-0.11355884,-0.0561892,0.35568157,-0.39106873,2.486124,0.014444471,0.24094138,1.6189504,-0.9809626,0.37243596,0.532279,-0.29188645,-0.9612613,-0.43399468,-1.404113,0.049843553,0.13467719,-0.10019964,-5.3738704,0.69508237,0.09329023,-0.4305838,-0.26138264,2.5110393,-1.0340853,1.1046486,-0.98717093,1.0068123,-1.0906348,0.9754586,-0.94887,1.0695363,0.394822,-0.725454,-1.059332,0.99141794,1.045762,-1.0816637,1.0214846,0.9882572,-0.92531383,-1.0596774,-0.99119973,-0.924597,0.99308485,-1.0111849,-0.722524,-0.58136266,-0.413071,0.96010447,0.93990606,-1.0386922,-1.0157717,-0.9916456,-0.96150994,1.031989,0.31436586,0.2839441
333,-0.035245035,0.011218353,-0.9993709,0.0010857829,0.00023746165,-0.00066966785,-0.2560669,0.24665187,-0.20071407,0.20664182,-0.26778528,0.25190347,-0.23172745,0.26524335,0.17933284,-0.2378198,-0.32738972,0.24654126,0.30770293,-0.25447214,0.07207178,0.25081682,-0.24561746,-0.16981599,0.11995695,-0.20126885,0.22604692,-0.2509349,-0.34127274,0.2077109,0.078055106,0.23894009,0.23526865,-0.26937932,0.07440078,-0.26052636,-0.24552873,0.37140238,0.0733644,-0.12126678,0.53494793,-1.0630769,0.50362426,-0.17985596,0.116650455,0.22652078,-0.14339802,0.14987807,-0.30938363,-0.19415465,-0.6394016,-0.3583302,-0.031862043,0.8536621,-3.7945192,0.0122660035,-0.4891797,4.5600343,-1.3413258,0.3415493,-0.69093937,0.20545821,-1.9965874,2.757367,3.1789877,0.05177686,-0.18892619,0.028423557,3.6239693,0.1305502,0.0905573,-0.026468432,-0.98314667,-0.39488322,-0.91001004,0.912036,-0.9944228,1.0386616,-1.008255,0.98183656,-1.0982184,0.9498309,0.35412136,-0.94933146,-1.0382639,0.9309044,0.9586706,-0.988612,-0.94519657,0.9936703,-0.9981396,-0.9627494,-0.9610966,-0.92025214,0.90193516,-1.062799,-0.96564555,0.99540573,0.75383824,0.9920383,0.91883725,-1.0269473,1.0636874,-0.92968196,-0.9515713,0.9707937,0.085366234,-0.98895174
334,-0.03989111,0.0034463552,-0.99959904,0.0014516029,0.0011168492,-0.001997497,-0.2748975,0.249479,-0.21160808,0.20590508,-0.2552309,0.25872985,-0.22672711,0.26569474,0.17869656,-0.24081363,-0.3128206,0.23534283,0.31442854,-0.22840035,0.13448927,0.23907831,-0.259686,-0.19692224,0.08062932,-0.20456117,0.24276152,-0.25739336,-0.2809768,0.22549711,-0.003617045,0.24326149,0.23528427,-0.26678315,0.03718017,-0.2630026,-0.24685413,0.37141895,0.12682302,-0.07954568,-1.2209507,0.013962244,0.045022514,0.07129032,0.42968854,0.13241372,0.22134916,-0.02312769,-0.013152022,-0.2683429,0.5407955,-0.35411477,0.05765031,1.5144634,2.9156063,-0.20254555,-0.38904354,0.306505,-2.1619399,-0.56798214,0.886042,-0.45629176,1.715562,-0.84671557,-3.6631606,0.2236959,0.010840642,0.35171568,-1.8611258,0.22914428,-0.14800854,-0.08716502,2.3159535,1.9010983,-1.0706131,1.0302875,-0.899476,0.9587649,-0.9697458,1.0300598,-0.9476494,1.0929114,0.32940567,-1.1117718,-1.0022415,0.97871006,1.0199621,-0.9710812,0.99061984,0.9481853,-1.0410864,-0.99057364,-0.94442505,-1.0412982,1.0308988,-1.061315,0.7745955,1.0270609,-0.8371363,0.9898744,0.92349404,-0.98392785,-0.1832861,-1.0332743,-1.0077744,0.99055105,0.9751071,0.2859087
335,-0.038024746,0.00013444963,-0.9951529,0.0016539008,-0.0013483178,0.0024776277,-0.2614682,0.24890284,-0.20734823,0.21481995,-0.25570884,0.26306874,-0.22804995,0.27053043,0.18025932,-0.23410541,-0.3042938,0.24166368,0.31276882,-0.23514597,0.08793156,0.24111485,-0.24901772,-0.16889833,0.041983336,-0.20038025,0.23303655,-0.25764298,-0.2774818,0.2436031,0.086163945,0.24313599,0.2532927,-0.26220948,0.005675501,-0.27199966,-0.24745038,0.35733995,0.086024195,-0.11883794,0.16535147,-0.30745727,-0.17482162,0.013982236,-0.28771663,-0.09751415,-0.27815565,0.24734685,-0.35433695,0.45002484,0.8151298,0.23097621,-0.11318635,-0.14164956,-1.3393891,0.022853628,0.004740704,3.7758346,-1.4357582,0.11215033,-0.5976587,0.39146787,-2.560975,1.3109665,3.6001856,-0.17816354,0.3965584,0.13586985,-1.4616998,-0.12810694,-0.067118816,-0.88615984,-1.8253802,-1.5538758,-0.92251384,0.9872641,-0.99975646,0.91029894,-0.9876387,1.0353957,-1.0843047,1.0926609,0.32725853,-0.91936797,-1.001971,0.994534,0.9568615,-0.99249077,-0.19270605,0.96737415,-0.9922809,-1.0121158,-0.98653483,-0.9192059,0.90345085,-1.0486072,-0.36924985,1.0274878,0.9749649,0.9677169,1.0418273,-1.0075777,-0.24253784,-1.0080087,-1.0025246,0.97657853,-0.031334605,-0.9503045
336,-0.043292653,0.015900515,-0.9997138,0.0005836948,0.001321957,-0.0007671667,-0.27773553,0.24666975,-0.23099147,0.20901683,-0.26995465,0.2536746,-0.22784285,0.2745906,0.18292215,-0.23650524,-0.2752929,0.23980913,0.29812345,-0.22631806,0.16905352,0.253051,-0.2553195,-0.16754879,-0.0077078305,-0.21204895,0.23383029,-0.25566703,-0.28458875,0.25131366,0.057230078,0.24077088,0.24843271,-0.2572191,0.088250294,-0.27312312,-0.2490996,0.36821574,0.13500631,-0.084172964,-0.49037823,-0.10169613,-0.66311145,0.025007483,-0.41703036,-0.34901685,0.089963265,0.33932948,0.2834788,0.033572916,1.1250788,-0.2716802,-0.5027697,0.47937137,3.413208,0.34842438,-0.20138209,0.5744147,-1.5723579,-0.36189994,0.18351908,0.030396268,-0.12797053,0.24775721,-1.2529187,0.013444137,-0.17496793,0.17529346,3.8560355,0.3092883,-0.10007837,0.41193584,2.0811677,2.09393,-1.0921478,0.98889834,-1.1076059,1.0493176,-1.0441761,0.9935752,-0.96255505,1.0642867,0.4209884,-1.0064638,-0.9889257,0.9947519,0.93758893,-0.9258996,1.0634904,1.0308589,-0.99255437,-0.9822849,-1.076009,-0.9927767,0.94272786,-1.0235792,-0.5232397,0.9776736,-0.04424545,0.9621907,0.9474339,-1.0020416,1.1299515,-0.9899691,-1.0212423,0.9426483,0.9645216,0.20688465
337,-0.045274116,0.014272922,-0.99886256,0.0024262576,0.0018768506,0.00037369944,-0.27385148,0.23196055,-0.20025432,0.2156556,-0.2639761,0.24159056,-0.22933066,0.27845475,0.19141491,-0.24027938,-0.29842424,0.24050798,0.30364546,-0.23281765,0.10258216,0.25792614,-0.2682772,-0.2158748,0.018271491,-0.2069548,0.23934786,-0.24064858,-0.20959957,0.22883396,0.0926191,0.25074938,0.24523342,-0.26002613,0.13640381,-0.2746883,-0.25587416,0.37052923,0.11107104,-0.1029031,-0.059440285,-0.10697241,0.44401935,0.15930189,0.42393973,-0.34804004,-0.12099412,0.013312902,0.22072214,-0.17744188,-1.5198034,0.14681062,0.18231325,-0.12768874,-4.028481,0.1130457,-0.51892024,-0.4532085,1.2991117,0.27890658,0.26649815,0.24163842,1.8265918,-1.456461,1.7716118,0.6064662,-0.057709415,-0.0038140763,1.9846947,-0.15248139,-0.24658951,0.282924,-1.166277,-0.87099034,-0.96739095,0.93279874,-1.0291871,0.9439154,-1.00751,0.89088076,-1.0048726,1.0617546,0.43079412,-0.9989254,-1.0964013,1.0538697,0.9781212,-0.9963279,-1.0475305,1.0419779,-1.0712856,-1.0039754,-0.1096082,-0.90868264,1.0004936,-1.0248644,0.950532,0.873523,0.53040695,1.065851,0.97859013,-0.99820054,0.96819603,-0.95417273,-1.0754247,0.95142335,0.20506203,-0.9022194
338,-0.043147992,0.019059636,-0.9961697,-0.0018090078,0.0011828735,0.0025042465,-0.28299946,0.24990653,-0.22418258,0.22232713,-0.26145405,0.25068116,-0.23190019,0.26750827,0.18829447,-0.23056751,-0.2937167,0.2496978,0.30604327,-0.2462453,0.1385377,0.251671,-0.24993336,-0.21031484,0.019967748,-0.20885608,0.25920728,-0.25524235,-0.20765223,0.24662936,0.058660444,0.24692118,0.2495175,-0.26090205,0.022161605,-0.2746854,-0.25256512,0.38884893,0.07764397,-0.095739335,-0.28758267,0.34647408,-0.59762883,0.2960221,0.05313899,0.3676758,0.06390876,-0.35335976,-0.3369813,0.28164673,0.6964423,0.3917684,0.25026658,-0.29714623,2.3098793,-0.0141391745,0.27184457,2.0099037,0.10496672,-0.43997824,0.89354354,-0.47626308,-0.4858574,1.4131502,-1.989264,-0.5733782,-0.052858878,0.09160136,-5.5073214,0.5725007,0.14778897,0.29887906,-1.2014284,0.3108354,-1.103258,1.0087975,-0.9257271,1.0386579,-0.9562944,1.019369,-0.9157236,1.0184163,0.443556,-0.8651481,-0.9908693,1.042977,1.0114495,-0.9920089,1.0874858,1.0299728,-0.949333,-1.0526593,-0.6262759,-1.0009364,1.0833514,-1.0838771,-1.0012736,0.5470953,-0.25751403,0.9528079,0.96786785,-0.9802374,-0.97105074,-0.9601957,-0.9733264,1.0220875,0.08558836,-0.35686854
339,-0.04556496,0.010738247,-0.99797237,0.0007889177,-0.0012328271,-0.00027906126,-0.29302916,0.24909732,-0.21162298,0.21653949,-0.271081,0.24923195,-0.23325413,0.26804143,0.18089145,-0.23813002,-0.30337855,0.24287365,0.3097514,-0.2381506,0.05788898,0.27341044,-0.2406789,-0.19410767,0.047253326,-0.21184006,0.25147885,-0.23489982,-0.24628511,0.22969076,0.12814827,0.24384731,0.24542883,-0.26653826,0.09134759,-0.27551854,-0.24739486,0.38826972,0.07089,-0.1521959,0.2600584,0.21387057,0.010990389,-0.4789106,-0.10290757,-0.06956054,-0.010324824,0.20680355,-0.21744882,-0.26171413,-0.75755244,-0.48061806,0.2260733,0.28707573,-4.001611,0.38002774,0.006101094,1.8153423,1.7726231,0.04909575,-0.5770433,1.1037663,-1.7011436,-0.8155668,3.285778,0.052743945,-0.24117224,-0.23068778,3.599387,0.04654691,0.22024633,-0.24231604,-0.29868028,-1.88746,-1.1057819,1.0322729,-1.0026968,0.9215782,-1.0497969,0.94818246,-0.93666834,1.0139767,0.3653746,-0.99561167,-1.0557853,0.9221182,1.0053847,-0.9996999,-0.96459424,1.1075623,-0.92609817,-0.9796087,-0.060112298,-0.9411343,0.9796897,-0.8827999,-0.9672909,1.000431,1.0022534,0.9881216,0.94250965,-1.0610902,1.0841401,-1.0126923,-0.9397451,1.0055374,0.23673855,-0.91284865
340,-0.042851195,0.016124962,-0.99887115,-0.001838738,0.0013086555,-0.0007890993,-0.27327588,0.25737748,-0.22506543,0.22909823,-0.2705586,0.2508087,-0.2236435,0.27074707,0.19201966,-0.23542221,-0.30524284,0.2525208,0.3056494,-0.24230397,0.13067847,0.2529285,-0.242622,-0.22804645,0.009478102,-0.21390931,0.25040844,-0.24418412,-0.19424812,0.25692537,0.029438086,0.2515599,0.26221523,-0.2638531,-0.004126552,-0.27742246,-0.25125813,0.37319124,0.095126644,-0.11164275,0.011342731,-0.22967541,0.00881758,0.62738633,0.04818911,-0.23412165,0.35864794,-0.06677933,0.24589469,0.3664768,0.2100499,0.19806467,-0.10327211,-0.049923487,3.4247832,-0.6064783,-0.095284045,-0.43647414,-2.3190484,-0.29496896,0.13972872,-0.4410442,1.6397295,2.1234589,-4.40912,0.27552563,0.7888604,0.023396721,-4.3030334,0.1892021,-0.21934669,-0.521783,0.8397471,2.7058806,-1.0118389,0.9942479,-0.9498747,1.0500267,-1.0318453,0.9687235,-0.8771091,1.0477439,0.5049214,-0.8581566,-0.9922473,0.99726623,1.025768,-0.9507463,1.0424572,0.9701724,-0.9640555,-1.0575956,-0.9655338,-1.030433,1.0176209,-1.0520273,0.39859143,1.0275875,-0.8882239,1.0281701,1.1119025,-1.011899,-0.82147914,-0.94467896,-1.0431943,1.0122985,0.54456544,-0.18381318
341,-0.048512213,0.010613094,-1.0007869,0.0023342962,0.0023801925,0.0024735113,-0.25742844,0.2414216,-0.24790767,0.2265936,-0.25483093,0.23674065,-0.21933249,0.2718869,0.19337924,-0.24954088,-0.27564937,0.24315183,0.31003878,-0.2382442,0.116359174,0.23499297,-0.2471371,-0.19032493,0.05734036,-0.21545473,0.2465519,-0.24143375,-0.18732303,0.18197674,0.10720474,0.24376619,0.2576355,-0.2586193,0.014859197,-0.28179985,-0.23936312,0.38706437,0.09127285,-0.1282048,0.029110648,0.3458229,-1.0438377,-0.035554525,0.49048725,0.058451246,-0.1439686,0.023153838,-0.45660725,-0.4348914,2.0543957,-0.14789787,0.2826722,0.098648,0.32406977,-0.39378685,-0.16698425,4.26839,3.0803795,-0.29647982,-0.16992772,0.06667925,-1.0220604,-3.1506543,2.9694955,-0.2794711,-0.38360646,0.46097633,1.0477215,0.14244378,0.3929837,0.58846104,-0.11729478,-1.0566356,-0.96331376,0.96186024,-1.0093049,1.0883524,-0.8420489,0.9985507,-0.95244384,0.980181,0.3770437,-1.0603756,-1.0827863,1.0509207,0.9505452,-1.0084853,0.64400226,0.9247385,-0.9631506,-1.0202488,-0.04544027,-0.9774344,1.007245,-1.0071951,-1.0970713,-0.964268,1.0690763,0.9753466,0.9699392,-0.9414329,0.31867227,-1.0333035,-0.8845112,0.9888714,0.3494333,-0.98609746
342,-0.05139956,0.007206467,-0.9986356,-0.002456404,0.0014165251,-0.00045862832,-0.27315482,0.2580783,-0.20825152,0.22801328,-0.24953403,0.24872461,-0.2284514,0.27108714,0.18642545,-0.24623024,-0.28657252,0.246547,0.32063556,-0.23928623,0.08557992,0.24925812,-0.24334852,-0.21264283,0.052967664,-0.21741673,0.2595578,-0.23294143,-0.16885512,0.19174601,0.08706699,0.24561198,0.2614497,-0.2540327,0.08881949,-0.2773323,-0.24798407,0.38003695,0.090822145,-0.13802822,-0.68375695,0.42040354,1.4553908,0.012990566,-0.17056915,0.18928826,-0.17919894,-0.00065024116,-0.25400594,0.31759796,-1.708745,-0.049996965,0.27022237,0.033478163,-2.5798159,0.287151,-0.014473104,0.12908407,-1.2069039,0.10106155,0.437105,0.2226812,-0.90890634,2.0058792,-0.60006094,0.3629623,0.27950013,-0.04824901,3.3227944,0.039069124,-0.15784426,-0.5281518,-0.20105058,0.558505,-1.0115964,1.0327362,-1.013633,0.93168664,-1.0517066,0.9543135,-1.0570043,1.0548532,0.45843345,-0.8434252,-1.101947,0.9398954,1.0854676,-0.8922499,-1.0018201,1.001104,-0.9784249,-0.9857072,-0.34626067,-1.0088296,1.080161,-0.9592978,0.61198103,0.9802065,0.06285496,1.015292,1.0829288,-0.99771744,1.0251786,-0.93544227,-1.0189087,0.9812677,0.3083402,-0.7530927
343,-0.05252793,0.014294831,-1.0005448,-0.002940205,2.8895272e-05,-0.0015489528,-0.2778663,0.24680477,-0.21473588,0.23259035,-0.2638677,0.2383146,-0.23059684,0.26163134,0.18006697,-0.23723441,-0.29128295,0.25771835,0.31476605,-0.24582933,0.13132837,0.2552362,-0.25135744,-0.20759083,0.014554069,-0.21495754,0.2598594,-0.23236799,-0.19834986,0.21765494,0.03415632,0.2533536,0.26263547,-0.26109138,-0.014798772,-0.27590227,-0.25183743,0.37463903,0.081830144,-0.14171425,0.18046412,-0.35467207,-0.30263624,0.03696096,-0.3613174,-0.18201035,-0.042082503,-0.55459213,-0.23112121,0.5560901,0.36808142,0.45029363,-0.0071132714,-0.0996578,2.59578,0.259004,-0.20577514,1.4454176,-2.159087,-0.1390031,0.004975633,-0.009358924,-1.4300591,2.4522183,-2.3022196,-0.31362045,-0.12250806,-0.14900978,-5.015126,0.78117645,-0.2703465,-0.6049552,-0.116770774,0.12821688,-1.0514013,0.9580426,-0.92142564,1.0853938,-1.0474896,0.9333594,-0.9780235,0.95830977,0.37967125,-0.89952856,-1.0518093,1.0289818,1.0173345,-0.98607135,0.97618204,1.0457175,-1.0078421,-1.0466233,-0.9686141,-1.004099,1.0439078,-0.95844656,-0.78113973,0.9158989,-0.39927393,0.9738503,0.9981799,-1.0338327,-1.0204012,-1.0034661,-1.0586121,0.9122342,0.30906773,-0.64772815
344,-0.047034543,0.01321966,-0.9987961,-0.00053801923,-0.0015102902,0.001228395,-0.26738405,0.26498404,-0.21791884,0.23339777,-0.2683236,0.2532995,-0.22764638,0.27278972,0.18430786,-0.24003941,-0.29252654,0.24963684,0.3065212,-0.23078264,0.075969644,0.25450045,-0.24339612,-0.18945335,0.02867131,-0.22397543,0.25160286,-0.22991808,-0.23096688,0.25495967,0.10517818,0.24286668,0.2611367,-0.25577244,0.06445778,-0.27154255,-0.2488082,0.3814325,0.107114404,-0.13962272,0.7476871,0.44391412,-0.4787137,0.15712832,0.06435563,0.45744362,-0.06313843,0.643731,0.2925132,-0.5735406,-0.184986,-0.19573933,-0.1146712,0.38140458,-2.7100112,0.08546084,0.28090575,1.0601085,2.813586,0.021577394,-0.36622134,-0.032322325,-1.9858255,1.252746,3.2192721,0.13343681,0.066657476,0.1623253,3.9540665,0.3123227,0.08444765,0.8371324,0.963125,0.88333136,-0.9881574,1.09515,-1.0109735,1.0751101,-1.0537094,1.0483096,-0.9104038,1.1062936,0.51614475,-1.0425525,-1.0021036,0.94267076,1.0320503,-0.9507223,-0.44797304,1.0388236,-0.929163,-1.0613043,-0.102980785,-0.9444576,0.999542,-1.0071543,-1.0632801,1.0921445,0.9574511,0.9985444,1.0165868,-0.9517498,1.0524436,-0.88260835,-0.98232186,0.95038474,0.6251735,-0.9001152
345,-0.045198634,0.0055939346,-0.99741286,0.0054128678,-0.0026982375,-0.0001962652,-0.2684239,0.2543943,-0.23585974,0.22652313,-0.26264754,0.26332062,-0.23165226,0.26755846,0.17250232,-0.22819947,-0.27565572,0.25233722,0.32867092,-0.24608776,0.13054606,0.25457197,-0.25300142,-0.21393257,0.011603528,-0.2134713,0.24841522,-0.24729209,-0.20768449,0.31380108,0.06287976,0.25022778,0.24902482,-0.26104674,-0.034344573,-0.26971042,-0.25504535,0.38656786,0.104055695,-0.11293508,-0.004317858,-0.8400667,-0.12754333,-0.49887183,0.5651257,0.04349823,-0.23029615,-0.4498751,-0.54579014,0.8585148,1.1422095,-0.12041602,0.6191929,-0.4962451,2.968644,-0.1627763,-0.40638086,0.8734488,-2.6097353,-0.017148022,0.09638129,-0.28857747,1.2782,2.6719534,-2.234348,-0.101157464,-0.44032377,-0.06871646,-4.739105,0.39460507,-0.16936554,-0.6517675,-0.10265914,1.6552455,-1.0339357,0.9565855,-0.94894266,0.91755766,-0.9550352,1.0563525,-1.0548222,0.9683887,0.30742967,-0.7635349,-1.0149554,0.93089837,1.103844,-0.9619839,0.95739067,1.0127403,-1.0438418,-0.9844114,-1.0210798,-0.97556925,1.0058302,-1.0115404,-0.20113122,0.93920296,-0.22524577,0.9883583,0.95653814,-1.0270025,-1.0461651,-0.9738329,-1.0425655,0.9904716,0.3948128,-0.17234655
346,-0.0456783,0.00809524,-0.99958813,0.0009502494,-0.0019345212,-0.0025792802,-0.26710695,0.24315459,-0.2161094,0.21713777,-0.26126227,0.25430915,-0.22989045,0.2654655,0.1781384,-0.23646648,-0.29148662,0.2526273,0.3100003,-0.2346279,0.060506348,0.24701957,-0.24910937,-0.17285694,-0.00030114467,-0.21848723,0.2543501,-0.24309242,-0.22381242,0.2758485,0.12964508,0.23793872,0.23461331,-0.25599414,0.03238442,-0.2726851,-0.25075814,0.39714357,0.08839453,-0.100998476,0.5757843,0.13829999,0.2520551,-0.3641855,0.20755301,-0.11988595,0.2503695,0.11216555,0.039076116,-0.14313525,-0.9954447,0.10280464,-0.47658136,0.31174293,-3.4344416,-0.21736188,0.09067899,3.777163,1.1782566,-0.031929277,0.14524032,-0.25882244,-0.85417014,-0.7461929,3.1450508,-0.13279532,-0.5101485,0.2482211,3.4564836,-0.20239973,0.11981536,0.6073145,-0.57208747,0.9200836,-0.98191375,0.97188413,-1.0715692,0.97908324,-1.0060879,0.980568,-0.95377856,0.98014855,0.38684428,-1.0142112,-1.0462599,0.9541897,0.9435126,-0.98155046,-0.928164,0.9691555,-0.9814506,-1.0246788,-0.97425675,-1.0182517,1.0542746,-1.0951738,-1.0251895,0.2341825,0.99016994,0.96282715,0.88272303,-0.91030717,0.85217977,-1.0196434,-0.9776105,1.0165695,0.25055954,-0.9211212
347,-0.04513517,0.007434501,-0.9974039,0.0014390353,-1.2652352e-05,-0.00208643,-0.2789834,0.26488453,-0.2332408,0.21589601,-0.26596177,0.2609282,-0.2304649,0.2596967,0.17973943,-0.24435508,-0.28014258,0.25074843,0.3039853,-0.24010126,0.14141405,0.26472864,-0.25332382,-0.18744037,-0.051224142,-0.21227156,0.25572035,-0.24771336,-0.21860953,0.2599286,0.024354229,0.24129745,0.24086578,-0.25968638,0.043829985,-0.2773644,-0.24740474,0.38912836,0.12424863,-0.100157045,-0.013987668,0.75487965,-0.45467582,-0.03904094,0.1574564,0.41281283,-0.24371952,-0.3400759,0.3665443,-0.957288,0.5268423,-0.15014671,-0.08010472,-0.46385798,3.2918882,0.46570715,-0.14132808,-0.77196854,-2.0290155,-0.16038181,0.020816231,-0.0019996483,-1.0298494,-0.66902244,-4.9419208,0.103951424,0.24161811,-0.2545919,0.22225554,0.18886653,0.07234442,-0.55683386,1.2902937,0.4930746,-1.0374134,1.1071662,-1.0565013,0.94310826,-1.1041481,1.0940872,-1.0174919,0.8939744,0.38900796,-1.0785152,-1.0234662,0.9709627,0.97853196,-1.0002667,1.0504112,1.0780023,-1.0172455,-1.0416667,-0.6211598,-0.9693259,1.0220529,-1.0140556,0.24851944,0.90928906,-0.93376154,0.98025525,0.96355945,-1.0674325,0.24647263,-0.9513484,-0.9780897,0.9070455,0.75005084,-0.39193326
348,-0.039550275,0.0019939595,-0.99658823,0.0048573487,-0.0043929834,0.00046036713,-0.2806731,0.27231118,-0.22591838,0.20910195,-0.25740173,0.2692298,-0.2372213,0.25731912,0.1737248,-0.20997864,-0.28457877,0.25034788,0.31376207,-0.30122793,0.05080777,0.24979736,-0.24668375,-0.19577771,-0.008120448,-0.21961619,0.2369845,-0.24434614,-0.23234476,0.27586094,0.11314882,0.2349966,0.241115,-0.26005536,0.102181435,-0.26962453,-0.24639213,0.38452506,0.09803438,-0.11746235,0.5486808,-0.002474047,-0.20082481,-0.15816866,0.2620726,0.09812807,0.027415203,0.06737472,-0.3377593,1.2074116,-0.3127562,0.02467266,0.347022,-1.5683621,-3.652619,-0.38451964,0.2664516,1.2605757,-1.2152588,0.15496527,-0.5875653,0.031193236,0.1618555,2.7203302,4.008811,-0.05112353,-0.0041417615,-0.09023779,2.6519094,0.9054851,0.13200244,-0.4882143,-1.1223593,-0.4983601,-1.0679135,1.0397644,-1.0126832,1.1190665,-0.9464505,1.0143138,-0.96709126,1.0009625,0.33547887,-0.39667764,-1.0105097,0.99485284,1.0383239,-1.0284922,-0.7969938,0.98524636,-0.9300025,-0.93015724,1.1102449,-0.9722624,0.94559807,-1.0492609,-0.89603174,1.005428,1.0891836,0.9368415,0.94485146,-1.0088083,0.95850164,-0.9234699,-0.9617893,0.9987215,0.16154188,-0.9543501
349,-0.037966684,-0.0017970891,-0.9974161,0.0007527066,-0.0016009841,0.0028227682,-0.26499397,0.25822642,-0.24027018,0.21386811,-0.2584047,0.26091626,-0.23696835,0.25590676,0.19088118,-0.23797986,-0.28209242,0.2524134,0.2919246,-0.270405,0.12075671,0.2514203,-0.24254511,-0.20251901,0.078748494,-0.21834016,0.242452,-0.25141114,-0.23262648,0.24178131,0.0059976554,0.24012896,0.24720898,-0.2546383,0.075684205,-0.25736737,-0.25136253,0.37284,0.1407185,-0.13397804,0.50789183,-0.04343577,-0.20747454,0.0017309806,0.4661066,-0.09815412,-0.07353513,-0.17835444,0.5194298,-1.3337791,0.47773364,0.043500878,-0.6263817,0.9325669,2.7499437,0.012731022,-0.11091261,0.121077076,5.6582046,-0.29730162,0.42689252,-0.31280625,-0.4770625,-1.5727948,-4.771088,0.051431097,0.22979857,0.21408655,-1.4008249,0.486159,-0.22461413,-0.32840472,1.9270585,-0.38524035,-1.0114641,1.0007826,-0.99177134,0.98699313,-0.95119685,1.0055081,-0.9800707,0.9783064,0.5787159,-0.9886025,-0.97720087,0.9850856,0.978728,-0.9851799,0.99000144,1.0070548,-0.96490324,-1.0375034,1.0538437,-0.9924019,1.0238717,-1.0655888,-1.0495232,0.21377538,-0.9790439,0.95463663,0.98239726,-0.9535065,0.05598594,-0.9525487,-1.0442921,0.9825131,0.9584403,-0.9570025
350,-0.03455407,-0.0007338557,-0.999011,0.0031729674,0.0025246858,0.004973833,-0.24601807,0.26307777,-0.25853908,0.21819356,-0.252904,0.2561212,-0.22814396,0.25250515,0.19558093,-0.22545595,-0.24409005,0.2648779,0.27959228,-0.2865481,0.13322496,0.24605066,-0.2525425,-0.19719402,0.088995986,-0.22727636,0.23929559,-0.251912,-0.22872369,0.22577064,0.086707614,0.2476836,0.24652891,-0.25529483,-0.022918707,-0.2518314,-0.24620569,0.35882425,0.07343097,-0.16871087,0.45441353,0.19142671,-0.6182133,-0.06430272,0.15546085,-0.27629358,0.30106184,-0.08250554,-0.13411781,1.1769103,2.1130579,0.29516688,-0.35129303,-0.7626376,2.1613493,-0.3545057,-0.6000684,1.710331,-3.1973438,-0.21947663,-0.17302346,0.2123724,1.0499594,2.029901,3.2915003,0.023686908,-0.16191132,-0.0547181,-4.439087,1.1095755,0.21014431,-0.60246277,-2.9671133,-0.45944518,-0.9364523,0.96940607,-1.04508,1.0261672,-0.91307074,0.9951566,-0.94999975,0.9809434,0.58558697,-0.50475895,-1.014054,0.9741977,0.9583341,-0.96080613,0.97615117,0.96277094,-1.0327809,-0.99569017,-0.3432157,-1.0368555,0.9403074,-1.0194141,-1.0033395,-0.26842365,1.0703776,0.9753969,0.96999437,-1.0370878,-0.9523891,-0.9480926,-0.940124,1.0390844,-0.30841118,-1.0249845
351,-0.03349809,-0.001589886,-1.0011407,-0.0013484393,0.00028286027,-0.0003969856,-0.26176092,0.25311404,-0.22345227,0.2108635,-0.2600186,0.25215465,-0.22751532,0.26398602,0.18862365,-0.24007979,-0.26710418,0.25989315,0.27771577,-0.26393503,0.09847362,0.24007487,-0.25034776,-0.19421366,0.08012284,-0.22163132,0.23373239,-0.23652294,-0.2589435,0.22625405,0.09413089,0.23306604,0.24232171,-0.25364494,0.05483699,-0.25331452,-0.243686,0.3559511,0.12393623,-0.19121738,-0.16047332,-0.049226653,1.3039627,-0.17799434,-0.09551804,0.19793668,0.37225357,0.55387676,-0.072104424,-0.49943835,-1.8814768,-0.2281765,-0.044086177,0.8692934,-3.0762038,-0.06701114,0.10478605,1.042005,0.8373454,0.1368269,-0.26270714,0.28775463,-2.138778,0.39114913,0.5204678,-0.019561987,-0.059634287,-0.027805734,3.8429987,0.3574306,0.052193608,0.1499863,2.1821346,-0.6180243,-1.00944,1.0009669,-1.0164609,1.0166209,-1.0168661,0.94141406,-0.92542386,1.0879421,0.5013884,-0.94551784,-1.0728586,1.076213,0.9280847,-0.9906682,-0.954145,0.9580349,-0.97329557,-0.9727022,0.12145905,-0.9983401,0.93440914,-0.97367525,-1.0354033,1.02509,0.3213906,0.96157694,0.9460175,-0.99894255,0.9939953,-0.9308708,-0.96985984,1.0200562,0.9334866,-1.0695822
352,-0.030335424,0.0035245703,-0.99841344,-0.0022163587,0.0010164839,4.792053e-05,-0.26831856,0.2756412,-0.20968848,0.20912038,-0.25832722,0.25784028,-0.22191481,0.26084673,0.18614046,-0.23176323,-0.2797833,0.2617175,0.28574243,-0.27084067,0.14772043,0.26211527,-0.24374539,-0.23632917,0.0695022,-0.21492127,0.23494552,-0.233252,-0.24219638,0.2552306,0.00032119724,0.26305357,0.24545933,-0.26260036,-0.035488795,-0.24592474,-0.24752423,0.35328332,0.10293161,-0.20148203,-0.192119,0.5103034,0.41637552,-0.02392813,-0.047590807,0.06486366,0.1511667,-0.25651062,0.0051260414,0.41882974,-0.58152366,-0.19755939,0.21434258,-0.06705423,2.0226142,0.5045611,0.07929747,-1.006275,-1.2470764,0.4515256,0.043706995,0.3877965,0.26551527,2.2183921,-4.0750957,0.48221955,0.18560933,-0.35049418,-4.088365,0.36410463,-0.22273174,-0.44554064,-1.0142603,0.2979852,-1.0195884,1.1077502,-0.9929886,0.9519468,-1.0772157,1.0244641,-1.0162264,1.014991,0.532474,-0.7528272,-0.940933,0.982884,1.0248506,-0.997073,0.65224403,1.0737897,-0.9506419,-0.97551143,-0.29395702,-0.94240284,0.9263767,-0.89795125,0.09789124,0.9347157,-0.98473006,1.0557762,0.9932717,-1.0719085,-0.9211352,-0.97147185,-1.0422863,1.0831995,0.19794877,-0.63639104
353,-0.036134142,0.0112322895,-1.0021092,0.0025219345,-0.0021120305,0.0006977674,-0.29028437,0.26006335,-0.22628109,0.21589245,-0.27399677,0.23735906,-0.21359041,0.25829458,0.17967398,-0.2401467,-0.26280016,0.26256147,0.28401828,-0.25695148,0.13420063,0.24973153,-0.24859323,-0.2104485,0.052827884,-0.20907715,0.23271969,-0.22493994,-0.25712103,0.19201547,0.079849884,0.25444838,0.2607295,-0.26192114,-0.0791492,-0.25482616,-0.2513393,0.34556442,0.07253425,-0.19515379,-0.12573497,-0.12299474,-0.612858,0.17213863,-0.05273474,-0.46206605,0.14943603,0.04295205,-0.24676809,0.029162742,1.5987132,-0.21823055,0.23631439,0.3158544,0.84768546,-0.3489701,-0.23497038,2.636099,-1.2103212,0.21011163,-0.1693903,0.17954633,-0.31646124,-0.52013177,3.1206112,-0.38788357,0.2187751,0.15216124,-1.9541391,-0.18976803,-0.014453726,-0.032989167,-1.3206842,0.7629993,-1.1143129,0.96597165,-0.9322184,1.024251,-1.0691429,0.9778351,-0.9596529,0.9724002,0.3557614,-0.92222613,-1.0311128,0.9676208,0.8916212,-1.0099825,0.7013593,0.9746913,-0.9954291,-1.0334556,-0.98235965,-0.9128175,0.93331325,-0.9520007,-0.9468261,-0.94374335,0.920017,0.9814657,1.0424849,-1.003608,-0.6631321,-1.0024054,-0.9991635,1.0784955,0.005376813,-0.8866683
354,-0.035306245,-0.0014756732,-1.000633,0.0018099155,-0.00012680105,0.0003537418,-0.28247422,0.24805531,-0.19359624,0.20364219,-0.25874066,0.25794238,-0.21840174,0.26403683,0.18555707,-0.2534024,-0.27366653,0.24220645,0.2939142,-0.25163442,0.10810984,0.2532473,-0.2519481,-0.210487,0.08599831,-0.21199025,0.21953887,-0.22750418,-0.26815134,0.22862802,0.032446586,0.24852371,0.24956617,-0.26521128,0.010658325,-0.26533666,-0.25074205,0.36849275,0.09129528,-0.17984165,0.6812035,-0.10531484,1.2618443,-0.20133415,0.76006275,1.064871,-0.1818197,0.21919222,0.13954228,-0.58496773,-1.4850293,-0.65909404,0.4689219,0.18796283,-3.0372431,0.1637856,-0.13765068,1.2267338,2.9647856,-0.13650706,-0.28272232,-0.1984157,-1.5287395,2.217308,-1.8585618,0.33624047,-0.24267986,-0.22693722,4.297403,-0.24495724,-0.099289775,1.024385,0.9494479,0.7148459,-1.0331191,0.96989125,-0.98467404,1.0012761,-0.99446946,1.0473999,-1.0695236,0.97763556,0.45733997,-1.012635,-0.9681867,0.9335322,1.0084516,-0.98678285,-0.96996355,1.0293497,-0.9833629,-1.0534433,0.1780528,-1.0272994,0.8942802,-0.9972608,-0.84535265,0.949359,-0.39244324,1.0412339,0.96248937,-1.0763377,0.9327302,-0.97996116,-1.0293075,0.9867545,0.55949354,-0.9900588
355,-0.040880106,-0.0012236993,-0.99782306,-0.0025124366,-0.0016623887,0.001392521,-0.27613762,0.2543731,-0.20998803,0.21730475,-0.25093767,0.25091657,-0.21670163,0.24815565,0.1760679,-0.24439746,-0.26910904,0.24223153,0.31708035,-0.25467023,0.13211249,0.24958654,-0.24931759,-0.22310595,0.060499065,-0.20980832,0.26092583,-0.24538249,-0.2238081,0.2080418,0.030233646,0.24937896,0.24396792,-0.25966498,-0.07638334,-0.26055706,-0.2510979,0.39186814,0.07071199,-0.12328342,-0.028204286,0.34993142,-0.54608965,0.3231904,0.41849494,-0.120845184,0.123384066,-0.5048656,-0.3817595,0.8732844,0.92250854,0.10898525,0.69730824,-0.39050472,2.6338384,-0.10394602,0.013882126,1.5082082,-3.292261,-0.20749676,1.7399073,-0.7265703,1.4787264,0.73172325,-0.30922472,-0.23016465,-0.32649216,0.21750376,-4.2713413,0.8140988,-0.043880753,0.41314873,-0.8710941,2.91545,-1.0112407,0.98006153,-0.94325244,1.1082873,-0.9705812,1.0290761,-1.0068818,0.9609807,0.26522452,-0.821859,-1.0819881,0.9349436,1.0221131,-0.99462706,1.006757,1.0016977,-0.9585396,-0.9313985,-0.9775824,-1.0455545,1.1485329,-1.0468165,0.44777244,-0.1401446,0.02539865,0.9677922,0.92618835,-0.98509765,-1.1139777,-0.9514548,-1.0177014,1.0648341,0.10859688,0.03258299
356,-0.038006064,-0.003496405,-0.99936664,0.0023399726,0.0018009769,0.00336364,-0.27031484,0.24880436,-0.20506105,0.21082501,-0.25635964,0.2522751,-0.21710297,0.25444525,0.17623,-0.24195673,-0.2756666,0.2501995,0.3070696,-0.26342657,0.07093058,0.2478873,-0.21904385,-0.18746555,0.056784797,-0.2154293,0.25131205,-0.24662629,-0.2484924,0.19762984,0.11113785,0.22756615,0.24817501,-0.26080143,0.011284399,-0.26583645,-0.25078997,0.39356285,0.06161499,-0.14222667,0.53639394,0.22887276,-0.29658458,-0.39065978,0.0130924,0.17358777,-0.2410448,0.4812317,-0.02178324,-0.024493612,-0.73476905,0.084732644,-0.10912382,0.1706253,-3.2725751,-0.08596019,0.46632597,2.548158,0.85233307,-0.093108825,-0.64787394,0.14763734,-1.9657178,-0.2122734,3.6531312,-0.4137899,0.010856251,0.052053377,4.3960376,-0.15056857,0.17358531,-0.33099726,-0.40872267,-1.1617635,-1.0068932,1.0325658,-1.1337534,0.95552903,-0.96591127,0.9470795,-1.02067,1.0339038,0.362073,-1.015437,-1.013968,1.0363065,0.96385837,-1.0877063,-0.89585036,0.9955772,-0.7948174,-1.0351766,-0.26562005,-1.0042931,0.97930634,-1.0216806,-1.0437114,0.9438118,1.0409725,0.9110093,0.9742071,-1.0045264,0.9484539,-1.0495589,-0.95949537,1.0409765,0.17040431,-0.95810854
357,-0.044181153,0.0011189951,-0.9989014,-0.0017461698,0.001021357,0.0006525495,-0.27325523,0.2622954,-0.21140766,0.20952119,-0.25061193,0.26222205,-0.2266433,0.26299182,0.17794798,-0.23982175,-0.2793231,0.25160018,0.31238884,-0.25028032,0.14328092,0.25493693,-0.23931766,-0.2173144,0.020658862,-0.20848699,0.24037331,-0.2527952,-0.21449035,0.23236562,0.0114711905,0.23752265,0.24773386,-0.26877716,-0.03122732,-0.2603108,-0.24516204,0.38634372,0.098665394,-0.1182993,-0.17996803,0.2590976,-0.18362232,0.18858685,0.14301786,0.08750948,-0.23046803,0.2724405,0.013496995,0.25999197,-0.116766386,-0.124118805,0.10466595,0.39755556,3.0633578,0.16916868,-0.8074358,0.031823065,-1.6671338,0.06513215,-0.1446083,-0.09245555,0.31510216,1.5682939,-4.457574,-0.06772876,0.10186403,-0.21456298,-2.2513475,0.5223686,0.0831087,-0.61180973,1.4126817,1.3540945,-1.0018682,1.0651234,-0.956193,0.9428529,-0.99764955,1.0481956,-0.9772947,1.0714266,0.31411484,-0.9860708,-1.0176566,1.003173,0.97711927,-1.019979,0.9686366,1.0334642,-0.97826535,-0.99135476,-0.9440699,-0.9288269,0.9462505,-1.020671,0.5451459,0.98012835,-0.94495434,0.92962533,1.000691,-1.0734283,-0.5368912,-0.8734869,-0.9640562,1.0847769,0.6808774,0.03241196
358,-0.038163874,0.0006173363,-0.9958433,0.0006553465,0.0029809184,0.0029237652,-0.27842107,0.26782456,-0.22381566,0.21663667,-0.2597644,0.25118294,-0.22553766,0.26733944,0.1747016,-0.24353915,-0.2696551,0.25548184,0.30884117,-0.24160695,0.11834307,0.24204248,-0.25905624,-0.18773593,-0.0031697298,-0.2189136,0.23831023,-0.25875682,-0.23924892,0.2081002,0.08729047,0.24503987,0.24396713,-0.2678376,-0.07215809,-0.26359865,-0.24480622,0.37073788,0.06877906,-0.12173263,0.30137357,0.3381721,-0.5327158,0.3129227,-0.084893934,-0.120516874,-0.1655857,0.24117835,-0.21741503,-0.019282127,1.1238064,0.099218786,0.12779817,0.26815498,-0.20685244,-0.37096664,-0.3825042,3.2337246,-0.45448408,-0.4583226,0.020212896,-0.0731443,-1.10053,0.33890438,3.1833951,0.49991223,0.13855186,0.08614767,-1.7274776,0.042843755,0.11456184,0.06256888,-1.2195002,1.0128906,-1.049382,1.0490327,-0.952462,1.0392853,-1.0127877,1.0459006,-1.0328586,1.0100666,0.34014502,-0.9675677,-1.0427063,0.9750713,0.96483845,-0.9579505,0.35221556,0.9478904,-1.0484822,-1.0122899,-1.0426346,-1.0751071,0.9735102,-1.1215472,-1.060556,-0.46035028,0.9633781,1.0239358,0.9796304,-1.017612,-0.5797047,-1.0005788,-0.95384806,0.97767806,0.021010177,-1.0142214
359,-0.042382356,-0.0014640228,-0.9982879,-0.0016583849,8.603293e-05,0.0011156582,-0.25769255,0.25073493,-0.21021771,0.21651965,-0.2600558,0.25088903,-0.22890484,0.26964694,0.17480335,-0.25929847,-0.279963,0.24367017,0.3109399,-0.24068256,0.09246248,0.2371088,-0.24113105,-0.17533812,0.034108486,-0.22502019,0.24367227,-0.24906242,-0.26533106,0.21073532,0.08496576,0.23956089,0.26359034,-0.2618177,0.032436058,-0.28289574,-0.2413099,0.3644665,0.11229895,-0.13462791,0.80093855,-0.2586337,0.20385137,-0.08388233,0.28021055,0.40984178,-0.14679854,0.012070799,0.08987241,-0.55102545,-1.0558125,-0.26866734,0.3567609,0.01897291,-2.3050008,-0.26097757,0.2539915,1.7468232,3.081168,-0.20452581,0.090329185,0.16035768,-1.7320894,0.6530307,0.06618613,0.120018736,0.40507802,0.07872819,4.4810715,-0.6593723,-0.012677783,-0.02778177,1.9017739,-0.30745542,-0.9665287,0.9799741,-1.0576023,0.94590276,-0.9598464,0.9817663,-0.9802092,0.9651516,0.3434903,-1.1215562,-1.0340322,1.0120533,1.0104309,-1.0183511,-0.62242204,0.9209496,-0.94981855,-1.0994153,-0.14772215,-1.0330538,1.000696,-1.0264194,-1.0459528,0.9345053,0.2377,0.9809598,1.0612769,-0.9985322,1.0136982,-1.0997521,-0.9806861,1.006504,0.8365553,-0.79299957
360,-0.039720193,-0.0078211175,-1.0008575,-0.00013332888,-0.0016136236,-0.000653535,-0.25591362,0.25636977,-0.22861537,0.22223729,-0.25133267,0.27465415,-0.22780521,0.2689283,0.18548055,-0.24199945,-0.2798219,0.24749921,0.30815238,-0.25992116,0.1377739,0.2394257,-0.25455895,-0.1826779,-0.008180868,-0.22261477,0.25920796,-0.25834718,-0.23734511,0.28486645,0.03891615,0.26500732,0.24658185,-0.26524153,-0.041254934,-0.27810085,-0.24533434,0.37560552,0.09795317,-0.12055524,0.0844717,-0.24041432,-0.55829567,0.1928041,0.33865893,0.36681625,-0.019341271,-0.31069827,0.16729805,1.0624415,0.04838556,0.082144216,-0.23704602,-0.74745935,2.4236014,0.1457659,-0.29860002,0.8952939,-4.0490913,-0.0606769,0.42325103,-0.1670357,0.6365643,4.1156774,-2.157747,0.4744266,-0.30561614,-0.027398901,-3.4404805,0.658212,-0.19799833,0.23505232,-0.6496215,1.0832536,-0.9570756,0.9754115,-1.0326184,0.99797356,-0.98465204,1.147266,-0.9867732,0.9991226,0.38990325,-0.79742646,-1.1457707,1.0187577,0.9666051,-1.026039,0.9195781,0.9708427,-1.0313917,-0.9952714,-0.9599329,-1.0039568,1.0335519,-1.0381995,0.15786627,1.0093057,-0.32830492,1.0690547,0.96972895,-1.0227011,-0.8340679,-0.9220864,-1.0336931,1.0747339,0.26294297,-0.17244859
361,-0.045641344,-0.0065546404,-0.9995856,-0.0007009784,-0.001708233,0.0019276367,-0.2625811,0.25435176,-0.21954551,0.22612357,-0.25672045,0.26883033,-0.22992691,0.26625815,0.18364042,-0.24409488,-0.29946035,0.24739052,0.30907023,-0.25299212,0.0647161,0.24175437,-0.26121867,-0.17894296,-0.012798356,-0.2237202,0.23365916,-0.2427904,-0.24026738,0.28285465,0.12605847,0.25225922,0.25329185,-0.2589275,0.03147946,-0.27562714,-0.24113795,0.37208688,0.119966425,-0.16153118,0.16566126,0.258484,-0.06644416,0.22656679,0.017319245,0.042925585,-0.009900008,-0.044038888,-0.05629781,-0.36894926,-0.69168746,-0.07846287,0.1457574,0.3592312,-3.3741577,-0.017598165,-0.26442796,1.5711772,1.268495,0.16890037,-0.8662099,0.63816404,-0.36283216,-0.2157711,3.665715,-0.19890083,0.19499247,0.06981026,3.6717277,0.13523343,0.23919477,-0.20857939,0.9963336,-1.6523467,-1.0244167,1.0432007,-0.96540475,1.0246065,-0.9429088,1.0593079,-0.88219416,0.92000514,0.4022681,-1.0018313,-0.9166397,1.1354132,1.0031993,-0.98894954,-0.65694195,0.9598153,-1.090258,-1.0438564,-0.20785378,-0.9416165,0.92419034,-0.9414797,-1.0198319,0.9670902,1.0331291,1.012051,1.0316209,-0.9700137,0.8836059,-0.90272707,-0.9285643,1.0109607,0.68412924,-0.9817306
362,-0.045377962,-0.0038333298,-0.9952052,0.0018879016,0.0025833908,-0.002430882,-0.26758847,0.2580508,-0.22837898,0.23155937,-0.2636932,0.26990187,-0.23222964,0.25622442,0.19209273,-0.24372807,-0.30824396,0.25467625,0.29102537,-0.26690358,0.122193426,0.25371528,-0.26708147,-0.18358165,0.03026516,-0.21782741,0.24652834,-0.24792035,-0.26665306,0.29984367,0.019607933,0.24961655,0.2553162,-0.26013738,0.02864039,-0.27638727,-0.24759269,0.3806208,0.13323526,-0.15443361,0.34910306,0.1073885,0.08516448,0.026726699,0.019355675,0.0832895,-0.11745868,-0.121855244,0.36977077,0.005346721,-0.6318246,0.37668285,-0.44554242,-0.45397303,2.037253,0.45723194,0.15890068,0.0383693,1.6843876,0.1565359,0.45966586,-0.40530118,-0.8913588,1.3599964,-4.4579415,-0.16312832,-0.025143592,-0.038179383,-0.47745356,0.2432724,-0.22571155,0.38436782,0.42054027,1.1668726,-1.0251281,1.0335699,-1.0486388,1.0210489,-1.0455545,1.0359263,-1.0221614,1.0454206,0.51546216,-0.8421017,-1.0203346,1.0631269,0.96329373,-1.0182736,0.5832611,1.0563067,-1.0505145,-0.9795208,0.3082718,-0.9599421,1.0260304,-1.0724531,-0.95444566,0.96148735,-0.9687018,0.9760848,0.99214494,-1.0043007,0.041854527,-1.0384356,-1.0439271,1.0563488,0.60430914,-0.87738097
363,-0.041142125,-0.0010306163,-0.99670553,0.0013165071,-0.0010674893,0.0019658592,-0.26945823,0.2784331,-0.23730713,0.22894534,-0.26660952,0.26837438,-0.23221,0.25642112,0.18881068,-0.2444496,-0.30082637,0.26366434,0.29186454,-0.26128006,0.08622823,0.25951976,-0.25318316,-0.20401785,0.04516243,-0.21636884,0.24546735,-0.246471,-0.25714585,0.27975765,0.11107885,0.24816509,0.2558584,-0.25413957,-0.0401098,-0.26869103,-0.2494176,0.38735986,0.0876032,-0.16146663,0.2760415,0.6116018,-0.72627914,-0.17923446,0.18906482,-0.26305747,-0.004129883,-0.020631863,0.009190551,0.10782255,0.89212555,0.29147685,-0.04359569,0.3131748,-0.2852835,-0.04112595,0.46623448,-0.42641413,-0.38613135,-0.112222105,-0.06597214,-0.044453073,1.4719803,-0.2379385,3.799825,-0.21856296,-0.09494895,0.2729201,-2.8967736,0.54349065,0.012002243,-0.096901424,-1.8619418,0.48644257,-1.0762162,1.1115834,-1.0128845,1.0255721,-1.0019109,0.9986335,-0.94363594,1.0051576,0.57493806,-0.7544235,-1.054117,0.95316744,1.041925,-0.88474625,0.28996995,1.0131168,-0.95893586,-1.0076699,0.2832867,-0.9780579,0.9806747,-1.0631751,-1.0402522,0.56900483,1.132666,0.96937096,0.9895797,-0.9408657,-0.69319737,-0.9448277,-0.9944299,1.0403687,-0.027705703,-1.0021995
364,-0.040847898,0.0016988764,-1.0024921,0.00088573364,-0.0010476526,-0.0024924562,-0.28400508,0.26695213,-0.21187164,0.22771247,-0.27104452,0.2651897,-0.24090813,0.2660668,0.19236906,-0.2518783,-0.3168408,0.2625945,0.2804573,-0.26651913,0.049848415,0.2407767,-0.24874169,-0.2161184,0.064012684,-0.21351852,0.22451551,-0.24391119,-0.2657467,0.28866088,0.101969875,0.23552114,0.25752676,-0.25806245,0.04333521,-0.2711489,-0.24891649,0.3778108,0.07582574,-0.16995338,0.22443469,-0.26746225,1.0157956,-0.09272998,0.24715845,0.10915581,-0.041012757,0.51216114,0.24467355,-0.12004346,-1.336782,-0.2447885,-0.26741377,-0.008057037,-2.8807688,-0.3593524,-0.027597398,0.30723524,1.1457604,0.18546519,-0.9091035,0.1863907,0.119131975,1.84712,-0.44133672,-0.010074895,0.27065143,-0.2993313,3.8042705,0.10362935,0.056043554,-0.26695788,-0.37940785,-0.109162115,-1.1022754,1.0125836,-0.9735105,1.0556515,-1.0636464,1.0277083,-0.97911453,1.0280677,0.5465977,-0.870784,-0.9769569,1.0476794,0.94374794,-0.9795098,-1.0036263,0.944903,-0.98608595,-1.0570666,0.08897521,-0.97157675,0.8643868,-1.0200278,-0.9676868,0.7647056,0.08291644,0.9698312,1.0490395,-1.0582685,0.94696635,-0.942537,-0.97922057,0.9916356,0.22728689,-1.0058082
365,-0.039953336,0.0050750254,-0.99735516,-0.00071190926,-0.0007395549,0.0023458845,-0.2876248,0.2598625,-0.22674474,0.23010524,-0.27459204,0.24843018,-0.22810575,0.25896037,0.1826801,-0.25437292,-0.31097195,0.26339826,0.29181635,-0.2602352,0.10778606,0.25611848,-0.24116145,-0.21345575,0.07709871,-0.20902479,0.22637698,-0.23965125,-0.2671161,0.24051896,0.03812241,0.25869566,0.25356328,-0.26044106,-0.050876983,-0.26427236,-0.24894024,0.37455812,0.07805599,-0.18154497,0.39596686,0.31613857,-0.53166133,-0.0936541,0.40611905,-0.3643931,0.30192164,-0.3038887,-0.35195202,0.26907414,0.9596494,-0.119218394,0.49004668,0.12873927,3.2086735,0.2330491,0.13643381,1.6967561,-0.35501114,0.024234178,0.23243733,0.16568175,1.2068061,-0.5792693,-2.9069698,0.3396528,-0.19258246,-0.08816791,-4.3127666,0.68783236,-0.058049448,-0.24028164,0.16740121,0.35430855,-1.1137769,0.9907435,-0.9940429,1.0604359,-1.0223907,0.97920674,-0.94828016,0.9710167,0.37054998,-0.9180241,-0.9227832,1.0346808,0.95678407,-0.9923632,1.0348924,1.0320317,-0.939718,-1.0337167,-0.75828373,-0.98247933,0.92249703,-0.96884423,-1.0263886,-0.6604565,-0.5618796,1.0432866,0.9656751,-1.025366,-1.005139,-1.0046891,-1.0069916,0.9424666,0.34865475,-0.7407352
366,-0.04322257,-0.0073762005,-0.99935555,-0.0031877654,0.0038430635,0.00066717376,-0.27823725,0.24562135,-0.21231228,0.21708795,-0.26156315,0.2588127,-0.23252027,0.25967655,0.18113427,-0.26037526,-0.30863434,0.24998388,0.30388147,-0.23731145,0.022743193,0.24641995,-0.24972565,-0.1855442,0.049389012,-0.21335319,0.24755001,-0.23767477,-0.2571366,0.26119077,0.12382016,0.22969261,0.24700238,-0.26099923,0.045528818,-0.26884893,-0.24665813,0.38313386,0.0699131,-0.16841882,0.75897616,-0.17559986,0.35888422,-0.57456315,0.8155245,0.7164534,-0.11808888,0.17356601,-0.27258146,0.12899336,0.08610293,-0.29435846,0.37685472,0.53724027,-3.6212783,-0.1329311,-0.14471625,2.650487,-0.95582056,-0.14521949,0.8446223,-0.2000191,0.2458538,2.4791894,3.5034802,-0.7342274,-0.3753716,0.073805824,4.2505274,-0.32735276,0.10855366,0.16290107,-0.37539583,0.7938071,-1.0490386,0.9561947,-0.9934467,0.89228,-0.9452995,1.0295835,-1.0765858,1.0035428,0.34957558,-1.0280889,-1.0018404,0.98896605,0.9561162,-0.94923335,-1.0060952,0.9691474,-1.0017875,-1.0247186,-0.9057072,-1.0384196,1.0825006,-1.0238752,-0.98989403,0.9638427,1.0484893,0.8841179,0.95759743,-1.0110389,1.0535842,-1.0237066,-0.9638355,0.98074627,0.20468917,-0.9664976
367,-0.040547106,-0.0034702537,-0.9989843,0.0021662163,0.0023814393,-0.00026377325,-0.29781693,0.24145842,-0.23116517,0.21665725,-0.252321,0.2615173,-0.22504383,0.26487762,0.16986112,-0.24640512,-0.29110393,0.25289395,0.29685393,-0.24358168,0.1049702,0.2527832,-0.25678378,-0.20701137,-0.020617781,-0.21038595,0.26118675,-0.25737724,-0.18808426,0.28966582,0.049016066,0.24986298,0.2505567,-0.25697306,0.010348621,-0.27435002,-0.24773163,0.37468958,0.11489162,-0.11824323,-0.564668,-0.124039814,-0.42089415,-0.0070521142,0.53246015,-0.093670644,0.17605184,0.25672168,-0.026745077,0.96079195,0.92518276,0.062761016,-0.095117405,-0.007609958,3.9141896,0.20339715,-0.19268814,-0.09599363,-4.6861954,-0.24636196,0.43547603,-0.6244102,2.6936154,1.7417417,-3.2619362,0.7151414,0.20203996,0.32344526,-1.5367223,0.42749333,-0.035005182,-0.7813309,1.7044498,2.5938056,-1.1374098,0.9262661,-1.034337,1.0163971,-1.0063201,1.0558611,-0.95371944,1.0436664,0.30230126,-0.8940156,-1.0594639,1.002962,0.91692394,-0.9579598,0.99953675,1.018137,-1.035006,-0.9755159,-0.9382404,-1.0223987,1.0598341,-1.0553063,0.9864879,0.9760715,-0.49419618,1.0395521,0.99414617,-0.9564524,-0.22789147,-0.9672359,-0.99357337,0.92916775,0.7820789,0.08509686
368,-0.041800775,0.0020214824,-0.99828887,0.005861077,-0.0010360676,0.0023234615,-0.2831733,0.24647468,-0.22278427,0.21041024,-0.2600939,0.24277541,-0.22769274,0.26403067,0.167444,-0.24293697,-0.28396752,0.2555879,0.291926,-0.24635209,0.067783296,0.23641472,-0.2557082,-0.17607585,-0.009483452,-0.22154067,0.25823754,-0.24807627,-0.21683393,0.2321206,0.115152396,0.23756914,0.23441344,-0.25190225,0.052235313,-0.26750013,-0.24619563,0.3822708,0.09785835,-0.14217375,0.58730906,0.5575425,-0.29614258,-0.34560907,-0.24450427,-0.42709744,-0.1723336,0.12683094,-0.4588018,-0.0035293894,0.4399411,-0.009249375,0.19559366,0.09493074,-1.7039309,-0.44596586,-0.025274048,3.4871895,1.6720694,0.014123556,-0.40976277,0.3998855,-2.728769,-1.8681997,2.955647,-0.41999587,-0.5288494,0.12700522,1.7446766,0.60404575,0.041783657,0.070243694,-0.69833577,-0.90812653,-1.0303365,0.9919766,-1.0226032,0.9926617,-1.0113133,0.9511479,-1.0023726,1.0251198,0.31405783,-0.9681204,-1.0668947,0.982314,0.9064392,-0.99562126,-0.35917816,0.9192023,-1.0058913,-1.0398542,-0.28115815,-0.95724285,1.0118562,-1.0056884,-1.0776749,-0.14665051,0.9956392,0.9479229,0.87155706,-0.97569364,0.5739588,-0.9652216,-0.97612244,0.9707416,0.2424522,-1.0057745
369,-0.03910081,-0.0013292873,-0.9989532,-0.0012140095,0.0018018952,-0.0012806812,-0.25758106,0.24835798,-0.21984732,0.21294989,-0.2501465,0.24845985,-0.22360826,0.26811212,0.18201199,-0.24287742,-0.27913222,0.2540766,0.28497407,-0.25811297,0.11667728,0.24405684,-0.26542976,-0.20076872,0.030430188,-0.2223581,0.25540245,-0.2313541,-0.1900617,0.24401458,0.048782256,0.23841251,0.23703827,-0.25478312,0.10969025,-0.2658573,-0.24056469,0.38161436,0.11753383,-0.14399767,0.018973345,0.17007631,0.056543607,0.26430956,0.005798595,0.26906297,0.021753294,-0.13699543,0.4259288,-0.15279719,-0.10330324,-0.28262573,-0.14158162,-0.3861729,1.3398646,0.18348756,-0.24628668,-0.8152777,2.2004852,-0.37389043,-0.04830158,0.34007835,-0.23386209,1.714105,-2.9888465,0.14609422,0.20206824,0.023976238,2.5520349,0.2251863,0.19272026,0.19776729,0.88694984,0.024659056,-0.95900834,0.9882815,-1.0693352,0.9976488,-0.9592981,0.9921108,-0.9794284,0.9413962,0.6162269,-0.9810211,-1.0420798,1.0284214,1.0284874,-1.069554,0.38388407,0.9810646,-1.0774006,-0.97983056,-0.018865727,-1.0572288,1.0212041,-0.9269083,-0.14843069,0.9094313,-0.46431684,0.9795014,0.9423659,-0.99604565,0.9599423,-0.91751105,-0.9282544,0.9481676,0.6493835,-0.5654074
370,-0.038663864,0.00045373774,-0.99893576,-0.0016756891,-0.00012298732,0.002624707,-0.26244897,0.25582126,-0.23928414,0.21726851,-0.2531492,0.2661783,-0.22603585,0.27742153,0.16966376,-0.23783271,-0.27773818,0.26175484,0.30245245,-0.25681064,0.06234722,0.22739543,-0.2501352,-0.19291818,0.0045751566,-0.2195588,0.23799871,-0.23583065,-0.22002165,0.2864838,0.121646926,0.26685786,0.24181747,-0.25948712,-0.0038325365,-0.26947844,-0.24653673,0.38789806,0.07223986,-0.16543637,-0.16833583,-0.009992534,-0.5190337,0.45158482,-0.18428835,0.5220627,0.008346385,0.07189306,-0.49940434,0.29623443,0.2832707,0.3132595,0.6899688,-0.25707057,-1.7213821,-0.56988025,0.35744074,2.443429,-1.8911407,0.21722846,-0.4404408,-0.088089995,-2.2902946,3.3757,3.2238207,0.73878926,0.1485399,-0.1669484,-5.2266326,0.3129876,-0.22379562,0.3626341,-1.8497964,-0.48035306,-1.0073391,0.9829692,-1.0802959,1.0482862,-1.0054443,1.132671,-0.97322303,1.1382214,0.46136764,-0.81928444,-0.99324447,1.0230922,1.0799031,-0.9912713,-0.22625056,0.8854042,-0.9671179,-1.0284861,-0.9879661,-0.94387865,0.934119,-1.006017,-0.9653821,0.2612787,1.0306408,1.1015083,0.93583924,-1.0269921,-1.0275558,-1.0540123,-1.0319192,0.99030584,-0.07809854,-0.9909669
371,-0.042477455,-0.014924162,-1.0005171,-0.0013110914,-0.0033042093,-0.0013094386,-0.27753764,0.2565447,-0.22674595,0.21975239,-0.25419194,0.2747391,-0.23265654,0.2739215,0.16253874,-0.26072043,-0.28350052,0.25210875,0.31599176,-0.24678703,0.06625384,0.24830653,-0.23119581,-0.18735161,0.065223165,-0.2212263,0.24070138,-0.23138545,-0.26436135,0.2776385,0.07104895,0.2530488,0.25055352,-0.25571257,0.06334465,-0.269781,-0.24663691,0.4030724,0.108601384,-0.17679489,-0.17149551,0.2947515,0.3782567,-0.04988751,0.24605657,0.58026636,-0.17394882,0.34608093,-0.20297806,-1.0209779,-0.5296346,-0.48735443,0.53877527,0.6669391,-0.5911166,0.62632287,0.4116059,1.3256104,4.0807204,-0.30557376,0.11553965,0.085512295,-3.0199919,-1.0343821,-2.3144243,-0.3874297,0.036901124,0.049825735,3.4224806,0.27834383,0.040069066,0.6745332,1.4988121,0.2579089,-1.0819898,1.0365762,-0.9723487,1.017098,-0.97584146,1.0886179,-0.97565013,1.1055076,0.317523,-1.0382557,-0.9495788,0.9711624,1.0619074,-0.88831437,-0.15504028,1.0233479,-0.8877683,-0.9544664,0.9167994,-1.0303258,0.98826957,-0.99207884,-1.0576406,0.8650916,-0.29245687,0.99682677,0.95977694,-0.9871168,0.9648539,-0.9097245,-0.97254133,0.9787595,0.73786217,-1.0186685
372,-0.04000491,-0.01549235,-1.0006282,0.0029114694,0.0004882915,0.0029824253,-0.2711871,0.2476986,-0.23559132,0.22013214,-0.24613404,0.26209566,-0.23085585,0.27197978,0.18345287,-0.25142342,-0.2849668,0.25988865,0.29983705,-0.2658278,0.07499497,0.23393828,-0.250091,-0.21257752,0.070038125,-0.22301708,0.2423581,-0.23597206,-0.21953188,0.27732748,0.08351967,0.26208377,0.2471966,-0.25609285,-0.038441926,-0.27072844,-0.24447517,0.38619196,0.05447788,-0.18045984,-0.22425486,-0.22844446,-0.26924846,-0.19931515,-0.044594612,-0.6404749,-0.029579375,-0.5080977,0.2933847,0.9849866,0.3848808,0.41107354,-0.6807229,-0.64485997,1.3432326,-0.41215283,-0.48892668,-0.45963225,-2.958879,0.053643502,-0.019812187,0.07062269,1.5057044,1.4404267,0.38528585,0.08636083,0.009904039,0.13846754,-4.8334894,0.35744464,-0.10966157,-1.3383194,-2.3119678,0.5292635,-1.0047106,0.9473852,-1.0585805,0.9271904,-1.0031686,0.9680881,-1.0230725,1.0031577,0.40755746,-0.7653444,-0.9958525,0.98565924,0.9260062,-1.0019013,0.357045,0.9190952,-1.0389171,-0.89863765,-0.2442783,-1.0170082,0.96870005,-0.9845027,0.7688153,0.9848715,0.29289475,1.0424875,0.9898492,-0.96390355,-1.0707585,-0.91963154,-1.0163548,0.9691127,-0.25676277,-0.90010357
373,-0.04279344,-0.0009229829,-0.9968336,0.00046816378,-0.0013368721,0.00034948403,-0.27220207,0.26915732,-0.25888813,0.2230085,-0.26058528,0.2523846,-0.2252202,0.27479696,0.17476192,-0.24450271,-0.24207069,0.25328708,0.29549596,-0.26066768,0.10385648,0.23484462,-0.24666335,-0.19999345,0.06890766,-0.22657101,0.22947584,-0.22637728,-0.2245332,0.20159715,0.14087096,0.24368714,0.2537399,-0.24447612,0.046237156,-0.26352313,-0.24671,0.3820894,0.089168124,-0.18260385,-0.10452156,1.0014511,-0.96657354,0.19193402,-0.2071571,-0.28987125,0.14507802,0.31388173,-0.35707015,0.054873418,2.1632388,-0.30893257,0.29818898,0.19528863,2.2813509,0.06900965,0.18392749,2.6608171,0.6116768,-0.48810148,-0.5819899,0.31454936,-1.485809,-1.9732435,2.1956275,-0.28410098,0.2002781,0.37112725,3.8973234,0.3367415,-0.067499965,0.024200184,1.4714335,0.5397945,-1.0230054,1.073796,-1.0606837,1.0938097,-0.9721585,1.0451057,-0.9125277,1.002936,0.41017488,-0.99171036,-1.0221164,0.9344679,1.0028455,-1.0494592,0.92497593,0.9445489,-0.9621563,-0.92422414,-0.38392904,-1.0695995,0.8981839,-0.94855386,-0.96569175,-0.87039435,1.0644,0.9909402,0.9979162,-0.9258147,0.96611774,-0.93007624,-1.0155009,1.0018809,0.6464035,-1.0141336
374,-0.04524042,-0.0046519907,-1.0011256,0.00071820465,0.0028888371,0.0007458802,-0.28541312,0.24051084,-0.2254623,0.22417141,-0.2505834,0.2505824,-0.22355662,0.26461446,0.17733815,-0.25532898,-0.25951403,0.25103712,0.30433965,-0.24097499,0.09238999,0.24785106,-0.24771862,-0.21354312,0.033482004,-0.22835076,0.24448338,-0.23775865,-0.18604848,0.2274332,0.10486252,0.23818415,0.2530212,-0.25163975,0.10613997,-0.2715635,-0.2532577,0.39167517,0.10339119,-0.14259982,-0.8120872,-0.72814363,1.4966457,0.17158386,0.22701456,0.2768467,0.32760924,-0.45075944,-0.123007305,-0.20318997,-1.965282,0.19781904,0.28209594,0.5167603,-2.8378499,0.4243665,0.09197016,0.97956055,-1.1096574,0.25858122,0.9721397,-0.8558749,-0.18011218,2.0137753,-1.3608891,-0.039492667,-0.15877159,-0.33624297,2.6095796,-0.1330067,-0.08002125,0.9143945,0.53776664,2.141284,-1.0632838,0.9324573,-0.99491084,0.98928964,-1.0248591,1.0168594,-0.870851,0.9125823,0.41135797,-1.0308918,-0.97434,0.9684614,1.0087132,-0.9357066,-0.9833918,1.0197524,-0.96710294,-1.0727137,-0.9179652,-0.9700068,1.0673702,-1.1123884,0.59804726,0.9460441,-0.03907862,0.9682111,0.97995675,-1.0446355,0.96399444,-0.93886924,-1.0256089,1.0033458,0.5195503,-0.8677343
375,-0.042742323,-0.0058285366,-1.0007514,0.0018444906,0.003785505,0.0014015466,-0.2758485,0.25125313,-0.23449674,0.22609629,-0.2555495,0.25572526,-0.22402307,0.2623033,0.17642586,-0.2543741,-0.26243895,0.2717242,0.28847137,-0.23427446,0.1249304,0.24097912,-0.24853368,-0.19444083,0.002460975,-0.219325,0.24453072,-0.24866804,-0.19827504,0.22980297,0.06310378,0.24108244,0.24196135,-0.25718868,-0.0014811798,-0.2588794,-0.2562051,0.4008325,0.09360122,-0.14146243,-0.06765176,0.13499689,-0.37963703,0.024307547,-0.23308524,-0.07134619,-0.2690968,-0.056272157,-0.14868514,0.3039748,0.63311183,0.27789602,-0.19089334,0.20420463,2.8014417,-0.339145,-0.106859095,1.811079,-0.8388801,0.10234756,-0.15355091,-0.18141408,-1.5552281,0.22783004,-1.6958863,-0.3554622,-0.24853061,-0.056494273,-5.0557294,1.096998,-0.13467059,-0.6104757,-0.42153892,0.20439951,-1.0548141,1.0273346,-0.99598724,1.0626342,-0.93398607,0.97353995,-1.0756494,1.0805745,0.43938082,-0.9841812,-0.9978028,1.0295676,0.93595475,-0.9498221,1.0550181,0.93133795,-0.98681027,-1.0319898,-0.98458225,-0.99325144,0.9601784,-1.026273,-0.85910314,0.744458,-0.131871,0.92146266,0.919355,-1.0079129,-0.9865217,-0.90486676,-1.0495845,1.001887,0.28751302,-0.44749418
376,-0.041954994,-0.011758538,-0.99907506,0.001210303,0.00076183444,-0.0014807213,-0.2806609,0.23354512,-0.2103244,0.22542004,-0.2561074,0.25881937,-0.22739899,0.27121517,0.17907524,-0.25988826,-0.27836362,0.2602325,0.29507074,-0.2339794,0.05271403,0.26516935,-0.24660698,-0.18200693,0.0037634163,-0.22348459,0.24720527,-0.24890588,-0.23426674,0.25620928,0.13255891,0.21572235,0.24598941,-0.2541707,0.06439062,-0.2618164,-0.24919263,0.39011845,0.08991819,-0.14997551,0.1864656,-0.45634648,0.5742225,-0.24712314,-0.07116528,0.24744257,-0.11285637,0.6624813,-0.23922569,-0.06570954,-0.9485939,-0.09148898,0.21074815,-0.034752127,-3.5299559,0.92967767,0.041981783,2.0888689,0.7736427,-6.0579492e-05,0.1269791,0.035368077,-2.7204566,1.5768774,3.0563726,-0.616819,0.12709354,0.042022448,3.306745,-0.111434534,0.25731948,-0.30580732,-0.1328938,0.3012437,-1.0491554,0.90712506,-0.95703715,0.99538827,-0.98953676,1.0017098,-1.0083722,1.1368409,0.3965126,-0.99877185,-0.9807349,0.992729,0.9608717,-0.9305737,-0.9255432,1.1204557,-0.9751029,-1.0490159,-0.38719034,-1.0292369,1.0265161,-1.0734652,-1.0110164,1.0275935,0.9820785,0.8435446,0.98811126,-0.9653523,0.94200724,-1.0016402,-0.9434778,1.0097696,0.32703072,-1.0851225
377,-0.03978587,-0.008932437,-0.99942327,0.0010328983,0.0025610535,0.00070212956,-0.28456315,0.22624521,-0.22027874,0.2258931,-0.24391787,0.25963822,-0.23057221,0.27541497,0.17475036,-0.25588137,-0.27440032,0.26156873,0.29710302,-0.23790784,0.13593274,0.26503757,-0.24492306,-0.20108521,-0.009773601,-0.21459934,0.25302863,-0.24882972,-0.20345731,0.27366075,0.025000302,0.23041658,0.26285988,-0.25451615,0.012047101,-0.2736924,-0.242485,0.36858925,0.10411326,-0.13389811,-0.44868535,-0.1688405,-0.18389265,-0.08111614,0.281382,-0.02933113,-0.06576006,0.080493934,-0.092945345,0.27240732,0.038678333,-0.28524908,0.2240806,-0.058501508,3.417595,-0.1355085,0.016492723,0.35278514,-0.6197202,0.074854225,0.04604321,0.04928255,1.009001,0.34327072,-5.059501,0.32575047,0.4874552,-0.051309027,-2.50721,-0.04621422,0.31630936,-1.1228397,0.5577916,1.2032291,-1.0778941,0.91044515,-1.0816544,1.059273,-0.9241287,0.992881,-1.042195,1.0035558,0.33458784,-1.0007098,-0.988938,0.94325817,0.95231265,-0.962206,0.8918283,1.0375874,-0.98050964,-1.0622131,-0.74417454,-0.99902225,0.9951972,-1.0031884,0.22918253,1.0945477,-1.0250509,0.9377652,1.0769922,-1.0075862,-0.41520855,-1.0513508,-0.905047,1.0429678,0.5186374,-0.27000725
378,-0.04302321,-0.0073719188,-0.99940145,0.0014389179,0.0022753598,-0.00012428287,-0.2743269,0.25086764,-0.23437552,0.22691444,-0.25898567,0.25573763,-0.2296172,0.27873787,0.16514838,-0.2545159,-0.26104093,0.2609128,0.3213883,-0.23875332,0.11350108,0.26333094,-0.24912518,-0.19015704,-0.021663174,-0.21953548,0.24389072,-0.2519411,-0.23794168,0.23415363,0.092574015,0.24969271,0.25716245,-0.2539691,-0.03727075,-0.27316612,-0.23888537,0.3675864,0.077888116,-0.13487594,0.5068339,0.71031505,-0.78233063,0.01861352,-0.22408691,-0.025941288,-0.021850593,-0.0582159,-0.59250265,0.05423914,1.1080477,0.07672876,0.9098442,0.01497433,0.07544873,-0.056859475,-0.10903648,2.8923376,0.47056043,-0.11223821,-0.14828616,0.020912213,-2.5815227,-0.011246413,3.0513146,0.73874027,-0.19811381,0.14133231,-1.9961251,-0.10847373,0.12054906,0.27039155,-1.0005009,0.42162153,-1.0182433,1.018057,-1.014547,0.9765371,-1.0193907,1.1017519,-0.96206355,1.0227755,0.33380526,-1.0133517,-1.0195047,0.9760038,1.1153357,-0.9730465,0.46297795,1.0496919,-0.9860844,-1.0348995,-0.84715134,-0.98641044,0.9921478,-1.0658442,-1.0270628,-0.3433554,0.97499055,1.0596572,0.99443364,-0.9667238,-0.5094064,-0.98652285,-0.92830884,0.99223346,0.11631511,-0.97920257
379,-0.04103578,-0.0066628796,-1.002047,-0.0007003365,0.0016331072,0.0004651544,-0.2670721,0.2574235,-0.21289147,0.21243586,-0.25689247,0.2617857,-0.22732028,0.2734648,0.16229899,-0.24243093,-0.28472844,0.2522225,0.32253465,-0.25479653,0.073028184,0.27494,-0.26205984,-0.16038322,-0.018947016,-0.21351919,0.2327051,-0.24301028,-0.26659566,0.24628532,0.09359069,0.23959756,0.24316096,-0.25219142,0.04750302,-0.27850804,-0.25258234,0.37732622,0.11640892,-0.12463733,0.40640965,-0.00716127,0.8572536,-0.42790598,0.030395957,0.02121148,0.083250836,-0.21005628,-0.16101499,0.38966793,-1.6914423,-0.5641424,0.052886523,-0.41330674,-3.0574253,0.35021216,-0.41663924,2.9374006,0.38629904,0.3013354,-0.57853097,0.24994469,-1.1489311,0.11834842,0.27195475,-0.36147195,-0.4384995,-0.08947825,3.8452902,0.14735265,-0.4851659,-0.094435856,1.3429677,1.0629526,-0.9995608,1.0628603,-0.9916953,0.96364766,-0.97111344,0.98760945,-0.92071235,0.96690464,0.28120527,-0.90749985,-0.94420177,0.93404216,1.0198638,-1.0236833,-0.92412794,1.1229509,-1.072768,-0.98108304,-0.715009,-0.92622507,0.9110516,-0.99707794,-0.94951254,0.96973026,0.23041895,0.9429349,0.92466104,-0.987767,0.9639369,-1.0108564,-1.0982598,0.85226923,0.7188564,-0.38079947
380,-0.04481326,-0.012353755,-1.0009341,-0.0015429062,0.00033903375,0.004478104,-0.26120585,0.2523737,-0.22893459,0.21933326,-0.24537808,0.26639935,-0.22713797,0.27908435,0.17471707,-0.24794263,-0.28567937,0.24841921,0.2976672,-0.25506708,0.1386583,0.26198992,-0.25390562,-0.16816889,0.0033637297,-0.21289189,0.23274148,-0.24079077,-0.23552443,0.25444418,-0.009137722,0.24374044,0.25423634,-0.26350534,-0.011590196,-0.27650878,-0.2531166,0.36034867,0.124723986,-0.12742698,-0.08539414,-0.13466778,-0.3677576,0.09186494,0.3879484,0.16333482,0.054439288,0.13717566,0.5297302,-0.21445872,-0.003962305,-0.092815064,-0.74239165,-0.18784508,2.784355,-0.3725176,0.2930382,0.72542965,2.024504,-0.09344462,0.13125843,0.090105936,0.31916505,0.42784718,-4.677061,0.21285275,0.48417923,-0.35032275,-2.8668985,-0.036316697,0.015049198,-0.5067014,0.48017213,0.37491763,-0.9773361,1.0155506,-1.0620003,0.9252166,-0.91967195,1.0589182,-1.0064471,1.1313859,0.4454387,-0.9731234,-1.0620357,0.96306777,0.92537075,-1.0197265,0.9988502,1.0268482,-0.9927107,-1.0167229,-0.18452564,-0.9872929,0.9607102,-1.0072734,-0.18687853,0.9086143,-1.042061,1.004591,1.0508533,-1.0914125,-0.5775907,-1.0412211,-0.9952805,0.990911,0.59548336,-0.8367045
381,-0.042347945,-0.00705218,-0.99779373,0.001727421,0.0004449264,-0.0037500868,-0.26474598,0.25935557,-0.24822459,0.21807285,-0.2535962,0.2625883,-0.2215739,0.28051314,0.16805744,-0.23804297,-0.26472986,0.25106752,0.30907303,-0.26776707,0.13509648,0.26492855,-0.24787362,-0.16698761,0.009537272,-0.22676477,0.2355732,-0.2224848,-0.24233823,0.23166792,0.07303789,0.2608617,0.25246185,-0.25579983,-0.036244433,-0.2764732,-0.2545865,0.36149004,0.08578355,-0.15292656,0.040328346,0.066977985,-0.97006637,0.024415266,-0.14775153,-0.26139995,-0.09878352,0.1609528,-0.38517678,0.3215368,1.7483107,0.19221774,0.48814392,-0.29545403,1.4826082,0.08377044,0.10273751,1.4931638,-0.83966535,-0.33647692,-0.0038981866,0.3146496,-0.7030357,-0.31578004,3.3384714,0.3718518,-0.17670693,0.35429078,-0.80241483,0.43950686,-0.10063955,-0.002329634,-1.5536135,-0.5270541,-1.0108355,1.0215893,-1.0412805,1.0600241,-0.9222139,1.0217913,-0.99542475,1.068902,0.3419236,-0.8430131,-1.0628273,1.0185194,1.0409828,-1.0216552,0.92145896,1.0611024,-0.9902734,-1.019059,-0.17940457,-1.0302632,0.95438504,-0.9431955,-1.0156492,0.34398553,0.99039227,1.0691966,0.9837379,-0.95196724,-0.2603651,-0.9584528,-1.0325052,0.94643396,0.029339941,-1.0645152
382,-0.037079867,0.00023185107,-1.0038534,-0.0026687728,9.756183e-05,-0.0005095079,-0.2635651,0.2648463,-0.21554734,0.21235548,-0.26911473,0.25885487,-0.22859618,0.27379584,0.1801536,-0.24385023,-0.28897274,0.25522012,0.29647115,-0.27053723,0.10143679,0.25410637,-0.256992,-0.1806944,0.03662767,-0.22240496,0.24642333,-0.22076222,-0.29044354,0.23941128,0.07214107,0.24321918,0.23288363,-0.2510679,0.05354889,-0.27625853,-0.24508846,0.3796589,0.10618653,-0.16417216,0.21655549,0.2001333,1.224364,-0.32413507,-0.38895026,-0.10039578,-0.0656199,-0.26371002,0.44164923,-0.33551413,-2.1459682,0.23727618,-0.435869,-0.10887578,-3.252723,-0.24348012,-0.16584949,-0.24670666,2.0698442,0.11754056,0.5022432,-0.0024099615,-1.8573759,1.2973247,0.22418532,-0.45981959,-0.66288936,-0.014316665,3.9886272,0.15957704,0.13647892,0.7621217,0.7906247,-0.00010016747,-1.0255344,1.0494633,-1.010815,1.0277286,-1.1064,0.9725574,-0.96592027,1.0014825,0.5327756,-0.81503296,-1.0335675,1.0605043,1.0197948,-0.9569823,-0.99373776,1.0018684,-1.0375421,-0.9725225,0.6857396,-0.9952232,1.0484769,-0.93602484,-0.94390184,1.0350051,0.13094954,0.9484386,0.85833627,-0.9727452,1.0250261,-1.0624949,-0.9675666,0.98292965,0.576017,-0.9812426
383,-0.03328793,-0.006711354,-0.9996378,0.0027366297,-0.0005033365,0.00198439,-0.26799622,0.28080863,-0.23052274,0.21109407,-0.2578482,0.26578218,-0.23272738,0.26880306,0.18297397,-0.23214245,-0.2959502,0.2617914,0.29875815,-0.29019192,0.15671842,0.25731364,-0.2541103,-0.20286131,0.07800851,-0.21738712,0.24345289,-0.24130999,-0.25583497,0.25416762,-0.011887993,0.25518677,0.23578185,-0.25811467,-0.037655257,-0.27447468,-0.24543743,0.36553144,0.08746274,-0.15782626,-0.10577153,0.2221528,-0.4995529,-0.23137595,0.48346415,0.004731764,-0.120931685,-0.52043384,-0.1548663,0.5076497,0.17825283,0.25213584,0.037180226,-0.42376024,2.705829,-0.03189994,0.14298008,0.30385983,-0.20197196,-0.10845539,-0.14318469,-0.5899392,1.5965154,0.39980704,-3.8770177,0.22665073,0.2765658,-0.04076863,-4.4622116,0.029069765,0.117904164,-1.0989827,-0.9208859,0.84481704,-1.0279571,1.0982591,-1.0984839,1.0133305,-0.90660644,0.954339,-1.0348833,0.9200702,0.441552,-0.5013901,-1.0104814,0.98337007,0.9963685,-0.9147319,0.9994829,1.0093646,-1.0342767,-1.0831959,0.98848546,-1.027826,0.9800296,-1.0523945,-0.6508501,0.9774008,-0.9240343,1.0285761,0.9930131,-0.9977886,-1.0018046,-0.9849591,-0.9631658,1.0669678,0.14114183,-0.9474746
384,-0.030437537,-0.007342052,-0.9990147,-0.0022174965,-0.0014198283,-0.00069919013,-0.26647297,0.25820544,-0.25548598,0.20354857,-0.2583919,0.24182759,-0.23630153,0.25880978,0.17567338,-0.2551343,-0.2623675,0.26307493,0.29378152,-0.26549476,0.14967428,0.23743947,-0.2307599,-0.19680542,0.12128082,-0.22098748,0.24383649,-0.24080056,-0.25006744,0.13475908,0.06736934,0.25071868,0.24161378,-0.25843698,-0.04268494,-0.27099663,-0.2415533,0.3502302,0.07975578,-0.17222136,-0.092078984,0.2991616,-1.1491435,-0.3214922,0.17165075,-0.57980067,-0.30110583,0.022386411,-0.20963617,-0.49936238,2.1470149,-0.17975602,0.040384345,0.7810826,0.9997209,-0.5242028,0.7031942,1.52952,1.8312817,-0.13245904,-0.22919282,-0.05992374,-0.65355843,-3.447567,3.2499359,0.15318914,0.12528744,0.017569467,0.33357102,0.44753864,0.19330034,-0.5403811,-0.112795986,-0.044513173,-1.0337477,0.9888566,-1.0592986,0.9369994,-0.95933354,0.936706,-1.0106034,0.98904705,0.46323907,-0.9521809,-0.9996438,0.97170734,1.0067338,-0.95700175,0.95101655,0.9114405,-0.87268245,-1.0182627,0.7352913,-0.9397744,0.96455705,-0.99654514,-1.0177518,-1.1020528,0.9942097,1.0278176,0.9579812,-1.0390666,-0.07338966,-1.0009669,-0.9280355,0.90579057,0.29291046,-0.9683243
385,-0.031094393,-0.0032938542,-0.99719536,-0.00058873504,-0.002260063,-0.0027513192,-0.25615725,0.25928432,-0.21885784,0.20542952,-0.262595,0.23977469,-0.23738216,0.26297197,0.18310614,-0.252003,-0.27576658,0.2584725,0.2886537,-0.26555088,0.11254207,0.24433292,-0.24374674,-0.1990995,0.12263011,-0.22053878,0.24417996,-0.24202017,-0.28407213,0.17205486,0.08229311,0.24459195,0.2537177,-0.25905365,0.05526675,-0.27471584,-0.2505324,0.340632,0.0671589,-0.16395366,0.28228125,-0.44689456,1.3569285,0.2061934,-0.26382983,0.11150122,0.045245934,-0.031504996,0.17250662,0.06760792,-1.7182151,-0.08204482,-0.16425793,-0.008257264,-3.1134665,0.19685303,-0.30021513,0.7388157,-0.62775,0.21116573,0.08922258,-0.18050832,-1.5642433,3.389936,0.69924706,-0.07022714,0.37704784,-0.16385952,4.191992,0.22070505,-0.3943245,-0.3619632,-0.5145871,0.69937235,-0.994708,0.97405624,-1.0921351,1.0710261,-1.0553226,0.94266075,-1.0698173,0.9854198,0.5819052,-0.7775842,-0.9674162,1.0383236,1.0338478,-0.913927,-1.0023558,0.97267115,-0.9864519,-0.9406031,-0.39742315,-1.0158826,1.0003443,-0.99939156,-1.0536648,0.91302824,0.24517068,0.98328704,1.0176303,-1.0157452,1.0544947,-1.0378367,-1.0871549,0.93883353,0.16240089,-0.6583897
386,-0.026151353,-0.0035655487,-0.9985752,0.0044246954,-0.00048240167,0.0020685901,-0.27788225,0.25553283,-0.22664805,0.21420555,-0.26806626,0.2577435,-0.23583475,0.2532984,0.17072614,-0.24706252,-0.29184896,0.264292,0.3040156,-0.26753172,0.1694414,0.25976393,-0.23623782,-0.21624301,0.08583593,-0.21558402,0.25586182,-0.25021175,-0.2948427,0.24707946,-0.013743525,0.2410568,0.24836437,-0.2603906,-0.032366052,-0.25599387,-0.25284177,0.35273126,0.0976451,-0.16009192,-0.15546909,-0.44439545,0.001087321,-0.01791471,0.12672906,0.47909096,0.28602654,-0.067913935,-0.34321114,0.5637165,-0.58650136,0.114499256,0.47076494,-0.17671622,2.545533,0.6616463,0.110414326,0.89967495,-2.1925805,-0.18315826,0.47308692,-0.19076477,-1.4946237,4.666197,-4.224566,-0.6576646,-0.423244,0.027978694,-4.365479,0.9198397,-0.11397492,0.2691397,1.0936484,0.24269012,-1.0549945,0.96605057,-1.0780342,0.9180483,-1.1207417,1.1059647,-0.9769335,1.1123486,0.33932114,-0.87793356,-0.9290435,1.038073,1.0343745,-1.0466262,0.9356893,1.1006182,-0.937147,-0.9996555,-0.96547496,-1.0608556,1.0458326,-1.0149941,-0.1314378,0.9541961,-1.0699013,0.892539,0.9212148,-0.9607049,-0.9841091,-0.95429,-1.035677,1.0128498,0.58842933,-0.6598988
387,-0.029717317,0.0022300861,-0.99913204,-0.00016032901,-0.0019541993,0.0005524077,-0.27935237,0.2593589,-0.23218097,0.20490132,-0.2664764,0.2574419,-0.22059608,0.26159158,0.17328005,-0.25193706,-0.28412098,0.26549128,0.2970171,-0.2329267,0.1295963,0.2743516,-0.24383843,-0.20237976,0.030488666,-0.22501749,0.25183734,-0.2552868,-0.2844067,0.2476055,0.0747012,0.23350309,0.23126508,-0.26233366,-0.061131272,-0.25786397,-0.2526563,0.36259213,0.09480083,-0.14564584,0.19488852,0.017685926,-0.41886222,-0.26184863,0.12852873,-0.32684064,0.15616474,0.22385964,0.048245884,-0.023711087,0.9656654,-0.042676948,-0.15517579,0.9161105,-0.7457789,0.2287344,-0.06916721,1.6799779,-1.9616988,-0.36522147,-0.20210941,-0.06074199,0.008884539,-0.22914001,3.8285012,-0.046024606,-0.39385635,-0.18419918,-0.8389049,0.21859816,0.08160803,0.034796756,-0.039451648,0.77155554,-1.0434829,1.0262383,-0.9877026,0.9584469,-1.0238549,1.050439,-0.9619897,0.94265276,0.3115919,-1.0079482,-1.0175881,1.0908651,0.8969772,-0.9059021,0.25214946,1.094844,-0.9692982,-1.0553437,-0.9690959,-1.0973388,0.99174416,-1.027152,-0.3896981,0.43945026,1.0121143,0.9561859,0.9015405,-1.0684884,-0.37082934,-0.93279445,-0.9915158,1.0472981,0.35937342,-0.45386332
388,-0.03349874,0.011029387,-0.99868107,-0.0031192277,0.00026732395,-0.0012403193,-0.27410185,0.25460017,-0.2151441,0.20154773,-0.27891016,0.24909835,-0.22531264,0.27086103,0.17615126,-0.24927434,-0.29720342,0.25786304,0.2982095,-0.23306096,0.1274089,0.27081463,-0.25732175,-0.21462458,-0.002176631,-0.22116932,0.23680677,-0.24747412,-0.30355826,0.25602853,0.0510936,0.2455152,0.23218913,-0.26260558,0.033049367,-0.2662835,-0.25789666,0.36383513,0.118811205,-0.11373825,0.21882252,-0.076330334,0.6425204,0.14772882,-0.59362036,-0.23549834,0.004300729,0.318968,0.08692533,0.014335552,-1.0860204,-0.43416232,0.22036186,-0.110756606,-0.9993787,-0.13952711,-0.4675336,1.0773582,0.3951173,0.32335195,-0.57088494,0.15831281,-2.15872,1.1949064,-1.0332993,0.61299485,0.18498012,-0.00724859,4.2750673,-0.1250194,-0.08274362,0.11906106,0.9993336,1.826345,-0.9824187,1.0480273,-1.0043015,0.987292,-1.132805,0.9941546,-0.9759532,0.99147946,0.38776606,-1.0812479,-1.092776,0.9987179,0.98076034,-1.0232247,-0.26593137,1.0638001,-1.0467141,-1.1073718,-1.0687344,-0.966589,0.9291201,-1.0064359,-0.52760553,0.9967222,-0.16371636,1.0312271,0.9315832,-1.005499,0.9870433,-0.965179,-1.0347039,0.98704404,0.67359513,-0.16053881
389,-0.03479015,0.00790532,-0.99701756,-0.0038968679,0.001707186,-0.00030299148,-0.26743612,0.23611285,-0.22719586,0.21347731,-0.2753881,0.2460458,-0.22250277,0.26617557,0.17192218,-0.25004348,-0.29251322,0.26258072,0.31601375,-0.23655818,0.16009952,0.25380534,-0.26211366,-0.21755037,-0.02373478,-0.22047742,0.23878579,-0.25512347,-0.2886983,0.26999962,0.026273128,0.24973758,0.23023891,-0.2619343,-0.058101762,-0.25956893,-0.25094834,0.37891844,0.11842765,-0.10759417,-0.16345213,-0.72372407,-0.58134586,0.33625203,0.16740845,-0.07682129,0.11196503,-0.5625361,-0.43338558,0.28319025,0.887649,0.21081251,0.61268044,-0.18516508,1.9063158,-0.44651175,-0.09045736,2.6275573,-1.3122436,-0.17032832,0.24239011,-0.28939712,-0.18290484,0.18754148,-1.2965058,-0.07079258,-0.25123093,0.15471862,-4.3158965,0.58087003,0.13482837,0.5200893,0.0067223613,0.32313666,-0.99088055,0.9239069,-0.98980284,1.0620284,-0.97512853,0.9385395,-0.9237654,0.9214358,0.23717326,-0.96299535,-1.0077462,1.0586925,0.9822815,-0.98935467,0.9668411,0.99255645,-1.0261748,-0.94869137,-0.94528097,-1.0264297,0.99567425,-1.1005541,-0.5445079,0.8782102,-0.21948013,1.0077858,0.8686872,-0.97771657,-1.035653,-0.90985805,-0.9714267,0.98693585,0.47162908,-0.82656825
390,-0.03817062,0.004191331,-0.99926895,-0.0015389349,-0.000663595,0.0010913371,-0.2716601,0.24085762,-0.2397134,0.20955986,-0.2793472,0.24855684,-0.22364073,0.26905495,0.17512564,-0.25035846,-0.26867083,0.2576555,0.3081153,-0.24694829,0.1266742,0.2522299,-0.25398737,-0.1936796,0.0014483074,-0.23053369,0.23916453,-0.24899793,-0.29715943,0.2622799,0.10235543,0.25864533,0.23543654,-0.2648514,0.024232417,-0.26758876,-0.24960475,0.3851604,0.13063204,-0.12988366,-0.1514497,0.2362307,-0.42847732,0.12116033,-0.06846204,0.17522928,-0.15409721,0.1936702,0.13587211,-0.35935378,1.3596994,-0.045072984,-0.10885377,0.045786988,-0.9558771,-0.23252589,0.15955012,1.5560178,1.716847,-0.34469044,-0.01275693,0.026360458,-1.1506542,-0.14187951,3.276337,0.7785803,0.16806628,-0.12365771,4.2801433,-0.21294196,0.19120987,0.3221476,0.38059363,-0.285058,-1.0468099,0.9740656,-1.0249063,0.9640063,-1.045311,0.9810669,-0.974152,0.99767435,0.41890207,-0.98717546,-0.94108737,1.0170553,1.0127413,-0.95923436,0.16244593,0.9672016,-1.0083829,-0.9658461,0.25708702,-1.0514367,0.9861774,-1.0575862,-0.93236595,0.8961614,1.062832,1.1032628,0.94021374,-1.0799229,0.9749646,-0.9442944,-0.95200276,1.0949813,0.586433,-1.0072968
391,-0.04334347,-0.005757258,-0.99930894,0.0025587582,-0.0009203177,0.00022235129,-0.27362153,0.24896075,-0.21159394,0.222997,-0.27153018,0.26828265,-0.231848,0.2709678,0.18070191,-0.24606529,-0.27972898,0.25633332,0.29604185,-0.2626332,0.112730406,0.24825303,-0.25328705,-0.19425415,0.022244625,-0.2257828,0.25397453,-0.25354484,-0.2977944,0.29870957,0.06659008,0.2509296,0.24340187,-0.26315334,0.034345716,-0.26603225,-0.24316318,0.38109696,0.13844489,-0.13830742,0.0049947035,-0.049399886,0.98688143,0.30706313,0.37568778,0.63038176,-0.15189637,0.19713837,0.17887199,0.16669859,-1.2927439,-0.1751781,-0.21998706,-0.53637534,-1.609979,0.13695583,0.1231081,1.3085514,1.0644475,0.14601307,0.43832636,-0.06528959,-1.1034166,2.2841895,-1.5594867,-0.5876679,0.45249653,-0.0077353087,0.29001924,0.4150728,-0.099299125,-0.2259573,0.35521066,-0.1798862,-1.0295335,0.98986435,-0.94925284,1.0052617,-1.0277259,1.0987937,-1.0044515,1.1248267,0.4652145,-0.82259995,-1.0336093,1.0119034,0.9789912,-0.9927879,-0.4151207,1.0021563,-0.9759864,-1.0206741,-0.080157354,-0.98999393,1.0431961,-1.0125183,-0.733712,0.95287716,-0.18721569,0.95552135,1.0124625,-1.0117468,0.24293245,-0.9554838,-1.015911,1.0740868,0.61570716,-0.5612959
392,-0.039373316,-0.0051723407,-0.99910593,-0.0016715408,-0.0028902588,0.0033179752,-0.26003495,0.22995296,-0.21463895,0.2254952,-0.25677124,0.2601515,-0.23195502,0.27240792,0.191506,-0.25906146,-0.2999691,0.25960866,0.29223493,-0.26033863,0.10690711,0.23550637,-0.25513974,-0.21682751,0.061045587,-0.21746516,0.2276764,-0.2486978,-0.24895251,0.2714789,0.031292967,0.24262223,0.24628372,-0.2569815,-0.022891767,-0.26212397,-0.25007614,0.3743086,0.101616286,-0.1643618,-0.25792506,-0.2102561,-0.023630783,-0.07125333,0.24336453,-0.44330984,-0.015354515,-0.2507796,0.08276379,-0.22343391,-0.85731804,-0.14877248,-0.12030434,0.21516329,-0.22168864,-0.26741573,-0.22587673,0.5353607,1.4953216,0.32620233,-1.0194896,0.3823423,0.83438724,-2.4712493,-1.5786769,-0.41480437,0.010653259,0.18030523,-2.9555233,0.34829646,-0.123911,-0.62478644,-1.5082141,-0.8510509,-0.9558277,0.93143713,-1.0305004,1.0578445,-0.92424804,0.9177502,-0.994335,0.9996147,0.4924383,-1.032195,-0.9965122,0.9460571,0.96874887,-1.0438064,0.10183439,0.9495368,-1.0232579,-1.0290412,-0.14208257,-0.94483113,0.8487304,-0.981141,0.0969306,0.9261801,-0.37961188,0.9486143,0.9697357,-0.9548597,-0.64852905,-1.036616,-1.0301327,1.0052207,0.09821706,-0.76763695
393,-0.039903045,0.0014881656,-0.9979341,0.0011793743,-0.004323305,0.0023582794,-0.26635548,0.23856993,-0.23569712,0.22214842,-0.27299082,0.2462667,-0.22649534,0.26102093,0.19677544,-0.26189017,-0.27737817,0.26295736,0.28305435,-0.24395013,0.13303845,0.25043693,-0.24705438,-0.19544505,0.050093506,-0.21952218,0.22553712,-0.23890346,-0.27976513,0.22405173,0.073221534,0.2475666,0.24642088,-0.26145726,-0.09406264,-0.26213536,-0.24086884,0.3761706,0.0646464,-0.15501516,-0.3439745,0.62615275,-1.0997375,-0.18762152,-0.7251173,-0.4467203,0.043631844,-0.13532282,-0.23077749,0.14374633,1.8058885,0.14145985,-0.22033733,0.44415805,2.3855152,0.24780479,0.257252,2.452013,-1.2429265,-0.01775777,0.019570677,0.07612331,-2.1512768,-0.46012622,1.6122384,-0.047175795,-0.093137555,0.030229619,-2.9224796,0.021743203,0.3126623,0.113909006,-1.5279924,1.3579793,-1.022966,0.9747325,-1.0533313,1.0290042,-1.0502234,0.9370604,-0.9683588,0.9963916,0.41688994,-0.96347505,-0.9358611,1.0147852,0.8554651,-0.9219091,1.081738,1.009936,-0.9697878,-1.0147363,-0.36415792,-0.9676095,0.9215174,-1.0444281,-1.0627633,0.17091462,0.5844564,0.9798435,0.9612571,-1.0194885,-0.90791017,-1.0480261,-0.9117592,1.0491675,-0.058806814,-0.8629241
394,-0.040492006,-0.0026088834,-1.0008569,0.0036094848,-0.0003978341,-0.0035757388,-0.24857736,0.25702456,-0.22600527,0.21488228,-0.26828438,0.25823033,-0.22777504,0.2760755,0.20359364,-0.26320127,-0.2785602,0.24706116,0.28149155,-0.25443453,0.06841463,0.2665018,-0.26546678,-0.20384672,0.106122434,-0.22058526,0.22537124,-0.23824391,-0.29245967,0.20977122,0.13061012,0.23873039,0.24234417,-0.25415823,0.009194001,-0.272545,-0.24435106,0.38719893,0.10039709,-0.15113701,0.11669845,0.48584682,0.30760533,-0.11026668,0.14206663,0.39514798,-0.020426033,0.86405426,0.16076703,-0.4642128,-0.6635316,-0.5305615,-0.020705989,-0.077216715,-3.7539916,0.65840846,-0.36233222,1.1274842,3.8532531,-0.030203762,0.061317284,0.045687508,-1.8573499,-1.3548188,2.516971,0.029122602,-0.19461824,0.14410122,4.781007,-0.14542747,-0.0309768,1.1416703,1.5149169,0.8026318,-0.94000256,1.0749718,-1.0815225,1.0551482,-0.9706999,0.9525337,-0.95258147,1.1660967,0.5792435,-1.0382881,-0.94324476,0.8876984,0.93721503,-1.0283852,-0.96647274,1.1053678,-1.0705285,-1.0299678,0.72953355,-0.9869253,0.938752,-1.0306336,-1.0675681,1.001019,0.8763643,0.9758721,0.918713,-0.96871555,1.0169338,-1.01808,-0.985497,1.0906904,0.70164096,-1.0069757
395,-0.039632343,-0.0046797865,-1.0004504,-0.0008202009,-0.000678893,-0.0007523177,-0.27786118,0.26337284,-0.23550007,0.21254697,-0.25811622,0.2567986,-0.22331457,0.28271717,0.18066694,-0.25221363,-0.27202475,0.2564069,0.309931,-0.26749286,0.1471502,0.25621733,-0.25449315,-0.2567702,0.08885127,-0.21577434,0.22813176,-0.25262883,-0.21976009,0.23271681,0.044120647,0.25250587,0.23651274,-0.25425792,-0.074170195,-0.27647808,-0.24619454,0.38906083,0.061420895,-0.13548407,-1.4762187,-0.1407941,0.16957524,-0.2979758,0.3075877,-0.12788865,0.27993965,-0.029277178,-0.8979484,1.018466,0.35507664,0.26583967,0.9696878,-0.24417286,3.5531785,-0.39021203,0.22503854,-0.01750786,-3.8870518,-0.12761305,0.1719182,-0.37297544,2.7208908,1.5317245,-3.9989066,0.3044797,-0.10372697,0.10189062,-3.9824352,0.28404588,-0.046361744,-0.69921166,-1.648387,1.2479389,-1.0741036,1.0219269,-1.0079235,0.9400439,-0.9291652,0.98486286,-0.94477075,1.0848998,0.2738845,-0.75229275,-0.953916,1.03351,1.0331125,-0.99515915,1.0217499,0.9969396,-1.002798,-1.0511343,-0.88749045,-1.052546,0.9167241,-1.0564904,0.95574546,0.97390383,-0.74154913,1.0267636,0.9427229,-0.9686858,-1.0425276,-0.98194575,-0.990891,0.9441906,-0.08691466,-0.3739993
396,-0.044552855,-0.0013747241,-1.0003601,-0.002702089,0.001096733,0.0012945631,-0.25352344,0.26543704,-0.23212354,0.20910034,-0.24896458,0.24939209,-0.21645766,0.292499,0.17868742,-0.24527152,-0.26239905,0.25418627,0.31044593,-0.25858587,0.108908154,0.25404567,-0.2616738,-0.21413821,0.041578062,-0.21717833,0.22876316,-0.24265671,-0.2112061,0.18297401,0.11406335,0.27360642,0.24215354,-0.26452988,-0.05652149,-0.28045022,-0.24615449,0.36957166,0.05956005,-0.13942726,0.48433676,0.1927742,-0.27975756,0.0794264,0.15588036,-0.17574728,0.2302052,0.3644905,-0.5385882,0.15265083,0.673529,-0.022093654,0.258858,0.39927563,-1.5106741,-0.12564602,-0.26289088,4.4873986,-1.1819004,-9.4726725e-05,0.06105425,0.02853067,-1.2532331,-0.8278257,3.106795,0.88914156,0.25958684,-0.33741078,1.1240128,-0.11393936,-0.11002951,-0.60110766,-0.03619475,-0.099981725,-0.9267913,1.0303766,-1.0725808,1.010811,-0.913985,1.0341741,-0.9251156,1.0890889,0.41042387,-0.92611367,-0.98990047,0.9964379,1.0152793,-0.9982451,-0.14177157,0.98636305,-1.0635006,-1.0892763,-0.9960214,-0.98029256,0.94798076,-1.0374545,-1.0229149,-0.69765294,1.0296439,1.1708266,0.98681897,-1.1076381,0.03584279,-0.99649113,-1.0152504,0.98804563,0.23661742,-0.99784297
397,-0.044007048,-0.0033487868,-0.99722546,0.0007073374,-7.6745055e-05,-0.000999563,-0.25737432,0.2561381,-0.22552554,0.21997485,-0.24941956,0.2481522,-0.21870404,0.28580236,0.17693482,-0.25174457,-0.26720655,0.25348276,0.3084569,-0.25005558,0.12925796,0.2509832,-0.25999182,-0.19451398,0.027095951,-0.21171585,0.23959045,-0.24344228,-0.21913064,0.17702633,0.040602207,0.2500116,0.25642067,-0.26778442,0.045032088,-0.28253782,-0.24734962,0.36051878,0.122580096,-0.14659451,-0.0912866,-0.30096504,0.33140025,0.33219364,0.045753364,0.068441235,0.12824778,-0.23909312,-0.0107712615,-0.26289475,-0.96476996,-0.12113926,-0.024059085,0.45234233,-0.015353507,0.1259509,0.1388854,1.7390903,0.49447787,0.34875172,0.21793136,0.011464905,-1.2403138,-0.17287792,-2.9867415,-0.6249323,0.58200973,-0.20127824,4.415881,0.19178438,0.07274087,-0.38072908,2.5002234,-0.010884374,-0.9778594,1.0185446,-1.0861845,1.0689828,-0.94597745,0.9475058,-0.9118335,1.0061653,0.3832114,-1.0457522,-1.0115365,1.0219861,0.9811242,-1.0047547,0.039475985,1.0205768,-1.0155532,-1.0172447,-0.5087423,-0.8817172,0.97483575,-0.98996854,-0.5515511,0.9041701,-0.5455342,0.97700906,1.0819346,-1.0890216,1.0710819,-1.0030272,-0.97287256,0.990285,0.9848321,-0.622378
398,-0.04303125,-0.0035133942,-1.0016408,-0.00087867124,0.00090179546,0.0009424596,-0.26098755,0.2525368,-0.2328291,0.22981058,-0.2559269,0.25337237,-0.21325019,0.2788938,0.17461425,-0.24494581,-0.2698524,0.26391914,0.31297693,-0.24850774,0.1315512,0.24261457,-0.26163343,-0.20132308,0.005219494,-0.20677738,0.22374171,-0.24822845,-0.2245184,0.21348675,0.05123801,0.24891336,0.26123658,-0.2684807,-0.03878062,-0.266513,-0.25150728,0.36015108,0.10663011,-0.17940362,-0.026242066,-0.3144357,-0.2771924,0.35273486,-0.24326724,-0.093925916,-0.16067438,-0.7720144,-0.07248757,0.34257653,0.6861661,0.38336605,0.18730178,-0.059758566,0.9652298,-0.41186473,-0.16834916,0.1688094,-1.5770191,-0.14903735,-0.5570171,0.088900566,-1.0404769,2.4320698,0.22441155,-0.39054856,0.0004157168,0.09576954,-4.153174,0.9453489,-0.23062739,-0.25322074,-0.6059273,-0.7158665,-0.96867394,0.9801584,-1.0019562,1.1517117,-1.0462724,1.0054736,-0.9908443,0.9826449,0.41536394,-0.90148383,-0.92258775,0.9703344,1.0584133,-0.98200506,0.60518944,0.946383,-1.0453414,-1.0372332,-0.56856954,-0.9935527,0.8686634,-1.0153509,-0.023434874,1.0269239,0.17092595,0.9574173,1.0145735,-1.0153794,-0.956914,-0.9518459,-1.0549368,0.9813093,0.3035218,-1.0560396
399,-0.040484954,-0.002163557,-0.99850655,0.0011563172,0.0008873076,0.0012840413,-0.26583418,0.25999233,-0.24129811,0.22570123,-0.25823042,0.25843838,-0.21489212,0.2711876,0.17467701,-0.24991375,-0.24468267,0.2584308,0.31603202,-0.23957136,0.1268548,0.2368535,-0.26148847,-0.19961444,-0.005435858,-0.21744822,0.23264645,-0.24538659,-0.24910691,0.2370412,0.10395152,0.25842497,0.25165376,-0.26367804,0.014544676,-0.27303222,-0.24616599,0.37569603,0.12763959,-0.15674649,0.1427429,0.04381208,-0.43022683,-0.24184592,-0.08715503,0.068113856,-0.04077771,-0.0035611931,-0.11993956,-0.17904244,1.1222795,-0.06719815,0.21547349,0.27966794,0.3665069,-0.14144412,0.1807725,1.5627359,0.76324934,-0.3846737,0.3343925,-0.22886461,-1.8359736,1.1131608,2.2068577,0.55308473,-0.40084144,0.07518941,2.73535,0.029767184,0.16508134,0.75177467,0.73170954,1.3710016,-1.0071764,1.0435619,-0.9839541,0.9454106,-1.0082403,1.1093678,-0.9282206,1.0056646,0.33964118,-1.0283052,-1.0894276,1.0881393,1.0213337,-0.98610604,0.46347833,0.9313333,-1.0266099,-1.0035402,-0.7542385,-1.0205047,0.9677514,-1.0397395,-0.9319543,0.2846952,0.89348745,1.0571837,0.9522829,-1.0506442,0.61757964,-0.9688287,-0.9649849,1.0124385,0.6496238,-0.6479832
400,-0.03732964,-0.0034424493,-0.99856263,-0.0011290256,-0.00032696725,0.0017988132,-0.28595963,0.24542369,-0.2147403,0.22253166,-0.24271622,0.26120588,-0.22464032,0.27503023,0.17834249,-0.2520899,-0.26618418,0.25542712,0.30387607,-0.2380286,0.087727204,0.24530295,-0.2533412,-0.22436224,-0.0016519296,-0.21420911,0.22296141,-0.25379807,-0.1745874,0.23859462,0.09438868,0.25660762,0.24713226,-0.2580351,0.055985987,-0.27131766,-0.24120203,0.39131334,0.12345767,-0.12788163,-0.83954805,-0.56799155,1.222927,-0.048696406,0.6693499,-0.19410154,-0.28352466,0.27828434,0.09328279,-0.023355521,-1.7504847,-0.188477,-0.22583276,-0.011966983,-2.8160574,0.31062588,0.17928354,0.3111149,1.0890857,0.26219642,-0.15054862,-0.29941332,2.5793128,-0.93455184,-0.40816754,0.01906949,-0.015411346,0.14192316,1.8305833,0.33111367,0.18780786,0.014310064,-0.12261683,1.519604,-1.0865455,0.99022335,-1.023852,0.9127541,-0.9360583,0.9751917,-1.0845299,1.1427665,0.37165803,-1.0276496,-0.9873441,0.9751262,0.949004,-0.99916315,-0.9808882,1.001481,-0.9984951,-1.0410553,-0.9584392,-0.9829478,0.89896554,-1.0727686,0.83000326,0.9208901,0.088808626,1.0213776,0.9969349,-0.9655854,0.60224736,-0.91318154,-0.93631566,1.0773407,0.46539384,-0.30867785
401,-0.04089795,0.00089108717,-0.99955666,0.0011147528,-0.002002372,-0.001357157,-0.27240187,0.24364655,-0.22800152,0.23116142,-0.25719523,0.25038022,-0.22444302,0.26821703,0.17480768,-0.24429242,-0.2728948,0.2678349,0.30430093,-0.23812598,0.14302269,0.25406134,-0.24441367,-0.20767768,-0.025077531,-0.20936793,0.229402,-0.25470033,-0.2133751,0.23262212,0.033858795,0.24967736,0.257423,-0.26126704,-0.031091334,-0.26267308,-0.23630719,0.36782718,0.06564152,-0.1326296,0.68379277,-0.071993746,-0.76328903,-0.04359347,-0.4521766,-0.3450076,-0.053555336,-0.2868871,-0.51272833,0.41928887,0.2969696,0.27125615,0.32491368,0.09131744,2.8418524,0.2779301,0.04542543,2.770717,-1.1529723,0.08561412,0.10908411,0.13794664,-3.3062975,0.49761805,-2.588878,-0.69820577,0.25576738,-0.042688794,-4.310929,0.46002975,0.22108163,-1.0230862,-2.4251637,0.18481894,-0.9703825,0.9843283,-1.052226,1.0349599,-0.98828995,0.943398,-0.9718065,1.0002133,0.25857168,-0.96620077,-0.9978616,1.0535864,0.9301179,-0.96850896,1.0291566,1.0353197,-0.978581,-0.9840266,-0.96440923,-0.931063,0.925101,-1.0511309,-1.0015609,0.79171824,-0.4630263,0.9477302,1.0447369,-1.0271566,-0.95282406,-0.9689773,-0.90076447,1.0231062,-0.23228166,-0.67352015
402,-0.040966604,0.00016314969,-0.9996793,0.0002572747,-0.0006710254,0.0009002811,-0.2667849,0.26083532,-0.22950485,0.21746233,-0.2605191,0.2553788,-0.22680378,0.26448157,0.17804524,-0.24622466,-0.26257703,0.26087233,0.295283,-0.23970263,0.102785304,0.25681162,-0.23390318,-0.19351305,-0.007756525,-0.22276445,0.23711957,-0.25152978,-0.23950526,0.24854214,0.10781148,0.23027492,0.25306103,-0.2648221,0.04542693,-0.26182935,-0.24774775,0.377509,0.10156008,-0.12715937,0.31067488,0.4120563,-0.21730639,-0.20494907,-0.07139407,0.16125345,-0.23770174,0.100888364,0.29891098,-0.2747594,0.64236665,0.048343644,-0.3344865,0.02095056,-1.2273103,0.104727276,0.3708227,0.6288938,2.4320915,-0.42661202,0.29735348,-0.044868086,-0.8772785,0.49122253,2.9271488,-0.19482262,-0.25157148,-0.025953816,3.972261,-0.024751743,-0.3790729,0.80089295,1.5505564,0.7621936,-1.0357567,1.0896741,-0.9623129,1.0503491,-0.9988689,1.0253397,-1.0243692,0.9740046,0.539944,-1.0053403,-1.0767015,0.9695327,1.0119947,-0.98636955,0.033551347,1.0245041,-0.87480175,-0.9060136,-0.16576682,-1.0384333,0.9818606,-1.099298,-1.1566944,0.98277146,0.9923906,0.9311852,0.96416616,-1.0416483,0.99960333,-0.9790328,-1.0587666,0.9119526,0.7219275,-1.0165699
403,-0.039466705,0.0002547946,-0.9991935,0.0007449932,0.00016660386,0.0017320579,-0.26963812,0.2643094,-0.20893319,0.22072512,-0.25344974,0.25919533,-0.22852221,0.2696081,0.18033476,-0.2493787,-0.28999296,0.2635517,0.2924353,-0.24216035,0.080280334,0.26141828,-0.24327496,-0.21669973,-0.022668153,-0.21638742,0.25547594,-0.25015402,-0.20105328,0.2744816,0.08040341,0.25497007,0.25155732,-0.26235977,0.024667311,-0.27377766,-0.25327918,0.38041085,0.08807868,-0.117870204,-0.24230596,-0.39046255,0.80757993,-0.070560336,0.30893308,-0.08865963,0.05690651,-0.20447932,-0.12689161,0.20330445,-1.6877906,-0.03585113,0.22625816,-0.15422061,-2.1073015,0.05329054,-0.31361485,1.0064818,-0.50106514,0.08360126,0.6863912,-0.09217555,1.0579741,0.76139677,-1.1713775,0.66694,-0.1877442,0.019333309,-1.2354742,-0.03892283,-0.34984434,0.012527528,-0.6787785,0.8197277,-0.9719628,1.0498451,-1.0035806,0.982186,-0.97600305,1.008429,-0.9722359,0.9890009,0.3930582,-0.9275644,-0.9476374,0.9913893,0.95997715,-0.9754679,-0.7319577,1.0348159,-0.96586424,-0.9701279,-1.0802134,-1.0234194,1.054661,-1.0334691,0.36970907,1.0267642,-0.16442011,1.0461432,0.96348786,-0.97920287,-0.1263107,-1.0302666,-1.0876708,1.0214632,0.21256103,-0.3542169
404,-0.03937258,0.0012862354,-0.9987981,-0.0017711445,0.0019118057,-0.0031527476,-0.26686835,0.24907988,-0.24154168,0.22718187,-0.26564795,0.25217018,-0.22254802,0.26614594,0.1692969,-0.25210798,-0.27731916,0.26918852,0.30750516,-0.23597975,0.11043143,0.24489792,-0.2523763,-0.1885546,-0.039770834,-0.21919475,0.26214024,-0.25012523,-0.22209352,0.2536329,0.08237198,0.25116578,0.25464028,-0.2598835,-0.061562456,-0.26804438,-0.25137103,0.3771735,0.070838764,-0.13186187,0.24463746,-0.43513697,-1.1572998,0.27127373,-0.19903156,-0.26625276,-0.040076345,0.13228244,-0.5062946,-0.15555987,1.394664,0.17325282,0.52976227,0.14474355,2.3885074,-0.34061828,-0.35236904,2.8898115,0.3212894,-0.29765204,0.19315158,0.1760192,-2.1945515,-0.09248021,-0.09408054,-0.2194826,0.17113554,0.102231406,-3.7227683,0.29832482,0.06955034,-0.3845304,-0.7733258,-0.36531106,-0.9914401,0.9800846,-1.0546274,1.0563976,-1.0103118,1.0049133,-0.9878415,1.0879338,0.28867877,-1.0664057,-1.0271883,1.0256693,0.9789406,-0.98096746,1.0084033,0.9669157,-1.0181503,-0.9537632,-1.0058595,-1.0360208,1.0759195,-1.0239242,-0.95000994,0.46075553,0.2860663,0.9886515,1.0061476,-1.0037016,-0.94373524,-0.9953236,-0.9977113,0.99199796,0.11537906,-0.77593166
405,-0.04064221,-0.001546568,-1.0000833,-0.0008016877,-0.0032756983,-0.00043933807,-0.27165654,0.24741642,-0.2136819,0.22276618,-0.26966062,0.25230792,-0.23749651,0.269272,0.16479741,-0.24490845,-0.27535835,0.26340538,0.31370366,-0.24909776,0.040119402,0.25385416,-0.24511065,-0.1797516,-0.02256065,-0.21910088,0.25360775,-0.2384532,-0.24673602,0.25540042,0.150192,0.2413176,0.25629824,-0.2573174,0.02197751,-0.27677777,-0.25590247,0.37616464,0.09461116,-0.14268234,0.2718895,0.026839148,0.49392247,-0.08867709,-0.109074,-0.2000066,-0.43444443,0.23636061,-0.13032147,0.07131854,-0.26233646,-0.10928225,0.29550466,-0.37706316,-3.0487683,0.23194063,0.24743131,0.97356385,1.2010306,0.04146006,-0.52804375,0.32274008,-0.22817238,0.13665357,3.0096714,-0.020513806,0.122805186,-0.02333532,3.9885032,-0.0056903614,0.14979668,-0.09436036,0.918686,0.27478862,-1.0635036,1.0179943,-0.9572072,1.0138133,-1.039191,0.9347306,-1.0761043,1.0030736,0.38367915,-0.9038934,-0.95332867,1.0167378,1.0825299,-0.9796754,-0.879296,1.0321337,-0.9409314,-1.0544745,-0.12788557,-0.9884818,0.99830353,-1.014103,-1.0558797,0.98716104,1.0640248,0.98869056,1.0305686,-1.0198781,0.9005219,-0.9486096,-0.96898216,0.9561469,0.5495473,-0.9677047
406,-0.037961878,-0.005020553,-0.998804,-0.004016595,0.0009063069,0.00032399513,-0.26447165,0.25104508,-0.22466554,0.22088072,-0.26361096,0.2575452,-0.23620597,0.2761081,0.17355715,-0.24126358,-0.27652645,0.26244614,0.29922876,-0.2559106,0.12605384,0.2672142,-0.25837314,-0.1931619,-0.0040025385,-0.22053185,0.2498162,-0.2354145,-0.23470096,0.29506665,0.02696871,0.2610469,0.2511175,-0.27186915,0.009283916,-0.2768274,-0.2505193,0.37408948,0.10139786,-0.15491359,0.25767994,-0.2640827,-0.09175011,-0.2945234,0.50064874,0.2914028,0.12943096,-0.14643948,0.27111122,0.032395985,-0.51076853,-0.11690464,-0.40528163,-0.18844618,2.496096,0.28027147,-0.36918238,0.7591701,0.5288992,-0.0694861,0.092025965,0.07330264,0.96491796,1.5992681,-5.363978,0.43098298,-0.2546881,-0.2836317,-0.91310525,0.062490024,-0.07038539,-0.059096534,0.38906243,0.06456341,-1.0343182,1.0109978,-1.000649,0.9550482,-0.9593292,1.0321931,-0.9098964,1.0074325,0.48585805,-0.78885907,-1.028126,1.0032248,1.0061382,-0.9287499,0.7460477,1.0748256,-1.0424516,-1.0430522,0.1411215,-0.95483303,1.0298877,-0.9871012,-1.0187092,1.0088596,-1.0672239,1.0702865,0.96856725,-1.0966187,-0.122593276,-1.0119008,-1.0200825,0.9946684,0.47999322,-0.93642646
407,-0.042099707,-0.0018055158,-1.0011083,-0.0011912185,-0.00016203517,0.0031238445,-0.27368364,0.26047677,-0.24508679,0.22133794,-0.27581865,0.25072792,-0.22986454,0.27425525,0.17902987,-0.24487218,-0.2670596,0.26906914,0.27922696,-0.27332816,0.1087239,0.2483935,-0.24645919,-0.16499105,0.052051358,-0.23180088,0.23602061,-0.23677714,-0.26616585,0.25606474,0.09863909,0.25553304,0.25520608,-0.2618939,-0.035423364,-0.27709007,-0.24714926,0.36555487,0.08962633,-0.16449629,0.49553433,0.091520175,-0.95329183,0.017817132,-0.084044024,-0.41485536,0.0908928,-0.10032951,0.30384824,-0.065801576,1.2478337,0.01769765,-0.38425803,-0.42230454,0.85545635,-0.3598282,0.18436329,0.889201,1.9431416,-0.49142483,-0.6683334,0.11793923,-1.310412,-0.40289667,2.9445708,-0.26968187,0.19312805,0.26198697,-1.8699192,0.28623232,0.13336325,-0.20585996,-0.3601751,0.3109562,-1.0301437,0.9867083,-1.041335,1.040908,-1.1182013,1.0173973,-0.95460004,1.0371696,0.4904304,-0.8226107,-1.0331767,0.9238426,0.9238266,-1.0210677,0.67523664,0.9944031,-0.97337174,-1.0215561,0.6736267,-1.0895728,0.9117645,-0.9947929,-1.0160395,-0.0020314432,0.9707354,0.99871826,1.010911,-0.9784454,-0.4881708,-1.0326765,-0.96445596,1.0416778,0.29175344,-0.9624027
408,-0.03965623,-0.0031695592,-1.000545,-0.0001568881,-0.00017623219,0.0014635477,-0.25956157,0.26534075,-0.2101051,0.21865672,-0.27296808,0.24856576,-0.24017577,0.27993232,0.18462224,-0.24336332,-0.29093727,0.25643638,0.27817446,-0.2819713,0.064320415,0.24426971,-0.24953407,-0.19217907,0.10657375,-0.22272706,0.23255749,-0.2251917,-0.26933777,0.2501817,0.08308536,0.23123729,0.25844076,-0.26081374,0.048165202,-0.26906124,-0.24188966,0.3615721,0.08874686,-0.16958292,0.6188801,0.19044057,1.1265485,-0.15334345,0.39519885,0.08979681,-0.23899744,0.3612221,0.19396149,-0.068040974,-1.7696451,-0.54083866,-0.032735314,-0.13490024,-3.3656547,-0.28771493,-0.0235459,0.37639606,1.9608144,0.5810999,-0.06843195,0.19690035,-0.002917463,-0.13524696,-0.4424829,-0.45114887,0.21782194,-0.09863001,3.8893907,0.32515177,0.2926615,-0.17126758,-0.14676052,0.8423542,-0.971419,1.033914,-0.966988,1.0527164,-0.98837596,0.88790774,-1.0254534,1.1026406,0.48555046,-0.73946774,-0.9446429,0.95460445,0.90685177,-0.98904574,-1.081594,0.94821614,-0.99198645,-1.0825925,0.9425561,-0.9056081,0.97384655,-0.9776269,-1.0054039,1.0300068,0.018017894,0.9304258,1.0561336,-1.0247585,0.9963059,-0.92380416,-0.90795726,1.0123286,0.3253734,-1.0695727
409,-0.038033843,-0.0013007004,-1.001044,0.0007950424,-0.0006328628,-0.001199066,-0.28189954,0.2826724,-0.23372523,0.2178319,-0.27441475,0.25514013,-0.23002619,0.27084628,0.17643364,-0.21986572,-0.2843824,0.26512358,0.27767724,-0.31014693,0.11704934,0.25266,-0.24868912,-0.19370608,0.13372543,-0.22187176,0.2416524,-0.22973286,-0.27174798,0.23949888,0.0152259655,0.26104653,0.25503248,-0.27603033,-0.04503211,-0.26670715,-0.24472876,0.3607338,0.07853962,-0.16891928,-0.10290896,0.36758465,-0.60440004,-0.28667474,0.41944027,0.036435556,0.40253377,-0.55866176,-0.23281412,0.9672982,0.5078703,0.19979568,0.01565575,-0.9455842,2.8159635,0.27571768,0.07683234,0.8208673,-0.866726,-0.21344583,0.49569896,-0.37730807,1.2649815,1.9971834,-2.745601,0.64103466,-0.1885086,-0.5073104,-4.3772182,0.55474997,-0.27976277,-0.43851545,-0.3219614,0.55378044,-1.1155891,1.0356305,-1.0704004,1.023193,-1.0589656,1.0444481,-0.9593487,0.9229206,0.5024925,-0.46539417,-1.0384048,1.000464,0.9548219,-1.0562706,0.9439287,1.0277256,-0.9770678,-1.0662925,0.1443654,-1.0686914,1.0190187,-1.0061733,-1.0997097,-0.41944012,-0.53485525,1.0771064,0.99312246,-1.1640167,-0.99430126,-0.9664141,-1.0413687,0.9257591,0.24908657,-1.0479829
410,-0.035809245,-0.0023280354,-0.9964679,-0.0009633446,-0.0021110699,-0.0003123774,-0.28031692,0.25219315,-0.21951509,0.20955513,-0.26555863,0.24248722,-0.22799945,0.26124135,0.16830608,-0.24710423,-0.2936317,0.26472208,0.28951418,-0.27037117,0.05001995,0.25186118,-0.24792752,-0.18691272,0.10225418,-0.2247942,0.2531622,-0.23788469,-0.2687231,0.21846488,0.1067409,0.24840154,0.2421345,-0.27435908,-0.0026694504,-0.25424844,-0.2502831,0.3720151,0.0826778,-0.1745259,0.61132234,-0.42391735,0.110622704,-0.1790549,0.4691749,-0.10250914,0.14868908,-0.04341921,-0.31451434,-0.47583547,-0.20399535,0.13270128,0.58170414,1.3466659,-2.717483,0.035141367,-0.03979655,1.707582,-0.682289,-0.013738769,0.090699084,-0.4051815,0.26780233,0.2581924,3.5520766,-0.19482271,-0.61155695,0.13080768,2.184322,0.48294938,-0.13027745,0.64836043,0.1301255,-0.035398856,-1.044478,0.94899696,-1.0283425,0.9983871,-1.0243862,0.9406184,-0.98678166,0.9908201,0.42499003,-0.9730709,-0.960757,1.0102575,1.0132343,-0.987825,-0.6342443,1.0211948,-0.98954606,-1.0817811,-0.83328825,-1.0502324,1.0106454,-1.0301291,-1.0534656,0.16979787,0.96671945,0.99362,0.8910888,-1.0193887,0.45239022,-0.9279859,-1.0306555,1.049454,0.35402447,-1.0383443
411,-0.035765518,-0.0054781693,-1.0051731,-5.4384527e-05,-0.0018101146,-0.0023263295,-0.28033954,0.24603802,-0.22850205,0.21605678,-0.25511232,0.24438293,-0.22391737,0.26941398,0.16532551,-0.24618366,-0.27586165,0.26190627,0.3017291,-0.24571857,0.12545617,0.25484902,-0.25909632,-0.21431391,0.039820384,-0.21506819,0.24249284,-0.24568564,-0.19758585,0.234788,0.036607664,0.25162414,0.25913873,-0.26675305,-0.015621453,-0.25831383,-0.24989125,0.35206556,0.09746845,-0.14323202,-0.39937767,-0.11415397,0.13508914,0.21533458,0.5777571,0.06300354,-0.100721225,0.345538,-0.19012718,0.43810922,0.97501194,-0.40478402,0.39734772,0.7780038,3.7841108,0.049477413,-0.1290292,-0.042000998,-3.880238,0.09103275,-0.2321285,-0.15011875,2.5369918,1.211226,-3.3489692,0.02133846,0.76208764,0.3190873,-0.7537071,0.48120454,0.017282434,-1.3479637,0.67258644,1.6735114,-1.0703831,0.9679201,-0.972463,1.0309464,-0.94476205,0.96592903,-1.0418984,1.0945077,0.28981024,-0.9262957,-0.9662223,0.98716474,0.9907217,-0.939267,1.0351863,1.0246527,-1.0266556,-1.0254755,-1.0094984,-0.9722835,0.9509504,-0.9754721,0.58777744,1.0527897,-0.5840704,0.994223,1.0769705,-0.99682325,-0.1958766,-0.95442766,-0.99670917,0.9886892,0.52626956,0.08153981
412,-0.03830669,-0.0044637877,-1.0001842,2.992704e-05,0.00026527114,0.00073530205,-0.26334065,0.23895198,-0.20837288,0.21890415,-0.24215274,0.24810697,-0.2269379,0.27097037,0.1667862,-0.24541093,-0.27230823,0.24451393,0.30265507,-0.24908282,0.056346048,0.24712014,-0.25055632,-0.18055838,0.01809563,-0.2216699,0.24909422,-0.22800238,-0.20152818,0.2268255,0.10374899,0.23746048,0.2673863,-0.27367824,0.019149343,-0.2537812,-0.24482286,0.3395116,0.10291786,-0.17133784,0.4417805,-0.13144077,0.41807142,0.25717464,0.1704376,0.18769154,0.12634486,0.12117514,-0.23629496,0.080717035,-0.3708331,-0.66648144,0.27778143,-0.18206881,-3.3927264,-0.21138468,-0.113619395,3.566954,0.5324983,-0.08935241,-0.0870248,0.8149818,-1.553288,0.5796942,3.1662571,-0.5273617,0.22335723,-0.19124652,1.3916574,0.16880576,0.2595657,0.067768104,0.2651201,-1.0330027,-0.9847089,0.92408085,-1.0312772,1.064191,-0.9250744,1.0308555,-1.0279924,1.021283,0.39566806,-0.98132867,-1.0532945,0.93381697,1.0188017,-1.0400434,-0.94613534,0.973642,-1.0147586,-0.9298841,-0.9701742,-1.0467143,0.99366844,-0.8856313,-0.9408104,0.02080433,0.9539472,0.9256062,1.0595485,-1.0980296,0.37697545,-1.0308199,-0.92451155,1.0638342,0.47433236,-0.97680944
413,-0.041279405,-0.0075438395,-0.9945597,-0.0046431,-0.00055580615,0.0016316694,-0.284537,0.25664175,-0.20890728,0.21947591,-0.25001842,0.25159183,-0.22640185,0.27026728,0.1651526,-0.24721849,-0.28843912,0.2327761,0.3077376,-0.24940379,0.10701052,0.25342622,-0.24399796,-0.20324466,0.030031787,-0.21316192,0.24577147,-0.2210561,-0.17481647,0.20485204,0.00434423,0.24457477,0.257267,-0.26451352,0.062483367,-0.26012722,-0.24938613,0.35891575,0.117244266,-0.15905014,-0.7643196,0.58607745,0.09798898,0.028975373,0.04421086,0.053658716,-0.047051463,-0.17436974,0.16081645,-0.1165959,-0.9247436,-0.31864098,0.1325696,0.10677436,1.4636385,0.16779535,0.24304625,-0.5663537,1.212386,-0.0025781535,0.24787049,0.107278965,0.5292675,-1.1641185,-4.2169385,0.33977467,-0.17573732,0.14174172,1.7868339,0.11160545,-0.17490982,0.82816607,0.43007135,1.1637423,-1.1081183,1.0822133,-1.041166,0.9791324,-0.9474115,0.9686102,-1.0215483,0.9859661,0.3773954,-1.0084487,-1.064838,1.0068029,1.0237402,-1.0297781,0.32667315,1.0280019,-0.9457816,-1.0425559,-0.25414908,-1.0053166,1.0344399,-0.9177279,0.12535991,0.8633664,-0.9508494,0.99921966,1.0187688,-1.0124624,0.61119145,-0.89668655,-1.0289595,0.9924268,0.55830455,-0.49076378
414,-0.040676188,-0.004508641,-0.9973124,0.00011011148,-0.0039528753,-9.599816e-05,-0.27436274,0.25447166,-0.2329242,0.22941092,-0.2575662,0.24704811,-0.22430195,0.26350296,0.17180929,-0.24533948,-0.27186394,0.2485418,0.3103178,-0.2480139,0.093804084,0.24395381,-0.25578174,-0.19056444,0.022743177,-0.22913161,0.2594106,-0.23001234,-0.21595116,0.20474312,0.09260019,0.25552908,0.2632062,-0.273381,-0.034693953,-0.26517585,-0.2513365,0.37077692,0.063588634,-0.15003288,0.5869643,-0.022022925,-1.2168407,0.50565165,-0.4309919,-0.040145528,0.061955173,-0.23218222,-0.035927877,0.030510424,1.7237659,0.54889333,0.30171034,-0.118976094,0.9515599,-0.13127622,-0.47619712,1.8868544,-0.08076998,-0.45626613,0.37393567,-0.3928946,-3.1524358,1.4000074,3.408055,0.17747049,0.009321092,-0.006367685,-4.298024,0.01296017,-0.07958716,0.5879836,-2.3452802,0.5164104,-0.99504846,1.0177524,-0.98929286,1.0384111,-1.0223974,1.0226407,-0.90460855,1.0160605,0.354826,-1.0196147,-1.0202767,0.98946744,0.9983703,-1.063185,0.7163295,0.9954265,-1.0593401,-0.9659694,-0.90549797,-1.0710559,1.0698628,-1.0266747,-0.9681847,0.22030634,1.0418965,1.0156769,1.0348347,-1.0570835,-0.95308125,-0.93812376,-1.0176098,1.0323834,-0.23108687,-0.94097954
415,-0.0469544,-0.0018246315,-0.99823993,-0.0014954057,-0.0033915052,-0.0040120776,-0.27366766,0.2351346,-0.21285585,0.22863968,-0.26404968,0.25065258,-0.22410935,0.26242182,0.15735888,-0.2587059,-0.28671202,0.25133055,0.3247874,-0.23317966,0.041103918,0.26228836,-0.25525644,-0.18086454,-0.012652212,-0.22596101,0.2591708,-0.23572339,-0.26844895,0.25221986,0.13825344,0.2452322,0.25027826,-0.25673902,0.046399496,-0.27642667,-0.24766912,0.39336336,0.08858103,-0.12705122,0.6215337,-0.7194954,0.7817938,-0.26013866,0.100149035,0.3045607,-0.08276525,0.28036082,-0.36396685,-0.17618413,-1.0375563,-0.07152409,0.73573184,0.4067824,-3.0676115,0.42328432,0.058778618,2.4643939,-0.80938435,0.0662956,-0.023179263,-0.39081037,-2.4337213,2.4711683,2.129271,-0.08899991,-0.37425074,0.3419525,4.01612,-0.19967179,0.07011316,0.7159528,1.2702073,1.2963295,-0.99837077,0.89318496,-0.88800496,1.0209876,-1.0406272,1.024682,-0.93361646,1.0254153,0.23070234,-1.039496,-1.0648837,0.9935825,1.0634294,-0.9198981,-0.92454433,1.0789999,-0.9956888,-1.0046957,-1.0097086,-1.0119681,1.0354731,-1.0364048,-0.9527025,0.92929786,0.8226631,0.9773623,0.9521327,-0.9326879,1.0008864,-1.0626359,-0.9814791,0.9649252,0.62517476,-0.44711432
416,-0.04516527,0.0048288475,-0.9995811,6.0437003e-05,0.002175733,0.0012556107,-0.2769852,0.23990828,-0.21767661,0.22996128,-0.2590646,0.2476337,-0.22019,0.25919372,0.16985695,-0.25027892,-0.29900882,0.25046197,0.3103865,-0.2351123,0.10863552,0.25324008,-0.24860966,-0.21716893,-0.040389985,-0.22194846,0.26158977,-0.2385467,-0.18409361,0.24162161,0.02864527,0.2475818,0.25454512,-0.2604563,0.0020930357,-0.27760988,-0.24536657,0.39319128,0.09775574,-0.12944427,-0.6479673,0.10275946,-0.018036095,-0.16148204,0.45279893,-0.49315608,0.2594677,-0.35488307,0.33364624,0.3701316,-0.97369695,0.06151792,-0.47947153,0.021235174,2.1662133,-0.32834873,0.11540168,-0.70742166,-1.1302397,0.036354665,0.15592821,0.34076756,3.7119951,-1.3900982,-4.6923695,-0.07582535,-0.049982842,-0.100563005,-2.3140275,0.18526773,-0.019018555,-0.50918376,0.32326218,0.017178228,-1.0608883,0.9814715,-1.1001282,0.9184798,-0.97437394,0.9080156,-0.88985294,0.9480003,0.37730804,-0.98487395,-0.97199255,1.053849,0.9855215,-0.9563861,0.42915288,0.98984295,-0.9733327,-0.966265,-0.85913056,-1.0234059,1.06205,-0.9459732,0.9777721,0.96031743,-1.0051677,0.9849508,1.0068185,-1.0235884,-0.4130049,-0.9332116,-0.997705,0.9739709,0.46599576,-0.51664925
417,-0.047647834,0.00029938034,-1.0000855,-0.0006836554,-0.0026541313,-0.00014737097,-0.27399877,0.25332618,-0.24547961,0.22580627,-0.25342685,0.24272138,-0.21912053,0.25869086,0.16558403,-0.2487334,-0.27426288,0.25782236,0.31771708,-0.23833543,0.10191081,0.25644842,-0.23560375,-0.194748,-0.023334697,-0.22430739,0.25329983,-0.23398274,-0.19131784,0.19611695,0.10665841,0.25401574,0.25286612,-0.2562332,-0.06586059,-0.28423008,-0.24946135,0.38487238,0.06159755,-0.1508138,0.30153185,0.59259677,-1.3894594,-0.39631292,-0.012933953,-0.068583794,-0.2935636,0.007554475,-0.5200334,0.07045767,2.1340923,0.052032903,0.4693616,0.013121517,1.387662,0.11972233,0.23086567,2.616354,1.0208316,-0.06016538,-0.2619826,0.13860749,-1.7864134,-1.0602754,2.9064121,-0.051036168,-0.032463975,0.28942606,-3.0027716,-0.19436175,-0.18748403,-0.4788207,-1.5251915,-0.25195563,-1.0183587,1.0127574,-1.0235369,0.91378,-0.9478823,0.9923893,-0.98787737,1.0144209,0.32958347,-0.9774025,-1.0142422,0.9807529,1.0574497,-0.95345044,0.9349195,1.040857,-0.9109242,-0.96081877,-0.28490248,-0.9681203,1.0177162,-0.98739475,-1.0407561,-0.20797431,1.020711,1.0011159,0.9890015,-0.9627844,-0.8336395,-1.1300601,-1.0457997,1.0005664,-0.05322071,-1.0108045
418,-0.045497093,0.004093392,-0.9965441,0.0014004706,0.00097322837,-0.0009219162,-0.26237372,0.26179475,-0.22119834,0.21146181,-0.26398084,0.24112847,-0.22657506,0.2650555,0.1622236,-0.24464312,-0.28585553,0.25781918,0.31832713,-0.2448803,0.06338079,0.25718307,-0.2410288,-0.19742154,-0.02365528,-0.22311148,0.24447082,-0.23052622,-0.24756287,0.2170988,0.13881963,0.24955073,0.24795316,-0.25413632,0.02671222,-0.2934129,-0.2462874,0.39514124,0.08114782,-0.14328046,0.6644116,0.13353081,0.6344183,-0.15946434,-0.47469312,0.058797576,-0.14893971,0.44633463,0.03755886,0.1370466,-1.1649461,-0.07085568,0.14704052,-0.2444446,-2.840353,0.0075253034,-0.222844,0.9803388,0.4978037,0.20349926,-0.4085894,0.0062622717,-2.9642644,2.0988095,1.6338094,0.16472998,-0.18142205,-0.033035915,4.538866,-0.09921667,0.25187516,0.4851388,0.68538606,1.1852279,-0.9576711,1.061164,-1.0863495,0.9685508,-1.107755,0.9642161,-0.9926884,1.0339948,0.40235767,-0.9361024,-1.0740426,1.0045013,1.0975225,-0.98994124,-0.98174083,1.027112,-0.9573948,-1.0346793,-0.571655,-0.9654065,0.96486354,-0.99996966,-0.94160944,0.9787822,0.7287279,1.0136402,0.95024353,-1.0025499,1.0326313,-1.0076424,-0.93763983,1.00065,0.4648911,-0.6742831
419,-0.046890333,0.0051385616,-1.0014514,0.0004811921,0.0014975892,-0.002413812,-0.25561437,0.2376522,-0.24231242,0.22814053,-0.2612058,0.2510997,-0.22533067,0.2761045,0.17006515,-0.24398199,-0.28641507,0.25822845,0.31520027,-0.2536273,0.13771537,0.2621712,-0.24856141,-0.20345476,-0.046304863,-0.2150664,0.23825422,-0.23665471,-0.22909062,0.2687845,0.033656757,0.2494149,0.26324826,-0.2512806,-0.06268543,-0.28927463,-0.25127438,0.37233344,0.092213936,-0.14479278,0.01839106,-0.92064255,-0.33589667,0.37887862,0.45359862,0.11972619,0.18536632,0.1933281,-0.04944796,0.35743013,-0.14310178,-0.14022055,0.006162796,-0.29690433,3.0078166,0.13406692,-0.42079484,1.4481289,-1.0383679,-0.009479557,-0.054100476,0.03983114,0.39393654,1.9707249,-4.644065,-0.23106661,0.71794945,0.24218306,-4.2303276,0.21529607,-0.27034253,-0.9940872,0.3994639,0.3761899,-0.95762426,0.90136665,-1.0933973,0.9766271,-0.9577057,0.9717375,-0.9111216,1.1067462,0.3120638,-0.90265703,-1.0471922,0.948886,1.0045122,-1.0183725,0.96107525,1.0610874,-1.0263977,-0.9492079,-1.0072349,-0.98699844,0.961806,-0.975102,-0.2671378,0.9934254,-0.8913089,0.9721138,1.1182753,-0.9070438,-1.0397388,-1.0199721,-1.0706784,1.0353634,0.4436511,-0.65907365
420,-0.04890064,0.0039472724,-0.9975151,-0.001129291,-0.002960177,0.00060807343,-0.2745693,0.24523133,-0.2537299,0.2179741,-0.27165964,0.24026933,-0.22052342,0.27144882,0.16775538,-0.24763049,-0.2684222,0.25060204,0.30022967,-0.24507366,0.121555984,0.24106333,-0.24438062,-0.1745373,-0.029243091,-0.2238565,0.26303643,-0.2301828,-0.25822806,0.22918563,0.10598274,0.2459542,0.26191533,-0.24902147,-0.055397954,-0.2911396,-0.25544205,0.37872985,0.090724126,-0.1256765,0.062217753,0.52720386,-0.75263685,-0.35236982,-0.12066542,-0.28354117,-0.062285095,0.009513012,0.030417152,-0.21353938,1.4251815,0.07456369,-0.23284629,0.2153166,0.48989826,-0.66877884,0.17945439,1.703511,1.7829437,-0.30208573,0.8321044,-0.18035384,-0.9993299,-0.98641825,2.930706,0.25685945,-0.37612697,0.10586377,0.5034542,-0.061048012,0.023924582,0.44357723,-0.07309296,1.4396416,-1.0601712,1.0036644,-1.0507557,0.9151449,-1.0840755,0.9849313,-0.9404918,1.0087123,0.35252613,-1.0013268,-1.015001,0.9409987,0.964844,-0.99435437,0.58708185,0.9140287,-0.93347716,-1.0616205,-0.3588276,-1.0224469,1.1123773,-1.0344859,-1.0639101,-0.09292296,1.0016533,1.0273281,0.9967652,-0.9584329,-0.07968033,-1.0214703,-1.0028366,0.94362885,0.3521593,-0.9098321
421,-0.047894094,0.0006818489,-1.0009797,-0.0012672931,0.00042660537,-0.0019062216,-0.2708495,0.25517285,-0.22455639,0.2155452,-0.2615118,0.24733177,-0.2271235,0.27704927,0.17069803,-0.24779592,-0.2894043,0.25163156,0.3135143,-0.24661721,0.07094529,0.25062406,-0.24464151,-0.19846243,-0.0035670106,-0.22136134,0.25280878,-0.2389333,-0.24288505,0.24582726,0.11640967,0.24678068,0.2572984,-0.24124108,0.04157344,-0.29902256,-0.25293913,0.3838992,0.08186391,-0.13411361,0.30877656,0.051679708,1.1097842,0.06395257,0.47739527,0.29498255,-0.03316921,0.24361436,0.12352361,-0.1485413,-1.5104784,0.057276983,0.26100063,-0.10003885,-3.3640645,0.24220034,-0.263316,0.18121962,1.6566305,0.14807206,-0.2846174,-0.23597036,0.80404186,0.84679854,0.5104891,0.10191984,-0.020974051,0.08650614,4.2664804,0.045092795,-0.026421558,0.20679483,-0.3506344,-0.21401797,-1.0228415,1.0202316,-0.9863626,1.0224843,-1.001845,0.9614126,-0.95206094,1.0574156,0.42991316,-0.92738044,-1.0178995,1.0176787,1.0739872,-0.95874745,-1.0049561,1.0108606,-0.97223735,-1.1225216,-0.21748841,-0.98899657,1.0089787,-1.0233673,-0.5613384,0.97742665,0.36803114,0.9994572,1.011209,-0.91482866,1.0172684,-1.0695044,-1.0134071,1.0235662,0.26294672,-0.7713307
422,-0.04770516,-0.007463683,-0.997279,0.0022433654,-0.0019057665,0.0024042346,-0.27684548,0.25279447,-0.22958075,0.21980275,-0.2635655,0.25618467,-0.22591017,0.2723831,0.17218316,-0.24771996,-0.29303297,0.25911307,0.30126667,-0.23485702,0.12846118,0.24987775,-0.25198728,-0.18782923,-0.02905451,-0.22412792,0.25584528,-0.23999165,-0.2398513,0.2602357,0.027973456,0.24406154,0.25772426,-0.2453525,-0.053405978,-0.28558707,-0.23956716,0.3821559,0.069811486,-0.14583963,0.23074012,-0.27268595,-0.06296209,-0.026214363,0.4365144,0.06776021,-0.039791804,-0.075737365,-0.14410672,0.48302066,0.064637005,0.015782174,-0.18340306,0.06981488,2.995463,-0.012460507,-0.28200766,2.1911123,-1.5026914,-0.3111626,0.15543114,0.018888177,0.4134924,1.4339204,-3.9707873,-0.49000382,-0.078994416,0.08026277,-4.5161686,0.9342997,0.45512396,-0.86656755,-0.37238795,-0.12144475,-1.0596937,0.977126,-1.0615183,0.99679124,-0.96572113,0.9972123,-1.0587792,1.1155026,0.3475275,-0.847664,-1.1020023,0.99645084,0.9384337,-0.8978989,0.90347713,0.9986871,-1.0057904,-1.0207074,-1.05497,-1.106103,1.0383885,-0.98326796,-0.98683,0.510945,-0.76136136,0.93229294,1.0034018,-0.9175241,-1.0749266,-0.9937005,-0.87122685,1.0025047,0.21696767,-0.5849438
423,-0.04699148,-0.009287722,-1.0008509,0.00065683207,-0.0003794597,0.0026082394,-0.26682204,0.24785976,-0.22455038,0.21756302,-0.2510473,0.26084185,-0.2309699,0.27550575,0.16214164,-0.25070468,-0.29053205,0.24722435,0.3050344,-0.23813315,0.05164192,0.25431708,-0.25364667,-0.16475217,0.005062692,-0.22513758,0.25907785,-0.23699205,-0.23454276,0.24982746,0.112361774,0.23272924,0.25167894,-0.24729502,0.030576576,-0.28733066,-0.23554438,0.3830432,0.08650682,-0.14900312,0.57988465,0.054290652,-0.22067636,-0.10613871,0.6061007,0.3233481,-0.18242441,0.12283951,-0.044966497,-0.4687784,0.16041605,-0.31643343,0.28673556,0.15962803,-3.3861046,0.080359064,-0.06399272,1.7743827,2.8821442,-0.10531707,-0.08423491,0.0014263316,-0.121700175,-1.250342,3.711786,0.16821967,-0.10976264,-0.29057357,4.082036,0.025768757,0.2252946,0.331971,0.51655227,-0.19619565,-1.0040635,1.0132211,-1.0144897,1.033765,-0.8921936,1.0278053,-0.99282235,0.97754276,0.40383145,-1.0632174,-1.0295558,1.0020225,1.0375941,-0.9749069,-0.68439484,1.0057316,-1.0019357,-0.8933444,0.15491736,-1.0166293,1.0363533,-0.99757797,-1.0408182,0.922657,1.1082807,0.97995716,0.98862785,-1.0406668,0.9595502,-1.0132642,-0.89787704,1.0727712,0.4521763,-0.9058458
424,-0.047257904,-0.012919184,-1.0004625,0.0028981182,0.0014182741,-0.0012631891,-0.25866523,0.25111037,-0.23960245,0.21836005,-0.24642858,0.26977962,-0.2354495,0.27379823,0.16372497,-0.23375373,-0.273585,0.2610758,0.310817,-0.25508684,0.12893519,0.2561852,-0.25437337,-0.17749554,-0.012837072,-0.21825878,0.23246427,-0.25325578,-0.21678156,0.26991636,0.02799309,0.23930055,0.2597174,-0.25811484,-0.043492764,-0.2896804,-0.23920032,0.3686572,0.06553282,-0.13961786,0.1489196,-0.2735393,-0.20523049,-0.025846926,0.23821136,-0.062405355,-0.30026338,-0.4733163,-0.17137899,0.9363724,0.8293043,0.25486457,0.16340813,-0.5565363,3.8024185,0.12866095,-0.10397371,0.8344282,-2.4759626,0.25951198,-0.56342566,-0.41146278,0.30878088,1.7940962,-3.7312357,-0.025863687,0.27494338,-0.23503846,-3.4025953,0.23862542,-0.36705953,-1.0375545,-0.82170886,1.1038408,-0.97526586,0.9894942,-1.0778795,0.9359546,-0.94740343,1.0436734,-1.0937446,0.99721014,0.3404081,-0.7742779,-0.96525663,0.97350824,1.0267847,-1.0061368,1.060084,1.0481547,-1.0209792,-1.0441866,-0.8457852,-0.9347326,0.9156751,-1.085308,-0.17861494,0.9121649,-0.66842544,0.9506761,1.0569307,-1.0567617,-0.81297153,-1.0524231,-1.051592,1.004486,0.103496745,-0.5099907
425,-0.045398716,-0.0047103614,-0.9968726,-0.0026043127,-0.00023050205,0.0023070027,-0.27126035,0.24796702,-0.23334783,0.21461628,-0.2532313,0.2554545,-0.23479332,0.27056545,0.16087338,-0.24052998,-0.26963696,0.2574605,0.30675128,-0.24407823,0.09061062,0.25384662,-0.26250917,-0.16315804,-0.037933446,-0.23088846,0.23836276,-0.24961096,-0.22472914,0.22917466,0.11024308,0.24526723,0.26001292,-0.2550528,0.017019646,-0.29325476,-0.2431486,0.3590065,0.0967806,-0.14157414,-0.019617643,-0.029150259,0.054814007,-0.13175142,0.06535626,-0.35429275,0.0043965583,0.071236245,-0.11656972,-0.17070422,0.3555002,-0.0170863,-0.03714812,0.5004534,-1.5055923,-0.21793257,-0.063679844,2.0086212,0.12972946,-0.3061146,0.027582375,0.12544176,0.08572076,-1.5382717,3.4453628,0.36578804,-0.037924968,0.083351456,2.8924837,-0.12197564,0.18257678,-0.1618279,1.1984625,0.21257912,-1.0629373,0.9728047,-0.973435,0.9488666,-0.93441087,0.96779066,-1.0275409,1.0227785,0.33495694,-0.9790815,-1.0496761,1.0428119,0.99746,-0.95555377,-0.19346364,0.98739606,-1.0329441,-0.8898771,-0.7220375,-1.063856,0.9830472,-1.0457972,-0.94822615,0.25906962,1.0723088,1.0095061,1.0266067,-0.9863496,0.6709434,-1.0808198,-0.92947716,1.0577496,0.62488085,-0.9875405
426,-0.046008993,-0.009171966,-1.002348,-0.0040141325,-0.0019275178,-0.0026595478,-0.2715483,0.24836813,-0.18744673,0.21525788,-0.25179932,0.25230417,-0.2442361,0.26642933,0.15983187,-0.2422534,-0.31126124,0.25390163,0.3263052,-0.2567438,0.06922335,0.24880075,-0.25494576,-0.18112339,0.021990819,-0.21857356,0.23962395,-0.24337862,-0.23300953,0.21524374,0.010732753,0.24120083,0.25095543,-0.2481884,0.09040694,-0.29028383,-0.2370487,0.37009895,0.108915694,-0.15001011,0.38506597,0.27253306,1.4345232,0.025178116,0.21202104,0.10094539,-0.18354568,-0.3836153,-0.18832116,-0.21974929,-2.8527174,-0.19042566,0.59956044,-0.22610407,-2.9798784,-0.033061333,-0.003085281,1.1094971,3.1294053,0.32069948,0.07768055,-0.07056736,-1.0868433,-0.9988557,-3.9919372,-0.1334224,-0.1670612,0.11675003,3.136974,0.29799116,0.26096094,0.55955464,0.40139663,0.069528215,-1.0151718,1.0140507,-0.88226986,1.0311137,-0.98148805,0.90928173,-1.0127469,0.9193851,0.28706732,-0.9354119,-1.056623,0.99193937,1.0917603,-1.0154322,-0.98715806,0.9964954,-1.0259391,-1.0590878,0.36300007,-0.94221497,0.98142886,-1.0263315,-0.61777955,0.9858701,-0.9951047,0.958669,0.9860386,-0.92002636,1.0122895,-1.0386,-0.8822813,1.1576982,0.49992907,-0.83411366
427,-0.044689752,-0.0045393663,-1.0016363,-0.0018611766,-0.0019729573,-0.0039765914,-0.263064,0.25828257,-0.2303593,0.20979087,-0.25701386,0.2490987,-0.23157461,0.25191778,0.16536188,-0.24288055,-0.30599454,0.26040217,0.29940853,-0.25957423,0.08008494,0.26828057,-0.24743938,-0.15665497,0.035330772,-0.21822816,0.24220154,-0.23991261,-0.2619279,0.21355624,0.04947182,0.26093128,0.24695215,-0.24788561,-0.0129611725,-0.27755603,-0.23623689,0.37401673,0.066124044,-0.16827442,0.6179787,0.24659273,-1.6785952,-0.041945823,-0.13668565,-0.20701158,0.0746736,-0.5727306,0.2943656,0.31609684,1.4755692,0.15680414,-0.59635764,-0.25517133,2.3326797,0.4893789,0.2958385,1.2933395,-0.101901576,-0.089890644,0.13717653,0.17408367,-0.54552114,2.141857,1.1838115,0.38272533,-0.18012376,0.21564546,-5.0475683,0.8149157,-0.15556765,-0.09065392,-1.6168519,-0.035943236,-0.9864682,0.9876897,-1.1066047,0.9548574,-1.0303644,1.0376455,-1.0166721,0.9305493,0.44908404,-0.79269964,-1.0177809,0.96411103,0.98960364,-0.9439288,1.0521107,1.1108319,-0.9590425,-1.0393927,-0.19299309,-0.98574495,0.98601305,-0.98831403,-1.0755401,0.059643794,0.37214646,1.0469297,0.94582176,-0.9063293,-1.0338657,-0.99462587,-0.9817746,1.004456,-0.060928907,-0.8739277
428,-0.045005426,-7.316773e-05,-0.9994339,0.0015321384,-0.0026241713,-0.0031342923,-0.25404695,0.24353504,-0.2347953,0.22073293,-0.26204127,0.24115261,-0.23461087,0.25368708,0.16773455,-0.25175992,-0.2959339,0.25995463,0.30059373,-0.25286514,0.050390523,0.25196993,-0.24626197,-0.17869262,0.04778288,-0.22889721,0.25105384,-0.22904836,-0.2567787,0.22254732,0.12272334,0.2550572,0.24848874,-0.24398577,0.062539235,-0.27530602,-0.23993166,0.38379312,0.10508441,-0.17123625,0.29672047,-0.3139277,-0.23110807,0.22206949,-0.11272372,-0.17488909,-0.04002768,0.32995877,0.34735435,-0.37256324,0.4589828,-0.198797,0.048671164,0.19531135,-1.5367559,-0.50560313,0.045998815,-0.80652076,1.0760162,-0.1526195,-0.08598177,0.21765082,0.26900366,0.7394823,3.1119812,-0.027715297,0.16868365,-0.04233449,3.7582483,0.21831867,-0.081640564,0.5172303,1.5643425,0.49153593,-0.99454296,0.9604644,-1.0891035,1.0463438,-0.9976087,0.9116483,-1.0180483,1.011704,0.5359983,-0.9780273,-1.0472897,1.0211908,1.0982608,-0.9827266,-0.43232203,0.96853167,-0.9594618,-0.95121485,-0.08739006,-1.0275513,0.99964356,-0.9716388,-1.047302,0.92893195,1.0366979,1.0093535,0.99143803,-0.98661464,1.0103588,-0.9694058,-0.97675854,0.9952216,0.7280344,-0.87474734
429,-0.04208152,-0.006019409,-1.0028728,-0.0031724146,0.0029712874,0.00010547268,-0.25971612,0.24925739,-0.22051297,0.22393414,-0.26223722,0.253827,-0.24566136,0.26230156,0.17800318,-0.24597308,-0.30028704,0.25822425,0.28908673,-0.27083743,0.05149925,0.2584931,-0.2554896,-0.16443416,0.07059272,-0.2141447,0.2262447,-0.24015205,-0.28015476,0.25730175,0.04982778,0.24473906,0.25877005,-0.24782677,-0.009232763,-0.27696598,-0.23776667,0.38074493,0.077741526,-0.17771176,0.3321687,-0.07754063,0.7004628,0.020594075,0.42901105,0.4695582,-0.27098536,0.14975064,0.015512392,0.2777495,-0.8507345,-0.24319164,-0.2890953,-0.4255168,-0.63391346,0.18956657,-0.34703663,2.3514457,0.59571236,0.21701524,-0.579949,-0.10298174,-1.1719924,1.8798697,-2.9758992,-0.42221573,0.1503468,-0.106024146,-3.4910822,0.34037372,0.03426631,-0.39001992,-1.1034789,0.02145826,-0.9847633,0.97569245,-0.97492003,1.0040886,-1.0152208,1.0311886,-1.0772566,1.0786391,0.43268064,-0.76933527,-0.9841796,0.94888246,0.9468981,-0.98572403,-0.32135406,1.0493234,-1.0294515,-0.6398283,-0.13920525,-0.95726746,0.89293915,-1.0067416,-0.9689147,0.6420758,-0.5537713,0.95679265,1.0209419,-0.9842936,-0.6997922,-1.0341628,-0.95029444,1.0190196,0.08489681,-0.9105232
430,-0.04685626,-0.006255108,-1.0014082,0.0023368476,-0.00022724686,4.8120743e-05,-0.25981572,0.24632743,-0.2507331,0.22787984,-0.25684577,0.25870708,-0.23751083,0.26020375,0.16744329,-0.23811159,-0.27769038,0.25155374,0.31540555,-0.27222773,0.08019552,0.24883634,-0.23678224,-0.16978228,0.06454297,-0.21898365,0.24606623,-0.23535386,-0.2755489,0.24953504,0.08573154,0.23737848,0.26392224,-0.25152287,-0.06827816,-0.27655903,-0.24875799,0.37701362,0.085415244,-0.16852069,0.39865378,-0.14985216,-1.10361,-0.11841282,0.3829844,-0.083001755,0.29911548,0.29286718,-0.35177043,0.35063583,1.9105439,-0.13764031,0.81130093,-0.103275664,2.6635883,-0.14928162,0.4351947,0.59262854,-0.97357047,-0.05089402,0.81709397,0.010745866,0.7436647,-0.2636498,1.1754736,-0.2925163,0.0884556,0.07403125,-2.4559875,-0.027007796,-0.31185085,0.2014749,0.25319695,1.151122,-0.9998357,0.9971579,-1.0101527,0.96053,-0.9280781,1.0245689,-0.9317915,1.063404,0.345911,-0.89232,-1.0227314,0.9623464,1.0937324,-1.0918888,1.0658832,0.98624486,-0.9123375,-1.0358546,-0.4661362,-0.93078697,1.0500716,-0.99533606,-1.0367275,0.6554344,0.59814703,0.93664134,1.0559522,-0.9816232,-0.7223397,-1.0247447,-1.042818,1.0608958,0.38394323,-0.76582354
431,-0.04701501,-0.0035218839,-0.99733526,0.0018818276,0.0033573399,-0.0009770085,-0.27789712,0.25411516,-0.22176644,0.21910107,-0.25751996,0.26105008,-0.23765749,0.26911798,0.17412704,-0.24587223,-0.27548838,0.24701034,0.3017653,-0.24156699,0.03161204,0.26503232,-0.24011128,-0.18344995,0.018150255,-0.21944763,0.25131664,-0.23052768,-0.25216118,0.24872649,0.14092058,0.23492387,0.2613928,-0.2528711,0.028009525,-0.2845989,-0.2478288,0.39419353,0.068153426,-0.16831173,-0.250262,-0.04104464,0.91315794,-0.09675307,0.35339972,-0.019446775,0.22683394,0.41632223,0.43520963,-0.37056184,-0.53252244,-0.09185042,-0.30813655,0.9506004,-2.921918,0.54729843,-0.18713789,-0.15909332,-0.7248638,0.015058743,0.14415652,0.068643816,1.9491394,-0.720717,2.438782,0.29984745,-0.2292275,-0.31929487,4.58325,-0.17471574,-0.04617518,0.6200067,-0.5972938,0.10683577,-1.1102188,1.042439,-0.96319765,1.0792211,-0.9587673,0.99305844,-0.9715679,0.9942181,0.45920017,-0.9913802,-0.9715197,0.9953829,1.0141863,-0.9135913,-1.0073789,1.1000907,-0.9457941,-1.0376602,-0.8023585,-0.9997961,1.0407097,-0.97443813,-0.70480824,1.0370988,0.91238034,0.9930622,0.9892669,-1.0724084,1.0452255,-1.0542681,-0.99734306,0.99293095,0.15712619,-0.9839492
432,-0.047200747,-0.0037671723,-0.997561,0.0019271441,0.0016632762,0.0014544396,-0.27164584,0.2418599,-0.23311867,0.21885735,-0.2518778,0.25929612,-0.23382832,0.27251542,0.17386486,-0.25501812,-0.27280703,0.24851558,0.3096443,-0.24019505,0.11522833,0.2562303,-0.24968198,-0.2084941,0.011151918,-0.21337153,0.25229898,-0.23669167,-0.24494077,0.26663786,0.029547704,0.25036246,0.26222306,-0.26159632,-0.043777358,-0.29130906,-0.24962653,0.38187563,0.07033525,-0.16554233,0.5042554,-0.6479405,-0.24724002,-0.044320438,0.2950492,-0.026702318,0.011719422,-0.11400669,-0.12574622,0.038082197,0.048886877,-0.09486306,0.45560896,-0.0023553115,3.0785398,-0.47762933,-0.2990652,0.9011331,0.5081416,-0.046889234,-0.045415115,-0.15390705,-1.5456012,1.3882855,-4.873729,0.25756592,0.2502554,-0.010942873,-3.4964547,0.19669051,-0.1302235,-0.76548153,0.11679886,0.5378203,-0.955294,0.92419547,-1.1430559,0.92115897,-1.0190539,1.0650744,-1.0295662,1.0285488,0.25004786,-1.034114,-0.89851964,1.0216485,0.9644077,-0.9916061,0.69677514,0.98677087,-0.99924725,-0.9962444,-0.71971303,-1.014365,1.0099852,-0.9621684,0.13193293,0.89290035,-0.9775684,1.0185125,1.0672636,-0.99894875,-0.8313353,-0.99392253,-1.0286882,0.95333964,0.31171483,-0.42796102
433,-0.048099384,0.0046764393,-0.99771684,-0.0016832318,0.0011076138,0.0023408032,-0.27433103,0.25907344,-0.25503355,0.22128512,-0.26427436,0.2418241,-0.23281296,0.26765582,0.17050147,-0.2515402,-0.24697495,0.25738963,0.2998874,-0.2306662,0.1348041,0.25141394,-0.2485742,-0.18021315,0.00015955443,-0.21706,0.24322878,-0.2432746,-0.25805825,0.17377171,0.09148433,0.25787097,0.24957007,-0.25400612,-0.11707339,-0.27839693,-0.24518679,0.39414912,0.052603878,-0.15010057,0.26814345,0.77162826,-1.154187,-0.02857788,-0.029358398,-0.8454354,-0.04600876,0.008398656,-0.14115795,0.3808794,2.0906124,0.14031534,-0.1483641,0.21926296,2.533994,-0.097846776,-0.05202747,2.3339112,-0.63063073,-0.020709017,-0.24898052,-0.060560443,0.23047411,-3.1240642,2.570404,0.009627411,-0.44337583,0.049061116,-3.1215653,0.9153749,0.21643348,0.06277999,-0.8653836,1.073054,-1.0511488,1.0393897,-1.0502647,0.9995236,-1.0081487,0.95114535,-0.9625198,1.0340931,0.29763076,-0.9884462,-0.9227561,1.0199783,0.9078801,-0.9464738,1.1412908,1.0044458,-0.96857744,-1.0653188,-0.9621884,-0.9269191,0.97791535,-1.0163356,-1.0022115,-0.9234957,0.918127,1.0301113,0.9515251,-1.0149587,-1.052745,-0.8841267,-0.93344975,1.012295,0.034461956,-0.587539
434,-0.046765294,0.0013145917,-0.99577904,-0.0027515849,0.00161286,0.0037459726,-0.2535558,0.24880975,-0.22963534,0.21296896,-0.25528482,0.24394126,-0.22985452,0.2728674,0.16823287,-0.25228557,-0.2565676,0.25041398,0.30992624,-0.237382,0.09348545,0.25523585,-0.2516608,-0.19148566,0.01141461,-0.22279683,0.24082065,-0.22961259,-0.27059263,0.1835522,0.10060939,0.2432621,0.24889381,-0.2552716,-0.021948632,-0.2823696,-0.24479535,0.3910517,0.058962267,-0.16418602,0.9380137,-0.21731578,1.0248071,-0.28958112,0.5054953,0.4989422,0.0984383,0.2572776,-0.06794049,-0.10783248,-1.5111219,-0.33716804,0.508566,-0.017411869,-3.2368314,0.050612003,-0.21195775,1.0979367,1.8962661,-0.24087301,-0.17057744,0.24793482,-1.3625841,0.91319746,0.4789966,-0.3147753,-0.04326326,0.012846705,4.578327,-0.05036751,-0.090156205,-0.106814004,0.12100526,-0.45220175,-0.9308937,0.99908155,-1.0431057,0.9421354,-0.94981986,0.94382817,-0.9801956,1.0136089,0.35663205,-1.0598174,-0.98616767,1.0619395,1.0510254,-1.0123439,-0.96823287,1.0096014,-1.0065931,-1.0142028,-0.45093092,-1.0471251,0.9832455,-0.97156084,-0.9909774,0.9719567,0.3519478,0.95988345,0.9858387,-0.9923296,0.86299366,-0.9937565,-1.0040056,0.96612555,0.24633914,-0.9776278
435,-0.04524323,0.00010569993,-0.99781525,0.0016373034,0.0003064672,-0.0014582745,-0.25873256,0.2522195,-0.2246385,0.21610571,-0.24129447,0.2533566,-0.22997302,0.26877058,0.1722521,-0.24455138,-0.26460177,0.25975233,0.3087045,-0.23590738,0.14802255,0.25226387,-0.24575397,-0.22007452,-0.0005217327,-0.21602042,0.22169651,-0.25100505,-0.1987903,0.2137937,-0.00075469323,0.24969043,0.25561252,-0.26946923,-0.09164817,-0.28161848,-0.24388357,0.37994337,0.04899662,-0.14230412,-0.51803464,0.00172348,0.006743663,0.058713753,0.48262936,0.008498468,-0.026918754,-0.4492256,0.055736158,0.45149595,-0.25676125,0.05637447,0.051905703,0.0135839265,2.0950751,-0.1623587,0.054841936,-0.320312,-1.222632,0.021678586,-0.71670914,-0.38115883,2.1430073,0.74010324,-4.3924026,0.17971362,0.2555838,-0.5087408,-3.4750745,0.44862208,0.03222034,-0.78446996,-0.27705792,1.4119215,-0.95497286,1.0213281,-1.0792408,0.97356933,-0.9325201,0.97870857,-1.0564756,0.9787614,0.31517294,-0.9683396,-0.94483316,1.0156305,0.9849994,-0.9974481,0.67339194,0.99518275,-0.96287745,-1.0170387,-0.94322366,-1.0096785,0.8191744,-1.0331144,1.0598822,1.0794252,-0.9884344,0.99217945,1.0283514,-1.1463854,-1.0342084,-0.9951401,-0.9757223,0.9501669,0.1454501,-0.19261791
436,-0.050682116,-0.0025542988,-0.9987041,0.00061642606,-0.0019452736,-0.0013887383,-0.27722704,0.24494377,-0.25458607,0.22688338,-0.25529563,0.23872454,-0.22344613,0.2666585,0.15946954,-0.24156459,-0.241016,0.261739,0.31074616,-0.24016994,0.14482725,0.25103447,-0.24466594,-0.1839911,-0.032803703,-0.225326,0.23137386,-0.24204062,-0.22141418,0.16710639,0.08337368,0.24191111,0.2690211,-0.2676687,-0.15066656,-0.28011084,-0.24218261,0.36283305,0.028362157,-0.15196888,-0.025402745,0.09557046,-1.2102312,0.32350126,-0.10801036,-0.24575031,0.17393368,0.07512779,-0.53892624,0.34139058,1.8326687,0.19662374,0.3218867,-0.11710345,1.378411,0.09216096,-0.071773894,3.854606,-1.3685905,-0.31528583,0.5010113,0.1992286,-1.923035,-0.21805634,3.2917774,-0.39945194,0.28626353,0.187395,-2.4234262,0.090877965,0.113519736,-0.2448855,-0.8899709,-0.3068001,-1.0414971,0.93118113,-1.0458088,1.0528252,-0.9856574,1.0373834,-0.93400484,1.0555894,0.22412464,-0.9543517,-1.0024099,1.0994319,0.95066816,-0.9894301,1.0107627,1.01256,-0.9796882,-0.87598705,-0.9972166,-1.0336396,0.9732355,-1.0048136,-0.93404686,-0.97350323,1.036149,0.93656397,1.074873,-1.0161014,-1.041834,-1.0633323,-0.94569683,1.0788497,-0.0712379,-0.990217
437,-0.046690803,-0.005469968,-0.9980617,-0.0013897301,-0.00011459619,0.002499952,-0.2604287,0.23637116,-0.22191478,0.21485122,-0.2532657,0.2489713,-0.22850105,0.26902714,0.1699102,-0.24228513,-0.26627636,0.2554391,0.3022209,-0.2527939,0.10179752,0.25771567,-0.2591622,-0.17033643,0.037926856,-0.22432446,0.24763459,-0.24330153,-0.25768167,0.20479631,0.06828345,0.23280737,0.25079268,-0.25879547,-0.03513517,-0.28887466,-0.24608468,0.3899467,0.06636975,-0.13725407,0.733061,-0.33653444,1.0847989,-0.35591993,0.28022838,0.52007127,-0.16415627,0.18043087,0.2719944,-0.41096509,-1.9728398,0.08682239,-0.17778693,-0.35591412,-3.3751402,0.18199873,-0.16639258,1.4966937,2.9204097,0.10309126,0.7871245,-0.585373,-2.8897426,2.121825,-0.5345897,0.38885504,-0.57569,0.31563523,5.4207397,-0.41607785,0.054995846,1.144028,1.5697384,1.12442,-0.95436203,0.92171484,-1.0427543,0.95176387,-1.056352,1.0257144,-1.0081936,0.9820788,0.37542185,-0.958965,-1.0111893,1.032704,0.9701235,-1.0001981,-0.9572531,1.0339414,-1.0242233,-0.8973364,0.6322367,-0.98605794,1.0666417,-1.1149546,-0.4813822,0.9796545,-0.004090182,0.9988515,0.9572283,-0.9282951,0.9726111,-1.0268997,-0.95449793,1.0769476,0.5786681,-0.99035335
438,-0.046434864,0.0012526225,-1.0034742,0.0011032904,-0.0010845177,0.0015078813,-0.256734,0.25614405,-0.23751497,0.21782118,-0.24448964,0.2592239,-0.22969463,0.2610621,0.16137761,-0.22223048,-0.2674942,0.26868835,0.31466162,-0.2642679,0.1370945,0.24791126,-0.242589,-0.19551599,-0.02721952,-0.21405472,0.2538113,-0.2507584,-0.21004514,0.24544913,0.041917253,0.24792449,0.25692862,-0.25609913,-0.09410506,-0.2864843,-0.2518978,0.38509616,0.06459361,-0.14800991,0.07597799,-0.0887709,-0.32770526,-0.035337437,0.32971743,-0.22149771,-0.06181013,-0.61144614,-0.29653445,1.3379011,0.55153656,0.22976711,0.33184007,-0.30406073,2.4518473,-0.41634747,0.29850447,0.43376356,-6.184052,0.2349487,-0.07328417,0.09267793,2.553467,1.9134632,-1.3174664,0.029366067,0.21801767,0.055909596,-3.1964407,0.5384399,-0.37711385,-1.192637,-0.1170751,-0.06454569,-0.9573919,1.0031289,-1.0056506,1.0368869,-0.9051972,1.0099909,-1.0161246,0.9114078,0.38249242,-0.5532499,-0.96706015,1.0421137,1.088751,-0.90666515,0.9504392,0.95111984,-0.94500166,-1.0181811,-0.9586319,-0.93716896,0.97964096,-0.97752887,0.1251819,0.8846489,-0.17722139,0.9751992,1.0355496,-0.9931458,-1.0113888,-1.0667635,-1.0768723,1.0305749,0.22989069,-0.3528834
439,-0.04688238,-0.004383013,-0.9968723,0.0014675595,-0.0023076432,0.0017430469,-0.26818493,0.23281582,-0.22552441,0.21173504,-0.24779403,0.2560915,-0.23558268,0.26496327,0.15891342,-0.23523825,-0.2675649,0.25877512,0.30453366,-0.24673069,0.07928853,0.24076498,-0.25472832,-0.1754489,0.04930779,-0.22010738,0.24488412,-0.24421059,-0.23194186,0.2400131,0.08187047,0.24327487,0.24234384,-0.2593881,0.008430683,-0.2840036,-0.2556224,0.39454272,0.107684925,-0.15247224,-0.04738262,-0.31653798,0.13465866,-0.21888071,0.0728114,0.19983342,-0.26688886,0.31291696,0.017443324,-0.95930415,-0.34443513,-0.4171745,-0.080337785,0.5951304,-3.0674956,-0.086304955,-0.28901228,1.5352356,3.6757982,-0.20069653,-0.4037273,0.0743836,-2.3714201,-0.06252751,1.871285,0.1905676,-0.5004064,-0.12514168,5.04355,0.48913553,-0.1786447,0.7696314,1.7675997,0.043075036,-1.0318288,0.91836846,-0.97317094,0.94779325,-0.9832599,1.0419813,-1.0034678,1.0362643,0.3698889,-1.0268068,-0.924629,1.0212498,0.9961886,-0.9598816,-0.5958598,0.9611556,-1.0173901,-1.0221126,0.8060636,-0.9822781,0.98074317,-1.0389519,-0.96046185,0.7177972,0.6014303,1.0105366,0.90390235,-1.0409503,1.0545812,-0.9057373,-1.0619084,1.1032956,0.7855798,-1.0003489
440,-0.043770187,0.0031199465,-0.9995371,0.0020187995,0.00033665236,0.0023609328,-0.26736933,0.2463514,-0.23108995,0.22337656,-0.25561577,0.2578285,-0.23475875,0.25613886,0.1619926,-0.22194907,-0.268241,0.27366513,0.3058463,-0.26198566,0.14279732,0.2509001,-0.24496219,-0.20176974,0.03962901,-0.21389255,0.2578943,-0.25205612,-0.23109242,0.25592652,0.02161624,0.25569248,0.25156698,-0.26333922,-0.06467947,-0.28043556,-0.24567163,0.385933,0.07594603,-0.14558077,0.192208,0.11755651,-0.16742,0.14886665,-0.11012771,-0.23050603,-0.04135996,-0.5317451,0.0771646,0.7758581,0.34962052,0.46673337,-0.016106961,-0.591805,3.186157,0.24328831,0.18317355,-0.3339359,-1.9818552,0.15801123,0.7551675,-0.29376456,0.50076467,2.0826726,-2.694762,0.095503464,0.40851998,0.06142992,-3.6269827,0.2761153,0.27460042,-0.726481,-1.3067925,1.0305011,-1.0304425,0.973292,-1.0027872,0.98237026,-1.0014635,0.99213684,-1.0503284,0.94426066,0.4219442,-0.679224,-1.04401,1.0843006,1.0561564,-0.99639815,1.0300603,1.0181469,-0.9596239,-0.9571168,-0.57648695,-0.94316214,1.0807351,-1.0549716,-0.5096074,0.6812208,-0.4958788,1.0104475,1.019698,-0.99769694,-0.95076257,-1.0704439,-0.93926543,0.99809784,0.03727588,-0.6038272
441,-0.044760935,0.0073528416,-0.99778,-0.0011129951,-0.0013967815,0.0020213188,-0.2612069,0.24134591,-0.21563457,0.21536851,-0.26171118,0.24680194,-0.23979592,0.2529016,0.16462424,-0.2359336,-0.27904233,0.27046892,0.30063927,-0.24320681,0.06362859,0.2617298,-0.25167254,-0.19107561,0.055675983,-0.21333642,0.25019395,-0.24869491,-0.2604352,0.22774705,0.10575743,0.23822345,0.24435063,-0.25569656,0.028151857,-0.2756338,-0.24828131,0.3970158,0.08298148,-0.14220445,0.6353432,0.20701827,0.092264615,0.020385526,-0.08810349,-0.16853568,-0.066987984,0.34863308,0.033980962,-0.57205594,-0.8287652,-0.15584566,0.14302438,0.6023392,-3.8696778,0.34497628,-0.16370995,1.586567,2.581573,-0.029267415,-0.5380187,0.026658336,-2.0161307,-0.357651,3.6799197,-0.37126076,-0.22509933,0.0888369,4.3690915,0.44659266,0.06062579,0.5415107,0.28873092,0.3065072,-0.9713597,0.9923406,-1.054714,1.0069718,-1.0769514,0.9860448,-1.0258855,1.0158911,0.41682228,-1.0203664,-1.0191426,0.9530131,1.0238602,-1.0013218,-0.94664264,1.0706573,-0.9793457,-1.0741669,-0.5780169,-0.99662447,0.9776509,-1.0849277,-1.0196793,0.24388993,1.01673,0.9374021,0.94155467,-0.9633859,0.9891461,-0.9614633,-0.9761703,0.982588,0.3916453,-0.96673363
442,-0.048926402,-0.0037308598,-0.99779654,0.0035966698,0.0021619606,-0.004677165,-0.28843966,0.25948393,-0.23482704,0.22337426,-0.25738072,0.26082727,-0.23717059,0.25265667,0.1603541,-0.24502039,-0.27898285,0.27301618,0.31876996,-0.23295057,0.12849659,0.2586957,-0.24933708,-0.22021915,0.0486651,-0.20605083,0.25427046,-0.27356607,-0.23257886,0.24869792,0.012042859,0.24371059,0.24702254,-0.25932556,-0.054752816,-0.27347165,-0.24717171,0.41080692,0.09014875,-0.09513792,-0.47517356,0.058354266,-0.38762447,0.124454334,0.52340394,0.24795651,-0.09963839,-0.10297805,-0.14560099,0.02931293,0.39763582,-0.1295917,0.620678,0.29079956,3.0645127,0.006411819,-0.11889247,-0.08983047,-0.14477575,0.16588321,0.56851673,-0.65568507,1.571751,0.7162825,-4.047383,-0.06665802,-0.09542651,-0.0098461155,-4.0755835,0.45539707,0.0044512665,0.170184,0.085162394,2.4562137,-1.1126558,1.0471356,-1.0348577,1.0529597,-1.0042999,1.0556154,-1.053742,0.9973788,0.23689948,-1.0050689,-1.0306342,1.0207857,1.0484304,-0.9894239,0.9891387,1.0503001,-0.9826055,-1.040546,-0.90450585,-0.8957304,1.0543714,-1.1402924,0.23687632,0.9043539,-0.7979103,0.9554242,0.9348956,-1.0081369,-1.0008514,-1.0600586,-0.9813669,1.0834581,0.35950935,0.08736366
443,-0.04795245,-0.008124592,-0.9988703,-0.0011364713,0.0014571009,0.0036859885,-0.27524236,0.26899782,-0.24053848,0.22365212,-0.25366244,0.26254913,-0.24093258,0.25992367,0.153181,-0.2396473,-0.2611562,0.2660931,0.3224833,-0.23071913,0.09843879,0.24577707,-0.24543005,-0.1924712,0.055267945,-0.21304867,0.25560382,-0.2609783,-0.23369008,0.20293386,0.09455161,0.24442841,0.25307745,-0.26286206,-0.10590948,-0.2816565,-0.24247801,0.39766133,0.026340453,-0.12109111,0.7889666,0.4772092,-0.431582,-0.14608766,0.5382621,0.063407965,-0.025115687,0.26218042,-0.33851823,0.09353128,1.1239542,-0.25267506,0.48101562,-0.030268682,-0.84398484,-0.45008275,-0.070032306,3.1884105,1.0983934,-0.37708643,-0.19523649,0.45960772,-0.66327506,-0.87815124,3.1576762,0.09540863,0.12625581,-0.18355036,-2.0379608,-0.28767556,0.061708007,-0.50630635,-2.4318259,-0.884536,-1.024713,1.0811901,-1.026436,0.8812503,-0.9494593,1.1077951,-1.0255511,0.9936127,0.28291455,-0.9751938,-0.95729494,1.0079635,1.0938789,-0.9818873,0.08307331,0.96225053,-0.9828568,-0.8918543,-0.92593265,-1.0220227,1.0321506,-1.0664252,-0.9753584,-0.59900916,0.9817169,1.0029916,1.008455,-1.0662974,-0.79325444,-1.0149316,-0.9602555,0.9566213,-0.37914994,-0.9601965
444,-0.05129466,-0.0035194615,-0.9982384,0.0029578912,-0.004004004,-0.0003769517,-0.28156537,0.27129862,-0.21733016,0.2170904,-0.25621018,0.25953713,-0.24112172,0.2710519,0.1530329,-0.23064147,-0.2758752,0.25223735,0.31695548,-0.23387468,0.070709065,0.24799798,-0.25818062,-0.17879492,0.027797809,-0.21412249,0.23992488,-0.2555742,-0.24112126,0.21809444,0.08455908,0.2507087,0.2406612,-0.2616232,0.004647863,-0.2882749,-0.24551418,0.40725696,0.0618262,-0.09215141,0.34353447,-0.16228496,0.9032989,-0.062463064,0.10141637,0.062525764,0.14136328,0.6233625,0.23962647,0.33975652,-1.4924544,-0.83866256,-0.1504426,-0.12328498,-1.980357,0.033865705,-0.35744536,1.2651969,-1.352524,0.042875227,-0.6500013,0.34216237,-0.089033075,1.5670398,-0.16194066,0.37523884,-0.1517184,-0.089837715,5.2128663,0.4082654,-0.06992002,0.10997805,1.3806437,2.2651505,-1.0787766,1.084835,-0.9702214,1.0105506,-1.0355636,1.066142,-0.9846777,1.1005764,0.3116373,-0.9222974,-0.9826468,0.95093346,1.0297457,-0.97989905,-0.6915189,1.0001601,-1.0247993,-0.9676826,-0.94253165,-0.98050785,0.9330634,-1.0024917,-0.46274334,0.8968613,0.1341047,1.022095,0.9353793,-1.030062,1.0600536,-0.9695153,-0.99937016,0.99185926,0.51896566,0.21581161
445,-0.04827759,-0.0023518382,-0.99664176,0.00011819183,-3.2593816e-06,-0.003840385,-0.26923004,0.2735039,-0.20434691,0.2125036,-0.23947096,0.26515228,-0.2393954,0.2666702,0.1599479,-0.22797842,-0.31162444,0.25243372,0.32671323,-0.24640164,0.075610965,0.26018018,-0.24716936,-0.1862526,0.027419068,-0.20933937,0.2365267,-0.24821751,-0.20518786,0.22472608,-0.0050996114,0.24552388,0.23952012,-0.25799716,-0.047272,-0.28011855,-0.24601863,0.41614622,0.0722732,-0.10184367,0.47693628,-0.12481253,0.37966973,-0.07998448,0.69407576,0.15128204,0.061999626,-0.4605646,-0.08964385,0.04548763,-1.735873,-0.1178987,0.33675563,-0.091945924,-0.69871587,0.1318343,0.13135052,1.6331728,1.3118333,0.060595572,0.0686682,0.23375593,0.9136502,-0.658641,-3.7880204,-0.43336576,-0.23685427,-0.028017966,-2.8894935,0.32715654,0.034178715,0.15024027,0.50422734,-0.19788587,-0.9857385,1.1223382,-0.9590707,0.8950393,-0.8915836,1.0269551,-0.97643495,0.9954808,0.3005995,-0.95468414,-0.97423,0.9700167,1.0662949,-1.0510043,-0.15312143,1.0367556,-0.94389665,-1.0704211,-0.83568674,-0.95700365,0.9800315,-1.0595243,-0.28392655,0.9149803,-1.0123962,0.9619862,0.9226103,-0.9925132,-0.7346539,-0.99149793,-0.9709606,0.98644257,0.40339178,-0.99493724
446,-0.05040389,0.0025263499,-0.9995375,-0.00095858553,3.8798637e-05,-0.0011477042,-0.27735394,0.25780842,-0.23888105,0.22368377,-0.26403335,0.2509695,-0.22611898,0.26038918,0.1591619,-0.23605417,-0.2876679,0.2518048,0.3078003,-0.22791566,0.07834291,0.26482987,-0.24778773,-0.15651074,-0.009836649,-0.22146067,0.25118575,-0.23358233,-0.2304045,0.18677376,0.08028278,0.2621222,0.2556913,-0.2672915,-0.12414301,-0.28785482,-0.23752391,0.39163834,0.05934737,-0.10350214,0.25664896,-0.27847463,-1.6084894,0.18177563,-0.5002053,-0.7828282,0.084454,0.0012115713,0.13754806,0.06959672,2.3219755,0.15208533,-0.40499088,0.49479493,2.3499937,0.33782744,-0.14313531,1.5801468,-1.793376,-0.42580613,0.38917115,0.35934323,-0.39883465,-0.7256596,3.2577515,0.6394419,0.6417678,0.12003427,-3.0456662,0.19443665,0.3911217,-1.326583,-0.5988511,0.7579114,-1.0587926,1.0332226,-1.0510857,1.0470288,-0.9791248,0.9091472,-0.98941743,0.99295336,0.2393473,-0.98650724,-0.9867014,1.0383033,0.89973134,-0.93837506,1.0132107,1.0946424,-0.9760213,-1.0547076,-0.97707725,-1.0554552,1.024723,-0.95621675,-1.0357056,0.66412467,0.95982367,1.0921514,1.0574042,-1.0142496,-1.0616918,-1.0226214,-0.8641318,0.9015582,0.115875416,-0.4391572
447,-0.053219307,1.8000308e-05,-0.99861526,-0.00048255947,-0.0004525195,-0.00028204152,-0.26022533,0.24272318,-0.22018136,0.2169562,-0.26567566,0.24058872,-0.24240363,0.26488686,0.17359327,-0.24788119,-0.28626072,0.24976352,0.29718238,-0.24673942,0.03132033,0.25116515,-0.25901482,-0.17391528,0.058482613,-0.22324961,0.25376824,-0.23937652,-0.2516246,0.19574608,0.129752,0.23807572,0.2563039,-0.26137066,-0.01326506,-0.29290727,-0.23361129,0.39135608,0.08891108,-0.09342173,0.7557375,-0.11287795,0.4551904,-0.26499283,0.057435203,0.11998348,-0.46389326,0.1066328,0.48540345,-0.5189768,-0.19634275,0.032061826,-0.21474217,-0.3138435,-3.1343846,-0.45708904,-0.35089654,-0.25791457,4.111256,-0.25488934,-0.06369708,-0.28861326,-1.353415,0.7811808,2.1839185,-0.4791537,-0.16955884,0.08312188,5.1373944,-0.20189007,0.10042771,0.2615084,1.4122571,0.7490813,-0.97180265,0.9668398,-0.97721523,0.94724005,-1.036263,0.9128912,-1.0363318,0.99906135,0.48682937,-0.9717209,-0.937902,1.0091089,1.0155171,-0.9949606,-0.9911917,0.97796917,-1.0185589,-0.9529953,0.74203414,-1.0388521,1.021273,-1.0692044,-0.9896425,0.96107763,0.84297526,0.95473063,0.9881386,-1.0093243,0.99170226,-1.0534842,-0.914684,0.95785004,0.6667249,-0.8745955
448,-0.04352651,0.0016360128,-0.9991569,0.003123922,-5.5940414e-05,-0.004674745,-0.2884297,0.24857901,-0.24546993,0.22310367,-0.27490187,0.25693455,-0.24048077,0.26898074,0.1631953,-0.21624362,-0.25321797,0.2584194,0.289605,-0.28656676,0.10292082,0.254448,-0.2583742,-0.14928018,0.0591267,-0.22223935,0.24274339,-0.24339372,-0.26533666,0.24064972,0.07148255,0.24483113,0.27092034,-0.26205865,-0.089910425,-0.2931776,-0.23065485,0.3759249,0.064958595,-0.116982386,0.022324387,-0.3240593,-0.54090875,0.10746582,0.63036084,0.38675952,0.03362744,0.0012060584,-0.2895227,1.4198476,1.4436053,0.06591836,-0.15690659,-1.4489408,3.665623,0.0051005865,-0.08054703,2.5871432,-3.1178014,-0.019787526,-0.2304477,0.016705753,1.3391696,3.3295152,-2.827306,-0.16713674,0.38816714,-0.13772716,-3.8057952,0.30804953,-0.106482364,-1.1540252,-1.2787043,-0.5690295,-1.1747861,0.9108254,-1.0263039,0.9709293,-1.0250586,1.0587726,-1.0138212,1.0331285,0.38342106,-0.53560275,-0.9536562,0.9408513,0.9886535,-1.0730368,1.0436721,1.0168712,-1.0147092,-0.23427403,-0.76377267,-0.9924018,0.95984083,-1.0105077,-1.0123949,0.19185394,-0.29495582,0.9461097,1.0944523,-1.0716819,-1.0865617,-1.0355717,-0.96034765,0.965119,-0.013344082,-0.8316783
449,-0.048966788,-7.352262e-05,-0.9969853,-0.0025150192,-0.0032352887,0.002208564,-0.275825,0.25707665,-0.22811216,0.22135979,-0.2642626,0.25449586,-0.23938315,0.27287853,0.1576023,-0.22923611,-0.2643306,0.24845111,0.29167858,-0.24404101,0.038738597,0.26980564,-0.259381,-0.1253797,0.0064280313,-0.22366503,0.24641016,-0.23079197,-0.2633246,0.23221906,0.13125089,0.2444907,0.264052,-0.2637634,0.01013798,-0.29257208,-0.23565367,0.36400855,0.093254335,-0.12280545,1.1499472,0.19676284,0.1767374,-0.2009697,0.5801794,0.02532216,0.18324497,0.2759444,-0.061006673,-0.526979,-0.78982526,-0.3099816,0.2649366,1.4472048,-3.2628407,0.3660716,-0.10755619,2.2204971,-0.2655906,-0.024749408,0.14761934,0.046109945,0.058753073,-0.9738158,2.8136494,0.41432622,-0.08398989,-0.0023421466,4.996903,0.1515252,-0.12166638,-0.078706436,1.1356108,0.66215813,-1.0193068,1.0559155,-1.0428656,0.98507833,-0.9955662,1.0082799,-0.9648409,0.99539334,0.3056431,-0.9443,-1.1129179,0.89580953,0.9443306,-0.88645136,-0.91798043,1.0828613,-1.0289375,-0.98415434,-0.6191323,-0.99388295,1.023023,-1.0165783,-0.971441,0.8554267,1.0112984,1.0163798,1.0423572,-1.0421531,1.0694948,-0.97155464,-0.9812214,0.9471589,0.5897544,-0.98089856
450,-0.050054837,0.0017729087,-1.0007037,0.0010919484,-0.002219848,0.002951171,-0.27617443,0.2588287,-0.24011384,0.21339512,-0.2658401,0.25550848,-0.237505,0.2592165,0.16018054,-0.23367047,-0.26475254,0.25780082,0.2931815,-0.22299372,0.121607035,0.26630202,-0.25199208,-0.14442882,-0.022360167,-0.2193672,0.2435866,-0.24698396,-0.24731952,0.22816834,0.03619029,0.25228468,0.2540582,-0.2676018,-0.00908813,-0.28120852,-0.25066417,0.37606418,0.13139282,-0.10639459,0.29914215,-0.001037386,-0.20545709,-0.16604891,0.32113686,-0.18742907,0.033980254,-0.60731494,0.17747411,0.11910209,0.16734818,0.24841914,-0.053973798,0.5938533,3.49503,-0.100525014,0.049789973,-0.21674415,-0.84639066,0.11562456,-0.039738186,-0.4582,1.2389861,0.370654,-4.256607,0.13462503,-0.42654458,0.029164283,-1.2667303,0.80017394,-0.52118206,-0.11924204,1.5373372,0.9930457,-1.062515,1.0457593,-1.0025473,0.92254907,-1.0234605,0.9852193,-0.99187213,0.88238513,0.32220796,-0.96850085,-1.0270439,1.035156,0.9511284,-0.9012022,1.0342464,1.057156,-1.0000427,-1.0282301,-0.9836847,-0.9398751,0.963466,-1.046859,-0.27036217,0.88755304,-0.7640559,1.0123929,0.95582104,-1.0257301,-0.2555102,-0.93515885,-1.1104681,0.9389058,0.8209268,-0.30843458
451,-0.039649047,0.0032482524,-0.9999907,-0.0038257956,6.9071364e-05,0.002006697,-0.26411888,0.2734595,-0.22874448,0.20796594,-0.26715863,0.25081962,-0.23324123,0.25635687,0.15874372,-0.23027737,-0.26589087,0.2643119,0.28834525,-0.21463986,0.06380578,0.2395777,-0.24608514,-0.13175179,-0.03406435,-0.22498149,0.23520704,-0.2498312,-0.2547601,0.21761538,0.10633356,0.25024617,0.24064653,-0.26665023,-0.014846145,-0.27815855,-0.24908884,0.37863606,0.09380137,-0.105807714,0.9025137,0.28288475,0.15871857,-0.08351266,0.16695069,-0.12654588,0.114848554,0.07477096,-0.052619852,0.12639594,0.15515389,0.043999437,0.0890981,0.18024102,-1.9505258,-0.7425898,0.09510597,2.0339205,0.49169096,-0.16584098,-0.23864135,-0.06466278,-0.6705449,-0.021588488,3.1263037,-0.072115056,-0.17061901,-0.12094094,-0.284565,0.59616446,0.061183643,-0.055484515,-1.336089,0.3476594,-0.97636396,1.1081876,-0.92062235,0.95457435,-1.0350876,0.9818616,-0.9679592,1.0440851,0.34492552,-0.9367307,-0.9824482,0.9117134,0.9456675,-0.8917169,-0.31100234,0.9206349,-0.95693666,-1.013544,-0.9807381,-1.0243158,0.94770205,-1.0801857,-1.012885,0.3870868,0.9738915,0.988928,0.9434457,-1.0640996,-0.09732861,-0.9671648,-0.98246735,0.96277267,0.12212432,-0.82144535
452,-0.046950214,0.0018163851,-1.001878,0.003550926,0.0011649623,-0.0014696745,-0.2715419,0.25613427,-0.22946852,0.21340486,-0.25803936,0.25503618,-0.23164779,0.2629785,0.15424998,-0.2291359,-0.26939577,0.25733072,0.30750483,-0.22989354,0.10279168,0.2329067,-0.23863831,-0.13994624,-0.024261897,-0.21973923,0.23650798,-0.25183716,-0.24430151,0.24158464,0.05256194,0.25017232,0.2546766,-0.2624601,0.05772481,-0.2815431,-0.2419927,0.3740372,0.12402811,-0.08562495,0.19213201,-0.59043866,0.10915254,0.12694086,0.5251204,0.26239362,0.26965147,0.22627236,-0.05796338,0.17293121,-0.1288061,-0.3058336,0.5250767,-0.49354053,1.3658655,-0.21621802,0.069626026,0.8909973,0.9265702,0.13217878,0.16934843,-0.27913982,1.450199,0.7779089,-2.5011392,0.25645402,0.33353493,0.15696044,3.3006234,-0.10058806,0.29327038,-0.04312569,1.0998579,1.1908921,-1.0580697,1.0144771,-1.0216839,0.996721,-0.9241675,0.9896862,-0.9607303,0.998853,0.33974248,-0.94868225,-1.0287377,0.9990959,1.0574826,-1.01084,0.39464977,0.9145043,-0.91725993,-1.0334849,-0.9736264,-0.9561426,0.973565,-1.072889,-1.0023025,0.9759528,-0.36163345,1.017264,1.0322897,-0.99527735,0.90034807,-1.0673627,-0.9077381,0.972048,0.72270906,-0.24730581
453,-0.04737066,-0.0052642366,-1.002283,-0.0006458173,-0.0002740266,-0.001958525,-0.2749505,0.23786454,-0.209098,0.22022921,-0.25379673,0.26448187,-0.23392577,0.26204124,0.1532801,-0.22755992,-0.2936767,0.25307122,0.30586842,-0.23438273,0.034810495,0.24120925,-0.2468006,-0.13142355,-0.015913816,-0.21466683,0.24495725,-0.25023696,-0.24297047,0.2692805,0.07083156,0.25440648,0.24762928,-0.2558834,0.0047129337,-0.2794653,-0.23615547,0.38374016,0.09631385,-0.121371455,0.36437148,-0.5278176,0.6549586,0.12720488,0.5104044,0.3757556,-0.045253426,-0.193974,0.10390131,0.014725404,-1.717499,-0.046530925,0.016241895,-0.37615126,-3.4867013,0.26311392,-0.44927815,1.5662085,1.6317261,0.32868037,0.28978467,0.28328958,0.117915474,1.4336932,0.9425022,-0.1109377,-0.3214005,0.06916399,-2.6641579,0.50485057,0.32779786,0.30769643,-1.2277539,-1.361774,-1.0506258,0.94552654,-0.97524065,0.94067234,-0.96593165,1.0376989,-1.0229709,1.0162929,0.34466353,-0.94350785,-1.0663952,0.9496411,1.0044501,-1.0055225,-0.9748719,0.99141437,-1.0062755,-1.0714978,-0.89800483,-0.927081,1.016781,-1.0270624,-0.83589715,1.0578877,0.28007498,1.0079278,0.9576015,-0.97428405,-0.48264068,-0.9357474,-0.86936706,1.0255896,0.12986074,-0.9501097
454,-0.04899723,-0.009639537,-0.99946207,0.0012572006,0.00010439457,0.0014709369,-0.28277075,0.24234673,-0.22423734,0.22022635,-0.25578266,0.2695237,-0.23133415,0.2577499,0.14813463,-0.24306485,-0.28691778,0.2593305,0.31140286,-0.21318886,0.095447965,0.25303498,-0.24017943,-0.13608046,-0.02521277,-0.20843667,0.24813025,-0.26614168,-0.26708648,0.3013847,-0.001675121,0.25489178,0.25224918,-0.25715193,-0.04591559,-0.2787706,-0.2364834,0.39272815,0.08237623,-0.09454308,0.64042896,-0.0050403117,-0.71678305,0.015094098,0.21861231,0.26150802,-0.15012208,0.15138236,0.21038765,-0.42140952,0.82825387,0.029504271,0.23604883,0.4250656,3.448412,0.30810693,0.14919125,0.14637406,1.8885138,-0.13705371,0.19543104,-0.49194923,-1.1181767,1.221338,-3.2115788,0.021499649,0.050777934,-0.02363538,-2.085618,0.2955935,-0.0018231539,-0.05882419,-0.51655626,1.6545827,-1.07787,0.99602914,-1.0862846,0.94595593,-1.0131316,1.116411,-1.0931342,1.0335859,0.29325205,-1.0649348,-1.0210109,1.0108624,1.0215579,-0.9061906,1.030731,1.0366242,-0.9295644,-1.0594984,-0.9917857,-0.9957708,1.0068237,-1.1154995,-0.9132627,1.068632,-0.6857315,1.0173069,0.9940529,-1.0204039,-0.5720174,-0.9868172,-0.93494684,1.0057794,0.22368114,-0.1868331
455,-0.045330077,-0.0042799427,-0.9984419,-0.0005387315,-0.0027552077,0.00079151767,-0.26018777,0.23533143,-0.21887316,0.22010666,-0.26548427,0.259989,-0.2316915,0.25468445,0.16140755,-0.25159118,-0.29469404,0.26472306,0.31069788,-0.2198533,0.04163089,0.24862401,-0.23959279,-0.14352532,0.0074677314,-0.21992217,0.24346928,-0.26184568,-0.2848483,0.25535554,0.08100368,0.24916875,0.23991282,-0.25977188,-0.07073463,-0.27691633,-0.24185057,0.40113512,0.0495702,-0.11018729,0.49785957,0.08609471,0.07926952,-0.09841701,-0.21692434,-0.4718709,-0.062102247,-0.0913985,-0.020977577,-0.1241106,-0.17965393,0.16074753,0.104588285,-0.22443557,-2.6043258,-0.2504651,-0.10887335,2.146607,2.6062813,-0.26233366,-0.32811388,0.25064695,-1.3882879,-1.9583055,3.5854423,-0.28833643,-0.4344693,0.04855827,-0.9384507,0.1626701,-0.28657168,0.2672685,-1.3337367,-0.4974704,-0.9475319,0.9871444,-1.0080336,0.98782414,-0.9868553,0.9583703,-1.0195647,0.9487443,0.32656395,-1.1106424,-1.032805,0.992456,1.0165237,-0.99375325,-0.69444126,0.971714,-0.9328949,-1.0327884,-0.99488264,-1.0540737,0.95861524,-1.0853182,-0.94413507,0.54188687,0.932584,0.98554903,0.90846133,-0.9988713,-0.43895018,-1.0302715,-1.0158128,1.0260434,-0.063603036,-0.8751398
456,-0.047549687,0.005779402,-1.000175,3.9807124e-05,0.002167623,0.00088542985,-0.28374538,0.2550159,-0.23185253,0.21649127,-0.27917692,0.2623744,-0.23502102,0.2577078,0.15154062,-0.24281129,-0.27675694,0.25724015,0.31252185,-0.21729544,0.11590357,0.25475663,-0.24059351,-0.1382829,-0.029931065,-0.21073864,0.24501523,-0.24182858,-0.31313643,0.27864915,0.01560838,0.25016534,0.23907067,-0.26455206,-0.0388707,-0.2822685,-0.24542631,0.40129316,0.05285867,-0.107455336,-0.17049128,0.12386471,-0.42679,-0.07381318,-0.34721357,-0.07925154,-0.053233754,0.4194517,-0.09430617,0.39190233,0.85465145,-0.4765838,0.17806514,-0.06038525,3.5109472,0.30070192,-0.18404734,1.2471081,-2.014227,0.039985806,-0.042123906,0.6296864,-0.90962195,1.2405888,-2.860834,0.07495685,0.015721466,-0.18030006,1.4293708,0.2112222,-0.15853056,-0.39027706,0.095684946,0.9993346,-1.1003548,1.0393194,-1.0428271,1.0190421,-1.0835247,1.0453795,-1.0142366,1.0331603,0.22623171,-0.9273647,-0.9775092,1.0152402,1.0086113,-0.86838436,0.99589103,1.0450941,-0.95197916,-0.99938446,-0.97693783,-0.9486179,0.9728167,-0.9454219,-0.8821386,1.0235192,-0.5335175,1.0044502,0.94927967,-1.0786227,0.14762184,-1.0278103,-1.0110819,1.0713253,0.23447292,-0.14324307
457,-0.048055317,-0.0028335545,-0.99948853,0.0015323056,0.0025888812,0.0012231999,-0.27903682,0.24342892,-0.21578985,0.21847005,-0.27176234,0.26230657,-0.23259647,0.2712307,0.15424113,-0.24858755,-0.28870502,0.2448466,0.3113731,-0.24239285,0.037701894,0.24568126,-0.25644624,-0.14978771,0.03716448,-0.22477444,0.23752102,-0.23079707,-0.3000425,0.2647064,0.0848753,0.24678804,0.24408446,-0.25926858,0.045186363,-0.2916507,-0.2459869,0.39653257,0.068870395,-0.12556751,0.26248,-0.24592774,0.18374082,0.098099306,0.44646943,0.13481021,-0.045317214,0.23337711,0.28362644,-0.38017863,-0.6736976,-0.31319255,0.10549964,-0.68018323,-3.9899056,-0.34606925,-0.5718311,0.9868746,3.5004842,-0.29723066,-0.31390247,0.26784188,0.04457315,-0.8610632,2.7387545,0.17729829,0.13802162,0.13594647,3.856274,-0.21638587,-0.091964625,0.023035314,0.64033127,-0.5124648,-1.0512047,0.9596359,-0.9960609,1.085311,-1.0158497,1.019077,-0.9676486,1.004247,0.3033561,-0.97909594,-0.95672363,1.0302883,1.0256932,-1.0068681,-1.0175778,0.9637363,-1.0426381,-1.0175216,0.7025644,-1.0457587,0.9577563,-0.9883181,-0.52304137,0.9932985,0.7233195,1.0236697,0.9657303,-0.9825456,0.9871497,-1.0653871,-1.0053645,0.95406824,0.40749198,-1.0146288
458,-0.04559752,0.0014854526,-0.99951595,-0.0002935778,0.0007526374,0.0036171286,-0.25921363,0.26096252,-0.23154311,0.22065546,-0.28264046,0.25836447,-0.23533787,0.26167464,0.16638687,-0.23114163,-0.28242165,0.26477695,0.29630446,-0.2722921,0.11196852,0.24859472,-0.22989818,-0.15137495,0.08487261,-0.22337769,0.2353614,-0.23628473,-0.33299205,0.2715294,0.0012071176,0.25508747,0.2397002,-0.26175326,-0.042696018,-0.28606996,-0.24366939,0.40132177,0.060351547,-0.13330898,0.8477394,0.49684453,-0.46585307,-0.23844069,-0.14313842,-0.056982026,-0.05104013,-0.4383035,0.25440627,0.43968537,0.5304206,0.4120971,-0.47050932,-0.70241696,3.29317,0.06370726,0.62499243,1.2177718,0.7935031,-0.3528355,0.23636481,-0.23002964,-1.9689689,1.2717764,-3.6003528,-0.013778797,-0.15712166,0.11041812,-4.3221045,0.7322026,0.074594714,-0.17420611,-0.4164778,0.67345923,-0.93559337,1.0466508,-1.0136315,1.0019631,-1.0939956,0.98097545,-0.9707372,1.0116786,0.37752765,-0.68324006,-0.9750684,0.936635,0.94096774,-0.9768018,1.0335346,1.0122885,-0.84775174,-1.0233071,0.7570781,-1.0433532,0.964733,-1.0537885,-0.98886675,0.9851684,-0.77136564,1.0123935,0.9222604,-0.99125254,-0.99945843,-1.008146,-0.95603216,0.98663163,0.15449066,-0.98277915
459,-0.042869385,0.0032603343,-1.0023361,-0.0014301395,-0.002329476,0.0022884333,-0.26448897,0.26755273,-0.2555925,0.2175863,-0.2817413,0.26029012,-0.22881904,0.262384,0.17596091,-0.22296745,-0.25416183,0.26331106,0.2893233,-0.28327394,0.11359127,0.24756874,-0.22829433,-0.17861347,0.11391869,-0.23148544,0.24301544,-0.23483326,-0.30285078,0.26313403,0.079259336,0.2417125,0.24034135,-0.25689495,0.034357645,-0.28222942,-0.23972061,0.40081587,0.09653616,-0.1381873,-0.27842435,0.18746057,-0.9011834,-0.15727681,0.0051438217,-0.2513182,0.02420342,0.3058808,0.29697087,0.28445727,1.8411596,0.23957899,-0.32047868,-0.39817202,1.336887,-0.12668125,-0.0909913,-1.166308,-0.16082045,-0.19103278,0.28275925,-0.0736091,1.5801762,0.52919436,3.0194664,-0.21863036,-0.04239154,0.12350654,3.7403846,0.22823334,0.20396718,-0.25922555,1.4977965,0.09133633,-1.0436008,1.0376909,-1.077558,1.0182284,-1.0341896,0.97791576,-0.9631934,1.0344185,0.56374997,-0.6593914,-0.99124366,1.0247409,1.0312648,-1.0144733,0.75646317,0.96445316,-0.889529,-1.0915054,0.7026593,-1.0086876,1.0103588,-1.0372018,-0.97098017,0.6275313,0.962456,0.96151316,0.94784313,-1.0068309,0.8987498,-1.0030994,-0.91734827,1.0368984,0.6906865,-1.0613989
460,-0.03842487,-0.005573208,-0.997487,-0.0020261758,-0.0010406154,0.0005584313,-0.26713607,0.24472664,-0.23265505,0.20769818,-0.2693966,0.2705284,-0.23525888,0.26960075,0.1810158,-0.22274666,-0.26189545,0.25873053,0.29228625,-0.30446345,0.07264342,0.25197613,-0.23676993,-0.19289044,0.145602,-0.22843544,0.23819564,-0.23434305,-0.298197,0.30836883,0.07218619,0.2441219,0.24696173,-0.25279504,0.08853493,-0.28171813,-0.2458905,0.37816313,0.087347314,-0.16149618,-0.15087716,-0.673916,1.0401298,-0.22673292,0.54959023,0.5881972,0.031756468,0.15121296,-0.20828395,0.18297492,-1.5217003,-0.3745656,0.08338862,-0.33348846,-3.2835786,0.13117056,-0.4198165,1.5567162,0.61521447,-0.14642169,-0.23792066,-0.0456605,-0.8287049,2.5485268,-0.09450717,0.09704402,0.24037965,-0.05471187,2.3945289,0.31963158,-0.16094847,-1.0190548,-0.4246728,-0.8893032,-1.0235032,0.91397005,-1.078058,1.0099906,-0.9886156,1.0517389,-1.0161082,1.0040965,0.4593795,-0.63182116,-1.0284021,0.9470888,0.9975038,-1.0680332,-1.050091,1.0018972,-0.9673248,-0.99412745,0.27457997,-1.0919603,0.9473607,-0.98205286,-0.9221821,0.951748,0.13348901,0.98791057,0.9982463,-1.013308,0.86229,-1.0205618,-1.004886,1.0042732,0.26063412,-0.9325735
461,-0.038666233,-0.0036456378,-0.99943876,-4.8898815e-05,-0.0013891198,0.0011829354,-0.26788682,0.24137177,-0.23866709,0.2139273,-0.2618051,0.2641139,-0.227261,0.26468542,0.1837919,-0.24207716,-0.26771945,0.2640842,0.2830338,-0.26200575,0.13720597,0.26488587,-0.23623428,-0.2071189,0.12699883,-0.23530595,0.23815583,-0.25812992,-0.2719619,0.28182718,-0.021517964,0.26099545,0.24786483,-0.26310262,-0.014675311,-0.2767071,-0.24001902,0.37019825,0.10141797,-0.13072842,-0.24420182,0.039799638,-0.09382868,0.2021874,0.17146657,-0.32518798,0.29319808,-0.21139896,-0.005936146,-0.35715738,-0.079454415,0.1556019,-0.1176194,1.4055557,3.0097775,0.34012845,-0.036032334,0.3839521,-0.80063,-0.07917632,0.30226767,-0.65571785,0.8250817,-0.69788545,-3.9584677,0.42866746,0.12848283,-0.12938969,-4.8547535,0.8723546,0.012318566,-0.5148201,0.5878395,1.8716649,-1.0230671,0.9467133,-1.0473347,0.98198575,-0.98460346,0.95952535,-0.9629799,1.0566627,0.48016682,-0.9532953,-0.9985334,0.94303244,0.9815363,-0.99263465,1.0299954,1.075082,-0.9305654,-1.0436405,-0.9331656,-1.0733709,0.97690696,-1.0970244,-0.36464617,0.5894533,-0.9500733,1.0544559,0.983633,-1.044146,-0.99338424,-0.94470924,-0.96333236,0.9746016,0.5240775,-0.3162072
462,-0.03511455,0.0045902627,-0.99934447,-0.0019447972,0.00084862055,-0.0015320493,-0.25015178,0.2505247,-0.24874437,0.2145617,-0.2684644,0.24530062,-0.2252278,0.2680282,0.17299962,-0.2430582,-0.2660611,0.26545933,0.29360735,-0.24976836,0.12310825,0.24165672,-0.24840316,-0.19229306,0.10780531,-0.22938058,0.2300764,-0.2446341,-0.29133043,0.21603347,0.06626169,0.26168984,0.24756764,-0.25789663,-0.0271538,-0.26764727,-0.25207177,0.3644713,0.06925695,-0.15861297,0.30947667,0.49964318,-0.6831626,-0.14589666,-0.43610534,-0.72388136,-0.05394509,0.1415407,-0.40360716,0.08629673,1.0697101,-0.13023879,0.29602265,0.55421746,0.24707554,-0.70692784,-0.4636744,2.9129517,-0.08516274,0.41147497,-0.6793058,0.6382929,-2.143981,-1.8984416,3.5786543,-0.10813611,-0.19128688,0.268063,-0.31907007,0.33392182,-0.423931,-0.5569466,-1.3662223,-0.864575,-0.9176649,1.0318965,-1.0938679,0.940315,-1.0604534,0.9501918,-1.0225228,1.058528,0.3648548,-1.0144923,-0.9945386,0.9314181,0.93988514,-1.0444351,0.4569292,0.9164683,-1.0167655,-1.113698,-0.98759353,-0.932236,0.8852785,-0.98421574,-0.97887087,-0.24479087,0.9493826,1.0319088,0.95797294,-0.9523804,-0.15044883,-0.9684332,-1.0957026,1.0541213,0.008719135,-0.99615896
463,-0.03681658,0.0064185234,-1.0029517,-0.0014406729,-0.0005196255,-0.0023813464,-0.2720618,0.23252277,-0.21221913,0.21197793,-0.26920548,0.24386036,-0.22384225,0.26944488,0.17316164,-0.2502961,-0.287537,0.25373647,0.30220395,-0.23173268,0.08612925,0.24497919,-0.25241613,-0.21452987,0.082026966,-0.21989389,0.24835318,-0.25118887,-0.25644618,0.214166,0.040654678,0.24178222,0.24650444,-0.25683063,0.06228668,-0.2678084,-0.25077435,0.36812112,0.112039246,-0.10527354,-1.0105169,-0.40841472,1.341482,0.0999822,0.23395343,0.055264667,0.34964684,0.26104409,-0.16945337,-0.17322049,-2.2413228,-0.42668828,0.3514651,0.72483796,-3.253199,0.29444087,-0.014863013,0.5565583,-1.1632024,0.33359617,0.8747104,-0.4305899,1.4321073,-0.13916774,-0.8934177,-0.31447753,0.015986355,-0.13631174,4.1188893,-0.013159398,0.051257476,0.56244564,1.5999508,2.5485456,-1.0650241,0.9366231,-1.0132473,0.9911265,-0.9900212,0.88717234,-0.9307874,1.0789334,0.39744315,-1.0148215,-1.0270467,1.0285276,1.0350536,-0.9285882,-1.0317502,0.995593,-0.98769337,-1.062639,-0.9514161,-0.9651555,1.0595834,-1.0670139,-0.021089278,1.0382497,-0.22740439,0.95423555,0.9817871,-1.0193292,1.1013758,-0.9743743,-0.99610066,1.0201414,0.7602603,-0.1575802
464,-0.03865568,0.0032560353,-1.0012255,0.0013380339,0.0001384689,-0.0009921384,-0.26639715,0.25359443,-0.22336547,0.21637392,-0.24956067,0.25224823,-0.21903262,0.26476488,0.17833237,-0.23958315,-0.2912311,0.2606527,0.30313408,-0.24167274,0.12637027,0.24633938,-0.2475403,-0.2269909,0.058686133,-0.2124042,0.2608738,-0.24941002,-0.20374633,0.23630355,-0.027301274,0.23804766,0.2380645,-0.25608185,-0.029476445,-0.26169464,-0.2512607,0.3818446,0.0657274,-0.13234197,0.029522438,0.1907492,-0.21366498,-0.062118948,0.52602184,0.2750482,0.06920949,-0.13109799,-0.0918417,0.45907784,0.40471736,0.32773688,0.21562454,-0.07970825,2.4784114,0.015062317,-0.074268244,0.86983526,-1.4022437,-0.019154679,0.5082544,-0.007295099,0.6552468,0.6131811,-3.1379566,-0.6044853,-0.47410133,0.066775866,-4.610443,0.5845628,-0.122211955,0.1668731,-1.860575,-1.1487995,-0.9838523,1.018194,-0.9450065,1.0330933,-0.9476896,1.00091,-0.9794451,1.0828928,0.375896,-0.871652,-0.983528,1.005304,0.99882853,-0.9576767,1.0100424,0.9840189,-0.9639529,-1.0099148,-0.453532,-0.97685295,1.0760723,-1.0537169,0.16221201,1.0176982,-0.8263625,0.9013473,0.8865963,-0.9824262,-0.9971789,-0.98501974,-1.0393763,1.028073,-0.114156626,-1.0044695
465,-0.03914779,0.008154828,-0.99893045,0.0025583315,0.00093997584,0.0005820755,-0.28306043,0.25067863,-0.23936534,0.2121901,-0.26503587,0.24363172,-0.21566954,0.27584913,0.15949284,-0.23531276,-0.24969357,0.25442395,0.32431093,-0.2340856,0.12796551,0.255382,-0.26289502,-0.22487609,0.015307557,-0.21750925,0.25173247,-0.22978905,-0.21569604,0.22328474,0.06303141,0.24075021,0.24344255,-0.25887653,-0.0102244085,-0.27252293,-0.24692479,0.3632842,0.06511019,-0.16965996,-0.17907804,-0.08112615,-0.9950687,-0.23071124,-0.36858115,-0.41218677,-0.08546267,0.22196959,-0.4436916,0.30878735,2.5647497,-0.2010669,0.71066326,0.4356502,1.7475295,0.30024683,-0.3812195,1.2475773,-2.6459038,-0.21072774,-0.547026,0.81913257,-0.35102335,-0.870524,3.5723064,0.4185058,0.14228089,0.02864019,1.3315505,-0.3372972,0.2951432,-0.9574731,-0.014033766,-1.0975543,-1.0969858,1.0120444,-1.0427865,1.0237981,-0.96477324,0.92116535,-0.98498935,0.9691746,0.24316332,-0.9879653,-0.9622023,1.050534,1.0565623,-0.99995196,0.8644396,1.0374002,-1.063405,-1.0258795,-0.9751816,-0.99810064,0.97499263,-0.86519116,-0.95809925,0.9548577,1.0272772,1.001317,0.95906645,-1.0610808,0.24600388,-1.1116385,-0.92679435,1.0307832,0.24692833,-0.66289055
466,-0.044903357,0.0045566014,-1.0011531,0.0011800155,-0.0025571277,0.0024283156,-0.25667933,0.25119266,-0.21139237,0.21473089,-0.25873527,0.25436184,-0.22487426,0.27974272,0.17944068,-0.23710671,-0.26538792,0.25194445,0.3038748,-0.24539053,0.09953906,0.25402173,-0.25883606,-0.21739668,0.03576491,-0.21253426,0.25475833,-0.23574686,-0.21018608,0.22704522,0.037981387,0.230224,0.24124654,-0.25305778,0.06866574,-0.27520525,-0.25737843,0.37491336,0.08890235,-0.15199238,0.35602483,0.1360857,1.0786597,0.20389245,0.3136162,0.38356492,-0.20758662,0.22967233,0.32030585,-0.3980056,-1.5272968,-0.1850955,-0.16706148,-0.05155075,-3.161299,0.036189612,0.09433944,2.0536273,3.1970956,0.11208344,0.33927724,-0.36474353,-1.513745,-0.7724294,-0.66463774,-0.17986065,0.0010566375,0.17862174,3.5910087,-0.057150602,-0.31900734,1.0217563,1.0451753,1.1672847,-0.9267593,1.0542072,-1.0031836,1.0529886,-0.9415858,0.95920175,-1.0257988,1.0482632,0.35217696,-1.0272157,-1.025863,0.9879085,0.9216841,-1.0644135,-0.98363376,1.0205182,-1.0148209,-1.0719103,-0.35852534,-0.97649705,1.076733,-1.0493124,-0.46287772,1.0484713,-0.09765157,0.9334031,0.94353,-0.96412814,1.029963,-0.9779742,-1.083399,0.99049693,0.57141095,-0.9450798
467,-0.042435184,0.0015543274,-0.99871475,0.0009850375,0.0029195403,0.00010028791,-0.26506248,0.2532574,-0.23538539,0.21644284,-0.25739524,0.25454363,-0.22696975,0.27311605,0.16844901,-0.232995,-0.25985605,0.26138785,0.31713378,-0.24328518,0.12752056,0.2519297,-0.25158346,-0.22769095,0.020169262,-0.21788137,0.25799394,-0.24707891,-0.19470216,0.23780198,0.04102815,0.24373643,0.23788539,-0.25406694,-0.03082286,-0.27460954,-0.25669473,0.38046306,0.06852176,-0.14294244,-0.37488997,-0.10420067,-0.97001654,-0.07773863,-0.027215393,-0.117940664,-0.16549331,-0.098682955,-0.37855262,0.30386782,0.81372917,0.2919112,0.4628749,0.13933963,2.3244574,-0.11403056,0.14209962,0.62478393,-1.3067487,-0.1386552,0.17953369,-0.23060957,-0.19246313,0.67875767,-0.22048609,0.08482367,-0.1819985,0.21834499,-4.7918596,0.5579423,0.026079338,-0.3715593,-0.9654592,0.7231636,-1.0000415,1.0344951,-1.0822855,0.92303395,-0.9709548,1.0021347,-1.0393189,1.1092607,0.29329893,-0.9518981,-1.0721202,1.0955868,1.0334716,-1.0119455,0.94139695,1.0102333,-0.97016776,-0.98256326,-1.0066643,-1.011316,1.0385016,-0.99436575,0.024623014,0.9650302,0.10838751,0.95654595,0.9085353,-0.9477203,-1.0444922,-0.9866243,-1.0087998,0.93901074,0.07896983,-0.27461508
468,-0.041930262,0.005469206,-0.9982392,0.0034452362,0.0036343727,9.5522875e-05,-0.2851659,0.2450215,-0.23060374,0.21116842,-0.2617263,0.25223565,-0.22934537,0.28609595,0.16057506,-0.23731077,-0.25636727,0.2606713,0.32056254,-0.23063359,0.06099266,0.23958239,-0.2330309,-0.19792274,-0.010438064,-0.22521855,0.23923148,-0.24349871,-0.21572,0.25641516,0.12170026,0.23987806,0.24022469,-0.255822,0.03495468,-0.28112528,-0.2536501,0.37520352,0.042541616,-0.15377562,-0.13378446,-0.43105632,-0.008955352,-0.074370764,0.048176058,0.09578895,-0.013364517,0.37542206,-0.4726533,-0.043119535,-0.2348129,-0.09716001,0.30719635,0.33448496,-3.3315616,-0.37327087,0.1967865,3.4793608,-0.47190458,-0.22827418,-0.6484409,0.025351737,-1.0511427,0.3650011,3.5071473,0.27885118,0.17178525,-0.2260953,3.38614,-0.11047866,0.0821198,-0.3416404,-0.931563,0.1029363,-1.0937098,0.9812061,-1.0506071,1.0132983,-0.9575602,0.99986637,-0.9689062,1.0436505,0.21009763,-0.96810293,-0.96649027,1.011156,0.97983676,-0.9414752,-0.8241856,0.934978,-0.8993912,-0.9769368,-0.9730491,-1.0559566,0.95111865,-1.0528605,-0.9999654,0.97633463,1.0792356,1.0022131,0.97593457,-1.0421649,0.8464087,-1.0011278,-0.990819,1.0251987,0.0046703108,-0.9423556
469,-0.044077914,-0.0011851734,-0.9988051,-0.00042338038,-0.0030306187,-0.0008546563,-0.2757181,0.23209405,-0.2393569,0.21300676,-0.25737178,0.25361532,-0.2302855,0.28480878,0.15560018,-0.23930229,-0.25884393,0.26204178,0.32371393,-0.23431441,0.13987158,0.23895776,-0.23794565,-0.19983257,-0.0044711186,-0.2173491,0.24690792,-0.2320703,-0.2276754,0.2546489,0.006310218,0.24161491,0.23954177,-0.25778437,0.0021145418,-0.26778826,-0.24327256,0.37569988,0.102730125,-0.16272347,0.6155038,-0.22837539,-0.2275707,0.17455609,0.25959998,0.062135857,-0.15592828,-0.2096683,-0.16190572,-0.08087493,-0.26047117,-0.38480148,0.34311193,0.08546537,2.9133544,-0.10150815,-0.26180404,1.6577368,0.74467444,-0.13307075,0.26657537,0.52533627,-0.6805354,0.05594821,-5.020229,-0.18746045,-0.10681896,0.054370034,-1.8025349,1.0991367,0.2308279,-0.28104463,2.3311398,0.043459192,-1.0068672,0.9240773,-1.0983907,1.0979351,-0.9388962,0.95971614,-1.0271477,1.0572942,0.27342355,-0.98939025,-1.0415958,0.96903884,1.0775222,-0.9408032,0.8902537,0.94391954,-0.92586535,-1.0420038,-0.44143125,-1.0139832,1.0085527,-0.90725386,-0.9249711,1.0011935,-1.0298336,0.9574486,0.91489744,-0.9962741,-0.31568244,-0.90791154,-0.9350749,0.95755607,0.88213784,-0.5147812
470,-0.038810946,0.00038338645,-1.0008466,-0.0011301597,-0.0021088563,0.00086326426,-0.2638489,0.23503236,-0.22779039,0.2177413,-0.26301122,0.2513337,-0.23272754,0.2806027,0.17266315,-0.24720451,-0.27245876,0.25832006,0.30210012,-0.2408147,0.051980395,0.22079201,-0.24953708,-0.1853074,0.055270545,-0.23066407,0.24420676,-0.2344054,-0.25147247,0.2356174,0.082961686,0.2334932,0.25271127,-0.26529348,0.0060253544,-0.27576944,-0.25436625,0.3619915,0.06961456,-0.157617,0.49016866,0.52503324,-0.17910714,0.014746241,-0.10547548,0.029836131,-0.19496542,-0.22754967,0.6056989,-0.38331217,-0.3867131,0.10013275,-0.6431263,-0.1679261,-3.521063,-0.5028148,-0.49567184,0.36424083,3.5448213,-0.2535639,-0.16511136,-0.0619763,-1.0722408,-0.36020952,3.636635,0.015203586,0.4113762,-0.41667593,0.27598152,-0.39308107,-0.22903658,-0.58219355,-1.3384393,0.584722,-1.003922,0.9807508,-1.0115461,0.9403565,-1.0159873,0.9283682,-1.0106351,1.0447297,0.4457353,-1.0271004,-1.0718708,1.0034711,0.97116655,-0.9923456,-0.68737733,0.86152947,-1.019885,-1.0592077,0.503839,-1.0528733,0.99227315,-1.011564,-1.017916,1.0547068,0.99834126,0.95481014,1.0272719,-1.1211644,0.1030528,-1.0591217,-1.0533216,1.0133349,0.018824672,-0.94599783
471,-0.035994086,0.0030638217,-0.9994684,0.0020616204,-0.0007984425,-0.0013123247,-0.26216453,0.27097267,-0.24671441,0.21950887,-0.27364054,0.24787104,-0.2363836,0.27022767,0.17578405,-0.23959422,-0.2669854,0.2646271,0.30397055,-0.25659555,0.11577038,0.23830837,-0.24186276,-0.21552727,0.08778766,-0.22677763,0.24625738,-0.22441491,-0.2618316,0.2461558,0.034671705,0.24262641,0.25201976,-0.2665477,-0.041063078,-0.2700348,-0.25028017,0.35477108,0.054932117,-0.17531762,0.35794264,0.8015108,-0.46775818,-0.14001638,-0.09643754,-0.10850953,-0.17852269,-0.14801012,0.08045837,0.4304688,0.53307015,0.21307367,-0.052917797,-0.42252213,3.100065,0.51039183,0.24635802,-0.4606594,-0.022745412,-0.0055513103,0.22728772,0.23693977,0.15280902,1.0350448,-2.6535058,0.08019503,-0.009617111,0.08484581,-2.2376509,0.4482192,-0.0453266,-0.25068963,-0.6246583,0.28518865,-1.0117174,1.1107317,-1.0759115,1.0099659,-1.0314943,0.946515,-1.0431409,1.0836495,0.46317986,-0.657625,-0.91022456,1.0220894,1.0348456,-0.8770445,0.9764273,0.9921136,-0.92342174,-0.99958086,0.36772084,-1.0255433,1.0300086,-0.95860505,-1.0295309,0.78384495,-0.49289837,0.9773244,0.99351716,-1.0025764,-0.59287506,-0.989625,-1.018799,0.9802986,0.10031976,-1.0597916
472,-0.04064548,0.0077212676,-0.9953085,0.0013692032,7.999665e-05,0.0019998779,-0.26228428,0.26312986,-0.23759188,0.21245062,-0.26795882,0.24734429,-0.24435098,0.26812917,0.17152816,-0.22971378,-0.26986134,0.261442,0.3030367,-0.27329236,0.056007277,0.25188896,-0.24110845,-0.20634313,0.10128802,-0.21568245,0.24841814,-0.22275338,-0.24955195,0.2365869,0.10348232,0.23943272,0.24818906,-0.2606658,0.0065128026,-0.27228096,-0.2524656,0.345286,0.049366556,-0.16004172,0.10461197,-0.3698681,0.049596738,-0.42861775,0.4107675,-0.2128402,-0.119040266,-0.013928529,-0.38945514,0.4718915,-0.15723687,-0.24554093,0.14458346,-0.32111707,-2.6413224,0.3302616,-0.02924507,2.2383177,-0.5688611,0.4115095,-0.19111855,-0.1039059,0.9740727,0.12983432,3.0911224,-0.04528187,-0.038852457,0.10974507,2.4657896,-0.00040779647,0.16668144,-0.6272582,-0.3041548,1.1020206,-1.0110505,0.99696136,-1.0407419,0.905308,-0.9677071,0.9327997,-1.0319921,0.95197207,0.37460023,-0.71377033,-1.0083599,0.9373808,0.9950204,-0.99618536,-0.60327333,1.0222125,-0.96040606,-0.93360066,-0.22260304,-0.90959585,0.9910014,-0.9886567,-0.8891427,0.42124328,0.92193925,0.97050303,1.0138601,-0.99437505,0.5430278,-0.96534705,-0.96138954,0.9811911,0.13161065,-0.88337517
473,-0.032832,-0.0012425858,-1.000363,0.00023801625,-0.00055109814,-3.438211e-05,-0.27008572,0.2586948,-0.248217,0.20461608,-0.26517498,0.25503194,-0.23641844,0.26485863,0.16907763,-0.2298464,-0.26569483,0.26919937,0.29383072,-0.26642436,0.1282974,0.26661113,-0.2339119,-0.19707122,0.07280209,-0.22277133,0.23017353,-0.23390917,-0.25484666,0.27668142,0.011929641,0.2344789,0.23714128,-0.2560127,0.027607098,-0.26652575,-0.25894505,0.3708327,0.0860133,-0.15506475,0.16973582,-0.4475641,0.068118386,0.035286862,0.31438962,0.37699074,0.34291458,-0.16325282,0.040480915,0.054686617,0.16440964,0.021679668,-0.06751343,0.20701005,2.8274686,0.34502143,0.05016792,1.5121233,-0.49220988,-0.35777268,-0.35738656,-0.3050594,-0.42512044,2.3025718,-3.921078,-0.08736278,-0.54245216,0.19880675,0.7859721,0.67621857,-0.5110011,1.0330789,1.4712365,0.56819785,-1.0310247,1.0062349,-1.0255487,1.0446316,-1.0238849,1.0702859,-0.9257698,0.945657,0.43308172,-0.9064581,-0.9813904,0.9655199,0.9879876,-1.0645158,0.9202218,1.0775213,-0.9125867,-1.0475132,-0.79962385,-1.0363365,0.9115486,-1.014509,-0.9983433,0.93266606,-0.7750909,0.95628047,0.86850923,-0.9692713,0.2931058,-0.93003386,-1.1449102,1.0575975,0.6386087,-0.77405053
474,-0.039472107,-0.003822199,-1.0003816,-0.0010064798,0.0007371827,0.000994903,-0.2802489,0.24673498,-0.23300742,0.2101757,-0.25416178,0.26579255,-0.23349316,0.26555654,0.17319939,-0.2368147,-0.27315113,0.2706882,0.28418148,-0.25438142,0.043527015,0.2583096,-0.23679323,-0.18742438,0.05025156,-0.219516,0.22940986,-0.25741744,-0.18555892,0.27056187,0.093575284,0.2440816,0.2405184,-0.25148153,-0.011788003,-0.26877493,-0.25572655,0.38000643,0.08584568,-0.12798454,-0.5377953,-0.3104877,0.2845766,0.38201833,0.68323493,-0.015812144,0.36897945,-0.2265457,0.04140851,-0.0970058,-0.5605568,0.19121382,-0.038859855,0.4261275,-3.3918784,-0.2444656,-0.14883766,1.346241,-0.36867598,0.14330277,0.02538238,-0.68507206,2.7120337,-0.9710562,3.5770645,0.41686425,0.14445814,0.11089093,-1.7819265,0.08218468,0.20456406,0.3226317,-0.028897995,1.3114321,-1.0913728,1.0085614,-1.0013498,1.0042154,-0.92519045,1.0160316,-0.9068379,0.97418904,0.37474307,-0.9819685,-1.056886,0.9859675,0.9092259,-1.0405018,-0.78113264,1.0204804,-0.95150274,-1.048513,-1.0249493,-0.97474533,0.92207295,-1.1282065,0.24838847,0.9540294,0.9857147,1.0089386,0.9511538,-0.96177113,-0.3754788,-0.9621014,-0.9778046,1.018954,0.33067545,-0.66204846
475,-0.043494985,-0.0010361754,-0.9957044,0.0011038139,0.0004780354,-2.4066612e-05,-0.2671273,0.24817617,-0.23668462,0.220162,-0.25645962,0.24958728,-0.22516988,0.26173776,0.17254606,-0.24397992,-0.27125245,0.2683429,0.29454088,-0.2355529,0.11593056,0.23877828,-0.25058252,-0.18176717,0.024934376,-0.2189913,0.24095167,-0.25497952,-0.20626232,0.2339972,0.024086399,0.25213218,0.24332912,-0.25622344,-0.020494966,-0.2673663,-0.2589928,0.37643504,0.07874111,-0.11285322,0.551905,0.11171134,-0.07589413,0.07693184,-0.16688041,-0.39555103,0.21085392,0.03984239,-0.31754223,-0.12034086,0.78804505,-0.21484506,0.45367798,0.69889516,3.3433166,-0.5284662,-0.36669818,2.2041247,-0.014154777,0.07552202,0.31397513,0.08603358,-1.6635381,-1.6478566,-3.200167,0.08760429,0.11205273,0.04200937,-0.34919176,0.31980762,0.012362309,-0.28798562,-0.24031304,1.209959,-0.98892504,1.0306386,-0.9955971,1.0133655,-0.9442631,0.92968196,-0.93786794,1.0456743,0.312432,-1.0249733,-0.95709056,0.9549825,0.9532923,-0.94658434,0.99657583,0.91717875,-1.0178487,-1.0222988,-1.0590986,-0.9609318,0.9853832,-1.0426803,-1.0584503,0.5692576,-0.5805557,1.0052172,0.955439,-0.99205536,-0.13932581,-0.97304654,-1.0184737,0.990443,0.27096817,-0.3999909
476,-0.046765916,-0.00664151,-0.9973915,-0.00031273896,-0.0021956847,0.0022442003,-0.27668142,0.24545498,-0.22385484,0.22729537,-0.2550568,0.26415196,-0.22294262,0.2654147,0.17532167,-0.24957992,-0.27094528,0.25639942,0.29025826,-0.23774695,0.034463685,0.23439667,-0.25265732,-0.16050953,0.038354106,-0.21715723,0.25667316,-0.2465414,-0.22428122,0.25573805,0.10224517,0.24883002,0.26127356,-0.2524089,0.04524785,-0.2778504,-0.24642812,0.37219617,0.0790668,-0.11989467,0.09076332,-0.16892613,0.30964103,0.39983547,0.256972,0.54565066,-0.015486039,0.10687675,0.23592293,-0.2439013,-0.44169676,-0.14639044,-0.10035954,-0.19860683,-3.8095686,-0.023175081,-0.039894156,1.6146952,2.4994671,0.19602247,0.49056864,-0.006552482,-0.53965706,1.3942037,3.380554,0.22599855,0.5028092,-0.12107682,3.0613213,-0.27439362,0.46850866,0.1841108,-0.032740206,0.018146383,-1.0774323,1.008365,-1.0359042,0.97998583,-0.9641264,1.0659577,-1.0071639,0.9902951,0.45498753,-1.0688392,-1.0470537,0.9889958,0.9634966,-1.0314164,-1.0172253,0.94024867,-1.0069933,-1.0001652,-0.79505277,-0.9438674,1.0749273,-1.0671871,-1.0524763,0.9931333,0.99774146,1.0217584,1.0679076,-1.0330882,0.8122275,-0.94406116,-0.87920195,1.0669429,0.3094102,-1.0178351
477,-0.043717884,-0.0050306865,-1.002804,-0.00071880163,-0.0014952777,-0.00019766676,-0.275373,0.25330445,-0.2294305,0.2278643,-0.25000298,0.27148268,-0.22095545,0.2620613,0.17245817,-0.23491752,-0.2689917,0.26751038,0.3029826,-0.24400628,0.11459037,0.24829802,-0.2458808,-0.17361733,0.0024569826,-0.20806742,0.25507846,-0.2577646,-0.21067998,0.28732952,0.007489499,0.25234532,0.2483061,-0.2525684,-0.04258503,-0.26683053,-0.2504288,0.3842151,0.07958663,-0.09998769,0.2910458,-0.245559,0.06325485,-0.17579764,0.32702503,-0.06579244,0.13161954,-0.20480718,-0.33647937,0.84278953,0.18843867,-0.06470237,0.37769943,-0.23988353,3.7370584,0.40838078,0.12544715,1.2102741,-3.078778,-0.01307916,-0.055688668,-0.19214146,-0.12286941,1.3658516,-4.296294,-0.2241755,-0.25238532,0.10193223,-4.065648,0.8241863,-0.31599247,-0.37153965,-0.03192658,1.6044306,-0.99905425,1.0068527,-0.99820435,1.0261185,-0.9674517,1.070077,-0.96905357,1.0630248,0.29217604,-0.75170463,-1.0370357,0.94099236,0.9727099,-0.9218533,0.9986866,1.0342504,-0.95887005,-0.94880116,-0.9452806,-0.9697699,0.9975952,-1.0573052,-0.06399388,0.95141876,-0.88081753,0.9822641,0.96357465,-0.9807256,-0.95018226,-1.003195,-1.0692583,1.0625818,0.30460846,-0.056649134
478,-0.041508667,-0.00034033242,-0.9984026,-0.0030128518,0.0004870134,-0.0014961757,-0.26214442,0.23663953,-0.21078269,0.22977373,-0.2591485,0.25532186,-0.21804018,0.2731651,0.17195496,-0.24153809,-0.28419656,0.25426835,0.29758358,-0.24204803,0.03447841,0.25384563,-0.262599,-0.16756992,0.015850967,-0.21199434,0.25457337,-0.23034008,-0.23771729,0.25187266,0.08767088,0.24828945,0.26147586,-0.25473735,0.04693873,-0.27368385,-0.2470693,0.36245945,0.079192795,-0.12736925,0.686034,-0.01772397,0.37298968,-0.077930175,-0.25060645,-0.3858864,0.06631353,0.50654393,0.095525034,-0.35604683,-0.8267785,-0.4458993,0.0057470975,0.28636378,-3.8296537,0.047895443,-0.51016426,1.1040351,1.7588075,-0.07430357,-0.2914174,0.89964557,-1.6289371,-1.0140222,3.6149108,0.040824473,0.39814833,-0.10311325,4.1566086,-0.13452248,0.116047956,-0.72508115,0.07060116,-0.47514144,-0.9489524,0.9479977,-0.95234877,0.9948698,-0.98826885,0.91069174,-0.9593369,1.0758086,0.41515818,-1.0131336,-1.0868379,0.96219873,0.9894356,-0.97426194,-1.0245727,1.0120142,-1.080098,-1.01767,-0.05968609,-0.9977136,1.0237132,-0.94230855,-1.054227,0.8959064,0.9528279,1.0121849,1.0801436,-1.0237609,1.0330663,-0.97972655,-0.9722875,1.0252341,0.32914352,-1.0258292
479,-0.04366881,-0.0021251286,-0.99918157,-0.00025420004,0.003402382,-0.0059297606,-0.25572166,0.24616835,-0.21960987,0.22795244,-0.2611075,0.2606379,-0.22248974,0.26593336,0.17764266,-0.24110928,-0.2770274,0.25665566,0.29168877,-0.2604112,0.10835881,0.25860614,-0.25042376,-0.19072558,0.074187346,-0.21483679,0.24939863,-0.23910032,-0.25823078,0.27820665,-0.010118789,0.24743597,0.25633052,-0.25876057,0.0026677137,-0.2653634,-0.24757504,0.37542805,0.09245663,-0.12591651,0.23333548,0.43186215,-0.37784684,-0.06326885,0.21952493,0.55266553,-0.26367462,-0.10197248,0.28551528,0.049479846,0.6782812,0.1390669,-0.17117676,-0.4702626,3.3906102,0.15455459,0.2508517,-0.32934165,2.5873063,-0.41377503,0.13848467,-0.41611326,-0.9246968,1.9415553,-4.5026493,-0.2124488,-0.29470554,0.01987844,-2.410917,0.679044,0.030149538,0.64541745,0.4359132,0.7974369,-0.9698404,0.9792337,-1.0024798,1.0439978,-0.9771609,1.0247816,-1.0306299,1.0389621,0.4870012,-0.84458756,-1.020751,0.95450455,0.9947678,-1.0110041,1.0314181,1.0461475,-0.98295784,-1.0497042,0.5639692,-1.0435222,1.0240427,-1.072823,-0.98531693,1.005118,-0.9700186,0.98437953,0.97703403,-1.015927,-0.43732303,-0.9019725,-0.98442715,1.0385988,0.44508708,-0.9955402
480,-0.040286284,0.0021867447,-0.9979131,0.0033510772,-0.000915561,0.001662929,-0.2546317,0.2582677,-0.22846183,0.22613244,-0.26071393,0.24652725,-0.22582269,0.26147196,0.18277527,-0.23989213,-0.25845745,0.2666098,0.28882706,-0.26036626,0.07657014,0.27041465,-0.24483483,-0.18676883,0.10361751,-0.21882573,0.2485707,-0.24705678,-0.25378022,0.20212367,0.07749926,0.24701534,0.25584272,-0.25454524,-0.07804209,-0.26422462,-0.24198492,0.3781112,0.051872615,-0.1314044,0.1741208,0.78014195,-0.399351,-0.030473957,0.09436876,-0.5740492,-0.12893051,-0.26139376,-0.0064008273,0.29023594,1.0498542,0.24212061,-0.17157292,-0.035677645,-0.4723778,0.37546304,0.24646984,1.4202552,0.5538712,0.022001958,-0.023757,-0.12729296,1.0149593,-2.207722,3.709262,-0.09590647,-0.048205514,0.062096808,-3.377884,0.15593065,0.13722672,-0.16492353,-1.595281,0.38207445,-0.9875192,1.0507071,-1.0027424,0.95447177,-0.99505883,0.92594945,-1.0151302,0.9563689,0.543437,-0.87683207,-1.016563,0.9273034,1.0097936,-1.0463451,0.062122732,1.110836,-0.9360291,-0.669355,-0.97285706,-0.98282486,0.9937567,-1.0596181,-0.987218,-0.540918,1.0273293,0.97695464,1.0037488,-1.0016136,-0.9592463,-0.95887625,-0.94898695,0.9140435,-0.1164705,-0.9392502
481,-0.041792702,-0.00035709701,-0.99968743,0.0008760683,-0.0006699014,-0.00029103644,-0.2783514,0.2579464,-0.20895115,0.21998455,-0.26715755,0.25293204,-0.2270945,0.2721911,0.16788782,-0.24522504,-0.27355894,0.25614408,0.29702172,-0.24112262,0.057177942,0.2515448,-0.25843593,-0.17550218,0.07114833,-0.21357729,0.2410175,-0.24662454,-0.25933495,0.20887266,0.06251216,0.24231988,0.24808846,-0.25906977,0.015663713,-0.27134097,-0.25102755,0.37951738,0.047062613,-0.10851884,-0.16429135,-0.14584735,0.62466604,-0.3859159,0.23548865,0.17056966,0.08356791,0.43909055,-0.24329655,-0.1080548,-1.4400712,-0.6063233,0.45559278,0.7403819,-2.2579985,-0.6512322,-0.4223675,1.5180641,-0.70145583,0.12977822,-0.5138815,0.01187443,0.54981583,0.49227706,-0.19118652,0.15072481,-0.30838898,-0.09422216,4.4937077,-0.15115218,-0.33450854,-0.030435806,-0.19776544,1.2472761,-1.0907718,1.0401169,-1.0168536,0.97705936,-1.0020432,0.9717581,-0.96916556,1.0346855,0.34499592,-1.0146719,-1.0203204,1.0258242,0.9807705,-0.98727787,-0.83434576,0.9578727,-1.0383462,-0.951228,-1.059992,-0.9748496,0.9316812,-0.9930673,-0.8802246,0.9250315,0.07976581,0.99582136,0.9433513,-1.0265367,0.96872777,-1.0244176,-1.0781304,0.9968264,0.14909406,-0.10547166
482,-0.043829545,-0.00041306927,-0.9988789,0.0012839116,-0.00070598966,0.0009310643,-0.28583574,0.25290447,-0.22208805,0.22466058,-0.26430398,0.2517547,-0.22362314,0.27160466,0.16131444,-0.24813771,-0.2760276,0.25716785,0.3084132,-0.23250166,0.120197415,0.24902804,-0.25364655,-0.19752564,0.04366849,-0.22101775,0.2342957,-0.23548025,-0.22569901,0.2220547,-0.02117637,0.24755786,0.26167345,-0.26239035,-0.06588155,-0.27092794,-0.24513054,0.36388355,0.05924632,-0.12608258,-0.02662801,-0.26088065,-0.36415654,0.2482629,0.38191438,-0.0034709116,0.11718242,-0.2897475,-0.11525603,0.018349882,0.25686213,-0.005584482,0.53956926,0.3835143,2.9833696,-0.04189615,-0.048868913,0.42397967,-0.5259738,-0.44939345,-0.03918775,0.22796378,0.91782385,0.35270435,-3.9565468,-0.046170086,0.45596874,-0.10061863,-3.8384874,0.16736417,0.29908276,-0.78978854,0.4322211,-0.25641146,-1.0737185,1.0326152,-0.99870414,0.9435568,-1.0112092,0.9926306,-0.97415715,0.99982136,0.25339139,-1.0538954,-1.0687764,0.977069,0.98446274,-0.98673904,0.9544112,0.99500453,-1.0173725,-1.0614117,-0.97556055,-1.0881226,0.95084584,-1.0082834,0.08689746,0.9911989,-0.91851306,0.9883663,1.0748563,-1.0507929,-0.9746351,-0.9263601,-0.91550356,0.97031814,0.3183409,-0.97095895
483,-0.043102928,0.0021561314,-1.0026869,0.0018504673,0.00083129574,0.00290205,-0.28548643,0.24142057,-0.24928606,0.21623644,-0.26822424,0.23985189,-0.21710327,0.26572308,0.15518276,-0.23969474,-0.24523251,0.2564238,0.31750923,-0.23073408,0.13063633,0.23836367,-0.25530717,-0.15964611,0.011329711,-0.22657648,0.23716708,-0.23715582,-0.23925248,0.18497768,0.06150423,0.24961495,0.24746275,-0.25876507,-0.08540422,-0.27242845,-0.24528623,0.3725583,0.057308234,-0.1255538,0.6783633,-0.17997015,-1.3412681,-0.3801316,0.17544994,-0.3396336,-0.017982978,0.04827278,-0.55296546,0.4456548,2.1312685,-0.1238728,0.4720078,0.06884018,1.9339995,-0.279401,0.032157477,3.9906514,-1.9915043,-0.24841273,-0.036111347,0.08650165,-0.9310355,0.03643089,3.4270825,-0.13465978,-0.5456098,0.1802038,-0.95405746,0.37778443,-0.03560429,-0.025426043,0.032169033,0.7410209,-1.0440925,0.9308578,-1.0628494,1.0001907,-1.010745,1.0126473,-0.91472375,1.0013742,0.1432281,-0.9445219,-1.0053173,0.97453266,0.95874697,-0.93367046,1.0250788,0.94093627,-1.000926,-1.0472233,-0.96455294,-1.0068003,0.9448452,-0.98252475,-1.0149473,-0.53905606,1.0117913,0.97964084,0.9143735,-1.004644,-0.515395,-1.0108831,-0.9903433,0.96651036,0.24052495,-0.5594244
484,-0.04380723,-0.0008310944,-0.99560815,0.0023075072,-0.0035876152,0.00022300548,-0.26411635,0.23710266,-0.21991475,0.21999335,-0.2566098,0.24043559,-0.22520854,0.27398875,0.17181721,-0.24579166,-0.26948464,0.25531211,0.30401364,-0.2320231,0.080964684,0.24837263,-0.25983274,-0.16380689,0.03475083,-0.22930819,0.222068,-0.23524393,-0.22820948,0.17855483,0.06991221,0.2406308,0.24612744,-0.25125617,0.007822656,-0.28190893,-0.2413126,0.37284842,0.1276152,-0.1364917,0.154799,0.0072505823,1.2548046,0.09429699,0.108093254,0.26924413,-0.087444454,0.3524367,0.50373626,-0.42608407,-2.0281732,-0.00062981684,-0.38311473,-0.015122282,-3.8219452,0.30586603,-0.1456253,0.5489548,1.9457194,0.05671765,-0.41011813,-0.022284927,-1.2326818,-0.06451882,0.5250911,0.21562202,0.1424254,0.15881704,4.52871,-0.31312725,0.16774051,0.36693248,2.5877717,-0.38876194,-0.93814534,0.95951664,-1.0031017,1.0857061,-0.9845385,0.91582745,-0.9519972,1.056223,0.4996966,-0.97861516,-0.9509741,1.085478,1.0306283,-0.93279684,-1.14012,1.0094609,-1.030159,-1.043334,0.27244833,-1.0102575,0.8797161,-0.99605143,-0.34871462,0.9657078,0.20618443,1.0035841,0.9632626,-0.94823176,0.9521335,-1.1073182,-0.93610966,0.95391554,1.0091183,-0.96013904
485,-0.046780396,-0.0017067654,-1.0010947,0.0013279495,0.00026182237,0.0029180313,-0.27640206,0.25336754,-0.22483745,0.21995838,-0.27523383,0.25123033,-0.2238331,0.26597026,0.1674104,-0.23149686,-0.27542326,0.2611067,0.29259405,-0.26672226,0.14049186,0.23325805,-0.24680024,-0.16084339,0.07367024,-0.22661859,0.23082362,-0.24181718,-0.28457457,0.21893524,-0.02437745,0.24025187,0.24003229,-0.2572265,-0.07115732,-0.2710809,-0.2369191,0.39128795,0.09878278,-0.12957703,-0.27455527,0.23825294,-0.3639152,-0.13734208,-0.40773356,0.2559327,-0.0755245,-0.39036268,-0.12705883,0.51937854,-0.18360093,0.16649917,-0.11587902,-0.9033185,2.7027895,-0.34320766,0.34718892,1.4138168,1.0074505,-0.06666161,0.48436132,-0.2693064,-2.889436,2.71855,-4.065259,-0.32637864,-0.3676028,-0.15412591,-3.947817,0.7873586,0.033988755,0.34381136,-1.0828094,0.92158777,-1.0615064,1.0109296,-1.0309706,0.94420993,-1.1150709,1.014701,-0.95568347,1.0152605,0.34785134,-0.75207084,-0.9572277,0.9435733,0.9565157,-1.0353723,0.9711292,0.92950046,-0.9427266,-1.04209,0.17705493,-1.0113342,0.94999516,-1.0396693,-0.8556877,0.87029856,-0.9967576,0.9366035,0.91190183,-1.0147167,-1.0424246,-0.91200167,-0.95510954,1.0583599,0.17133582,-0.6713316
486,-0.044176333,0.0041539,-1.0007201,-0.00026834966,-0.005117711,-0.00047757252,-0.2648236,0.25662288,-0.2404764,0.22147717,-0.27074033,0.2523317,-0.21629255,0.2660956,0.16526158,-0.23816413,-0.26262173,0.2625113,0.30198678,-0.25296044,0.10161585,0.25775743,-0.24087033,-0.16924973,0.05574775,-0.22930735,0.24987511,-0.24159889,-0.2762657,0.22659272,0.07043479,0.23332027,0.24527851,-0.25572294,-0.05405082,-0.27710494,-0.23846224,0.39125472,0.07883018,-0.13347156,0.30150715,-0.043459162,-0.6106884,0.18349968,0.07239505,-0.08163736,0.01671018,0.35944483,-0.016537728,-0.12727685,1.1544347,0.24338526,0.26434416,0.41400737,-0.36072686,0.6149433,0.069829494,0.857059,-0.39269227,0.007991009,0.6925335,-0.18514886,0.120232604,0.41469032,3.852277,-0.016950639,0.24167916,-0.04851679,1.2287651,-0.089355,0.07252119,0.03974114,-0.71446663,0.431965,-1.0049791,1.0277576,-1.011262,1.01309,-0.98598105,0.9898717,-0.9499242,1.0565493,0.44505677,-0.91494817,-0.94560254,1.0285548,1.0550764,-0.97725034,0.3462968,1.0543213,-0.9445925,-1.0700521,-0.7403075,-1.0001442,1.0521965,-1.0571371,-1.0680394,0.5508187,1.0166087,0.94894105,0.99265724,-1.0228543,0.06849305,-1.0051523,-0.93766505,1.034359,0.17407978,-0.98848224
487,-0.044512033,-0.0032632055,-0.99624634,-0.0007836825,-0.00058924826,-0.0007649111,-0.26992443,0.25386044,-0.21752764,0.22385886,-0.25438154,0.2707676,-0.22477421,0.28041744,0.16674426,-0.23186378,-0.27031374,0.2487438,0.3102473,-0.25545925,0.0709997,0.25119495,-0.25496563,-0.17099287,0.03146525,-0.22095324,0.25754276,-0.24615029,-0.25094143,0.25654775,0.06284511,0.23130925,0.25458428,-0.26112697,0.037663933,-0.28700495,-0.2471449,0.3753999,0.09308683,-0.12299441,-0.34830806,-0.546664,1.0662403,-0.31004167,0.5770421,0.3280379,-0.022484493,0.30668393,-0.47081453,0.40128174,-1.2939563,-0.5493366,0.31360227,0.0023420076,-2.658389,-0.13573508,-0.43768045,2.9625607,-1.3774837,0.22558974,0.11370564,-0.11424905,0.2598696,1.281917,-0.2623372,0.20708144,0.24974272,-0.14610665,4.0159855,-0.29521456,-0.2123945,-1.039797,0.44726005,0.7631827,-1.0056173,0.99217266,-0.9943172,0.9543938,-0.9220462,1.0538131,-0.9961479,1.0158974,0.24665901,-0.7962267,-0.9927408,0.9184319,0.97805536,-0.9775175,-0.89774895,0.9805235,-1.0473831,-1.0579946,-0.9375677,-0.99339366,1.0409726,-1.0044862,-0.22808509,0.97239023,0.048910286,0.9689952,1.0500185,-1.0441935,0.96918374,-1.0733279,-1.0217692,1.085691,0.45555344,-0.31879595
488,-0.045913935,-0.0018515548,-0.99681455,0.0017548047,-5.2406976e-06,0.004278827,-0.27584377,0.25995073,-0.22293572,0.2216634,-0.26281798,0.2631959,-0.22190109,0.26701698,0.1620439,-0.23997599,-0.281049,0.26833922,0.3119511,-0.22550617,0.13381687,0.25153902,-0.24998023,-0.17099744,-0.026721241,-0.21855028,0.24928197,-0.25802615,-0.24707069,0.25682423,-0.021519965,0.23620808,0.25666267,-0.2594857,-0.048241507,-0.28344336,-0.24527644,0.36702073,0.108197056,-0.112839885,-0.24301885,-0.17978422,-0.2633727,0.23195028,-0.31525865,-0.486002,0.06433133,-0.74695206,-0.11823151,-0.13353151,0.062751785,0.48503202,-0.020328538,0.9240213,3.0394795,-0.018721562,0.11403255,0.95665747,-1.4217644,-0.04783587,-0.2594533,-0.39398128,-1.4803085,-0.30498683,-3.679629,-0.2543628,0.07214607,-0.075221896,-4.1354146,0.6952703,-0.0680224,-0.33692986,0.63246024,0.53713703,-1.0154176,1.0551977,-1.016248,1.0224849,-1.0847476,1.0510135,-0.93992454,0.9258148,0.34239537,-0.96330005,-0.9864655,1.04999,1.026704,-0.84605134,1.0197563,1.0041713,-0.97472364,-1.0463732,-1.0177077,-0.9793307,0.9672121,-1.1093451,0.030515034,0.97873235,-0.884527,0.9252108,1.0131809,-1.0419536,-0.9776625,-0.9477282,-0.9928825,1.0011392,0.556291,-0.5865892
489,-0.049343243,0.0024814073,-0.99378484,-0.0016045142,-0.0034693235,-0.0020266385,-0.27661434,0.2621796,-0.24635094,0.22837564,-0.2699052,0.25483638,-0.22004274,0.26870543,0.16862263,-0.24007556,-0.24761204,0.26830882,0.2941427,-0.2317731,0.13831352,0.25360358,-0.25419816,-0.15162078,-0.015258677,-0.2208308,0.24005362,-0.25853652,-0.2633752,0.23767483,0.06997256,0.22532365,0.26801133,-0.25677595,-0.011843409,-0.28452548,-0.24960215,0.35548767,0.11588925,-0.11927673,-0.0033825415,-0.2309465,-1.026657,0.12643562,-0.24567735,-0.38584,-0.17900428,0.3111434,0.10813917,0.024743712,2.206096,0.12155564,-0.32146254,-0.33993807,1.8050568,0.1792767,-0.16626145,1.8767717,1.5289391,-0.12895,-0.24592397,-0.015851382,-1.4540011,-0.944083,3.4582608,-0.10313356,0.36488402,0.35783243,1.9494704,-0.09516194,-0.16661887,-0.37827277,0.35042873,0.22121134,-1.0500323,1.0496888,-0.99616,1.0013537,-1.0110227,1.0361866,-0.9646533,1.0669985,0.34638327,-0.9858369,-1.0072838,1.0223773,0.9242772,-0.99769324,1.0675384,1.0331225,-1.0180547,-1.0246823,-0.5550843,-0.95399565,0.97296315,-1.1071483,-1.0231868,0.5532434,1.0427966,0.9056592,1.0856396,-0.96239334,0.36217493,-1.0587376,-1.0305974,1.0201238,0.5377488,-0.8678496
490,-0.043729123,-0.0028558949,-1.0012963,0.0037915471,-0.00079011125,-0.0018632555,-0.27425697,0.24290423,-0.2194232,0.21459699,-0.25484005,0.2631877,-0.22329344,0.2713966,0.1683894,-0.23601924,-0.2656366,0.2649363,0.30101657,-0.23022206,0.11230335,0.2689458,-0.2484383,-0.16655162,-0.032852564,-0.21626318,0.24043123,-0.25989103,-0.22199388,0.24227363,0.06873572,0.2367021,0.24719273,-0.25395367,0.0660637,-0.2908159,-0.24549466,0.37485206,0.10854428,-0.11473264,-0.39275342,-0.8356702,1.1671906,-0.42871186,0.5704707,-0.036053192,0.19002604,-0.004107554,-0.24338414,0.12554438,-1.9073163,-0.27727684,0.19436677,0.062189072,-3.097461,0.36143118,0.16508834,1.7563211,-0.45644686,0.42054746,0.11272403,-0.08416639,1.1773826,-0.72772366,0.104023986,0.49473378,-0.5833621,0.005047594,3.5380163,0.0065608365,0.076908834,0.57197946,-0.22379518,0.4931131,-1.0211022,0.951258,-1.0470846,0.9355709,-0.88958037,0.96498305,-0.922236,0.9872494,0.3580095,-0.9075032,-0.99851334,1.0189369,0.9935271,-0.9092093,-0.95920104,1.0938282,-0.9718473,-0.9745124,-1.0339758,-0.91110647,0.9784223,-1.076679,-0.06947194,1.0431533,0.10723836,0.9971657,0.9529093,-0.9844388,0.9946528,-1.0708016,-0.977566,1.0515147,0.40405098,-0.507816
491,-0.043857995,-0.001591391,-0.99992347,0.002792376,-0.0026155442,0.0009831806,-0.27774996,0.25764796,-0.22487459,0.21726927,-0.25403935,0.2675861,-0.22690544,0.26098698,0.16992542,-0.23161781,-0.2763158,0.2619398,0.30453512,-0.22239208,0.165473,0.26011497,-0.25033215,-0.18069959,-0.041627765,-0.21587057,0.25135612,-0.2445464,-0.21745555,0.24823104,-0.0283789,0.24509133,0.24279423,-0.2597433,-0.018654147,-0.2830768,-0.2482242,0.38008013,0.10018048,-0.13570233,-0.40817937,0.37132102,-0.014685915,0.00904852,-0.28635898,0.046523705,-0.012680204,-0.66017103,-0.09643875,0.13497162,-0.4432982,-0.2502852,0.13888995,-0.035294708,2.4738915,-0.29348445,-0.021612912,0.3932124,0.8183887,-0.22129723,0.40321064,0.6447349,-1.7057469,0.18801725,-4.031078,-0.32742962,-0.24581505,-0.13858002,-4.5136285,0.87605315,-0.14056502,-0.13797969,-0.4875903,-0.39658782,-1.0549275,1.0884583,-1.035417,0.9959821,-1.0139301,1.0488913,-1.0190657,0.9343746,0.40413192,-0.98017323,-1.0604014,0.9832281,1.0378389,-0.98311114,0.9420068,1.0248364,-0.97439945,-0.9671299,-0.9129219,-1.0307932,1.0301992,-0.92885846,-0.22612232,1.0778786,-0.9964656,0.93825614,0.918685,-1.0380348,-0.9612397,-0.9867977,-1.0283014,0.93855566,0.3049174,-0.39283907
492,-0.044198774,0.0063938904,-0.9976175,-0.0005308969,0.0018250586,0.0017004716,-0.26250255,0.2654232,-0.21004592,0.22281845,-0.26969048,0.25661823,-0.22320537,0.26412642,0.16829531,-0.2336913,-0.29387325,0.26516998,0.305519,-0.22910073,0.08343988,0.255407,-0.24261962,-0.18017201,-0.043210912,-0.21763119,0.2460593,-0.24055983,-0.251551,0.24601638,0.07119324,0.24854721,0.24888557,-0.2664624,-0.022685476,-0.2806934,-0.25767237,0.38717613,0.06264289,-0.13426794,0.27649486,0.15418273,-0.0031957615,0.37397838,-0.6453252,-0.34112126,-0.19217245,0.31347758,-0.10375131,-0.18309706,-0.45660487,0.2674529,0.25300786,-0.017198151,-3.3853579,-0.19037896,0.123647116,1.8464738,1.2898362,-0.041068304,-0.25844797,0.07873836,-2.4944334,-0.84820366,4.1490107,0.48258403,0.16761899,-0.3426114,0.5236729,0.2184375,-0.17683391,0.38655585,-1.5943663,0.5242839,-0.9623587,1.1200504,-1.0109942,1.108933,-1.013473,0.9474826,-1.0623235,1.0583172,0.341563,-1.0071799,-1.0791001,1.0840913,0.98691183,-0.97689426,-0.6802513,1.0034745,-0.9400444,-1.0804073,-0.99420154,-1.0480587,1.0074562,-1.0416552,-0.9593078,1.0650824,0.9671438,1.0325594,0.9754235,-1.1000781,0.051483955,-0.99123657,-1.0553863,1.0057325,-0.0663064,-0.998421
493,-0.051018286,0.0005115405,-1.0006363,-0.00014132822,-0.0009668007,-0.0004264028,-0.27147925,0.25976658,-0.23207878,0.22934692,-0.26812658,0.27078912,-0.23172297,0.27102447,0.16996405,-0.23733114,-0.2753914,0.25980306,0.30654794,-0.2354925,0.14464967,0.25822026,-0.24579948,-0.15630549,-0.02637737,-0.21514103,0.25895396,-0.24298525,-0.28654447,0.28575873,0.005381702,0.25703523,0.2561966,-0.27221075,-0.016614618,-0.27737144,-0.24665801,0.38839665,0.08181703,-0.116116725,0.055373285,-0.5581348,-0.55271536,0.23174405,0.12968077,0.4720491,-0.34565195,0.2416441,-0.14763932,-0.0719109,0.85576373,-0.31216097,0.024523742,-0.38280213,2.7039895,0.22761369,-0.27422425,3.004994,1.3956727,-0.22164954,0.47864342,-0.21280698,-2.1775513,2.3743994,-2.9690151,0.26730788,0.24945724,0.011718209,0.25017822,0.29818183,0.3276485,-0.0242334,0.75839216,1.456674,-1.0099185,0.9979178,-1.0003774,1.0282102,-0.9930181,1.1191874,-1.0100425,1.0224434,0.26911384,-0.93080485,-1.0103776,0.9315541,0.9231898,-0.9668229,1.0183201,1.0484605,-1.0128478,-0.9836808,-0.4903473,-0.985418,1.0849128,-1.0385072,-1.0513481,0.96778786,-0.5924555,1.0511701,1.0365487,-1.0447648,0.02015078,-0.90004486,-0.9235224,1.0493776,0.47063676,-0.5570043
494,-0.04733924,-0.0016799507,-0.9992086,-0.0010330807,-0.00025692198,0.0029220502,-0.26246566,0.24248885,-0.21960105,0.23328471,-0.26182368,0.26712373,-0.23030296,0.26436338,0.17599867,-0.24556395,-0.29591113,0.25961462,0.30723917,-0.23517002,0.05524562,0.26494664,-0.2416392,-0.16476564,-0.0029974955,-0.21709347,0.26429883,-0.23255265,-0.26285115,0.26790494,0.091358155,0.24306048,0.25864768,-0.26445606,0.01993821,-0.27980474,-0.242993,0.395495,0.08229906,-0.14219785,-0.036399733,-0.3167883,0.111789994,0.022585047,0.19396727,-0.36096245,0.033652246,-0.030495321,0.068708986,-0.15025975,-1.0778364,0.21243885,-0.028010545,-0.05674588,-4.0215154,0.2013067,0.24871412,0.9087065,1.2207799,0.20344816,0.32700282,0.21238105,0.63947165,-1.7012615,3.802538,-0.3688994,-0.08127025,0.022417182,1.6486218,0.07986461,0.07078785,0.2599905,0.1146432,-0.7506064,-0.9785203,0.9761743,-1.0391864,1.0134288,-0.97707653,0.95964,-0.9226625,1.046493,0.3904535,-1.0166966,-0.9954177,1.0247742,0.99276835,-0.99182284,-0.97312224,1.077718,-0.92669725,-1.0967846,-0.5401472,-0.9335035,1.1105653,-0.9782345,-0.19540413,1.0591048,0.9397265,0.9584193,1.0029739,-1.0164094,0.43046087,-1.0353911,-0.96803874,1.0340556,0.36065003,-0.99717516
495,-0.046300337,0.0018096039,-0.99819875,0.0029048908,0.0003940021,0.0014939263,-0.26901653,0.24330156,-0.23244858,0.23016912,-0.265853,0.26495644,-0.23737583,0.27417442,0.17108291,-0.24093063,-0.29607478,0.26888847,0.29672885,-0.2476163,0.12708941,0.26647738,-0.24267885,-0.1807118,0.018521067,-0.21809743,0.2555647,-0.24841636,-0.27481017,0.29155213,-0.0068542613,0.24845605,0.2504674,-0.26569754,-0.0011631597,-0.2777371,-0.24961074,0.39707953,0.074532785,-0.12209054,-0.14854953,-0.058823243,-0.16321112,-0.29293522,-0.09429711,0.048096012,-0.28676778,0.12565559,-0.13147275,0.21601692,0.31513923,0.1589176,-0.07514972,-0.31901163,3.263824,-0.08161327,-0.1427078,0.85532165,1.0572994,-0.43087134,-0.484877,-0.40205643,-1.4537317,1.647544,-4.3973536,0.066128545,-0.15193985,0.06660783,-1.253944,0.32096833,-0.13826533,-0.3849829,-0.38091654,1.2582375,-1.0241054,0.96881837,-1.0370338,0.9410351,-1.0427274,1.0464952,-1.0720664,1.0581642,0.36578408,-0.8992799,-1.0439161,1.0147297,0.97766304,-1.0017315,0.9837026,1.0484477,-0.960895,-1.0598743,-0.28005067,-1.0732044,0.9963703,-1.0729494,-0.6064947,1.0516695,-0.9685068,1.0101037,0.9919997,-1.0231173,-0.23763017,-0.93212736,-1.0198103,1.0140042,0.22378807,-0.5232283
496,-0.046136666,-0.001774006,-1.0001665,0.0012618777,4.4932647e-05,0.0021563857,-0.2656432,0.24025849,-0.24430075,0.23516583,-0.25862774,0.2593606,-0.24077457,0.2700791,0.16329989,-0.2481286,-0.27488297,0.27089718,0.31238997,-0.23460709,0.09433987,0.26221624,-0.23600462,-0.17396088,0.009849619,-0.21603842,0.25508013,-0.2447914,-0.26009694,0.2523448,0.08633606,0.24467951,0.25135526,-0.26429886,-0.054140892,-0.27349544,-0.24419425,0.38865292,0.06982673,-0.14175929,0.08454105,0.25965387,-0.56634873,0.32402724,0.20586362,-0.16996217,-0.26704416,0.14306998,-0.34771112,-0.03994118,1.4095588,0.12007782,0.4427658,0.3033557,-0.4070173,0.020225288,0.046536155,1.9976281,0.2682747,0.1810608,-0.0043805134,0.15545994,0.8968836,-1.3296026,3.6832592,-0.27611104,-0.021700732,0.075001635,-2.1981747,0.4927763,0.21986476,0.24670736,-0.2698418,-0.19775826,-1.020108,0.9839964,-0.9924459,1.106481,-0.9412088,0.99129975,-1.025935,1.069545,0.39555228,-1.0296522,-0.9152255,0.96156484,1.0951318,-0.98197335,0.28655863,1.0541937,-0.9211462,-1.0214245,-1.0537184,-0.8997857,1.0227714,-1.0406015,-1.0521822,0.27066424,1.03561,0.9692148,0.97924495,-1.029479,-0.62201214,-0.9429257,-0.92316777,1.0714397,0.21938175,-1.0321188
497,-0.050605863,-0.003602386,-0.9982778,-0.0024604234,-0.0016624101,-0.0006747548,-0.2756078,0.24287751,-0.21633299,0.23137552,-0.26382342,0.26686615,-0.23766094,0.27801198,0.17542367,-0.2524448,-0.29763603,0.26633534,0.3029873,-0.23768865,0.062002774,0.2578904,-0.25549188,-0.16513872,0.011279329,-0.2246619,0.2527288,-0.23946165,-0.26859632,0.27514705,0.06764311,0.23589163,0.24246062,-0.2568576,0.042874113,-0.27787974,-0.23952788,0.4025225,0.07415567,-0.12910064,-0.19181639,0.028355176,0.9995034,-0.08193224,-0.0024220552,0.4034725,0.14555097,0.019031603,0.29008013,-0.12174297,-1.9098703,-0.23204379,-0.27714017,-0.13927276,-2.9850821,-0.18203023,-0.5073424,1.2270209,1.4693712,-0.2462913,-0.05524999,-0.12906861,-0.7302564,2.0833278,-0.4048182,0.1450602,-0.19084702,0.17457116,4.5171056,-0.41405886,0.077898785,0.5432275,0.15635057,1.103564,-1.0620328,0.97426605,-1.0473219,1.0093659,-1.0603725,1.0616935,-0.9721205,0.9817632,0.45580396,-1.0168099,-1.0384889,0.96724886,1.0104336,-0.99075675,-1.0255036,1.0150907,-1.046005,-1.0853875,-0.769943,-1.066279,1.0329233,-1.0657959,-0.707326,0.98308706,0.014315759,0.9775878,0.95997876,-0.9574006,1.0831414,-1.0089822,-0.9521313,1.0505278,0.31886292,-0.7397534
498,-0.049789567,-0.0023901497,-0.9962743,0.003301275,-0.0043063923,0.00046014745,-0.26060823,0.24003921,-0.22747332,0.23911397,-0.26263788,0.2693015,-0.23783597,0.27668822,0.17148556,-0.24000284,-0.29309496,0.2722056,0.31700543,-0.24892779,0.10985921,0.24209425,-0.25973487,-0.17700279,-0.009239121,-0.22021192,0.24395412,-0.25930387,-0.25995708,0.28864735,0.012133094,0.24821362,0.2537074,-0.26367185,-0.044984765,-0.28669545,-0.24410194,0.38780925,0.07961953,-0.11675481,0.35300887,-0.074108735,-0.20329554,0.14168,0.023388278,-0.14263391,-0.0113933645,-0.32843512,-0.29030865,0.6338647,0.7413522,-0.0685532,0.45480835,-0.5212544,2.8026214,-0.48072672,-0.15507537,1.8882675,-1.3003842,-0.028188998,-0.2796477,-0.09205962,-0.66325545,1.0649446,-2.8752904,-0.0889678,0.38537043,-0.05903414,-4.1650343,0.116746716,-0.082696065,-0.85867107,0.3397914,1.3482034,-0.9250722,0.96505624,-0.9217889,1.0145612,-1.0160393,1.0497104,-1.0100167,1.0575812,0.34767842,-0.88896805,-0.94002086,0.92845833,1.0575931,-1.0472987,0.9874683,0.94764876,-1.0417712,-0.9836071,-1.0513023,-0.98426616,0.96692455,-1.0674403,-0.2653457,0.67509884,-0.6305126,0.95595413,1.0345484,-1.02585,-0.97586954,-1.0681784,-0.9908203,0.9654738,0.3894598,-0.41527295
499,-0.048333783,0.0025378582,-0.9995741,0.0046318765,0.0012510257,-0.0006154793,-0.25403914,0.24340026,-0.23001878,0.23579349,-0.27300075,0.2543023,-0.23348898,0.2788213,0.1638963,-0.23830046,-0.2774151,0.2643931,0.32310006,-0.24963246,0.0767127,0.23962095,-0.2558219,-0.15072061,-0.006020015,-0.21817432,0.23282805,-0.23548104,-0.275461,0.24776553,0.09734308,0.24403493,0.24895504,-0.25678653,0.039891597,-0.28490037,-0.24298087,0.39201346,0.10974615,-0.13396256,0.07423322,0.34409925,-0.48907667,-0.10183799,-0.3640535,-0.45539698,-0.1349296,0.14047621,-0.22628458,-0.037653755,1.1463147,-0.36651713,0.09251567,0.24512032,-0.48830122,-0.12493721,0.10659083,2.662685,0.11557784,-0.17117204,-0.68663484,0.6620121,-1.1419234,-1.593552,3.60383,0.23806582,-0.15489061,0.26505077,4.0829716,0.38633355,-0.08919915,0.0339179,1.1335434,0.098369546,-0.9470899,1.0022175,-0.9928816,1.1042501,-1.0118498,0.95701945,-1.0247248,1.0126079,0.3297349,-0.9354373,-0.99471366,0.99201816,1.0336823,-0.9830148,0.10062055,0.9413632,-1.0013119,-0.99664736,-0.20427807,-1.0030031,0.91707164,-0.98357445,-1.066212,0.4835484,1.0737529,1.0087063,0.9754399,-0.9741682,0.99535984,-0.9484027,-1.0050247,0.9709948,0.6650502,-0.99402726
