frame,joint_idx,x,y,z,base_rel_x,base_rel_y,base_rel_z,base_frame_x,base_frame_y,base_frame_z,roll,pitch,yaw,linear_vel_x,linear_vel_y,linear_vel_z,angular_vel_roll,angular_vel_pitch,angular_vel_yaw
0,0,0.0,0.0,0.4304549117575772,-0.198252996188382,0.0,0.0026095261851087903,0.198252996188382,0.0,0.42784538557246843,3.141592653589793,-0.01316184646457161,0.0,0.0,0.0,0.0,0.0,0.0,0.0
0,1,-0.0632792534378781,-0.016044711954404156,0.4088929817569348,-0.2615322496262601,-0.016044711954404156,-0.018952403815533647,0.198252996188382,0.0,0.42784538557246843,3.141592653589793,-0.01316184646457161,0.0,0.0,0.0,0.0,0.0,0.0,0.0
0,2,-0.11556487520935832,-0.11361286064733322,0.36256081024939374,-0.3138178713977403,-0.11361286064733322,-0.06528457532307469,0.198252996188382,0.0,0.42784538557246843,3.141592653589793,-0.01316184646457161,0.0,0.0,0.0,0.0,0.0,0.0,0.0
0,3,-0.13147643065719683,-0.23164129655075788,0.3478601054560323,-0.3297294268455788,-0.23164129655075788,-0.07998528011643613,0.198252996188382,0.0,0.42784538557246843,3.141592653589793,-0.01316184646457161,0.0,0.0,0.0,0.0,0.0,0.0,0.0
0,4,-0.02931530938990412,-0.07052275943270125,0.3535247242752142,-0.2275683055782861,-0.07052275943270125,-0.07432066129725423,0.198252996188382,0.0,0.42784538557246843,3.141592653589793,-0.01316184646457161,0.0,0.0,0.0,0.0,0.0,0.0,0.0
0,5,0.10864096474587004,-0.05397841710661233,0.27418777724816856,-0.08961203144251195,-0.05397841710661233,-0.15365760832429987,0.198252996188382,0.0,0.42784538557246843,3.141592653589793,-0.01316184646457161,0.0,0.0,0.0,0.0,0.0,0.0,0.0
0,6,0.03094421942491854,-0.05883899888710875,0.1118930129725263,-0.16730877676346345,-0.05883899888710875,-0.31595237259994213,0.198252996188382,0.0,0.42784538557246843,3.141592653589793,-0.01316184646457161,0.0,0.0,0.0,0.0,0.0,0.0,0.0
0,7,0.06067805159327855,-0.044839176806741765,0.009014909343513667,-0.13757494459510344,-0.044839176806741765,-0.41883047622895475,0.198252996188382,0.0,0.42784538557246843,3.141592653589793,-0.01316184646457161,0.0,0.0,0.0,0.0,0.0,0.0,0.0
0,8,-0.04641723784376961,0.021868026020866016,0.3349648031516821,-0.2446702340321516,0.021868026020866016,-0.09288058242078634,0.198252996188382,0.0,0.42784538557246843,3.141592653589793,-0.01316184646457161,0.0,0.0,0.0,0.0,0.0,0.0,0.0
0,9,0.05643591214557886,0.08112745317752268,0.2276822331305761,-0.14181708404280313,0.08112745317752268,-0.20016315244189234,0.198252996188382,0.0,0.42784538557246843,3.141592653589793,-0.01316184646457161,0.0,0.0,0.0,0.0,0.0,0.0,0.0
0,10,-0.063197296965527,0.011683582781821689,0.11250652326845482,-0.261450293153909,0.011683582781821689,-0.3153388623040136,0.198252996188382,0.0,0.42784538557246843,3.141592653589793,-0.01316184646457161,0.0,0.0,0.0,0.0,0.0,0.0,0.0
0,11,-0.03737624161070541,0.015355035173479692,0.0077029282075074335,-0.2356292377990874,0.015355035173479692,-0.420142457364961,0.198252996188382,0.0,0.42784538557246843,3.141592653589793,-0.01316184646457161,0.0,0.0,0.0,0.0,0.0,0.0,0.0
0,12,0.0,0.0,0.4304549117575772,-0.198252996188382,0.0,0.0026095261851087903,0.198252996188382,0.0,0.42784538557246843,3.141592653589793,-0.01316184646457161,0.0,0.0,0.0,0.0,0.0,0.0,0.0
0,13,0.17909271986723996,0.004572292623536978,0.367170697053442,-0.019160276321142033,0.004572292623536978,-0.06067468851902641,0.198252996188382,0.0,0.42784538557246843,3.141592653589793,-0.01316184646457161,0.0,0.0,0.0,0.0,0.0,0.0,0.0
0,14,0.37852678847251076,-0.0425788161126226,0.3877819858171032,0.18027379228412876,-0.0425788161126226,-0.040063399755365214,0.198252996188382,0.0,0.42784538557246843,3.141592653589793,-0.01316184646457161,0.0,0.0,0.0,0.0,0.0,0.0,0.0
0,15,0.42640774405478205,-0.08922960891948495,0.34381134201249924,0.22815474786640005,-0.08922960891948495,-0.08403404355996918,0.198252996188382,0.0,0.42784538557246843,3.141592653589793,-0.01316184646457161,0.0,0.0,0.0,0.0,0.0,0.0,0.0
0,16,0.3092556789292924,-0.12704272754518808,0.2546510274289831,0.11100268274091041,-0.12704272754518808,-0.17319435814348533,0.198252996188382,0.0,0.42784538557246843,3.141592653589793,-0.01316184646457161,0.0,0.0,0.0,0.0,0.0,0.0,0.0
0,17,0.36339597556991887,-0.09635102761554304,0.08788518010077977,0.16514297938153688,-0.09635102761554304,-0.33996020547168865,0.198252996188382,0.0,0.42784538557246843,3.141592653589793,-0.01316184646457161,0.0,0.0,0.0,0.0,0.0,0.0,0.0
0,18,0.3873977105730507,-0.0819458995314376,0.021549601398849778,0.18914471438466873,-0.0819458995314376,-0.40629578417361867,0.198252996188382,0.0,0.42784538557246843,3.141592653589793,-0.01316184646457161,0.0,0.0,0.0,0.0,0.0,0.0,0.0
0,19,0.3802982696700623,0.04340282681705254,0.3879195848017097,0.18204527348168031,0.04340282681705254,-0.039925800770758746,0.198252996188382,0.0,0.42784538557246843,3.141592653589793,-0.01316184646457161,0.0,0.0,0.0,0.0,0.0,0.0,0.0
0,20,0.44109216949207,0.08789561038174332,0.36100315942430683,0.24283917330368798,0.08789561038174332,-0.0668422261481616,0.198252996188382,0.0,0.42784538557246843,3.141592653589793,-0.01316184646457161,0.0,0.0,0.0,0.0,0.0,0.0,0.0
0,21,0.37339597336571473,0.0934549772944091,0.22502404900821232,0.17514297717733274,0.0934549772944091,-0.2028213365642561,0.198252996188382,0.0,0.42784538557246843,3.141592653589793,-0.01316184646457161,0.0,0.0,0.0,0.0,0.0,0.0,0.0
0,22,0.47814628755830313,0.07883996988084552,0.0818536147878205,0.27989329136992114,0.07883996988084552,-0.34599177078464793,0.198252996188382,0.0,0.42784538557246843,3.141592653589793,-0.01316184646457161,0.0,0.0,0.0,0.0,0.0,0.0,0.0
0,23,0.5165671139219842,0.06661261526457063,0.022201859569556216,0.3183141177336022,0.06661261526457063,-0.4056435260029122,0.198252996188382,0.0,0.42784538557246843,3.141592653589793,-0.01316184646457161,0.0,0.0,0.0,0.0,0.0,0.0,0.0
0,24,0.396505992376764,0.0,0.4252358593873596,0.198252996188382,0.0,-0.002609526185108846,0.198252996188382,0.0,0.42784538557246843,3.141592653589793,-0.01316184646457161,0.0,0.0,0.0,0.0,0.0,0.0,0.0
0,25,0.4643624862007719,-1.4052125439811824e-05,0.5476923471358079,0.2661094900123899,-1.4052125439811824e-05,0.11984696156333952,0.198252996188382,0.0,0.42784538557246843,3.141592653589793,-0.01316184646457161,0.0,0.0,0.0,0.0,0.0,0.0,0.0
0,26,0.5479844060198464,-0.009296591465278614,0.6954123829778582,0.34973140983146445,-0.009296591465278614,0.2675669974053898,0.198252996188382,0.0,0.42784538557246843,3.141592653589793,-0.01316184646457161,0.0,0.0,0.0,0.0,0.0,0.0,0.0
1,0,-0.007492279923004732,-0.0021690593705634945,0.4285049117575772,-0.19930986946236187,0.005460079800903272,-0.0006321070324086797,0.19181758953935715,-0.007629139171466766,0.4291370187899859,-1.4555405746695056,0.0031714682008664214,-0.027388079340275727,-0.38604718950358957,-0.4576568189242211,0.07748249655173742,-275.77283912773237,0.9798029193424135,-1.642956169182707
1,1,-0.07042667254688315,-0.01764876759466309,0.40556467677821567,-0.2622442620862403,-0.010019628423196323,-0.02357234201177022,0.19181758953935715,-0.007629139171466766,0.4291370187899859,-1.4555405746695056,0.0031714682008664214,-0.027388079340275727,-0.38604718950358957,-0.4576568189242211,0.07748249655173742,-275.77283912773237,0.9798029193424135,-1.642956169182707
1,2,-0.12588620389325197,-0.11012716619459921,0.3529150217480944,-0.3177037934326091,-0.10249802702313245,-0.07622199704189148,0.19181758953935715,-0.007629139171466766,0.4291370187899859,-1.4555405746695056,0.0031714682008664214,-0.027388079340275727,-0.38604718950358957,-0.4576568189242211,0.07748249655173742,-275.77283912773237,0.9798029193424135,-1.642956169182707
1,3,-0.1514465078780549,-0.22435115621577204,0.3264659959942591,-0.34326409741741204,-0.21672201704430527,-0.10267102279572682,0.19181758953935715,-0.007629139171466766,0.4291370187899859,-1.4555405746695056,0.0031714682008664214,-0.027388079340275727,-0.38604718950358957,-0.4576568189242211,0.07748249655173742,-275.77283912773237,0.9798029193424135,-1.642956169182707
1,4,-0.03560396424869385,-0.07078263028284362,0.34942892425486277,-0.227421553788051,-0.06315349111137686,-0.07970809453512312,0.19181758953935715,-0.007629139171466766,0.4291370187899859,-1.4555405746695056,0.0031714682008664214,-0.027388079340275727,-0.38604718950358957,-0.4576568189242211,0.07748249655173742,-275.77283912773237,0.9798029193424135,-1.642956169182707
1,5,0.104827221827068,-0.05203718815280342,0.27508048529383633,-0.08699036771228916,-0.044408048981336656,-0.15405653349614956,0.19181758953935715,-0.007629139171466766,0.4291370187899859,-1.4555405746695056,0.0031714682008664214,-0.027388079340275727,-0.38604718950358957,-0.4576568189242211,0.07748249655173742,-275.77283912773237,0.9798029193424135,-1.642956169182707
1,6,0.024093490312477796,-0.06395058507431438,0.11464315930867919,-0.16772409922687936,-0.056321445902847614,-0.3144938594813067,0.19181758953935715,-0.007629139171466766,0.4291370187899859,-1.4555405746695056,0.0031714682008664214,-0.027388079340275727,-0.38604718950358957,-0.4576568189242211,0.07748249655173742,-275.77283912773237,0.9798029193424135,-1.642956169182707
1,7,0.0547863033732168,-0.04953351906457226,0.012104876535631012,-0.13703128616614035,-0.0419043798931055,-0.41703214225435487,0.19181758953935715,-0.007629139171466766,0.4291370187899859,-1.4555405746695056,0.0031714682008664214,-0.027388079340275727,-0.38604718950358957,-0.4576568189242211,0.07748249655173742,-275.77283912773237,0.9798029193424135,-1.642956169182707
1,8,-0.05239463077780554,0.022042000099905635,0.3328558926324921,-0.2442122203171627,0.029671139271372403,-0.09628112615749379,0.19181758953935715,-0.007629139171466766,0.4291370187899859,-1.4555405746695056,0.0031714682008664214,-0.027388079340275727,-0.38604718950358957,-0.4576568189242211,0.07748249655173742,-275.77283912773237,0.9798029193424135,-1.642956169182707
1,9,0.049280019310475,0.08762316985060288,0.2281593038485214,-0.14253757022888214,0.09525230902206965,-0.2009777149414645,0.19181758953935715,-0.007629139171466766,0.4291370187899859,-1.4555405746695056,0.0031714682008664214,-0.027388079340275727,-0.38604718950358957,-0.4576568189242211,0.07748249655173742,-275.77283912773237,0.9798029193424135,-1.642956169182707
1,10,-0.0679658967809765,0.01748869097245447,0.11096480725564456,-0.25978348632033366,0.025117830143921237,-0.31817221153434133,0.19181758953935715,-0.007629139171466766,0.4291370187899859,-1.4555405746695056,0.0031714682008664214,-0.027388079340275727,-0.38604718950358957,-0.4576568189242211,0.07748249655173742,-275.77283912773237,0.9798029193424135,-1.642956169182707
1,11,-0.03999604178633064,0.017957225512037083,0.006650533606570193,-0.2318136313256878,0.02558636468350385,-0.4224864851834157,0.19181758953935715,-0.007629139171466766,0.4291370187899859,-1.4555405746695056,0.0031714682008664214,-0.027388079340275727,-0.38604718950358957,-0.4576568189242211,0.07748249655173742,-275.77283912773237,0.9798029193424135,-1.642956169182707
1,12,-0.007492279923004732,-0.0021690593705634945,0.4285049117575772,-0.19930986946236187,0.005460079800903272,-0.0006321070324086797,0.19181758953935715,-0.007629139171466766,0.4291370187899859,-1.4555405746695056,0.0031714682008664214,-0.027388079340275727,-0.38604718950358957,-0.4576568189242211,0.07748249655173742,-275.77283912773237,0.9798029193424135,-1.642956169182707
1,13,0.17363226602588128,-0.01137855434048756,0.37185613369520965,-0.018185323513475876,-0.0037494151690207946,-0.057280885094776246,0.19181758953935715,-0.007629139171466766,0.4291370187899859,-1.4555405746695056,0.0031714682008664214,-0.027388079340275727,-0.38604718950358957,-0.4576568189242211,0.07748249655173742,-275.77283912773237,0.9798029193424135,-1.642956169182707
1,14,0.37484577919697365,-0.05227093802014786,0.3880714065187159,0.1830281896576165,-0.044641798848681094,-0.04106561227126998,0.19181758953935715,-0.007629139171466766,0.4291370187899859,-1.4555405746695056,0.0031714682008664214,-0.027388079340275727,-0.38604718950358957,-0.4576568189242211,0.07748249655173742,-275.77283912773237,0.9798029193424135,-1.642956169182707
1,15,0.4271436232073036,-0.09579705983504119,0.3459678184884544,0.23532603366794644,-0.08816792066357443,-0.08316920030153147,0.19181758953935715,-0.007629139171466766,0.4291370187899859,-1.4555405746695056,0.0031714682008664214,-0.027388079340275727,-0.38604718950358957,-0.4576568189242211,0.07748249655173742,-275.77283912773237,0.9798029193424135,-1.642956169182707
1,16,0.3119926296643881,-0.13084339523732452,0.253145390916236,0.12017504012503097,-0.12321425606585776,-0.1759916278737499,0.19181758953935715,-0.007629139171466766,0.4291370187899859,-1.4555405746695056,0.0031714682008664214,-0.027388079340275727,-0.38604718950358957,-0.4576568189242211,0.07748249655173742,-275.77283912773237,0.9798029193424135,-1.642956169182707
1,17,0.35814060804551756,-0.08814218633651963,0.08661920423800065,0.1663230185061604,-0.08051304716505286,-0.34251781455198527,0.19181758953935715,-0.007629139171466766,0.4291370187899859,-1.4555405746695056,0.0031714682008664214,-0.027388079340275727,-0.38604718950358957,-0.4576568189242211,0.07748249655173742,-275.77283912773237,0.9798029193424135,-1.642956169182707
1,18,0.3859177938463801,-0.07304779990747358,0.021930816970446767,0.19410020430702293,-0.06541866073600681,-0.40720620181953915,0.19181758953935715,-0.007629139171466766,0.4291370187899859,-1.4555405746695056,0.0031714682008664214,-0.027388079340275727,-0.38604718950358957,-0.4576568189242211,0.07748249655173742,-275.77283912773237,0.9798029193424135,-1.642956169182707
1,19,0.3731191081918596,0.03323830691214895,0.39708182482591575,0.18130151865250246,0.04086744608361571,-0.03205519396407014,0.19181758953935715,-0.007629139171466766,0.4291370187899859,-1.4555405746695056,0.0031714682008664214,-0.027388079340275727,-0.38604718950358957,-0.4576568189242211,0.07748249655173742,-275.77283912773237,0.9798029193424135,-1.642956169182707
1,20,0.4299903674026197,0.08097120625341893,0.3672954152395069,0.23817277786326255,0.0886003454248857,-0.06184160355047902,0.19181758953935715,-0.007629139171466766,0.4291370187899859,-1.4555405746695056,0.0031714682008664214,-0.027388079340275727,-0.38604718950358957,-0.4576568189242211,0.07748249655173742,-275.77283912773237,0.9798029193424135,-1.642956169182707
1,21,0.3654890039961703,0.08674506935659643,0.2297809191912154,0.17367141445681314,0.09437420852806319,-0.1993560995987705,0.19181758953935715,-0.007629139171466766,0.4291370187899859,-1.4555405746695056,0.0031714682008664214,-0.027388079340275727,-0.38604718950358957,-0.4576568189242211,0.07748249655173742,-275.77283912773237,0.9798029193424135,-1.642956169182707
1,22,0.4817189370482116,0.0912657049625204,0.09504352083455107,0.28990134750885443,0.09889484413398716,-0.3340934979554348,0.19181758953935715,-0.007629139171466766,0.4291370187899859,-1.4555405746695056,0.0031714682008664214,-0.027388079340275727,-0.38604718950358957,-0.4576568189242211,0.07748249655173742,-275.77283912773237,0.9798029193424135,-1.642956169182707
1,23,0.519057697310925,0.07933963431720627,0.03464827415943399,0.32724010777156787,0.08696877348867303,-0.3944887446305519,0.19181758953935715,-0.007629139171466766,0.4291370187899859,-1.4555405746695056,0.0031714682008664214,-0.027388079340275727,-0.38604718950358957,-0.4576568189242211,0.07748249655173742,-275.77283912773237,0.9798029193424135,-1.642956169182707
1,24,0.391127459001719,-0.013089218972370038,0.42976912582239457,0.19930986946236187,-0.005460079800903272,0.0006321070324086797,0.19181758953935715,-0.007629139171466766,0.4291370187899859,-1.4555405746695056,0.0031714682008664214,-0.027388079340275727,-0.38604718950358957,-0.4576568189242211,0.07748249655173742,-275.77283912773237,0.9798029193424135,-1.642956169182707
1,25,0.47199966139449084,-0.014908078971458311,0.5440340547001278,0.28018207185513366,-0.007278939799991545,0.11489703591014189,0.19181758953935715,-0.007629139171466766,0.4291370187899859,-1.4555405746695056,0.0031714682008664214,-0.027388079340275727,-0.38604718950358957,-0.4576568189242211,0.07748249655173742,-275.77283912773237,0.9798029193424135,-1.642956169182707
1,26,0.551954230692044,-0.04062275103480306,0.691838054946567,0.36013664115268684,-0.0329936118633363,0.26270103615658114,0.19181758953935715,-0.007629139171466766,0.4291370187899859,-1.4555405746695056,0.0031714682008664214,-0.027388079340275727,-0.38604718950358957,-0.4576568189242211,0.07748249655173742,-275.77283912773237,0.9798029193424135,-1.642956169182707
2,0,-0.015396812704469465,-0.00720381364011757,0.42514091175757723,-0.2005453655537404,0.004631701352562443,-0.002349538550218022,0.18514855284927093,-0.011835514992680013,0.42749045030779526,-1.1013470013781945,0.011715209944535824,-0.023091424134277224,-0.40006218896738016,-0.25233208285622355,-0.09877435406062601,21.247364924493766,0.5125220002201201,0.2577477628073487
2,1,-0.0779980061787283,-0.02077907593271144,0.40017260476175176,-0.2631465590279992,-0.008943560940031427,-0.027317845546043495,0.18514855284927093,-0.011835514992680013,0.42749045030779526,-1.1013470013781945,0.011715209944535824,-0.023091424134277224,-0.40006218896738016,-0.25233208285622355,-0.09877435406062601,21.247364924493766,0.5125220002201201,0.2577477628073487
2,2,-0.13841372881037645,-0.1055578663760619,0.34048594665638937,-0.3235622816596474,-0.09372235138338189,-0.08700450365140588,0.18514855284927093,-0.011835514992680013,0.42749045030779526,-1.1013470013781945,0.011715209944535824,-0.023091424134277224,-0.40006218896738016,-0.25233208285622355,-0.09877435406062601,21.247364924493766,0.5125220002201201,0.2577477628073487
2,3,-0.1754730090987522,-0.21294800467476988,0.3018340651012607,-0.3606215619480231,-0.20111248968208986,-0.12565638520653455,0.18514855284927093,-0.011835514992680013,0.42749045030779526,-1.1013470013781945,0.011715209944535824,-0.023091424134277224,-0.40006218896738016,-0.25233208285622355,-0.09877435406062601,21.247364924493766,0.5125220002201201,0.2577477628073487
2,4,-0.04262953974514693,-0.07194826796757665,0.34257194105328553,-0.22777809259441786,-0.06011275297489664,-0.08491850925450972,0.18514855284927093,-0.011835514992680013,0.42749045030779526,-1.1013470013781945,0.011715209944535824,-0.023091424134277224,-0.40006218896738016,-0.25233208285622355,-0.09877435406062601,21.247364924493766,0.5125220002201201,0.2577477628073487
2,5,0.10006743989489451,-0.05035966969066262,0.27349586388151076,-0.08508111295437641,-0.03852415469798261,-0.1539945864262845,0.18514855284927093,-0.011835514992680013,0.42749045030779526,-1.1013470013781945,0.011715209944535824,-0.023091424134277224,-0.40006218896738016,-0.25233208285622355,-0.09877435406062601,21.247364924493766,0.5125220002201201,0.2577477628073487
2,6,0.011250347145001904,-0.06806245685343344,0.11793836529461166,-0.17389820570426903,-0.05622694186075343,-0.3095520850131836,0.18514855284927093,-0.011835514992680013,0.42749045030779526,-1.1013470013781945,0.011715209944535824,-0.023091424134277224,-0.40006218896738016,-0.25233208285622355,-0.09877435406062601,21.247364924493766,0.5125220002201201,0.2577477628073487
2,7,0.04500954066433234,-0.05617430295452093,0.01604141416013997,-0.14013901218493857,-0.04433878796184092,-0.41144903614765527,0.18514855284927093,-0.011835514992680013,0.42749045030779526,-1.1013470013781945,0.011715209944535824,-0.023091424134277224,-0.40006218896738016,-0.25233208285622355,-0.09877435406062601,21.247364924493766,0.5125220002201201,0.2577477628073487
2,8,-0.057796095966441294,0.021733837831530975,0.32966293272430536,-0.2429446488157122,0.03356935282421099,-0.0978275175834899,0.18514855284927093,-0.011835514992680013,0.42749045030779526,-1.1013470013781945,0.011715209944535824,-0.023091424134277224,-0.40006218896738016,-0.25233208285622355,-0.09877435406062601,21.247364924493766,0.5125220002201201,0.2577477628073487
2,9,0.0448639052879798,0.09189296247042496,0.2289722113007107,-0.1402846475612911,0.10372847746310497,-0.19851823900708457,0.18514855284927093,-0.011835514992680013,0.42749045030779526,-1.1013470013781945,0.011715209944535824,-0.023091424134277224,-0.40006218896738016,-0.25233208285622355,-0.09877435406062601,21.247364924493766,0.5125220002201201,0.2577477628073487
2,10,-0.07197698087195181,0.024280929413768162,0.10990575793421584,-0.2571255337212227,0.03611644440644818,-0.31758469237357945,0.18514855284927093,-0.011835514992680013,0.42749045030779526,-1.1013470013781945,0.011715209944535824,-0.023091424134277224,-0.40006218896738016,-0.25233208285622355,-0.09877435406062601,21.247364924493766,0.5125220002201201,0.2577477628073487
2,11,-0.04306525767206683,0.02153382610790284,0.00588380983910703,-0.22821381052133777,0.03336934110058285,-0.42160664046868823,0.18514855284927093,-0.011835514992680013,0.42749045030779526,-1.1013470013781945,0.011715209944535824,-0.023091424134277224,-0.40006218896738016,-0.25233208285622355,-0.09877435406062601,21.247364924493766,0.5125220002201201,0.2577477628073487
2,12,-0.015396812704469465,-0.00720381364011757,0.42514091175757723,-0.2005453655537404,0.004631701352562443,-0.002349538550218022,0.18514855284927093,-0.011835514992680013,0.42749045030779526,-1.1013470013781945,0.011715209944535824,-0.023091424134277224,-0.40006218896738016,-0.25233208285622355,-0.09877435406062601,21.247364924493766,0.5125220002201201,0.2577477628073487
2,13,0.16751547217016255,-0.016242866985670026,0.37453071935620785,-0.017633080679108376,-0.0044073519929900135,-0.0529597309515874,0.18514855284927093,-0.011835514992680013,0.42749045030779526,-1.1013470013781945,0.011715209944535824,-0.023091424134277224,-0.40006218896738016,-0.25233208285622355,-0.09877435406062601,21.247364924493766,0.5125220002201201,0.2577477628073487
2,14,0.3695169899868949,-0.054469573662907805,0.3870249468020552,0.184368437137624,-0.04263405867022779,-0.040465503505740075,0.18514855284927093,-0.011835514992680013,0.42749045030779526,-1.1013470013781945,0.011715209944535824,-0.023091424134277224,-0.40006218896738016,-0.25233208285622355,-0.09877435406062601,21.247364924493766,0.5125220002201201,0.2577477628073487
2,15,0.42309067583394294,-0.09845435569900399,0.3470562211506316,0.23794212298467202,-0.08661884070632397,-0.08043422915716364,0.18514855284927093,-0.011835514992680013,0.42749045030779526,-1.1013470013781945,0.011715209944535824,-0.023091424134277224,-0.40006218896738016,-0.25233208285622355,-0.09877435406062601,21.247364924493766,0.5125220002201201,0.2577477628073487
2,16,0.30848963090736553,-0.12770072443853972,0.2515824005245584,0.1233410780580946,-0.11586520944585971,-0.17590804978323688,0.18514855284927093,-0.011835514992680013,0.42749045030779526,-1.1013470013781945,0.011715209944535824,-0.023091424134277224,-0.40006218896738016,-0.25233208285622355,-0.09877435406062601,21.247364924493766,0.5125220002201201,0.2577477628073487
2,17,0.3541237450457112,-0.08494302738756351,0.08492914681541365,0.16897519219644028,-0.0731075123948835,-0.3425613034923816,0.18514855284927093,-0.011835514992680013,0.42749045030779526,-1.1013470013781945,0.011715209944535824,-0.023091424134277224,-0.40006218896738016,-0.25233208285622355,-0.09877435406062601,21.247364924493766,0.5125220002201201,0.2577477628073487
2,18,0.382661134964051,-0.07074563283037881,0.020368699442490323,0.1975125821147801,-0.0589101178376988,-0.40712175086530494,0.18514855284927093,-0.011835514992680013,0.42749045030779526,-1.1013470013781945,0.011715209944535824,-0.023091424134277224,-0.40006218896738016,-0.25233208285622355,-0.09877435406062601,21.247364924493766,0.5125220002201201,0.2577477628073487
2,19,0.36657985589108477,0.030648083847339223,0.39895631835939566,0.18143130304181385,0.04248359884001923,-0.0285341319483996,0.18514855284927093,-0.011835514992680013,0.42749045030779526,-1.1013470013781945,0.011715209944535824,-0.023091424134277224,-0.40006218896738016,-0.25233208285622355,-0.09877435406062601,21.247364924493766,0.5125220002201201,0.2577477628073487
2,20,0.4213002376542207,0.07888997822018734,0.3661173255318649,0.23615168480494977,0.09072549321286735,-0.06137312477593038,0.18514855284927093,-0.011835514992680013,0.42749045030779526,-1.1013470013781945,0.011715209944535824,-0.023091424134277224,-0.40006218896738016,-0.25233208285622355,-0.09877435406062601,21.247364924493766,0.5125220002201201,0.2577477628073487
2,21,0.34953024572527763,0.09318349790856922,0.23289283995820384,0.1643816928760067,0.10501901290124924,-0.19459761034959142,0.18514855284927093,-0.011835514992680013,0.42749045030779526,-1.1013470013781945,0.011715209944535824,-0.023091424134277224,-0.40006218896738016,-0.25233208285622355,-0.09877435406062601,21.247364924493766,0.5125220002201201,0.2577477628073487
2,22,0.4786936430367024,0.10101811277932138,0.11066585597366208,0.29354509018743147,0.11285362777200139,-0.3168245943341332,0.18514855284927093,-0.011835514992680013,0.42749045030779526,-1.1013470013781945,0.011715209944535824,-0.023091424134277224,-0.40006218896738016,-0.25233208285622355,-0.09877435406062601,21.247364924493766,0.5125220002201201,0.2577477628073487
2,23,0.5200107785497167,0.09577432632779477,0.051934288502677194,0.33486222570044577,0.10760984132047478,-0.3755561618051181,0.18514855284927093,-0.011835514992680013,0.42749045030779526,-1.1013470013781945,0.011715209944535824,-0.023091424134277224,-0.40006218896738016,-0.25233208285622355,-0.09877435406062601,21.247364924493766,0.5125220002201201,0.2577477628073487
2,24,0.3856939184030113,-0.016467216345242456,0.4298399888580133,0.2005453655537404,-0.004631701352562443,0.002349538550218022,0.18514855284927093,-0.011835514992680013,0.42749045030779526,-1.1013470013781945,0.011715209944535824,-0.023091424134277224,-0.40006218896738016,-0.25233208285622355,-0.09877435406062601,21.247364924493766,0.5125220002201201,0.2577477628073487
2,25,0.4807725325218018,-0.027916561266390968,0.5319627825251425,0.29562397967253085,-0.016081046273710955,0.10447233221734725,0.18514855284927093,-0.011835514992680013,0.42749045030779526,-1.1013470013781945,0.011715209944535824,-0.023091424134277224,-0.40006218896738016,-0.25233208285622355,-0.09877435406062601,21.247364924493766,0.5125220002201201,0.2577477628073487
2,26,0.5700996102487209,-0.08688661686883936,0.6640355114788521,0.38495105739945,-0.07505110187615935,0.23654506117105684,0.18514855284927093,-0.011835514992680013,0.42749045030779526,-1.1013470013781945,0.011715209944535824,-0.023091424134277224,-0.40006218896738016,-0.25233208285622355,-0.09877435406062601,21.247364924493766,0.5125220002201201,0.2577477628073487
3,0,-0.025148829070758265,-0.015115104989101137,0.4215609117575772,-0.20199135320893374,-0.005104869854928997,-0.0028427769414063886,0.17684252413817547,-0.01001023513417214,0.4244036886989836,1.062689752546818,0.014072826526356542,0.025267336181309042,-0.49826207025167685,0.109494892531966,-0.18516866279614044,129.81624198710333,0.1414287091674096,2.900945429849206
3,1,-0.08716907359519424,-0.025772737075173344,0.3938748562317639,-0.2640115977333697,-0.015762501941001206,-0.030528832467219713,0.17684252413817547,-0.01001023513417214,0.4244036886989836,1.062689752546818,0.014072826526356542,0.025267336181309042,-0.49826207025167685,0.109494892531966,-0.18516866279614044,129.81624198710333,0.1414287091674096,2.900945429849206
3,2,-0.15358467660229164,-0.0997964965899925,0.3267224124523003,-0.3304272007404671,-0.08978626145582036,-0.09768127624668327,0.17684252413817547,-0.01001023513417214,0.4244036886989836,1.062689752546818,0.014072826526356542,0.025267336181309042,-0.49826207025167685,0.109494892531966,-0.18516866279614044,129.81624198710333,0.1414287091674096,2.900945429849206
3,3,-0.20279272957534403,-0.19660930415109443,0.2756749069696603,-0.37963525371351947,-0.18659906901692228,-0.1487287817293233,0.17684252413817547,-0.01001023513417214,0.4244036886989836,1.062689752546818,0.014072826526356542,0.025267336181309042,-0.49826207025167685,0.109494892531966,-0.18516866279614044,129.81624198710333,0.1414287091674096,2.900945429849206
3,4,-0.05095537892387129,-0.07389904208266458,0.3342134937442224,-0.22779790306204675,-0.06388880694849244,-0.09019019495476122,0.17684252413817547,-0.01001023513417214,0.4244036886989836,1.062689752546818,0.014072826526356542,0.025267336181309042,-0.49826207025167685,0.109494892531966,-0.18516866279614044,129.81624198710333,0.1414287091674096,2.900945429849206
3,5,0.09326204709017463,-0.05044692036631498,0.26901125434120243,-0.08358047704800084,-0.04043668523214284,-0.15539243435778116,0.17684252413817547,-0.01001023513417214,0.4244036886989836,1.062689752546818,0.014072826526356542,0.025267336181309042,-0.49826207025167685,0.109494892531966,-0.18516866279614044,129.81624198710333,0.1414287091674096,2.900945429849206
3,6,-0.008194931042892317,-0.07164832997111988,0.12184814136779105,-0.1850374551810678,-0.06163809483694774,-0.30255554733119255,0.17684252413817547,-0.01001023513417214,0.4244036886989836,1.062689752546818,0.014072826526356542,0.025267336181309042,-0.49826207025167685,0.109494892531966,-0.18516866279614044,129.81624198710333,0.1414287091674096,2.900945429849206
3,7,0.02939689172207524,-0.06514899447193083,0.020810457806498112,-0.14744563241610023,-0.05513875933775869,-0.4035932308924855,0.17684252413817547,-0.01001023513417214,0.4244036886989836,1.062689752546818,0.014072826526356542,0.025267336181309042,-0.49826207025167685,0.109494892531966,-0.18516866279614044,129.81624198710333,0.1414287091674096,2.900945429849206
3,8,-0.06394330026243752,0.02070894144793,0.32688906760740893,-0.240785824400613,0.030719176582102138,-0.09751462109157466,0.17684252413817547,-0.01001023513417214,0.4244036886989836,1.062689752546818,0.014072826526356542,0.025267336181309042,-0.49826207025167685,0.109494892531966,-0.18516866279614044,129.81624198710333,0.1414287091674096,2.900945429849206
3,9,0.0412485871832416,0.09270704425179387,0.23018880902451638,-0.13559393695493388,0.102717279385966,-0.1942148796744672,0.17684252413817547,-0.01001023513417214,0.4244036886989836,1.062689752546818,0.014072826526356542,0.025267336181309042,-0.49826207025167685,0.109494892531966,-0.18516866279614044,129.81624198710333,0.1414287091674096,2.900945429849206
3,10,-0.07492118877318046,0.0276350302247155,0.10906814131420633,-0.2517637129113559,0.03764526535888764,-0.31533554738477726,0.17684252413817547,-0.01001023513417214,0.4244036886989836,1.062689752546818,0.014072826526356542,0.025267336181309042,-0.49826207025167685,0.109494892531966,-0.18516866279614044,129.81624198710333,0.1414287091674096,2.900945429849206
3,11,-0.044062331732836024,0.024078525773949394,0.005631773346462533,-0.2209048558710115,0.03408876090812153,-0.41877191535252106,0.17684252413817547,-0.01001023513417214,0.4244036886989836,1.062689752546818,0.014072826526356542,0.025267336181309042,-0.49826207025167685,0.109494892531966,-0.18516866279614044,129.81624198710333,0.1414287091674096,2.900945429849206
3,12,-0.025148829070758265,-0.015115104989101137,0.4215609117575772,-0.20199135320893374,-0.005104869854928997,-0.0028427769414063886,0.17684252413817547,-0.01001023513417214,0.4244036886989836,1.062689752546818,0.014072826526356542,0.025267336181309042,-0.49826207025167685,0.109494892531966,-0.18516866279614044,129.81624198710333,0.1414287091674096,2.900945429849206
3,13,0.15930839312927994,-0.0032319513104515727,0.3775799631485407,-0.01753413100889553,0.006778283823720567,-0.046823725550442896,0.17684252413817547,-0.01001023513417214,0.4244036886989836,1.062689752546818,0.014072826526356542,0.025267336181309042,-0.49826207025167685,0.109494892531966,-0.18516866279614044,129.81624198710333,0.1414287091674096,2.900945429849206
3,14,0.36092778728511526,-0.044368531605005875,0.3864907244198223,0.1840852631469398,-0.03435829647083374,-0.0379129642791613,0.17684252413817547,-0.01001023513417214,0.4244036886989836,1.062689752546818,0.014072826526356542,0.025267336181309042,-0.49826207025167685,0.109494892531966,-0.18516866279614044,129.81624198710333,0.1414287091674096,2.900945429849206
3,15,0.4133422853070058,-0.09226450838330534,0.3495990492114938,0.2364997611688303,-0.0822542732491332,-0.07480463948748978,0.17684252413817547,-0.01001023513417214,0.4244036886989836,1.062689752546818,0.014072826526356542,0.025267336181309042,-0.49826207025167685,0.109494892531966,-0.18516866279614044,129.81624198710333,0.1414287091674096,2.900945429849206
3,16,0.30344403552771254,-0.12618821782767603,0.2502232139475962,0.12660151138953707,-0.11617798269350389,-0.17418047475138737,0.17684252413817547,-0.01001023513417214,0.4244036886989836,1.062689752546818,0.014072826526356542,0.025267336181309042,-0.49826207025167685,0.109494892531966,-0.18516866279614044,129.81624198710333,0.1414287091674096,2.900945429849206
3,17,0.355152095810728,-0.0885892506122103,0.08410098735965377,0.1783095716725525,-0.07857901547803817,-0.3403027013393298,0.17684252413817547,-0.01001023513417214,0.4244036886989836,1.062689752546818,0.014072826526356542,0.025267336181309042,-0.49826207025167685,0.109494892531966,-0.18516866279614044,129.81624198710333,0.1414287091674096,2.900945429849206
3,18,0.383130730753922,-0.07220791501302956,0.019813758217195308,0.20628820661574654,-0.06219767987885742,-0.40458993048178826,0.17684252413817547,-0.01001023513417214,0.4244036886989836,1.062689752546818,0.014072826526356542,0.025267336181309042,-0.49826207025167685,0.109494892531966,-0.18516866279614044,129.81624198710333,0.1414287091674096,2.900945429849206
3,19,0.359674449177929,0.041208804848692576,0.3949138253846265,0.18283192503975354,0.051219039982864714,-0.0294898633143571,0.17684252413817547,-0.01001023513417214,0.4244036886989836,1.062689752546818,0.014072826526356542,0.025267336181309042,-0.49826207025167685,0.109494892531966,-0.18516866279614044,129.81624198710333,0.1414287091674096,2.900945429849206
3,20,0.41550701551369507,0.08638531285971475,0.3596745339495792,0.2386644913755196,0.09639554799388689,-0.06472915474940438,0.17684252413817547,-0.01001023513417214,0.4244036886989836,1.062689752546818,0.014072826526356542,0.025267336181309042,-0.49826207025167685,0.109494892531966,-0.18516866279614044,129.81624198710333,0.1414287091674096,2.900945429849206
3,21,0.3288296200839427,0.11356368476176378,0.2378042536382945,0.1519870959457672,0.12357391989593591,-0.1865994350606891,0.17684252413817547,-0.01001023513417214,0.4244036886989836,1.062689752546818,0.014072826526356542,0.025267336181309042,-0.49826207025167685,0.109494892531966,-0.18516866279614044,129.81624198710333,0.1414287091674096,2.900945429849206
3,22,0.4675844356985198,0.10648600367775725,0.12653427756072438,0.29074191156034435,0.11649623881192939,-0.2978694111382592,0.17684252413817547,-0.01001023513417214,0.4244036886989836,1.062689752546818,0.014072826526356542,0.025267336181309042,-0.49826207025167685,0.109494892531966,-0.18516866279614044,129.81624198710333,0.1414287091674096,2.900945429849206
3,23,0.5138139930366962,0.10893193276366633,0.07139041607594745,0.3369714688985207,0.11894216789783847,-0.35301327262303617,0.17684252413817547,-0.01001023513417214,0.4244036886989836,1.062689752546818,0.014072826526356542,0.025267336181309042,-0.49826207025167685,0.109494892531966,-0.18516866279614044,129.81624198710333,0.1414287091674096,2.900945429849206
3,24,0.3788338773471092,-0.004905365279243143,0.4272464656403899,0.20199135320893374,0.005104869854928997,0.002842776941406333,0.17684252413817547,-0.01001023513417214,0.4244036886989836,1.062689752546818,0.014072826526356542,0.025267336181309042,-0.49826207025167685,0.109494892531966,-0.18516866279614044,129.81624198710333,0.1414287091674096,2.900945429849206
3,25,0.48232994658458134,-0.02769959538148628,0.5187291529144075,0.30548742244640587,-0.017689360247314143,0.09432546421542387,0.17684252413817547,-0.01001023513417214,0.4244036886989836,1.062689752546818,0.014072826526356542,0.025267336181309042,-0.49826207025167685,0.109494892531966,-0.18516866279614044,129.81624198710333,0.1414287091674096,2.900945429849206
3,26,0.55506430153858,-0.13301772528977623,0.6306121503885502,0.3782217774004045,-0.1230074901556041,0.20620846168956664,0.17684252413817547,-0.01001023513417214,0.4244036886989836,1.062689752546818,0.014072826526356542,0.025267336181309042,-0.49826207025167685,0.109494892531966,-0.18516866279614044,129.81624198710333,0.1414287091674096,2.900945429849206
4,0,-0.03578057104294731,-0.02453972378912058,0.4180649117575772,-0.2011643056579614,-0.0194611148124629,-0.004984356443939242,0.16538373461501407,-0.00507860897665768,0.42304926820151645,1.3200671804688349,0.02477247041315268,0.09644226219220724,-0.6873898934110018,0.29583840177051346,-0.08124898005201835,15.43955776376826,0.6418502631551373,4.269641632327426
4,1,-0.09719469595671582,-0.031844170235823206,0.3880388590069194,-0.2625784305717299,-0.026765561259165526,-0.035010409194597025,0.16538373461501407,-0.00507860897665768,0.42304926820151645,1.3200671804688349,0.02477247041315268,0.09644226219220724,-0.6873898934110018,0.29583840177051346,-0.08124898005201835,15.43955776376826,0.6418502631551373,4.269641632327426
4,2,-0.16951035026236583,-0.09209728641020287,0.3136076281374436,-0.3348940848773799,-0.08701867743354519,-0.10944164006407286,0.16538373461501407,-0.00507860897665768,0.42304926820151645,1.3200671804688349,0.02477247041315268,0.09644226219220724,-0.6873898934110018,0.29583840177051346,-0.08124898005201835,15.43955776376826,0.6418502631551373,4.269641632327426
4,3,-0.2303144202825973,-0.17429500216304733,0.25078724459647095,-0.3956981548976114,-0.16921639318638965,-0.1722620236050455,0.16538373461501407,-0.00507860897665768,0.42304926820151645,1.3200671804688349,0.02477247041315268,0.09644226219220724,-0.6873898934110018,0.29583840177051346,-0.08124898005201835,15.43955776376826,0.6418502631551373,4.269641632327426
4,4,-0.06033771615831867,-0.07672418326376687,0.32627804167263236,-0.22572145077333275,-0.07164557428710919,-0.09677122652888409,0.16538373461501407,-0.00507860897665768,0.42304926820151645,1.3200671804688349,0.02477247041315268,0.09644226219220724,-0.6873898934110018,0.29583840177051346,-0.08124898005201835,15.43955776376826,0.6418502631551373,4.269641632327426
4,5,0.08448981610420271,-0.05472512394793233,0.2619272275662518,-0.08089391851081136,-0.04964651497127465,-0.16112204063526464,0.16538373461501407,-0.00507860897665768,0.42304926820151645,1.3200671804688349,0.02477247041315268,0.09644226219220724,-0.6873898934110018,0.29583840177051346,-0.08124898005201835,15.43955776376826,0.6418502631551373,4.269641632327426
4,6,-0.030468591224788878,-0.07573686902094216,0.12502189112588288,-0.19585232583980294,-0.07065826004428448,-0.29802737707563354,0.16538373461501407,-0.00507860897665768,0.42304926820151645,1.3200671804688349,0.02477247041315268,0.09644226219220724,-0.6873898934110018,0.29583840177051346,-0.08124898005201835,15.43955776376826,0.6418502631551373,4.269641632327426
4,7,0.008779016168378326,-0.07428657727137108,0.024416116108223813,-0.15660471844663576,-0.0692079682947134,-0.39863315209329264,0.16538373461501407,-0.00507860897665768,0.42304926820151645,1.3200671804688349,0.02477247041315268,0.09644226219220724,-0.6873898934110018,0.29583840177051346,-0.08124898005201835,15.43955776376826,0.6418502631551373,4.269641632327426
4,8,-0.07103265249486002,0.018444048729024262,0.3250013989054667,-0.2364163871098741,0.023522657705681942,-0.09804786929604975,0.16538373461501407,-0.00507860897665768,0.42304926820151645,1.3200671804688349,0.02477247041315268,0.09644226219220724,-0.6873898934110018,0.29583840177051346,-0.08124898005201835,15.43955776376826,0.6418502631551373,4.269641632327426
4,9,0.03646263263523668,0.08966388973185568,0.2302781287276611,-0.1289211019797774,0.09474249870851337,-0.19277113947385535,0.16538373461501407,-0.00507860897665768,0.42304926820151645,1.3200671804688349,0.02477247041315268,0.09644226219220724,-0.6873898934110018,0.29583840177051346,-0.08124898005201835,15.43955776376826,0.6418502631551373,4.269641632327426
4,10,-0.07813231187673407,0.02490015711174621,0.10750330386575573,-0.24351604649174813,0.02997876608840389,-0.3155459643357607,0.16538373461501407,-0.00507860897665768,0.42304926820151645,1.3200671804688349,0.02477247041315268,0.09644226219220724,-0.6873898934110018,0.29583840177051346,-0.08124898005201835,15.43955776376826,0.6418502631551373,4.269641632327426
4,11,-0.043415415742714326,0.023164915640454378,0.005250059129019568,-0.2087991503577284,0.02824352461711206,-0.4177992090724969,0.16538373461501407,-0.00507860897665768,0.42304926820151645,1.3200671804688349,0.02477247041315268,0.09644226219220724,-0.6873898934110018,0.29583840177051346,-0.08124898005201835,15.43955776376826,0.6418502631551373,4.269641632327426
4,12,-0.03578057104294731,-0.02453972378912058,0.4180649117575772,-0.2011643056579614,-0.0194611148124629,-0.004984356443939242,0.16538373461501407,-0.00507860897665768,0.42304926820151645,1.3200671804688349,0.02477247041315268,0.09644226219220724,-0.6873898934110018,0.29583840177051346,-0.08124898005201835,15.43955776376826,0.6418502631551373,4.269641632327426
4,13,0.1457105947749296,0.02096005579241094,0.3850387589566811,-0.01967313984008448,0.02603866476906862,-0.038010509244835344,0.16538373461501407,-0.00507860897665768,0.42304926820151645,1.3200671804688349,0.02477247041315268,0.09644226219220724,-0.6873898934110018,0.29583840177051346,-0.08124898005201835,15.43955776376826,0.6418502631551373,4.269641632327426
4,14,0.3457565002487296,-0.027648902925283117,0.39142662340569234,0.18037276563371554,-0.022570293948625437,-0.031622644795824106,0.16538373461501407,-0.00507860897665768,0.42304926820151645,1.3200671804688349,0.02477247041315268,0.09644226219220724,-0.6873898934110018,0.29583840177051346,-0.08124898005201835,15.43955776376826,0.6418502631551373,4.269641632327426
4,15,0.3951491401748741,-0.08188737946204036,0.3594758069105368,0.22976540555986005,-0.07680877048538268,-0.06357346129097963,0.16538373461501407,-0.00507860897665768,0.42304926820151645,1.3200671804688349,0.02477247041315268,0.09644226219220724,-0.6873898934110018,0.29583840177051346,-0.08124898005201835,15.43955776376826,0.6418502631551373,4.269641632327426
4,16,0.3001723514474497,-0.12865792960174646,0.2504073640112013,0.13478861683243562,-0.12357932062508878,-0.17264190419031517,0.16538373461501407,-0.00507860897665768,0.42304926820151645,1.3200671804688349,0.02477247041315268,0.09644226219220724,-0.6873898934110018,0.29583840177051346,-0.08124898005201835,15.43955776376826,0.6418502631551373,4.269641632327426
4,17,0.360497153049151,-0.09599566810530744,0.08615726512823826,0.1951134184341369,-0.09091705912864975,-0.33689200307327816,0.16538373461501407,-0.00507860897665768,0.42304926820151645,1.3200671804688349,0.02477247041315268,0.09644226219220724,-0.6873898934110018,0.29583840177051346,-0.08124898005201835,15.43955776376826,0.6418502631551373,4.269641632327426
4,18,0.3868878586647951,-0.07667833009287843,0.02201390141356261,0.221504124049781,-0.07159972111622075,-0.4010353667879538,0.16538373461501407,-0.00507860897665768,0.42304926820151645,1.3200671804688349,0.02477247041315268,0.09644226219220724,-0.6873898934110018,0.29583840177051346,-0.08124898005201835,15.43955776376826,0.6418502631551373,4.269641632327426
4,19,0.34812745793041167,0.058312904738348124,0.39239934063167015,0.1827437233153976,0.0633915137150058,-0.030649927569846303,0.16538373461501407,-0.00507860897665768,0.42304926820151645,1.3200671804688349,0.02477247041315268,0.09644226219220724,-0.6873898934110018,0.29583840177051346,-0.08124898005201835,15.43955776376826,0.6418502631551373,4.269641632327426
4,20,0.4062860183810085,0.09792880555589115,0.35434461364535497,0.2409022837659944,0.10300741453254883,-0.06870465455616148,0.16538373461501407,-0.00507860897665768,0.42304926820151645,1.3200671804688349,0.02477247041315268,0.09644226219220724,-0.6873898934110018,0.29583840177051346,-0.08124898005201835,15.43955776376826,0.6418502631551373,4.269641632327426
4,21,0.30729973702601726,0.13573146905879593,0.24536445614218244,0.1419160024110032,0.14081007803545362,-0.177684812059334,0.16538373461501407,-0.00507860897665768,0.42304926820151645,1.3200671804688349,0.02477247041315268,0.09644226219220724,-0.6873898934110018,0.29583840177051346,-0.08124898005201835,15.43955776376826,0.6418502631551373,4.269641632327426
4,22,0.4468187147701657,0.11035207839105901,0.1377803431538222,0.28143498015515167,0.1154306873677167,-0.28526892504769424,0.16538373461501407,-0.00507860897665768,0.42304926820151645,1.3200671804688349,0.02477247041315268,0.09644226219220724,-0.6873898934110018,0.29583840177051346,-0.08124898005201835,15.43955776376826,0.6418502631551373,4.269641632327426
4,23,0.49510529029702743,0.11715783109580882,0.08480781864628646,0.32972155568201333,0.1222364400724665,-0.33824144955523,0.16538373461501407,-0.00507860897665768,0.42304926820151645,1.3200671804688349,0.02477247041315268,0.09644226219220724,-0.6873898934110018,0.29583840177051346,-0.08124898005201835,15.43955776376826,0.6418502631551373,4.269641632327426
4,24,0.36654804027297544,0.01438250583580522,0.42803362464545575,0.20116430565796137,0.0194611148124629,0.004984356443939297,0.16538373461501407,-0.00507860897665768,0.42304926820151645,1.3200671804688349,0.02477247041315268,0.09644226219220724,-0.6873898934110018,0.29583840177051346,-0.08124898005201835,15.43955776376826,0.6418502631551373,4.269641632327426
4,25,0.47059524650806583,-0.027452050129603063,0.5118437919174672,0.30521151189305173,-0.022373441152945383,0.08879452371595076,0.16538373461501407,-0.00507860897665768,0.42304926820151645,1.3200671804688349,0.02477247041315268,0.09644226219220724,-0.6873898934110018,0.29583840177051346,-0.08124898005201835,15.43955776376826,0.6418502631551373,4.269641632327426
4,26,0.5068662557336656,-0.1330035219644653,0.6400752259591778,0.3414825211186515,-0.12792491298780762,0.21702595775766131,0.16538373461501407,-0.00507860897665768,0.42304926820151645,1.3200671804688349,0.02477247041315268,0.09644226219220724,-0.6873898934110018,0.29583840177051346,-0.08124898005201835,15.43955776376826,0.6418502631551373,4.269641632327426
5,0,-0.044303215280188754,-0.033028366269339623,0.41463391175757724,-0.19713384184476046,-0.033551950265313185,-0.007530383532970197,0.15283062656457172,0.0005235839959735616,0.42216429529054744,1.3500154236302675,0.03818078069571434,0.1685834010876763,-0.7530358758513708,0.3360643654847775,-0.053087757106719036,1.7965352826294319,0.8043377494038186,4.327602813165511
5,1,-0.10578146932798249,-0.03747718073354965,0.3841831999344727,-0.2586120958925542,-0.03800076472952321,-0.037981095356074746,0.15283062656457172,0.0005235839959735616,0.42216429529054744,1.3500154236302675,0.03818078069571434,0.1685834010876763,-0.7530358758513708,0.3360643654847775,-0.053087757106719036,1.7965352826294319,0.8043377494038186,4.327602813165511
5,2,-0.18296937442246208,-0.08138269225040373,0.3034717796587197,-0.3358000009870338,-0.0819062762463773,-0.11869251563182776,0.15283062656457172,0.0005235839959735616,0.42216429529054744,1.3500154236302675,0.03818078069571434,0.1685834010876763,-0.7530358758513708,0.3360643654847775,-0.053087757106719036,1.7965352826294319,0.8043377494038186,4.327602813165511
5,3,-0.25410001595076215,-0.1447231804029609,0.2304757907734971,-0.40693064251533384,-0.14524676439893447,-0.19168850451705033,0.15283062656457172,0.0005235839959735616,0.42216429529054744,1.3500154236302675,0.03818078069571434,0.1685834010876763,-0.7530358758513708,0.3360643654847775,-0.053087757106719036,1.7965352826294319,0.8043377494038186,4.327602813165511
5,4,-0.0697101979895782,-0.07983211287334253,0.32021465926538845,-0.22254082455414992,-0.0803556968693161,-0.101949636025159,0.15283062656457172,0.0005235839959735616,0.42216429529054744,1.3500154236302675,0.03818078069571434,0.1685834010876763,-0.7530358758513708,0.3360643654847775,-0.053087757106719036,1.7965352826294319,0.8043377494038186,4.327602813165511
5,5,0.07436979726123714,-0.0630670329861711,0.25268772347041407,-0.07846082930333458,-0.06359061698214466,-0.16947657182013337,0.15283062656457172,0.0005235839959735616,0.42216429529054744,1.3500154236302675,0.03818078069571434,0.1685834010876763,-0.7530358758513708,0.3360643654847775,-0.053087757106719036,1.7965352826294319,0.8043377494038186,4.327602813165511
5,6,-0.05258142764378883,-0.080206307323118,0.12623760775349205,-0.20541205420836056,-0.08072989131909156,-0.2959266875370554,0.15283062656457172,0.0005235839959735616,0.42216429529054744,1.3500154236302675,0.03818078069571434,0.1685834010876763,-0.7530358758513708,0.3360643654847775,-0.053087757106719036,1.7965352826294319,0.8043377494038186,4.327602813165511
5,7,-0.01644725949276146,-0.08435739062217185,0.02454645573408207,-0.16927788605733318,-0.08488097461814541,-0.39761783955646535,0.15283062656457172,0.0005235839959735616,0.42216429529054744,1.3500154236302675,0.03818078069571434,0.1685834010876763,-0.7530358758513708,0.3360643654847775,-0.053087757106719036,1.7965352826294319,0.8043377494038186,4.327602813165511
5,8,-0.07842872630325702,0.0154750970005426,0.32389254897453185,-0.23125935286782873,0.01495151300456904,-0.0982717463160156,0.15283062656457172,0.0005235839959735616,0.42216429529054744,1.3500154236302675,0.03818078069571434,0.1685834010876763,-0.7530358758513708,0.3360643654847775,-0.053087757106719036,1.7965352826294319,0.8043377494038186,4.327602813165511
5,9,0.03070731502891688,0.08398908454481673,0.2290497422490524,-0.12212331153565484,0.08346550054884316,-0.19311455304149505,0.15283062656457172,0.0005235839959735616,0.42216429529054744,1.3500154236302675,0.03818078069571434,0.1685834010876763,-0.7530358758513708,0.3360643654847775,-0.053087757106719036,1.7965352826294319,0.8043377494038186,4.327602813165511
5,10,-0.08116922119194833,0.017242808180644643,0.10483792626901842,-0.23399984775652005,0.016719224184671082,-0.317326369021529,0.15283062656457172,0.0005235839959735616,0.42216429529054744,1.3500154236302675,0.03818078069571434,0.1685834010876763,-0.7530358758513708,0.3360643654847775,-0.053087757106719036,1.7965352826294319,0.8043377494038186,4.327602813165511
5,11,-0.04209353319093512,0.019634937936589374,0.004183227809556769,-0.19492415975550684,0.019111353940615812,-0.4179810674809907,0.15283062656457172,0.0005235839959735616,0.42216429529054744,1.3500154236302675,0.03818078069571434,0.1685834010876763,-0.7530358758513708,0.3360643654847775,-0.053087757106719036,1.7965352826294319,0.8043377494038186,4.327602813165511
5,12,-0.044303215280188754,-0.033028366269339623,0.41463391175757724,-0.19713384184476046,-0.033551950265313185,-0.007530383532970197,0.15283062656457172,0.0005235839959735616,0.42216429529054744,1.3500154236302675,0.03818078069571434,0.1685834010876763,-0.7530358758513708,0.3360643654847775,-0.053087757106719036,1.7965352826294319,0.8043377494038186,4.327602813165511
5,13,0.12802889097789866,0.04416384237919088,0.3935861549964201,-0.024801735586673063,0.04364025838321732,-0.028578140294127363,0.15283062656457172,0.0005235839959735616,0.42216429529054744,1.3500154236302675,0.03818078069571434,0.1685834010876763,-0.7530358758513708,0.3360643654847775,-0.053087757106719036,1.7965352826294319,0.8043377494038186,4.327602813165511
5,14,0.3262443120852795,-0.011474670567257799,0.3996691393086772,0.17341368552070777,-0.01199825456323136,-0.02249515598187024,0.15283062656457172,0.0005235839959735616,0.42216429529054744,1.3500154236302675,0.03818078069571434,0.1685834010876763,-0.7530358758513708,0.3360643654847775,-0.053087757106719036,1.7965352826294319,0.8043377494038186,4.327602813165511
5,15,0.3703763649305666,-0.07198228955989139,0.3715001874787433,0.21754573836599486,-0.07250587355586495,-0.05066410781180414,0.15283062656457172,0.0005235839959735616,0.42216429529054744,1.3500154236302675,0.03818078069571434,0.1685834010876763,-0.7530358758513708,0.3360643654847775,-0.053087757106719036,1.7965352826294319,0.8043377494038186,4.327602813165511
5,16,0.29404856089666687,-0.12712071555323012,0.2521778496397127,0.14121793433209515,-0.1276442995492037,-0.16998644565083476,0.15283062656457172,0.0005235839959735616,0.42216429529054744,1.3500154236302675,0.03818078069571434,0.1685834010876763,-0.7530358758513708,0.3360643654847775,-0.053087757106719036,1.7965352826294319,0.8043377494038186,4.327602813165511
5,17,0.3600328396692749,-0.10518856281243517,0.0883210352272669,0.2072022131047032,-0.10571214680840874,-0.3338432600632805,0.15283062656457172,0.0005235839959735616,0.42216429529054744,1.3500154236302675,0.03818078069571434,0.1685834010876763,-0.7530358758513708,0.3360643654847775,-0.053087757106719036,1.7965352826294319,0.8043377494038186,4.327602813165511
5,18,0.3835890488639799,-0.08510597200938515,0.02331492355542647,0.23075842229940816,-0.08562955600535871,-0.39884937173512097,0.15283062656457172,0.0005235839959735616,0.42216429529054744,1.3500154236302675,0.03818078069571434,0.1685834010876763,-0.7530358758513708,0.3360643654847775,-0.053087757106719036,1.7965352826294319,0.8043377494038186,4.327602813165511
5,19,0.33181843536403277,0.0737043529669358,0.38920667798280206,0.17898780879946105,0.07318076897096223,-0.03295761730774538,0.15283062656457172,0.0005235839959735616,0.42216429529054744,1.3500154236302675,0.03818078069571434,0.1685834010876763,-0.7530358758513708,0.3360643654847775,-0.053087757106719036,1.7965352826294319,0.8043377494038186,4.327602813165511
5,20,0.3926732870937093,0.10636147004059009,0.3488309461157508,0.23984266052913758,0.10583788604461652,-0.07333334917479667,0.15283062656457172,0.0005235839959735616,0.42216429529054744,1.3500154236302675,0.03818078069571434,0.1685834010876763,-0.7530358758513708,0.3360643654847775,-0.053087757106719036,1.7965352826294319,0.8043377494038186,4.327602813165511
5,21,0.28844066233464166,0.14973219160313028,0.2470540310381485,0.13561003577006994,0.1492086076071567,-0.17511026425239895,0.15283062656457172,0.0005235839959735616,0.42216429529054744,1.3500154236302675,0.03818078069571434,0.1685834010876763,-0.7530358758513708,0.3360643654847775,-0.053087757106719036,1.7965352826294319,0.8043377494038186,4.327602813165511
5,22,0.4241205396153952,0.11177382086552466,0.13826922977721204,0.2712899130508235,0.1112502368695511,-0.28389506551333543,0.15283062656457172,0.0005235839959735616,0.42216429529054744,1.3500154236302675,0.03818078069571434,0.1685834010876763,-0.7530358758513708,0.3360643654847775,-0.053087757106719036,1.7965352826294319,0.8043377494038186,4.327602813165511
5,23,0.466375478770377,0.12097651060342339,0.08070334910149643,0.3135448522058053,0.12045292660744983,-0.341460946189051,0.15283062656457172,0.0005235839959735616,0.42216429529054744,1.3500154236302675,0.03818078069571434,0.1685834010876763,-0.7530358758513708,0.3360643654847775,-0.053087757106719036,1.7965352826294319,0.8043377494038186,4.327602813165511
5,24,0.3499644684093322,0.03407553426128675,0.4296946788235177,0.1971338418447605,0.033551950265313185,0.007530383532970253,0.15283062656457172,0.0005235839959735616,0.42216429529054744,1.3500154236302675,0.03818078069571434,0.1685834010876763,-0.7530358758513708,0.3360643654847775,-0.053087757106719036,1.7965352826294319,0.8043377494038186,4.327602813165511
5,25,0.44679292927112657,-0.026714346809335057,0.5104965034651414,0.2939623027065549,-0.02723793080530862,0.08833220817459397,0.15283062656457172,0.0005235839959735616,0.42216429529054744,1.3500154236302675,0.03818078069571434,0.1685834010876763,-0.7530358758513708,0.3360643654847775,-0.053087757106719036,1.7965352826294319,0.8043377494038186,4.327602813165511
5,26,0.47167849062012035,-0.08597545605665047,0.6678776642365002,0.31884786405554866,-0.08649904005262403,0.24571336894595275,0.15283062656457172,0.0005235839959735616,0.42216429529054744,1.3500154236302675,0.03818078069571434,0.1685834010876763,-0.7530358758513708,0.3360643654847775,-0.053087757106719036,1.7965352826294319,0.8043377494038186,4.327602813165511
6,0,-0.04839928139189163,-0.03716722449604997,0.4114949117575772,-0.19241287474060936,-0.04344118980832533,-0.008680412279408689,0.14401359334871772,0.006273965312275358,0.4201753240369859,1.3735739886068354,0.04508290106607343,0.22204788643974593,-0.5289162097092983,0.3449538882004677,-0.11931441233122775,1.4132312523436077,0.4140444133388779,3.20722767558906
6,1,-0.1108361030905413,-0.04091192008337496,0.3829601246504282,-0.25484969643925903,-0.047185885395650315,-0.03721519938655765,0.14401359334871772,0.006273965312275358,0.4201753240369859,1.3735739886068354,0.04508290106607343,0.22204788643974593,-0.5289162097092983,0.3449538882004677,-0.11931441233122775,1.4132312523436077,0.4140444133388779,3.20722767558906
6,2,-0.19172960868450623,-0.06684407198757306,0.29820303495910105,-0.33574320203322394,-0.07311803729984842,-0.12197228907788482,0.14401359334871772,0.006273965312275358,0.4201753240369859,1.3735739886068354,0.04508290106607343,0.22204788643974593,-0.5289162097092983,0.3449538882004677,-0.11931441233122775,1.4132312523436077,0.4140444133388779,3.20722767558906
6,3,-0.2711170732454031,-0.10780627592104958,0.21807982781917462,-0.4151306665941208,-0.11408024123332494,-0.20209549621781125,0.14401359334871772,0.006273965312275358,0.4201753240369859,1.3735739886068354,0.04508290106607343,0.22204788643974593,-0.5289162097092983,0.3449538882004677,-0.11931441233122775,1.4132312523436077,0.4140444133388779,3.20722767558906
6,4,-0.07695390696689357,-0.08212957365821955,0.3170802877535836,-0.2209675003156113,-0.08840353897049491,-0.10309503628340227,0.14401359334871772,0.006273965312275358,0.4201753240369859,1.3735739886068354,0.04508290106607343,0.22204788643974593,-0.5289162097092983,0.3449538882004677,-0.11931441233122775,1.4132312523436077,0.4140444133388779,3.20722767558906
6,5,0.0635641867442137,-0.07149586176739092,0.24130701068050628,-0.08044940660450402,-0.07776982707966629,-0.1788683133564796,0.14401359334871772,0.006273965312275358,0.4201753240369859,1.3735739886068354,0.04508290106607343,0.22204788643974593,-0.5289162097092983,0.3449538882004677,-0.11931441233122775,1.4132312523436077,0.4140444133388779,3.20722767558906
6,6,-0.07249375774361219,-0.08551883210135534,0.12429593406158505,-0.2165073510923299,-0.0917927974136307,-0.2958793899754008,0.14401359334871772,0.006273965312275358,0.4201753240369859,1.3735739886068354,0.04508290106607343,0.22204788643974593,-0.5289162097092983,0.3449538882004677,-0.11931441233122775,1.4132312523436077,0.4140444133388779,3.20722767558906
6,7,-0.04708733774266464,-0.0952590608554414,0.019779706772130156,-0.19110093109138235,-0.10153302616771676,-0.40039561726485573,0.14401359334871772,0.006273965312275358,0.4201753240369859,1.3735739886068354,0.04508290106607343,0.22204788643974593,-0.5289162097092983,0.3449538882004677,-0.11931441233122775,1.4132312523436077,0.4140444133388779,3.20722767558906
6,8,-0.08529141864084766,0.013109534788292694,0.32282502363802845,-0.22930501198956538,0.006835569476017336,-0.09735030039895742,0.14401359334871772,0.006273965312275358,0.4201753240369859,1.3735739886068354,0.04508290106607343,0.22204788643974593,-0.5289162097092983,0.3449538882004677,-0.11931441233122775,1.4132312523436077,0.4140444133388779,3.20722767558906
6,9,0.02720429636613006,0.07601607928107873,0.22802269892472085,-0.11680929698258766,0.06974211396880337,-0.19215262511226502,0.14401359334871772,0.006273965312275358,0.4201753240369859,1.3735739886068354,0.04508290106607343,0.22204788643974593,-0.5289162097092983,0.3449538882004677,-0.11931441233122775,1.4132312523436077,0.4140444133388779,3.20722767558906
6,10,-0.08189185706191536,0.008147147011128925,0.10195986798036595,-0.2259054504106331,0.0018731816988535668,-0.31821545605661994,0.14401359334871772,0.006273965312275358,0.4201753240369859,1.3735739886068354,0.04508290106607343,0.22204788643974593,-0.5289162097092983,0.3449538882004677,-0.11931441233122775,1.4132312523436077,0.4140444133388779,3.20722767558906
6,11,-0.03902858343326204,0.015106971243607888,0.003074577764027922,-0.18304217678197976,0.00883300593133253,-0.41710074627295796,0.14401359334871772,0.006273965312275358,0.4201753240369859,1.3735739886068354,0.04508290106607343,0.22204788643974593,-0.5289162097092983,0.3449538882004677,-0.11931441233122775,1.4132312523436077,0.4140444133388779,3.20722767558906
6,12,-0.04839928139189163,-0.03716722449604997,0.4114949117575772,-0.19241287474060936,-0.04344118980832533,-0.008680412279408689,0.14401359334871772,0.006273965312275358,0.4201753240369859,1.3735739886068354,0.04508290106607343,0.22204788643974593,-0.5289162097092983,0.3449538882004677,-0.11931441233122775,1.4132312523436077,0.4140444133388779,3.20722767558906
6,13,0.11371910381554544,0.06103270137408957,0.3982887105698592,-0.030294489533172278,0.05475873606181421,-0.02188661346712667,0.14401359334871772,0.006273965312275358,0.4201753240369859,1.3735739886068354,0.04508290106607343,0.22204788643974593,-0.5289162097092983,0.3449538882004677,-0.11931441233122775,1.4132312523436077,0.4140444133388779,3.20722767558906
6,14,0.310629139343528,0.0011468545732322075,0.4061705426294491,0.16661554599481027,-0.00512711073904315,-0.014004781407536748,0.14401359334871772,0.006273965312275358,0.4201753240369859,1.3735739886068354,0.04508290106607343,0.22204788643974593,-0.5289162097092983,0.3449538882004677,-0.11931441233122775,1.4132312523436077,0.4140444133388779,3.20722767558906
6,15,0.3490483309938675,-0.06365965755527805,0.3792190752427958,0.2050347376451498,-0.06993362286755342,-0.040956248794190075,0.14401359334871772,0.006273965312275358,0.4201753240369859,1.3735739886068354,0.04508290106607343,0.22204788643974593,-0.5289162097092983,0.3449538882004677,-0.11931441233122775,1.4132312523436077,0.4140444133388779,3.20722767558906
6,16,0.28321516489320037,-0.11470010527602686,0.2520779452331317,0.13920157154448265,-0.12097407058830223,-0.16809737880385417,0.14401359334871772,0.006273965312275358,0.4201753240369859,1.3735739886068354,0.04508290106607343,0.22204788643974593,-0.5289162097092983,0.3449538882004677,-0.11931441233122775,1.4132312523436077,0.4140444133388779,3.20722767558906
6,17,0.3575539109734611,-0.11358614121211807,0.0903482017804331,0.2135403176247434,-0.11986010652439344,-0.32982712225655275,0.14401359334871772,0.006273965312275358,0.4201753240369859,1.3735739886068354,0.04508290106607343,0.22204788643974593,-0.5289162097092983,0.3449538882004677,-0.11931441233122775,1.4132312523436077,0.4140444133388779,3.20722767558906
6,18,0.38148674288531115,-0.09583162119360432,0.024804349468319754,0.23747314953659343,-0.10210558650587967,-0.3953709745686661,0.14401359334871772,0.006273965312275358,0.4201753240369859,1.3735739886068354,0.04508290106607343,0.22204788643974593,-0.5289162097092983,0.3449538882004677,-0.11931441233122775,1.4132312523436077,0.4140444133388779,3.20722767558906
6,19,0.31790231612362174,0.08386921621321955,0.3838073633671029,0.17388872277490403,0.07759525090094418,-0.03636796066988296,0.14401359334871772,0.006273965312275358,0.4201753240369859,1.3735739886068354,0.04508290106607343,0.22204788643974593,-0.5289162097092983,0.3449538882004677,-0.11931441233122775,1.4132312523436077,0.4140444133388779,3.20722767558906
6,20,0.3811468423220467,0.11102488716097897,0.34303115163740566,0.237133248973329,0.1047509218487036,-0.07714417239958021,0.14401359334871772,0.006273965312275358,0.4201753240369859,1.3735739886068354,0.04508290106607343,0.22204788643974593,-0.5289162097092983,0.3449538882004677,-0.11931441233122775,1.4132312523436077,0.4140444133388779,3.20722767558906
6,21,0.27479719327238106,0.15671954813212388,0.24451338618068572,0.13078359992366334,0.15044558281984852,-0.17566193785630016,0.14401359334871772,0.006273965312275358,0.4201753240369859,1.3735739886068354,0.04508290106607343,0.22204788643974593,-0.5289162097092983,0.3449538882004677,-0.11931441233122775,1.4132312523436077,0.4140444133388779,3.20722767558906
6,22,0.39349688500752505,0.11674603287553281,0.11803611049180923,0.24948329165880734,0.11047206756325745,-0.30213921354517664,0.14401359334871772,0.006273965312275358,0.4201753240369859,1.3735739886068354,0.04508290106607343,0.22204788643974593,-0.5289162097092983,0.3449538882004677,-0.11931441233122775,1.4132312523436077,0.4140444133388779,3.20722767558906
6,23,0.42059649643062064,0.12836533072701334,0.05235047295612045,0.2765829030819029,0.12209136541473797,-0.36782485108086543,0.14401359334871772,0.006273965312275358,0.4201753240369859,1.3735739886068354,0.04508290106607343,0.22204788643974593,-0.5289162097092983,0.3449538882004677,-0.11931441233122775,1.4132312523436077,0.4140444133388779,3.20722767558906
6,24,0.3364264680893271,0.049715155120600686,0.4288557363163946,0.19241287474060936,0.04344118980832533,0.008680412279408745,0.14401359334871772,0.006273965312275358,0.4201753240369859,1.3735739886068354,0.04508290106607343,0.22204788643974593,-0.5289162097092983,0.3449538882004677,-0.11931441233122775,1.4132312523436077,0.4140444133388779,3.20722767558906
6,25,0.4309013179593514,-0.016804971442251238,0.5079105960794555,0.28688772461063367,-0.023078936754526595,0.08773527204246967,0.14401359334871772,0.006273965312275358,0.4201753240369859,1.3735739886068354,0.04508290106607343,0.22204788643974593,-0.5289162097092983,0.3449538882004677,-0.11931441233122775,1.4132312523436077,0.4140444133388779,3.20722767558906
6,26,0.45382699337577437,-0.059419681701055306,0.6708780771212417,0.30981340002705665,-0.06569364701333066,0.2507027530842558,0.14401359334871772,0.006273965312275358,0.4201753240369859,1.3735739886068354,0.04508290106607343,0.22204788643974593,-0.5289162097092983,0.3449538882004677,-0.11931441233122775,1.4132312523436077,0.4140444133388779,3.20722767558906
7,0,-0.05056884333751567,-0.035134575494900164,0.4087859117575772,-0.19190584141799621,-0.044439952102009586,-0.008468477150150588,0.14133699808048056,0.009305376607109422,0.4172543889077278,1.382493950120576,0.044099682402134126,0.22756056027494742,-0.1605636033735548,0.18184830802843818,-0.17522106354277517,0.5350906726898936,-0.05898132357164411,0.3306942912538384
7,1,-0.11385878192892003,-0.04060090154290227,0.3824968175486824,-0.2551957800094006,-0.04990627815001169,-0.03475757135904539,0.14133699808048056,0.009305376607109422,0.4172543889077278,1.382493950120576,0.044099682402134126,0.22756056027494742,-0.1605636033735548,0.18184830802843818,-0.17522106354277517,0.5350906726898936,-0.05898132357164411,0.3306942912538384
7,2,-0.1970840109110828,-0.050782781559997436,0.2966487507188871,-0.33842100899156335,-0.06008815816710686,-0.12060563818884074,0.14133699808048056,0.009305376607109422,0.4172543889077278,1.382493950120576,0.044099682402134126,0.22756056027494742,-0.1605636033735548,0.18184830802843818,-0.17522106354277517,0.5350906726898936,-0.05898132357164411,0.3306942912538384
7,3,-0.28206672515514203,-0.07032135551522473,0.2142097890224107,-0.4234037232356226,-0.07962673212233415,-0.20304459988531712,0.14133699808048056,0.009305376607109422,0.4172543889077278,1.382493950120576,0.044099682402134126,0.22756056027494742,-0.1605636033735548,0.18184830802843818,-0.17522106354277517,0.5350906726898936,-0.05898132357164411,0.3306942912538384
7,4,-0.08164808819662157,-0.08374624896398739,0.3170139854980511,-0.22298508627710212,-0.09305162557109681,-0.10024040340967671,0.14133699808048056,0.009305376607109422,0.4172543889077278,1.382493950120576,0.044099682402134126,0.22756056027494742,-0.1605636033735548,0.18184830802843818,-0.17522106354277517,0.5350906726898936,-0.05898132357164411,0.3306942912538384
7,5,0.05152771665743694,-0.07992024864446691,0.22841620494708595,-0.08980928142304362,-0.08922562525157633,-0.18883818396064186,0.14133699808048056,0.009305376607109422,0.4172543889077278,1.382493950120576,0.044099682402134126,0.22756056027494742,-0.1605636033735548,0.18184830802843818,-0.17522106354277517,0.5350906726898936,-0.05898132357164411,0.3306942912538384
7,6,-0.09228417729327876,-0.09289035509030864,0.12094567181432868,-0.23362117537375932,-0.10219573169741807,-0.2963087170933991,0.14133699808048056,0.009305376607109422,0.4172543889077278,1.382493950120576,0.044099682402134126,0.22756056027494742,-0.1605636033735548,0.18184830802843818,-0.17522106354277517,0.5350906726898936,-0.05898132357164411,0.3306942912538384
7,7,-0.0791486477468111,-0.10651181284787162,0.014616401375739607,-0.22048564582729166,-0.11581718945498104,-0.4026379875319882,0.14133699808048056,0.009305376607109422,0.4172543889077278,1.382493950120576,0.044099682402134126,0.22756056027494742,-0.1605636033735548,0.18184830802843818,-0.17522106354277517,0.5350906726898936,-0.05898132357164411,0.3306942912538384
7,8,-0.0909859381382529,0.011535903596704589,0.3196822855635326,-0.23232293621873346,0.0022305269895951663,-0.0975721033441952,0.14133699808048056,0.009305376607109422,0.4172543889077278,1.382493950120576,0.044099682402134126,0.22756056027494742,-0.1605636033735548,0.18184830802843818,-0.17522106354277517,0.5350906726898936,-0.05898132357164411,0.3306942912538384
7,9,0.02848003118007221,0.06579617637023082,0.2281197115005543,-0.11285696690040835,0.056490799763121394,-0.18913467740717352,0.14133699808048056,0.009305376607109422,0.4172543889077278,1.382493950120576,0.044099682402134126,0.22756056027494742,-0.1605636033735548,0.18184830802843818,-0.17522106354277517,0.5350906726898936,-0.05898132357164411,0.3306942912538384
7,10,-0.08053006239069391,0.0009660968634344486,0.10039398861443079,-0.22186706047117447,-0.008339279743674974,-0.31686040029329704,0.14133699808048056,0.009305376607109422,0.4172543889077278,1.382493950120576,0.044099682402134126,0.22756056027494742,-0.1605636033735548,0.18184830802843818,-0.17522106354277517,0.5350906726898936,-0.05898132357164411,0.3306942912538384
7,11,-0.03643057710679207,0.011503358779592888,0.0023725546905827774,-0.17776757518727263,0.002197982172483466,-0.41488183421714503,0.14133699808048056,0.009305376607109422,0.4172543889077278,1.382493950120576,0.044099682402134126,0.22756056027494742,-0.1605636033735548,0.18184830802843818,-0.17522106354277517,0.5350906726898936,-0.05898132357164411,0.3306942912538384
7,12,-0.05056884333751567,-0.035134575494900164,0.4087859117575772,-0.19190584141799621,-0.044439952102009586,-0.008468477150150588,0.14133699808048056,0.009305376607109422,0.4172543889077278,1.382493950120576,0.044099682402134126,0.22756056027494742,-0.1605636033735548,0.18184830802843818,-0.17522106354277517,0.5350906726898936,-0.05898132357164411,0.3306942912538384
7,13,0.11005108391515854,0.06591592140571952,0.3992971796814934,-0.03128591416532202,0.056610544798610093,-0.017957209226234394,0.14133699808048056,0.009305376607109422,0.4172543889077278,1.382493950120576,0.044099682402134126,0.22756056027494742,-0.1605636033735548,0.18184830802843818,-0.17522106354277517,0.5350906726898936,-0.05898132357164411,0.3306942912538384
7,14,0.3063561082476559,0.00406257437745839,0.40707541036381556,0.16501911016717535,-0.005242802229651032,-0.010178978543912254,0.14133699808048056,0.009305376607109422,0.4172543889077278,1.382493950120576,0.044099682402134126,0.22756056027494742,-0.1605636033735548,0.18184830802843818,-0.17522106354277517,0.5350906726898936,-0.05898132357164411,0.3306942912538384
7,15,0.340081465517164,-0.06209648032659988,0.37727810092333336,0.19874446743668345,-0.0714018569337093,-0.039976287984394454,0.14133699808048056,0.009305376607109422,0.4172543889077278,1.382493950120576,0.044099682402134126,0.22756056027494742,-0.1605636033735548,0.18184830802843818,-0.17522106354277517,0.5350906726898936,-0.05898132357164411,0.3306942912538384
7,16,0.27225638799781227,-0.09594935329232518,0.2455293178169503,0.1309193899173317,-0.1052547298994346,-0.1717250710907775,0.14133699808048056,0.009305376607109422,0.4172543889077278,1.382493950120576,0.044099682402134126,0.22756056027494742,-0.1605636033735548,0.18184830802843818,-0.17522106354277517,0.5350906726898936,-0.05898132357164411,0.3306942912538384
7,17,0.35841686376625226,-0.11964928551053071,0.09158554358039067,0.2170798656857717,-0.12895466211764012,-0.32566884532733714,0.14133699808048056,0.009305376607109422,0.4172543889077278,1.382493950120576,0.044099682402134126,0.22756056027494742,-0.1605636033735548,0.18184830802843818,-0.17522106354277517,0.5350906726898936,-0.05898132357164411,0.3306942912538384
7,18,0.38597831283011247,-0.10436030764203928,0.026850594125040372,0.2446413147496319,-0.1136656842491487,-0.39040379478268744,0.14133699808048056,0.009305376607109422,0.4172543889077278,1.382493950120576,0.044099682402134126,0.22756056027494742,-0.1605636033735548,0.18184830802843818,-0.17522106354277517,0.5350906726898936,-0.05898132357164411,0.3306942912538384
7,19,0.3141125274012625,0.08491007540199387,0.3787996338344347,0.17277552932078194,0.07560469879488445,-0.0384547550732931,0.14133699808048056,0.009305376607109422,0.4172543889077278,1.382493950120576,0.044099682402134126,0.22756056027494742,-0.1605636033735548,0.18184830802843818,-0.17522106354277517,0.5350906726898936,-0.05898132357164411,0.3306942912538384
7,20,0.3787795314570266,0.11054939973514429,0.33929262644369174,0.23744253337654603,0.10124402312803486,-0.07796176246403608,0.14133699808048056,0.009305376607109422,0.4172543889077278,1.382493950120576,0.044099682402134126,0.22756056027494742,-0.1605636033735548,0.18184830802843818,-0.17522106354277517,0.5350906726898936,-0.05898132357164411,0.3306942912538384
7,21,0.2703855635880308,0.15497004485098204,0.2424342039206558,0.12904856550755023,0.1456646682438726,-0.17482018498707202,0.14133699808048056,0.009305376607109422,0.4172543889077278,1.382493950120576,0.044099682402134126,0.22756056027494742,-0.1605636033735548,0.18184830802843818,-0.17522106354277517,0.5350906726898936,-0.05898132357164411,0.3306942912538384
7,22,0.3585162540733936,0.11131928597779779,0.09407116053743418,0.21717925599291305,0.10201390937068837,-0.3231832283702936,0.14133699808048056,0.009305376607109422,0.4172543889077278,1.382493950120576,0.044099682402134126,0.22756056027494742,-0.1605636033735548,0.18184830802843818,-0.17522106354277517,0.5350906726898936,-0.05898132357164411,0.3306942912538384
7,23,0.3701178152128789,0.11842097944762099,0.02336776791062427,0.22878081713239834,0.10911560284051157,-0.39388662099710353,0.14133699808048056,0.009305376607109422,0.4172543889077278,1.382493950120576,0.044099682402134126,0.22756056027494742,-0.1605636033735548,0.18184830802843818,-0.17522106354277517,0.5350906726898936,-0.05898132357164411,0.3306942912538384
7,24,0.3332428394984768,0.05374532870911901,0.42572286605787846,0.19190584141799621,0.044439952102009586,0.008468477150150644,0.14133699808048056,0.009305376607109422,0.4172543889077278,1.382493950120576,0.044099682402134126,0.22756056027494742,-0.1605636033735548,0.18184830802843818,-0.17522106354277517,0.5350906726898936,-0.05898132357164411,0.3306942912538384
7,25,0.4329434999153636,-0.010736330665962704,0.4998982612799913,0.29160650183488307,-0.020041707273072126,0.0826438723722635,0.14133699808048056,0.009305376607109422,0.4172543889077278,1.382493950120576,0.044099682402134126,0.22756056027494742,-0.1605636033735548,0.18184830802843818,-0.17522106354277517,0.5350906726898936,-0.05898132357164411,0.3306942912538384
7,26,0.46439841250198655,-0.08348210171875223,0.6502932122142584,0.323061414421506,-0.09278747832586165,0.23303882330653058,0.14133699808048056,0.009305376607109422,0.4172543889077278,1.382493950120576,0.044099682402134126,0.22756056027494742,-0.1605636033735548,0.18184830802843818,-0.17522106354277517,0.5350906726898936,-0.05898132357164411,0.3306942912538384
8,0,-0.05600743153399636,-0.028238813865356982,0.4072719117575772,-0.1954204057054995,-0.03858785519266596,-0.00603728904269335,0.13941297417150314,0.010349041327308975,0.41330920080027056,1.4155988150378687,0.030884028700380636,0.19495276225313996,-0.11541835086847138,0.06260736173962522,-0.23666395365670387,1.985894716094343,-0.7927806659720149,-1.9560766659752529
8,1,-0.11916036573163599,-0.03653756152910096,0.38139815645752456,-0.25857333990313913,-0.046886602856409935,-0.031911044342746,0.13941297417150314,0.010349041327308975,0.41330920080027056,1.4155988150378687,0.030884028700380636,0.19495276225313996,-0.11541835086847138,0.06260736173962522,-0.23666395365670387,1.985894716094343,-0.7927806659720149,-1.9560766659752529
8,2,-0.20332520065383303,-0.034356987438377055,0.2958906967758626,-0.3427381748253362,-0.04470602876568603,-0.11741850402440795,0.13941297417150314,0.010349041327308975,0.41330920080027056,1.4155988150378687,0.030884028700380636,0.19495276225313996,-0.11541835086847138,0.06260736173962522,-0.23666395365670387,1.985894716094343,-0.7927806659720149,-1.9560766659752529
8,3,-0.2907538839573005,-0.03503319455455292,0.21369721721710327,-0.4301668581288036,-0.045382235881861896,-0.19961198358316729,0.13941297417150314,0.010349041327308975,0.41330920080027056,1.4155988150378687,0.030884028700380636,0.19495276225313996,-0.11541835086847138,0.06260736173962522,-0.23666395365670387,1.985894716094343,-0.7927806659720149,-1.9560766659752529
8,4,-0.08631045052880787,-0.08460872522080223,0.31977756426319426,-0.225723424700311,-0.09495776654811121,-0.0935316365370763,0.13941297417150314,0.010349041327308975,0.41330920080027056,1.4155988150378687,0.030884028700380636,0.19495276225313996,-0.11541835086847138,0.06260736173962522,-0.23666395365670387,1.985894716094343,-0.7927806659720149,-1.9560766659752529
8,5,0.0378695888704019,-0.08977746698062106,0.21901744354118707,-0.10154338530110124,-0.10012650830793003,-0.1942917572590835,0.13941297417150314,0.010349041327308975,0.41330920080027056,1.4155988150378687,0.030884028700380636,0.19495276225313996,-0.11541835086847138,0.06260736173962522,-0.23666395365670387,1.985894716094343,-0.7927806659720149,-1.9560766659752529
8,6,-0.11232197746018739,-0.10052170494296428,0.12039161142630998,-0.2517349516316905,-0.11087074627027325,-0.29291758937396056,0.13941297417150314,0.010349041327308975,0.41330920080027056,1.4155988150378687,0.030884028700380636,0.19495276225313996,-0.11541835086847138,0.06260736173962522,-0.23666395365670387,1.985894716094343,-0.7927806659720149,-1.9560766659752529
8,7,-0.1034317474013147,-0.11596171881728763,0.013871332694262273,-0.24284472157281783,-0.1263107601445966,-0.3994378681060083,0.13941297417150314,0.010349041327308975,0.41330920080027056,1.4155988150378687,0.030884028700380636,0.19495276225313996,-0.11541835086847138,0.06260736173962522,-0.23666395365670387,1.985894716094343,-0.7927806659720149,-1.9560766659752529
8,8,-0.09665303180673274,0.010462220346199445,0.31452873679036525,-0.23606600597823588,0.0001131790188904705,-0.09878046400990531,0.13941297417150314,0.010349041327308975,0.41330920080027056,1.4155988150378687,0.030884028700380636,0.19495276225313996,-0.11541835086847138,0.06260736173962522,-0.23666395365670387,1.985894716094343,-0.7927806659720149,-1.9560766659752529
8,9,0.03020036406883765,0.055098332635458006,0.2278348302006624,-0.10921261010266549,0.04474929130814903,-0.18547437059960817,0.13941297417150314,0.010349041327308975,0.41330920080027056,1.4155988150378687,0.030884028700380636,0.19495276225313996,-0.11541835086847138,0.06260736173962522,-0.23666395365670387,1.985894716094343,-0.7927806659720149,-1.9560766659752529
8,10,-0.0814218349258802,-0.002678525808613705,0.09898484252312559,-0.22083480909738334,-0.01302756713592268,-0.314324358277145,0.13941297417150314,0.010349041327308975,0.41330920080027056,1.4155988150378687,0.030884028700380636,0.19495276225313996,-0.11541835086847138,0.06260736173962522,-0.23666395365670387,1.985894716094343,-0.7927806659720149,-1.9560766659752529
8,11,-0.03604992176826266,0.010653196011929655,0.0018887319400225522,-0.1754628959397658,0.0003041546846206805,-0.411420468860248,0.13941297417150314,0.010349041327308975,0.41330920080027056,1.4155988150378687,0.030884028700380636,0.19495276225313996,-0.11541835086847138,0.06260736173962522,-0.23666395365670387,1.985894716094343,-0.7927806659720149,-1.9560766659752529
8,12,-0.05600743153399636,-0.028238813865356982,0.4072719117575772,-0.1954204057054995,-0.03858785519266596,-0.00603728904269335,0.13941297417150314,0.010349041327308975,0.41330920080027056,1.4155988150378687,0.030884028700380636,0.19495276225313996,-0.11541835086847138,0.06260736173962522,-0.23666395365670387,1.985894716094343,-0.7927806659720149,-1.9560766659752529
8,13,0.11118714338700932,0.06146260864272898,0.3972904826286156,-0.028225830784493824,0.05111356731542001,-0.016018718171654955,0.13941297417150314,0.010349041327308975,0.41330920080027056,1.4155988150378687,0.030884028700380636,0.19495276225313996,-0.11541835086847138,0.06260736173962522,-0.23666395365670387,1.985894716094343,-0.7927806659720149,-1.9560766659752529
8,14,0.3075533181250684,-0.0005835987010759866,0.4008392268146265,0.16814034395356528,-0.010932640028384961,-0.012469973985644034,0.13941297417150314,0.010349041327308975,0.41330920080027056,1.4155988150378687,0.030884028700380636,0.19495276225313996,-0.11541835086847138,0.06260736173962522,-0.23666395365670387,1.985894716094343,-0.7927806659720149,-1.9560766659752529
8,15,0.33801580091794864,-0.0647093281266167,0.3639308556399196,0.1986028267464455,-0.07505836945392567,-0.049378345160350945,0.13941297417150314,0.010349041327308975,0.41330920080027056,1.4155988150378687,0.030884028700380636,0.19495276225313996,-0.11541835086847138,0.06260736173962522,-0.23666395365670387,1.985894716094343,-0.7927806659720149,-1.9560766659752529
8,16,0.25852964631197045,-0.08471323542969465,0.2359238444236825,0.11911667214046731,-0.09506227675700363,-0.17738535637658806,0.13941297417150314,0.010349041327308975,0.41330920080027056,1.4155988150378687,0.030884028700380636,0.19495276225313996,-0.11541835086847138,0.06260736173962522,-0.23666395365670387,1.985894716094343,-0.7927806659720149,-1.9560766659752529
8,17,0.3543823452781688,-0.11803918686469667,0.08968554210573447,0.21496937110666567,-0.12838822819200563,-0.3236236586945361,0.13941297417150314,0.010349041327308975,0.41330920080027056,1.4155988150378687,0.030884028700380636,0.19495276225313996,-0.11541835086847138,0.06260736173962522,-0.23666395365670387,1.985894716094343,-0.7927806659720149,-1.9560766659752529
8,18,0.3884232735023209,-0.10335175491620517,0.027964439160344665,0.24901029933081778,-0.11370079624351415,-0.38534476163992587,0.13941297417150314,0.010349041327308975,0.41330920080027056,1.4155988150378687,0.030884028700380636,0.19495276225313996,-0.11541835086847138,0.06260736173962522,-0.23666395365670387,1.985894716094343,-0.7927806659720149,-1.9560766659752529
8,19,0.31483487206800753,0.08047190516025174,0.3730366321895891,0.1754218978965044,0.07012286383294276,-0.04027256861068146,0.13941297417150314,0.010349041327308975,0.41330920080027056,1.4155988150378687,0.030884028700380636,0.19495276225313996,-0.11541835086847138,0.06260736173962522,-0.23666395365670387,1.985894716094343,-0.7927806659720149,-1.9560766659752529
8,20,0.379491960948309,0.10791309119087047,0.33474247900415677,0.24007898677680586,0.0975640498635615,-0.07856672179611379,0.13941297417150314,0.010349041327308975,0.41330920080027056,1.4155988150378687,0.030884028700380636,0.19495276225313996,-0.11541835086847138,0.06260736173962522,-0.23666395365670387,1.985894716094343,-0.7927806659720149,-1.9560766659752529
8,21,0.26312043194446355,0.15075367664000394,0.24684281188223406,0.12370745777296041,0.14040463531269498,-0.1664663889180365,0.13941297417150314,0.010349041327308975,0.41330920080027056,1.4155988150378687,0.030884028700380636,0.19495276225313996,-0.11541835086847138,0.06260736173962522,-0.23666395365670387,1.985894716094343,-0.7927806659720149,-1.9560766659752529
8,22,0.3234987672610746,0.11396941664055349,0.08348622388487723,0.1840857930895715,0.10362037531324451,-0.3298229769153933,0.13941297417150314,0.010349041327308975,0.41330920080027056,1.4155988150378687,0.030884028700380636,0.19495276225313996,-0.11541835086847138,0.06260736173962522,-0.23666395365670387,1.985894716094343,-0.7927806659720149,-1.9560766659752529
8,23,0.34036799860990047,0.12449462599835076,0.01428615884307936,0.20095502443839733,0.11414558467104179,-0.3990230419571912,0.13941297417150314,0.010349041327308975,0.41330920080027056,1.4155988150378687,0.030884028700380636,0.19495276225313996,-0.11541835086847138,0.06260736173962522,-0.23666395365670387,1.985894716094343,-0.7927806659720149,-1.9560766659752529
8,24,0.3348333798770026,0.04893689651997493,0.41934648984296397,0.19542040570549948,0.03858785519266596,0.006037289042693406,0.13941297417150314,0.010349041327308975,0.41330920080027056,1.4155988150378687,0.030884028700380636,0.19495276225313996,-0.11541835086847138,0.06260736173962522,-0.23666395365670387,1.985894716094343,-0.7927806659720149,-1.9560766659752529
8,25,0.44244384002498494,-0.005653492169541294,0.49033926184777976,0.3030308658534818,-0.01600253349685027,0.0770300610475092,0.13941297417150314,0.010349041327308975,0.41330920080027056,1.4155988150378687,0.030884028700380636,0.19495276225313996,-0.11541835086847138,0.06260736173962522,-0.23666395365670387,1.985894716094343,-0.7927806659720149,-1.9560766659752529
8,26,0.5033840794188948,-0.1157346194522133,0.6046565074557065,0.36397110524739174,-0.12608366077952227,0.19134730665543598,0.13941297417150314,0.010349041327308975,0.41330920080027056,1.4155988150378687,0.030884028700380636,0.19495276225313996,-0.11541835086847138,0.06260736173962522,-0.23666395365670387,1.985894716094343,-0.7927806659720149,-1.9560766659752529
9,0,-0.06561459659945643,-0.019170777887658672,0.4075289117575772,-0.2010464509666546,-0.026759702852146842,-0.00241093145288096,0.13543185436719818,0.007588924964488172,0.4099398432104582,1.4809433227168238,0.011991337735556377,0.13232432147135767,-0.23881942437342296,-0.165573866995849,-0.20212103118250646,3.9198864834406217,-1.1333347909312692,-3.756955055895758
9,1,-0.12815561868281297,-0.02963397261504644,0.3809628499945517,-0.2635874730500112,-0.03722289757953461,-0.028976993215906466,0.13543185436719818,0.007588924964488172,0.4099398432104582,1.4809433227168238,0.011991337735556377,0.13232432147135767,-0.23881942437342296,-0.165573866995849,-0.20212103118250646,3.9198864834406217,-1.1333347909312692,-3.756955055895758
9,2,-0.21316759819341838,-0.017259845026483978,0.29717833883751105,-0.34859945256061653,-0.02484876999097215,-0.11276150437294713,0.13543185436719818,0.007588924964488172,0.4099398432104582,1.4809433227168238,0.011991337735556377,0.13232432147135767,-0.23881942437342296,-0.165573866995849,-0.20212103118250646,3.9198864834406217,-1.1333347909312692,-3.756955055895758
9,3,-0.30057903619888005,-0.00027625016627510005,0.21673706823944192,-0.4360108905660782,-0.007865175130763272,-0.19320277497101626,0.13543185436719818,0.007588924964488172,0.4099398432104582,1.4809433227168238,0.011991337735556377,0.13232432147135767,-0.23881942437342296,-0.165573866995849,-0.20212103118250646,3.9198864834406217,-1.1333347909312692,-3.756955055895758
9,4,-0.0940746861116957,-0.08338632022158392,0.32496082991660247,-0.22950654047889388,-0.09097524518607208,-0.08497901329385571,0.13543185436719818,0.007588924964488172,0.4099398432104582,1.4809433227168238,0.011991337735556377,0.13232432147135767,-0.23881942437342296,-0.165573866995849,-0.20212103118250646,3.9198864834406217,-1.1333347909312692,-3.756955055895758
9,5,0.02456875625483769,-0.10062621332161577,0.21900555786017464,-0.11086309811236049,-0.10821513828610393,-0.19093428535028353,0.13543185436719818,0.007588924964488172,0.4099398432104582,1.4809433227168238,0.011991337735556377,0.13232432147135767,-0.23881942437342296,-0.165573866995849,-0.20212103118250646,3.9198864834406217,-1.1333347909312692,-3.756955055895758
9,6,-0.12734757426614432,-0.10681090312273572,0.12265630698225276,-0.26277942863334247,-0.11439982808722389,-0.2872835362282054,0.13543185436719818,0.007588924964488172,0.4099398432104582,1.4809433227168238,0.011991337735556377,0.13232432147135767,-0.23881942437342296,-0.165573866995849,-0.20212103118250646,3.9198864834406217,-1.1333347909312692,-3.756955055895758
9,7,-0.12241386642742247,-0.1208249153751273,0.015683104788137642,-0.25784572079462065,-0.12841384033961548,-0.39425673842232056,0.13543185436719818,0.007588924964488172,0.4099398432104582,1.4809433227168238,0.011991337735556377,0.13232432147135767,-0.23881942437342296,-0.165573866995849,-0.20212103118250646,3.9198864834406217,-1.1333347909312692,-3.756955055895758
9,8,-0.1037232139468863,0.01081009678901616,0.3105752536969768,-0.23915506831408448,0.0032211718245279877,-0.09936458951348137,0.13543185436719818,0.007588924964488172,0.4099398432104582,1.4809433227168238,0.011991337735556377,0.13232432147135767,-0.23881942437342296,-0.165573866995849,-0.20212103118250646,3.9198864834406217,-1.1333347909312692,-3.756955055895758
9,9,0.027526085325091182,0.04769430579290404,0.22683054296175595,-0.107905769042107,0.04010538082841587,-0.18310930024870223,0.13543185436719818,0.007588924964488172,0.4099398432104582,1.4809433227168238,0.011991337735556377,0.13232432147135767,-0.23881942437342296,-0.165573866995849,-0.20212103118250646,3.9198864834406217,-1.1333347909312692,-3.756955055895758
9,10,-0.08579853913510249,-0.002597056758647607,0.0963379824404757,-0.22123039350230067,-0.010185981723135779,-0.3136018607699825,0.13543185436719818,0.007588924964488172,0.4099398432104582,1.4809433227168238,0.011991337735556377,0.13232432147135767,-0.23881942437342296,-0.165573866995849,-0.20212103118250646,3.9198864834406217,-1.1333347909312692,-3.756955055895758
9,11,-0.03665930712434638,0.01158962375492557,0.001216617991077129,-0.17209116149154458,0.004000698790437398,-0.40872322521938104,0.13543185436719818,0.007588924964488172,0.4099398432104582,1.4809433227168238,0.011991337735556377,0.13232432147135767,-0.23881942437342296,-0.165573866995849,-0.20212103118250646,3.9198864834406217,-1.1333347909312692,-3.756955055895758
9,12,-0.06561459659945643,-0.019170777887658672,0.4075289117575772,-0.2010464509666546,-0.026759702852146842,-0.00241093145288096,0.13543185436719818,0.007588924964488172,0.4099398432104582,1.4809433227168238,0.011991337735556377,0.13232432147135767,-0.23881942437342296,-0.165573866995849,-0.20212103118250646,3.9198864834406217,-1.1333347909312692,-3.756955055895758
9,13,0.11253349068372173,0.0451587935492493,0.3925300699975533,-0.022898363683476447,0.03756986858476113,-0.017409773212904878,0.13543185436719818,0.007588924964488172,0.4099398432104582,1.4809433227168238,0.011991337735556377,0.13232432147135767,-0.23881942437342296,-0.165573866995849,-0.20212103118250646,3.9198864834406217,-1.1333347909312692,-3.756955055895758
9,14,0.30986744856804893,-0.013773733536335268,0.3896549459380921,0.17443559420085075,-0.021362658500823438,-0.020284897272366098,0.13543185436719818,0.007588924964488172,0.4099398432104582,1.4809433227168238,0.011991337735556377,0.13232432147135767,-0.23881942437342296,-0.165573866995849,-0.20212103118250646,3.9198864834406217,-1.1333347909312692,-3.756955055895758
9,15,0.3421962896173779,-0.07231603909782212,0.3457238135628057,0.20676443525017973,-0.07990496406231029,-0.0642160296476525,0.13543185436719818,0.007588924964488172,0.4099398432104582,1.4809433227168238,0.011991337735556377,0.13232432147135767,-0.23881942437342296,-0.165573866995849,-0.20212103118250646,3.9198864834406217,-1.1333347909312692,-3.756955055895758
9,16,0.24504665131955958,-0.09066653452163986,0.23027162821656605,0.1096147969523614,-0.09825545948612803,-0.17966821499389213,0.13543185436719818,0.007588924964488172,0.4099398432104582,1.4809433227168238,0.011991337735556377,0.13232432147135767,-0.23881942437342296,-0.165573866995849,-0.20212103118250646,3.9198864834406217,-1.1333347909312692,-3.756955055895758
9,17,0.3450098003652867,-0.1052947865638939,0.08371998857993027,0.20957794599808854,-0.11288371152838207,-0.32621985463052794,0.13543185436719818,0.007588924964488172,0.4099398432104582,1.4809433227168238,0.011991337735556377,0.13232432147135767,-0.23881942437342296,-0.165573866995849,-0.20212103118250646,3.9198864834406217,-1.1333347909312692,-3.756955055895758
9,18,0.38297675728222647,-0.09575186793427241,0.023292818471882974,0.2475449029150283,-0.10334079289876058,-0.3866470247385752,0.13543185436719818,0.007588924964488172,0.4099398432104582,1.4809433227168238,0.011991337735556377,0.13232432147135767,-0.23881942437342296,-0.165573866995849,-0.20212103118250646,3.9198864834406217,-1.1333347909312692,-3.756955055895758
9,19,0.31570703866681027,0.06953197790461085,0.3691109046534329,0.1802751842996121,0.06194305294012268,-0.040828938557025296,0.13543185436719818,0.007588924964488172,0.4099398432104582,1.4809433227168238,0.011991337735556377,0.13232432147135767,-0.23881942437342296,-0.165573866995849,-0.20212103118250646,3.9198864834406217,-1.1333347909312692,-3.756955055895758
9,20,0.37819411969127825,0.10230203207718036,0.3314082753409596,0.24276226532408007,0.0947131071126922,-0.07853156786949855,0.13543185436719818,0.007588924964488172,0.4099398432104582,1.4809433227168238,0.011991337735556377,0.13232432147135767,-0.23881942437342296,-0.165573866995849,-0.20212103118250646,3.9198864834406217,-1.1333347909312692,-3.756955055895758
9,21,0.2526311859961311,0.1369297921622675,0.25305734731904617,0.11719933162893292,0.12934086719777932,-0.156882495891412,0.13543185436719818,0.007588924964488172,0.4099398432104582,1.4809433227168238,0.011991337735556377,0.13232432147135767,-0.23881942437342296,-0.165573866995849,-0.20212103118250646,3.9198864834406217,-1.1333347909312692,-3.756955055895758
9,22,0.3048260516593059,0.11479001261693739,0.08432819701683865,0.1693941972921077,0.10720108765244922,-0.32561164619361954,0.13543185436719818,0.007588924964488172,0.4099398432104582,1.4809433227168238,0.011991337735556377,0.13232432147135767,-0.23881942437342296,-0.165573866995849,-0.20212103118250646,3.9198864834406217,-1.1333347909312692,-3.756955055895758
9,23,0.33248026660704577,0.12942208964807386,0.0194810943994382,0.1970484122398476,0.1218331646835857,-0.39045874881102,0.13543185436719818,0.007588924964488172,0.4099398432104582,1.4809433227168238,0.011991337735556377,0.13232432147135767,-0.23881942437342296,-0.165573866995849,-0.20212103118250646,3.9198864834406217,-1.1333347909312692,-3.756955055895758
9,24,0.3364783053338528,0.034348627816635016,0.4123507746633391,0.20104645096665463,0.026759702852146842,0.0024109314528809045,0.13543185436719818,0.007588924964488172,0.4099398432104582,1.4809433227168238,0.011991337735556377,0.13232432147135767,-0.23881942437342296,-0.165573866995849,-0.20212103118250646,3.9198864834406217,-1.1333347909312692,-3.756955055895758
9,25,0.4483034187613215,-0.007143118695237618,0.4856561245958175,0.31287156439412334,-0.01473204365972579,0.0757162813853593,0.13543185436719818,0.007588924964488172,0.4099398432104582,1.4809433227168238,0.011991337735556377,0.13232432147135767,-0.23881942437342296,-0.165573866995849,-0.20212103118250646,3.9198864834406217,-1.1333347909312692,-3.756955055895758
9,26,0.5632686118501389,-0.11933261066528078,0.5413025286354279,0.4278367574829407,-0.12692153562976896,0.13136268542496976,0.13543185436719818,0.007588924964488172,0.4099398432104582,1.4809433227168238,0.011991337735556377,0.13232432147135767,-0.23881942437342296,-0.165573866995849,-0.20212103118250646,3.9198864834406217,-1.1333347909312692,-3.756955055895758
10,0,-0.07616235737963917,-0.011212789298840706,0.40701391175757723,-0.20521404324899856,-0.011214430979059418,-0.0009164683682305053,0.1290516858693594,1.641680218711361e-06,0.40793038012580773,1.4892552938223886,0.004465884795174193,0.05459318166590139,-0.3827335631576958,-0.4551459678625951,-0.12054367634375779,0.49861854262536337,-0.451436889045122,-4.662935801167143
10,1,-0.13834044124896328,-0.022592029209626704,0.37997667253465295,-0.26739212711832266,-0.022593670889845416,-0.027953707591154786,0.1290516858693594,1.641680218711361e-06,0.40793038012580773,1.4892552938223886,0.004465884795174193,0.05459318166590139,-0.3827335631576958,-0.4551459678625951,-0.12054367634375779,0.49861854262536337,-0.451436889045122,-4.662935801167143
10,2,-0.22531537041290378,-0.0014472018628924662,0.30005009393414483,-0.35436705628226317,-0.0014488435431111776,-0.1078802861916629,0.1290516858693594,1.641680218711361e-06,0.40793038012580773,1.4892552938223886,0.004465884795174193,0.05459318166590139,-0.3827335631576958,-0.4551459678625951,-0.12054367634375779,0.49861854262536337,-0.451436889045122,-4.662935801167143
10,3,-0.31158874502799405,0.0326316813687655,0.22392168568140106,-0.44064043089735344,0.03263003968854679,-0.18400869444440668,0.1290516858693594,1.641680218711361e-06,0.40793038012580773,1.4892552938223886,0.004465884795174193,0.05459318166590139,-0.3827335631576958,-0.4551459678625951,-0.12054367634375779,0.49861854262536337,-0.451436889045122,-4.662935801167143
10,4,-0.10423003867892841,-0.08134579774574431,0.3292664545859619,-0.2332817245482878,-0.08134743942596302,-0.07866392553984586,0.1290516858693594,1.641680218711361e-06,0.40793038012580773,1.4892552938223886,0.004465884795174193,0.05459318166590139,-0.3827335631576958,-0.4551459678625951,-0.12054367634375779,0.49861854262536337,-0.451436889045122,-4.662935801167143
10,5,0.012162482602148791,-0.10623376436675419,0.22233951646652542,-0.1168892032672106,-0.1062354060469729,-0.18559086365928232,0.1290516858693594,1.641680218711361e-06,0.40793038012580773,1.4892552938223886,0.004465884795174193,0.05459318166590139,-0.3827335631576958,-0.4551459678625951,-0.12054367634375779,0.49861854262536337,-0.451436889045122,-4.662935801167143
10,6,-0.13850717863928108,-0.11121270047113879,0.12398371664831535,-0.26755886450864047,-0.1112143421513575,-0.28394666347749237,0.1290516858693594,1.641680218711361e-06,0.40793038012580773,1.4892552938223886,0.004465884795174193,0.05459318166590139,-0.3827335631576958,-0.4551459678625951,-0.12054367634375779,0.49861854262536337,-0.451436889045122,-4.662935801167143
10,7,-0.1402725132098919,-0.12566805307121884,0.016970042873017326,-0.2693241990792513,-0.12566969475143755,-0.3909603372527904,0.1290516858693594,1.641680218711361e-06,0.40793038012580773,1.4892552938223886,0.004465884795174193,0.05459318166590139,-0.3827335631576958,-0.4551459678625951,-0.12054367634375779,0.49861854262536337,-0.451436889045122,-4.662935801167143
10,8,-0.11160328954490767,0.011544069745517752,0.30712799150409,-0.24065497541426706,0.011542428065299041,-0.10080238862171775,0.1290516858693594,1.641680218711361e-06,0.40793038012580773,1.4892552938223886,0.004465884795174193,0.05459318166590139,-0.3827335631576958,-0.4551459678625951,-0.12054367634375779,0.49861854262536337,-0.451436889045122,-4.662935801167143
10,9,0.02214085579653867,0.04663760695493345,0.22662366107884505,-0.10691083007282072,0.04663596527471474,-0.1813067190469627,0.1290516858693594,1.641680218711361e-06,0.40793038012580773,1.4892552938223886,0.004465884795174193,0.05459318166590139,-0.3827335631576958,-0.4551459678625951,-0.12054367634375779,0.49861854262536337,-0.451436889045122,-4.662935801167143
10,10,-0.08942184172010133,-0.0017339295600615548,0.09390607006028538,-0.2184735275894607,-0.0017355712402802662,-0.31402431006552234,0.1290516858693594,1.641680218711361e-06,0.40793038012580773,1.4892552938223886,0.004465884795174193,0.05459318166590139,-0.3827335631576958,-0.4551459678625951,-0.12054367634375779,0.49861854262536337,-0.451436889045122,-4.662935801167143
10,11,-0.03690396316606575,0.012930132308826815,0.0006814074476918638,-0.16595564903542515,0.012928490628608104,-0.4072489726781159,0.1290516858693594,1.641680218711361e-06,0.40793038012580773,1.4892552938223886,0.004465884795174193,0.05459318166590139,-0.3827335631576958,-0.4551459678625951,-0.12054367634375779,0.49861854262536337,-0.451436889045122,-4.662935801167143
10,12,-0.07616235737963917,-0.011212789298840706,0.40701391175757723,-0.20521404324899856,-0.011214430979059418,-0.0009164683682305053,0.1290516858693594,1.641680218711361e-06,0.40793038012580773,1.4892552938223886,0.004465884795174193,0.05459318166590139,-0.3827335631576958,-0.4551459678625951,-0.12054367634375779,0.49861854262536337,-0.451436889045122,-4.662935801167143
10,13,0.11029734311236189,0.020182683751531472,0.38838317546429957,-0.0187543427569975,0.02018104207131276,-0.019547204661508166,0.1290516858693594,1.641680218711361e-06,0.40793038012580773,1.4892552938223886,0.004465884795174193,0.05459318166590139,-0.3827335631576958,-0.4551459678625951,-0.12054367634375779,0.49861854262536337,-0.451436889045122,-4.662935801167143
10,14,0.3088803493570636,-0.03369592806530601,0.3792243117510396,0.1798286634877042,-0.03369756974552472,-0.028706068374768134,0.1290516858693594,1.641680218711361e-06,0.40793038012580773,1.4892552938223886,0.004465884795174193,0.05459318166590139,-0.3827335631576958,-0.4551459678625951,-0.12054367634375779,0.49861854262536337,-0.451436889045122,-4.662935801167143
10,15,0.34745493658021476,-0.08537391007160197,0.3318567354307836,0.21840325071085537,-0.08537555175182068,-0.07607364469502415,0.1290516858693594,1.641680218711361e-06,0.40793038012580773,1.4892552938223886,0.004465884795174193,0.05459318166590139,-0.3827335631576958,-0.4551459678625951,-0.12054367634375779,0.49861854262536337,-0.451436889045122,-4.662935801167143
10,16,0.23971823528287073,-0.11255124476597766,0.22813501320118562,0.11066654941351134,-0.11255288644619638,-0.1797953669246221,0.1290516858693594,1.641680218711361e-06,0.40793038012580773,1.4892552938223886,0.004465884795174193,0.05459318166590139,-0.3827335631576958,-0.4551459678625951,-0.12054367634375779,0.49861854262536337,-0.451436889045122,-4.662935801167143
10,17,0.3309348025150355,-0.08821441491037132,0.07723353352787844,0.2018831166456761,-0.08821605659059004,-0.3306968465979293,0.1290516858693594,1.641680218711361e-06,0.40793038012580773,1.4892552938223886,0.004465884795174193,0.05459318166590139,-0.3827335631576958,-0.4551459678625951,-0.12054367634375779,0.49861854262536337,-0.451436889045122,-4.662935801167143
10,18,0.3736303093545182,-0.0766768804788055,0.02041822755014377,0.2445786234851588,-0.07667852215902421,-0.38751215257566396,0.1290516858693594,1.641680218711361e-06,0.40793038012580773,1.4892552938223886,0.004465884795174193,0.05459318166590139,-0.3827335631576958,-0.4551459678625951,-0.12054367634375779,0.49861854262536337,-0.451436889045122,-4.662935801167143
10,19,0.31306726786492195,0.05179378954866666,0.3708590329369536,0.18401558199556256,0.05179214786844795,-0.03707134718885413,0.1290516858693594,1.641680218711361e-06,0.40793038012580773,1.4892552938223886,0.004465884795174193,0.05459318166590139,-0.3827335631576958,-0.4551459678625951,-0.12054367634375779,0.49861854262536337,-0.451436889045122,-4.662935801167143
10,20,0.37293225142857894,0.09087031144167972,0.33495347382079044,0.24388056555921955,0.090868669761461,-0.0729769063050173,0.1290516858693594,1.641680218711361e-06,0.40793038012580773,1.4892552938223886,0.004465884795174193,0.05459318166590139,-0.3827335631576958,-0.4551459678625951,-0.12054367634375779,0.49861854262536337,-0.451436889045122,-4.662935801167143
10,21,0.2507896005500154,0.11662978005398583,0.24822618514939626,0.12173791468065603,0.11662813837376712,-0.15970419497641147,0.1290516858693594,1.641680218711361e-06,0.40793038012580773,1.4892552938223886,0.004465884795174193,0.05459318166590139,-0.3827335631576958,-0.4551459678625951,-0.12054367634375779,0.49861854262536337,-0.451436889045122,-4.662935801167143
10,22,0.3059658187272845,0.1106805927651312,0.07909844610073723,0.17691413285792512,0.11067895108491249,-0.3288319340250705,0.1290516858693594,1.641680218711361e-06,0.40793038012580773,1.4892552938223886,0.004465884795174193,0.05459318166590139,-0.3827335631576958,-0.4551459678625951,-0.12054367634375779,0.49861854262536337,-0.451436889045122,-4.662935801167143
10,23,0.33439782938845236,0.12320150290410942,0.014145789663473112,0.20534614351909297,0.1231998612238907,-0.3937845904623346,0.1290516858693594,1.641680218711361e-06,0.40793038012580773,1.4892552938223886,0.004465884795174193,0.05459318166590139,-0.3827335631576958,-0.4551459678625951,-0.12054367634375779,0.49861854262536337,-0.451436889045122,-4.662935801167143
10,24,0.33426572911835795,0.01121607265927813,0.4088468484940383,0.20521404324899856,0.011214430979059418,0.0009164683682305608,0.1290516858693594,1.641680218711361e-06,0.40793038012580773,1.4892552938223886,0.004465884795174193,0.05459318166590139,-0.3827335631576958,-0.4551459678625951,-0.12054367634375779,0.49861854262536337,-0.451436889045122,-4.662935801167143
10,25,0.448899890639462,-0.02223070489014616,0.4819250081271596,0.3198482047701026,-0.02223234657036487,0.07399462800135187,0.1290516858693594,1.641680218711361e-06,0.40793038012580773,1.4892552938223886,0.004465884795174193,0.05459318166590139,-0.3827335631576958,-0.4551459678625951,-0.12054367634375779,0.49861854262536337,-0.451436889045122,-4.662935801167143
10,26,0.5876072677813386,-0.11118486805567497,0.5237271654818012,0.45855558191197926,-0.11118650973589368,0.11579678535599347,0.1290516858693594,1.641680218711361e-06,0.40793038012580773,1.4892552938223886,0.004465884795174193,0.05459318166590139,-0.3827335631576958,-0.4551459678625951,-0.12054367634375779,0.49861854262536337,-0.451436889045122,-4.662935801167143
11,0,-0.08431767501386592,-0.007231719185063238,0.4050549117575772,-0.20613598871922584,0.004101998676129644,-0.0006209725022788826,0.12181831370535993,-0.011333717861192883,0.40567588425985607,-1.420554173717292,0.0030124318792986277,-0.019896852466676586,-0.43391554673062116,-0.6799855753696217,-0.13524270341641673,-174.55365732091667,-0.08718973700513287,-4.468508346285421
11,1,-0.1466034201432361,-0.018597012577129785,0.37826070378568005,-0.268421733848596,-0.007263294715936902,-0.027415180474176015,0.12181831370535993,-0.011333717861192883,0.40567588425985607,-1.420554173717292,0.0030124318792986277,-0.019896852466676586,-0.43391554673062116,-0.6799855753696217,-0.13524270341641673,-174.55365732091667,-0.08718973700513287,-4.468508346285421
11,2,-0.23563189535902834,0.01189944836541896,0.30380335715642953,-0.3574502090643883,0.023233166226611843,-0.10187252710342654,0.12181831370535993,-0.011333717861192883,0.40567588425985607,-1.420554173717292,0.0030124318792986277,-0.019896852466676586,-0.43391554673062116,-0.6799855753696217,-0.13524270341641673,-174.55365732091667,-0.08718973700513287,-4.468508346285421
11,3,-0.3184902680923922,0.06341667183840716,0.2339430268560613,-0.4403085817977522,0.07475038969960004,-0.17173285740379476,0.12181831370535993,-0.011333717861192883,0.40567588425985607,-1.420554173717292,0.0030124318792986277,-0.019896852466676586,-0.43391554673062116,-0.6799855753696217,-0.13524270341641673,-174.55365732091667,-0.08718973700513287,-4.468508346285421
11,4,-0.11363434947580332,-0.08081183226630143,0.3310440999558498,-0.23545266318116326,-0.06947811440510854,-0.07463178430400624,0.12181831370535993,-0.011333717861192883,0.40567588425985607,-1.420554173717292,0.0030124318792986277,-0.019896852466676586,-0.43391554673062116,-0.6799855753696217,-0.13524270341641673,-174.55365732091667,-0.08718973700513287,-4.468508346285421
11,5,0.0009560657577576126,-0.10593349631967046,0.22224180804019775,-0.12086224794760232,-0.09459977845847757,-0.18343407621965832,0.12181831370535993,-0.011333717861192883,0.40567588425985607,-1.420554173717292,0.0030124318792986277,-0.019896852466676586,-0.43391554673062116,-0.6799855753696217,-0.13524270341641673,-174.55365732091667,-0.08718973700513287,-4.468508346285421
11,6,-0.149344512879443,-0.11252724963865068,0.12341742608345894,-0.27116282658480295,-0.1011935317774578,-0.2822584581763971,0.12181831370535993,-0.011333717861192883,0.40567588425985607,-1.420554173717292,0.0030124318792986277,-0.019896852466676586,-0.43391554673062116,-0.6799855753696217,-0.13524270341641673,-174.55365732091667,-0.08718973700513287,-4.468508346285421
11,7,-0.15345913411873213,-0.12897556497813895,0.016756642219702,-0.2752774478240921,-0.11764184711694606,-0.38891924204015405,0.12181831370535993,-0.011333717861192883,0.40567588425985607,-1.420554173717292,0.0030124318792986277,-0.019896852466676586,-0.43391554673062116,-0.6799855753696217,-0.13524270341641673,-174.55365732091667,-0.08718973700513287,-4.468508346285421
11,8,-0.11866598215590389,0.01088313941763541,0.3038463297779996,-0.24048429586126382,0.022216857278828293,-0.10182955448185649,0.12181831370535993,-0.011333717861192883,0.40567588425985607,-1.420554173717292,0.0030124318792986277,-0.019896852466676586,-0.43391554673062116,-0.6799855753696217,-0.13524270341641673,-174.55365732091667,-0.08718973700513287,-4.468508346285421
11,9,0.015519143658411588,0.051917956688713664,0.2269665809907974,-0.10629917004694835,0.06325167454990654,-0.17870930326905868,0.12181831370535993,-0.011333717861192883,0.40567588425985607,-1.420554173717292,0.0030124318792986277,-0.019896852466676586,-0.43391554673062116,-0.6799855753696217,-0.13524270341641673,-174.55365732091667,-0.08718973700513287,-4.468508346285421
11,10,-0.09077869536681349,-0.0023354074046104747,0.09221739955641986,-0.21259700907217344,0.008998310456582408,-0.3134584847034362,0.12181831370535993,-0.011333717861192883,0.40567588425985607,-1.420554173717292,0.0030124318792986277,-0.019896852466676586,-0.43391554673062116,-0.6799855753696217,-0.13524270341641673,-174.55365732091667,-0.08718973700513287,-4.468508346285421
11,11,-0.03574181823744485,0.012707824669328726,0.0005187445866210181,-0.15756013194280477,0.02404154253052161,-0.405157139673235,0.12181831370535993,-0.011333717861192883,0.40567588425985607,-1.420554173717292,0.0030124318792986277,-0.019896852466676586,-0.43391554673062116,-0.6799855753696217,-0.13524270341641673,-174.55365732091667,-0.08718973700513287,-4.468508346285421
11,12,-0.08431767501386592,-0.007231719185063238,0.4050549117575772,-0.20613598871922584,0.004101998676129644,-0.0006209725022788826,0.12181831370535993,-0.011333717861192883,0.40567588425985607,-1.420554173717292,0.0030124318792986277,-0.019896852466676586,-0.43391554673062116,-0.6799855753696217,-0.13524270341641673,-174.55365732091667,-0.08718973700513287,-4.468508346285421
11,13,0.1042455398963526,-0.010565860819248896,0.3819725057396208,-0.017572773809007333,0.0007678570419439867,-0.02370337852023524,0.12181831370535993,-0.011333717861192883,0.40567588425985607,-1.420554173717292,0.0030124318792986277,-0.019896852466676586,-0.43391554673062116,-0.6799855753696217,-0.13524270341641673,-174.55365732091667,-0.08718973700513287,-4.468508346285421
11,14,0.30485393636049696,-0.05530030618063147,0.368664588967092,0.183035622655137,-0.04396658831943859,-0.03701129529276409,0.12181831370535993,-0.011333717861192883,0.40567588425985607,-1.420554173717292,0.0030124318792986277,-0.019896852466676586,-0.43391554673062116,-0.6799855753696217,-0.13524270341641673,-174.55365732091667,-0.08718973700513287,-4.468508346285421
11,15,0.34949833487308535,-0.09841231528446193,0.3181617945448106,0.2276800211677254,-0.08707859742326904,-0.08751408971504548,0.12181831370535993,-0.011333717861192883,0.40567588425985607,-1.420554173717292,0.0030124318792986277,-0.019896852466676586,-0.43391554673062116,-0.6799855753696217,-0.13524270341641673,-174.55365732091667,-0.08718973700513287,-4.468508346285421
11,16,0.23863520675471442,-0.12714775156868544,0.2182236060484155,0.11681689304935448,-0.11581403370749255,-0.18745227821144056,0.12181831370535993,-0.011333717861192883,0.40567588425985607,-1.420554173717292,0.0030124318792986277,-0.019896852466676586,-0.43391554673062116,-0.6799855753696217,-0.13524270341641673,-174.55365732091667,-0.08718973700513287,-4.468508346285421
11,17,0.31940704195643876,-0.0773506422964855,0.0676242748993207,0.19758872825107882,-0.06601692443529261,-0.33805160936053535,0.12181831370535993,-0.011333717861192883,0.40567588425985607,-1.420554173717292,0.0030124318792986277,-0.019896852466676586,-0.43391554673062116,-0.6799855753696217,-0.13524270341641673,-174.55365732091667,-0.08718973700513287,-4.468508346285421
11,18,0.36908423790223777,-0.061601935109373396,0.017943751313369925,0.24726592419687782,-0.050268217248180515,-0.3877321329464861,0.12181831370535993,-0.011333717861192883,0.40567588425985607,-1.420554173717292,0.0030124318792986277,-0.019896852466676586,-0.43391554673062116,-0.6799855753696217,-0.13524270341641673,-174.55365732091667,-0.08718973700513287,-4.468508346285421
11,19,0.3059849691982587,0.03042607106713019,0.375425432527978,0.18416665549289873,0.04175978892832307,-0.03025045173187807,0.12181831370535993,-0.011333717861192883,0.40567588425985607,-1.420554173717292,0.0030124318792986277,-0.019896852466676586,-0.43391554673062116,-0.6799855753696217,-0.13524270341641673,-174.55365732091667,-0.08718973700513287,-4.468508346285421
11,20,0.36331378121690083,0.07657425523243953,0.34406060495733626,0.24149546751154088,0.08790797309363242,-0.06161527930251981,0.12181831370535993,-0.011333717861192883,0.40567588425985607,-1.420554173717292,0.0030124318792986277,-0.019896852466676586,-0.43391554673062116,-0.6799855753696217,-0.13524270341641673,-174.55365732091667,-0.08718973700513287,-4.468508346285421
11,21,0.2480574295706703,0.10006441999035806,0.24778918885097195,0.1262391158653104,0.11139813785155095,-0.15788669540888411,0.12181831370535993,-0.011333717861192883,0.40567588425985607,-1.420554173717292,0.0030124318792986277,-0.019896852466676586,-0.43391554673062116,-0.6799855753696217,-0.13524270341641673,-174.55365732091667,-0.08718973700513287,-4.468508346285421
11,22,0.30568886523120686,0.1124129825022078,0.0798304718215785,0.18387055152584691,0.12374670036340069,-0.3258454124382776,0.12181831370535993,-0.011333717861192883,0.40567588425985607,-1.420554173717292,0.0030124318792986277,-0.019896852466676586,-0.43391554673062116,-0.6799855753696217,-0.13524270341641673,-174.55365732091667,-0.08718973700513287,-4.468508346285421
11,23,0.3374320477398979,0.11851106379028425,0.01549398319815521,0.21561373403453793,0.12984478165147714,-0.39018190106170086,0.12181831370535993,-0.011333717861192883,0.40567588425985607,-1.420554173717292,0.0030124318792986277,-0.019896852466676586,-0.43391554673062116,-0.6799855753696217,-0.13524270341641673,-174.55365732091667,-0.08718973700513287,-4.468508346285421
11,24,0.3279543024245858,-0.015435716537322527,0.40629685676213495,0.20613598871922584,-0.004101998676129644,0.0006209725022788826,0.12181831370535993,-0.011333717861192883,0.40567588425985607,-1.420554173717292,0.0030124318792986277,-0.019896852466676586,-0.43391554673062116,-0.6799855753696217,-0.13524270341641673,-174.55365732091667,-0.08718973700513287,-4.468508346285421
11,25,0.44614701707284077,-0.04535511954012666,0.47511114935546694,0.3243287033674808,-0.03402140167893378,0.06943526509561088,0.12181831370535993,-0.011333717861192883,0.40567588425985607,-1.420554173717292,0.0030124318792986277,-0.019896852466676586,-0.43391554673062116,-0.6799855753696217,-0.13524270341641673,-174.55365732091667,-0.08718973700513287,-4.468508346285421
11,26,0.5826728668664032,-0.11907192315925025,0.5445843470101744,0.46085455316104323,-0.10773820529805736,0.13890846275031837,0.12181831370535993,-0.011333717861192883,0.40567588425985607,-1.420554173717292,0.0030124318792986277,-0.019896852466676586,-0.43391554673062116,-0.6799855753696217,-0.13524270341641673,-174.55365732091667,-0.08718973700513287,-4.468508346285421
12,0,-0.08778684217505384,-0.009876734157373397,0.40376691175757723,-0.20405733276308194,0.015797369612760615,0.0012856572297203495,0.1162704905880281,-0.025674103770134012,0.4024812545278569,-1.6520016169934089,-0.006300387253575176,-0.07726222335257854,-0.332802826474615,-0.8602511043156046,-0.19163945602874552,-13.88406978261049,-0.5586574164891304,-3.4412340063528464
12,1,-0.1508706824249808,-0.01948674935854088,0.3781799965662384,-0.2671411730130089,0.006187354411593134,-0.024301257961618472,0.1162704905880281,-0.025674103770134012,0.4024812545278569,-1.6520016169934089,-0.006300387253575176,-0.07726222335257854,-0.332802826474615,-0.8602511043156046,-0.19163945602874552,-13.88406978261049,-0.5586574164891304,-3.4412340063528464
12,2,-0.24140849843682533,0.021058960703986808,0.31066000496917734,-0.3576789890248534,0.04673306447412082,-0.09182124955867954,0.1162704905880281,-0.025674103770134012,0.4024812545278569,-1.6520016169934089,-0.006300387253575176,-0.07726222335257854,-0.332802826474615,-0.8602511043156046,-0.19163945602874552,-13.88406978261049,-0.5586574164891304,-3.4412340063528464
12,3,-0.3188938788879492,0.08844251781773468,0.24856755740240927,-0.43516436947597725,0.1141166215878687,-0.1539136971254476,0.1162704905880281,-0.025674103770134012,0.4024812545278569,-1.6520016169934089,-0.006300387253575176,-0.07726222335257854,-0.332802826474615,-0.8602511043156046,-0.19163945602874552,-13.88406978261049,-0.5586574164891304,-3.4412340063528464
12,4,-0.12055038680420371,-0.08251832663017641,0.3302764369073131,-0.23682087739223182,-0.0568442228600424,-0.07220481762054376,0.1162704905880281,-0.025674103770134012,0.4024812545278569,-1.6520016169934089,-0.006300387253575176,-0.07726222335257854,-0.332802826474615,-0.8602511043156046,-0.19163945602874552,-13.88406978261049,-0.5586574164891304,-3.4412340063528464
12,5,-0.006661154510266429,-0.10301681589113554,0.21978184562471684,-0.12293164509829453,-0.07734271212100152,-0.18269940890314004,0.1162704905880281,-0.025674103770134012,0.4024812545278569,-1.6520016169934089,-0.006300387253575176,-0.07726222335257854,-0.332802826474615,-0.8602511043156046,-0.19163945602874552,-13.88406978261049,-0.5586574164891304,-3.4412340063528464
12,6,-0.1574658989750723,-0.11143982132664007,0.12186871054287803,-0.2737363895631004,-0.08576571755650605,-0.28061254398497887,0.1162704905880281,-0.025674103770134012,0.4024812545278569,-1.6520016169934089,-0.006300387253575176,-0.07726222335257854,-0.332802826474615,-0.8602511043156046,-0.19163945602874552,-13.88406978261049,-0.5586574164891304,-3.4412340063528464
12,7,-0.16039733922969462,-0.12800073673518791,0.015186271787452146,-0.27666782981772275,-0.1023266329650539,-0.38729498274040475,0.1162704905880281,-0.025674103770134012,0.4024812545278569,-1.6520016169934089,-0.006300387253575176,-0.07726222335257854,-0.332802826474615,-0.8602511043156046,-0.19163945602874552,-13.88406978261049,-0.5586574164891304,-3.4412340063528464
12,8,-0.12358339726308509,0.009318560192410143,0.3032617940223656,-0.2398538878511132,0.034992663962544156,-0.0992194605054913,0.1162704905880281,-0.025674103770134012,0.4024812545278569,-1.6520016169934089,-0.006300387253575176,-0.07726222335257854,-0.332802826474615,-0.8602511043156046,-0.19163945602874552,-13.88406978261049,-0.5586574164891304,-3.4412340063528464
12,9,0.008587278017301844,0.05962941221707766,0.22843044524202719,-0.10768321257072626,0.08530351598721167,-0.1740508092858297,0.1162704905880281,-0.025674103770134012,0.4024812545278569,-1.6520016169934089,-0.006300387253575176,-0.07726222335257854,-0.332802826474615,-0.8602511043156046,-0.19163945602874552,-13.88406978261049,-0.5586574164891304,-3.4412340063528464
12,10,-0.09162789051241206,-0.0008883266874511811,0.09170252829903278,-0.20789838110044018,0.02478577708268283,-0.3107787262288241,0.1162704905880281,-0.025674103770134012,0.4024812545278569,-1.6520016169934089,-0.006300387253575176,-0.07726222335257854,-0.332802826474615,-0.8602511043156046,-0.19163945602874552,-13.88406978261049,-0.5586574164891304,-3.4412340063528464
12,11,-0.03525329029202108,0.012582099355867928,0.0005737618665933647,-0.1515237808800492,0.03825620312600194,-0.4019074926612635,0.1162704905880281,-0.025674103770134012,0.4024812545278569,-1.6520016169934089,-0.006300387253575176,-0.07726222335257854,-0.332802826474615,-0.8602511043156046,-0.19163945602874552,-13.88406978261049,-0.5586574164891304,-3.4412340063528464
12,12,-0.08778684217505384,-0.009876734157373397,0.40376691175757723,-0.20405733276308194,0.015797369612760615,0.0012856572297203495,0.1162704905880281,-0.025674103770134012,0.4024812545278569,-1.6520016169934089,-0.006300387253575176,-0.07726222335257854,-0.332802826474615,-0.8602511043156046,-0.19163945602874552,-13.88406978261049,-0.5586574164891304,-3.4412340063528464
12,13,0.09725947980835559,-0.03827433806228678,0.37134107629382157,-0.019011010779672516,-0.012600234292152766,-0.03114017823403531,0.1162704905880281,-0.025674103770134012,0.4024812545278569,-1.6520016169934089,-0.006300387253575176,-0.07726222335257854,-0.332802826474615,-0.8602511043156046,-0.19163945602874552,-13.88406978261049,-0.5586574164891304,-3.4412340063528464
12,14,0.2995360951526723,-0.07384689604132547,0.3558245046740901,0.18326560456464422,-0.04817279227119145,-0.04665674985376678,0.1162704905880281,-0.025674103770134012,0.4024812545278569,-1.6520016169934089,-0.006300387253575176,-0.07726222335257854,-0.332802826474615,-0.8602511043156046,-0.19163945602874552,-13.88406978261049,-0.5586574164891304,-3.4412340063528464
12,15,0.3497919193771523,-0.10940572951638292,0.3047146094855052,0.2335214287891242,-0.0837316257462489,-0.09776664504235166,0.1162704905880281,-0.025674103770134012,0.4024812545278569,-1.6520016169934089,-0.006300387253575176,-0.07726222335257854,-0.332802826474615,-0.8602511043156046,-0.19163945602874552,-13.88406978261049,-0.5586574164891304,-3.4412340063528464
12,16,0.23558112403053277,-0.13519577116007578,0.20778799819926208,0.11931063344250467,-0.10952166738994176,-0.1946932563285948,0.1162704905880281,-0.025674103770134012,0.4024812545278569,-1.6520016169934089,-0.006300387253575176,-0.07726222335257854,-0.332802826474615,-0.8602511043156046,-0.19163945602874552,-13.88406978261049,-0.5586574164891304,-3.4412340063528464
12,17,0.32135478623244723,-0.07666876801027334,0.06321459548453774,0.20508429564441913,-0.05099466424013932,-0.33926665904331915,0.1162704905880281,-0.025674103770134012,0.4024812545278569,-1.6520016169934089,-0.006300387253575176,-0.07726222335257854,-0.332802826474615,-0.8602511043156046,-0.19163945602874552,-13.88406978261049,-0.5586574164891304,-3.4412340063528464
12,18,0.37222696662985966,-0.06472020645039946,0.013684270049604291,0.2559564760418316,-0.03904610268026544,-0.3887969844782526,0.1162704905880281,-0.025674103770134012,0.4024812545278569,-1.6520016169934089,-0.006300387253575176,-0.07726222335257854,-0.332802826474615,-0.8602511043156046,-0.19163945602874552,-13.88406978261049,-0.5586574164891304,-3.4412340063528464
12,19,0.2975972387478313,0.008900303444035813,0.37917277681004535,0.18132674815980318,0.03457440721416982,-0.023308477717811527,0.1162704905880281,-0.025674103770134012,0.4024812545278569,-1.6520016169934089,-0.006300387253575176,-0.07726222335257854,-0.332802826474615,-0.8602511043156046,-0.19163945602874552,-13.88406978261049,-0.5586574164891304,-3.4412340063528464
12,20,0.35224751346644123,0.061341979832825404,0.35341975660831015,0.23597702287841313,0.08701608360295941,-0.049061497919546726,0.1162704905880281,-0.025674103770134012,0.4024812545278569,-1.6520016169934089,-0.006300387253575176,-0.07726222335257854,-0.332802826474615,-0.8602511043156046,-0.19163945602874552,-13.88406978261049,-0.5586574164891304,-3.4412340063528464
12,21,0.24564275076514408,0.08637704407401706,0.24800310647501755,0.12937226017711598,0.11205114784415107,-0.15447814805283933,0.1162704905880281,-0.025674103770134012,0.4024812545278569,-1.6520016169934089,-0.006300387253575176,-0.07726222335257854,-0.332802826474615,-0.8602511043156046,-0.19163945602874552,-13.88406978261049,-0.5586574164891304,-3.4412340063528464
12,22,0.30761722227678,0.11744303921578364,0.08405778380402043,0.1913467316887519,0.14311714298591766,-0.3184234707238365,0.1162704905880281,-0.025674103770134012,0.4024812545278569,-1.6520016169934089,-0.006300387253575176,-0.07726222335257854,-0.332802826474615,-0.8602511043156046,-0.19163945602874552,-13.88406978261049,-0.5586574164891304,-3.4412340063528464
12,23,0.3375941350943158,0.12728795254687142,0.019339452712864472,0.2213236445062877,0.15296205631700543,-0.3831418018149924,0.1162704905880281,-0.025674103770134012,0.4024812545278569,-1.6520016169934089,-0.006300387253575176,-0.07726222335257854,-0.332802826474615,-0.8602511043156046,-0.19163945602874552,-13.88406978261049,-0.5586574164891304,-3.4412340063528464
12,24,0.32032782335111004,-0.04147147338289463,0.4011955972981365,0.20405733276308194,-0.015797369612760615,-0.001285657229720405,0.1162704905880281,-0.025674103770134012,0.4024812545278569,-1.6520016169934089,-0.006300387253575176,-0.07726222335257854,-0.332802826474615,-0.8602511043156046,-0.19163945602874552,-13.88406978261049,-0.5586574164891304,-3.4412340063528464
12,25,0.4414318083196469,-0.07585211915739615,0.46244828181711206,0.3251613177316188,-0.05017801538726213,0.05996702728925518,0.1162704905880281,-0.025674103770134012,0.4024812545278569,-1.6520016169934089,-0.006300387253575176,-0.07726222335257854,-0.332802826474615,-0.8602511043156046,-0.19163945602874552,-13.88406978261049,-0.5586574164891304,-3.4412340063528464
12,26,0.5677417473591393,-0.1338821828526715,0.5603171277452742,0.4514712567711112,-0.10820807908253749,0.15783587321741732,0.1162704905880281,-0.025674103770134012,0.4024812545278569,-1.6520016169934089,-0.006300387253575176,-0.07726222335257854,-0.332802826474615,-0.8602511043156046,-0.19163945602874552,-13.88406978261049,-0.5586574164891304,-3.4412340063528464
13,0,-0.08787999385759827,-0.02002643896707577,0.4041779117575772,-0.20252958767960022,0.0174578020554932,0.00576086301228923,0.11464959382200193,-0.03748424102256897,0.398417048745288,-1.8895329534245044,-0.02843688244203036,-0.0859862280593492,-0.09723435908975223,-0.7084665418377298,-0.24380358623688578,-14.249030379789776,-1.3279241264820145,-0.5233356152831832
13,1,-0.15178044704562696,-0.026351318705084975,0.3796149009532536,-0.2664300408676289,0.011132922317483994,-0.018802147792034374,0.11464959382200193,-0.03748424102256897,0.398417048745288,-1.8895329534245044,-0.02843688244203036,-0.0859862280593492,-0.09723435908975223,-0.7084665418377298,-0.24380358623688578,-14.249030379789776,-1.3279241264820145,-0.5233356152831832
13,2,-0.2420611261956086,0.025303039527757577,0.31977155342341795,-0.3567107200176105,0.06278728055032655,-0.07864549532187004,0.11464959382200193,-0.03748424102256897,0.398417048745288,-1.8895329534245044,-0.02843688244203036,-0.0859862280593492,-0.09723435908975223,-0.7084665418377298,-0.24380358623688578,-14.249030379789776,-1.3279241264820145,-0.5233356152831832
13,3,-0.313279918988925,0.10534267468064344,0.2657202782006692,-0.42792951281092695,0.1428269157032124,-0.13269677054461881,0.11464959382200193,-0.03748424102256897,0.398417048745288,-1.8895329534245044,-0.02843688244203036,-0.0859862280593492,-0.09723435908975223,-0.7084665418377298,-0.24380358623688578,-14.249030379789776,-1.3279241264820145,-0.5233356152831832
13,4,-0.12402715230576974,-0.0859259835013551,0.3260643170841334,-0.23867674612777168,-0.048441742478786125,-0.07235273166115458,0.11464959382200193,-0.03748424102256897,0.398417048745288,-1.8895329534245044,-0.02843688244203036,-0.0859862280593492,-0.09723435908975223,-0.7084665418377298,-0.24380358623688578,-14.249030379789776,-1.3279241264820145,-0.5233356152831832
13,5,-0.009224661452971294,-0.09867394218625476,0.21534901715594645,-0.12387425527497323,-0.06118970116368579,-0.18306803158934154,0.11464959382200193,-0.03748424102256897,0.398417048745288,-1.8895329534245044,-0.02843688244203036,-0.0859862280593492,-0.09723435908975223,-0.7084665418377298,-0.24380358623688578,-14.249030379789776,-1.3279241264820145,-0.5233356152831832
13,6,-0.16143017994873773,-0.10915462213671896,0.11983129378385947,-0.27607977377073967,-0.07167038111415,-0.2785857549614285,0.11464959382200193,-0.03748424102256897,0.398417048745288,-1.8895329534245044,-0.02843688244203036,-0.0859862280593492,-0.09723435908975223,-0.7084665418377298,-0.24380358623688578,-14.249030379789776,-1.3279241264820145,-0.5233356152831832
13,7,-0.16144719996149065,-0.1263546792052456,0.013209730547130046,-0.2760967937834926,-0.08887043818267662,-0.38520731819815796,0.11464959382200193,-0.03748424102256897,0.398417048745288,-1.8895329534245044,-0.02843688244203036,-0.0859862280593492,-0.09723435908975223,-0.7084665418377298,-0.24380358623688578,-14.249030379789776,-1.3279241264820145,-0.5233356152831832
13,8,-0.12578967295806243,0.007816077142602053,0.3065112239925853,-0.24043926678006436,0.04530031816517102,-0.0919058247527027,0.11464959382200193,-0.03748424102256897,0.398417048745288,-1.8895329534245044,-0.02843688244203036,-0.0859862280593492,-0.09723435908975223,-0.7084665418377298,-0.24380358623688578,-14.249030379789776,-1.3279241264820145,-0.5233356152831832
13,9,0.004433509124353127,0.06406695682667081,0.2324993237650073,-0.1102160846976488,0.10155119784923977,-0.1659177249802807,0.11464959382200193,-0.03748424102256897,0.398417048745288,-1.8895329534245044,-0.02843688244203036,-0.0859862280593492,-0.09723435908975223,-0.7084665418377298,-0.24380358623688578,-14.249030379789776,-1.3279241264820145,-0.5233356152831832
13,10,-0.09183956550584757,0.003509188553683311,0.09298498114021575,-0.2064891593278495,0.04099342957625228,-0.30543206760507224,0.11464959382200193,-0.03748424102256897,0.398417048745288,-1.8895329534245044,-0.02843688244203036,-0.0859862280593492,-0.09723435908975223,-0.7084665418377298,-0.24380358623688578,-14.249030379789776,-1.3279241264820145,-0.5233356152831832
13,11,-0.036254989484348805,0.014850031966030502,0.0010842728841902625,-0.15090458330635073,0.05233427298859947,-0.3973327758610977,0.11464959382200193,-0.03748424102256897,0.398417048745288,-1.8895329534245044,-0.02843688244203036,-0.0859862280593492,-0.09723435908975223,-0.7084665418377298,-0.24380358623688578,-14.249030379789776,-1.3279241264820145,-0.5233356152831832
13,12,-0.08787999385759827,-0.02002643896707577,0.4041779117575772,-0.20252958767960022,0.0174578020554932,0.00576086301228923,0.11464959382200193,-0.03748424102256897,0.398417048745288,-1.8895329534245044,-0.02843688244203036,-0.0859862280593492,-0.09723435908975223,-0.7084665418377298,-0.24380358623688578,-14.249030379789776,-1.3279241264820145,-0.5233356152831832
13,13,0.09447469673550267,-0.050456833106499926,0.3603514594945631,-0.020174897086499263,-0.012972592083930957,-0.038065589250724896,0.11464959382200193,-0.03748424102256897,0.398417048745288,-1.8895329534245044,-0.02843688244203036,-0.0859862280593492,-0.09723435908975223,-0.7084665418377298,-0.24380358623688578,-14.249030379789776,-1.3279241264820145,-0.5233356152831832
13,14,0.29748081631657824,-0.08039484557403441,0.34262490298173565,0.1828312224945763,-0.04291060455146544,-0.05579214576355235,0.11464959382200193,-0.03748424102256897,0.398417048745288,-1.8895329534245044,-0.02843688244203036,-0.0859862280593492,-0.09723435908975223,-0.7084665418377298,-0.24380358623688578,-14.249030379789776,-1.3279241264820145,-0.5233356152831832
13,15,0.35224113241894445,-0.11221729387583583,0.29372766935380434,0.23759153859694251,-0.07473305285326687,-0.10468937939148365,0.11464959382200193,-0.03748424102256897,0.398417048745288,-1.8895329534245044,-0.02843688244203036,-0.0859862280593492,-0.09723435908975223,-0.7084665418377298,-0.24380358623688578,-14.249030379789776,-1.3279241264820145,-0.5233356152831832
13,16,0.2348606634863919,-0.14533508688423183,0.20301362802799838,0.12021106966438996,-0.10785084586166285,-0.1954034207172896,0.11464959382200193,-0.03748424102256897,0.398417048745288,-1.8895329534245044,-0.02843688244203036,-0.0859862280593492,-0.09723435908975223,-0.7084665418377298,-0.24380358623688578,-14.249030379789776,-1.3279241264820145,-0.5233356152831832
13,17,0.32227421680077584,-0.07583551680433302,0.06440381433925763,0.2076246229787739,-0.03835127578176405,-0.33401323440603037,0.11464959382200193,-0.03748424102256897,0.398417048745288,-1.8895329534245044,-0.02843688244203036,-0.0859862280593492,-0.09723435908975223,-0.7084665418377298,-0.24380358623688578,-14.249030379789776,-1.3279241264820145,-0.5233356152831832
13,18,0.37177726125037003,-0.06361754265651146,0.013569085098937023,0.2571276674283681,-0.026133301633942486,-0.384847963646351,0.11464959382200193,-0.03748424102256897,0.398417048745288,-1.8895329534245044,-0.02843688244203036,-0.0859862280593492,-0.09723435908975223,-0.7084665418377298,-0.24380358623688578,-14.249030379789776,-1.3279241264820145,-0.5233356152831832
13,19,0.2939045441982842,-0.0021534121516017073,0.3781423405492259,0.17925495037628228,0.035330828870967265,-0.020274708196062086,0.11464959382200193,-0.03748424102256897,0.398417048745288,-1.8895329534245044,-0.02843688244203036,-0.0859862280593492,-0.09723435908975223,-0.7084665418377298,-0.24380358623688578,-14.249030379789776,-1.3279241264820145,-0.5233356152831832
13,20,0.34436576902096333,0.055066283656251894,0.35406805553813664,0.2297161751989614,0.09255052467882086,-0.044348993207151355,0.11464959382200193,-0.03748424102256897,0.398417048745288,-1.8895329534245044,-0.02843688244203036,-0.0859862280593492,-0.09723435908975223,-0.7084665418377298,-0.24380358623688578,-14.249030379789776,-1.3279241264820145,-0.5233356152831832
13,21,0.2424772742634303,0.08327873910844154,0.24485820255284527,0.12782768044142837,0.1207629801310105,-0.15355884619244273,0.11464959382200193,-0.03748424102256897,0.398417048745288,-1.8895329534245044,-0.02843688244203036,-0.0859862280593492,-0.09723435908975223,-0.7084665418377298,-0.24380358623688578,-14.249030379789776,-1.3279241264820145,-0.5233356152831832
13,22,0.3168793734641533,0.12236785529164974,0.08794941176086057,0.20222977964215136,0.1598520963142187,-0.3104676369844274,0.11464959382200193,-0.03748424102256897,0.398417048745288,-1.8895329534245044,-0.02843688244203036,-0.0859862280593492,-0.09723435908975223,-0.7084665418377298,-0.24380358623688578,-14.249030379789776,-1.3279241264820145,-0.5233356152831832
13,23,0.3436506134708837,0.13443480213683906,0.022209853639413694,0.22900101964888178,0.17191904315940804,-0.3762071951058743,0.11464959382200193,-0.03748424102256897,0.398417048745288,-1.8895329534245044,-0.02843688244203036,-0.0859862280593492,-0.09723435908975223,-0.7084665418377298,-0.24380358623688578,-14.249030379789776,-1.3279241264820145,-0.5233356152831832
13,24,0.3171791815016021,-0.054942043078062164,0.39265618573299876,0.2025295876796002,-0.017457802055493195,-0.00576086301228923,0.11464959382200193,-0.03748424102256897,0.398417048745288,-1.8895329534245044,-0.02843688244203036,-0.0859862280593492,-0.09723435908975223,-0.7084665418377298,-0.24380358623688578,-14.249030379789776,-1.3279241264820145,-0.5233356152831832
13,25,0.44074884578917084,-0.09024191859630884,0.4481949307051933,0.32609925196716893,-0.05275767757373987,0.04977788195990529,0.11464959382200193,-0.03748424102256897,0.398417048745288,-1.8895329534245044,-0.02843688244203036,-0.0859862280593492,-0.09723435908975223,-0.7084665418377298,-0.24380358623688578,-14.249030379789776,-1.3279241264820145,-0.5233356152831832
13,26,0.5634959223228432,-0.1498510616921874,0.5495847983182481,0.4488463285008413,-0.11236682066961842,0.15116774957296014,0.11464959382200193,-0.03748424102256897,0.398417048745288,-1.8895329534245044,-0.02843688244203036,-0.0859862280593492,-0.09723435908975223,-0.7084665418377298,-0.24380358623688578,-14.249030379789776,-1.3279241264820145,-0.5233356152831832
14,0,-0.08841938149092009,-0.03623203954000022,0.40607191175757723,-0.2026490051977824,0.00824582282002223,0.009566543879799105,0.11422962370686232,-0.04447786236002245,0.3965053678777781,-2.430205357844875,-0.04717243427935171,-0.04066773722958541,-0.02519316827472176,-0.4195333735724943,-0.11467791646729864,-32.43385749372349,-1.123908328573566,2.7185657366385
14,1,-0.15251648818464617,-0.03952368522437815,0.3814276527085245,-0.2667461118915085,0.0049541771356442985,-0.015077715169253603,0.11422962370686232,-0.04447786236002245,0.3965053678777781,-2.430205357844875,-0.04717243427935171,-0.04066773722958541,-0.02519316827472176,-0.4195333735724943,-0.11467791646729864,-32.43385749372349,-1.123908328573566,2.7185657366385
14,2,-0.24003260131450577,0.025262891226720277,0.3309932452861162,-0.35426222502136806,0.06974075358674273,-0.06551212259166195,0.11422962370686232,-0.04447786236002245,0.3965053678777781,-2.430205357844875,-0.04717243427935171,-0.04066773722958541,-0.02519316827472176,-0.4195333735724943,-0.11467791646729864,-32.43385749372349,-1.123908328573566,2.7185657366385
14,3,-0.3052008679969681,0.11532504647433313,0.2858058000460817,-0.4194304917038304,0.15980290883435558,-0.11069956783169643,0.11422962370686232,-0.04447786236002245,0.3965053678777781,-2.430205357844875,-0.04717243427935171,-0.04066773722958541,-0.02519316827472176,-0.4195333735724943,-0.11467791646729864,-32.43385749372349,-1.123908328573566,2.7185657366385
14,4,-0.12496278651447865,-0.09096470167560514,0.3199323972901753,-0.23919241022134097,-0.04648683931558269,-0.07657297058760282,0.11422962370686232,-0.04447786236002245,0.3965053678777781,-2.430205357844875,-0.04717243427935171,-0.04066773722958541,-0.02519316827472176,-0.4195333735724943,-0.11467791646729864,-32.43385749372349,-1.123908328573566,2.7185657366385
14,5,-0.00933074142519602,-0.0948172737019859,0.2094136756426108,-0.12356036513205834,-0.050339411341963444,-0.18709169223516733,0.11422962370686232,-0.04447786236002245,0.3965053678777781,-2.430205357844875,-0.04717243427935171,-0.04066773722958541,-0.02519316827472176,-0.4195333735724943,-0.11467791646729864,-32.43385749372349,-1.123908328573566,2.7185657366385
14,6,-0.1638101674373304,-0.10716102577433667,0.11785091727982688,-0.27803979114419275,-0.06268316341431422,-0.27865445059795124,0.11422962370686232,-0.04447786236002245,0.3965053678777781,-2.430205357844875,-0.04717243427935171,-0.04066773722958541,-0.02519316827472176,-0.4195333735724943,-0.11467791646729864,-32.43385749372349,-1.123908328573566,2.7185657366385
14,7,-0.15984962880252568,-0.12479771940714891,0.011374341586578216,-0.274079252509388,-0.08031985704712646,-0.3851310262911999,0.11422962370686232,-0.04447786236002245,0.3965053678777781,-2.430205357844875,-0.04717243427935171,-0.04066773722958541,-0.02519316827472176,-0.4195333735724943,-0.11467791646729864,-32.43385749372349,-1.123908328573566,2.7185657366385
14,8,-0.12740025613595196,0.004564595652884813,0.3135124317413248,-0.24162987984281428,0.04904245801290726,-0.08299293613645331,0.11422962370686232,-0.04447786236002245,0.3965053678777781,-2.430205357844875,-0.04717243427935171,-0.04066773722958541,-0.02519316827472176,-0.4195333735724943,-0.11467791646729864,-32.43385749372349,-1.123908328573566,2.7185657366385
14,9,0.00023488282918406045,0.06462713581339795,0.2380024154064506,-0.11399474087767826,0.1091049981734204,-0.15850295247132754,0.11422962370686232,-0.04447786236002245,0.3965053678777781,-2.430205357844875,-0.04717243427935171,-0.04066773722958541,-0.02519316827472176,-0.4195333735724943,-0.11467791646729864,-32.43385749372349,-1.123908328573566,2.7185657366385
14,10,-0.09141784597228969,0.006388508783993732,0.09444740984186596,-0.205647469679152,0.05086637114401618,-0.3020579580359122,0.11422962370686232,-0.04447786236002245,0.3965053678777781,-2.430205357844875,-0.04717243427935171,-0.04066773722958541,-0.02519316827472176,-0.4195333735724943,-0.11467791646729864,-32.43385749372349,-1.123908328573566,2.7185657366385
14,11,-0.037341755771455515,0.017085454066386487,0.0015746375691622558,-0.15157137947831784,0.061563316426408936,-0.39493073030861586,0.11422962370686232,-0.04447786236002245,0.3965053678777781,-2.430205357844875,-0.04717243427935171,-0.04066773722958541,-0.02519316827472176,-0.4195333735724943,-0.11467791646729864,-32.43385749372349,-1.123908328573566,2.7185657366385
14,12,-0.08841938149092009,-0.03623203954000022,0.40607191175757723,-0.2026490051977824,0.00824582282002223,0.009566543879799105,0.11422962370686232,-0.04447786236002245,0.3965053678777781,-2.430205357844875,-0.04717243427935171,-0.04066773722958541,-0.02519316827472176,-0.4195333735724943,-0.11467791646729864,-32.43385749372349,-1.123908328573566,2.7185657366385
14,13,0.09405827154181375,-0.05080200501329191,0.3551835806475515,-0.020171352165048576,-0.006324142653269457,-0.041321787230226614,0.11422962370686232,-0.04447786236002245,0.3965053678777781,-2.430205357844875,-0.04717243427935171,-0.04066773722958541,-0.02519316827472176,-0.4195333735724943,-0.11467791646729864,-32.43385749372349,-1.123908328573566,2.7185657366385
14,14,0.2975269523305266,-0.07627253245510245,0.3358510132638762,0.1832973286236643,-0.031794670095079997,-0.06065435461390195,0.11422962370686232,-0.04447786236002245,0.3965053678777781,-2.430205357844875,-0.04717243427935171,-0.04066773722958541,-0.02519316827472176,-0.4195333735724943,-0.11467791646729864,-32.43385749372349,-1.123908328573566,2.7185657366385
14,15,0.35522275795650493,-0.10821041903482774,0.2905358358207293,0.2409931342496426,-0.06373255667480529,-0.10596953205704884,0.11422962370686232,-0.04447786236002245,0.3965053678777781,-2.430205357844875,-0.04717243427935171,-0.04066773722958541,-0.02519316827472176,-0.4195333735724943,-0.11467791646729864,-32.43385749372349,-1.123908328573566,2.7185657366385
14,16,0.2372719710873752,-0.14991030969965202,0.2042066345478796,0.12304234738051287,-0.10543244733962957,-0.19229873332989852,0.11422962370686232,-0.04447786236002245,0.3965053678777781,-2.430205357844875,-0.04717243427935171,-0.04066773722958541,-0.02519316827472176,-0.4195333735724943,-0.11467791646729864,-32.43385749372349,-1.123908328573566,2.7185657366385
14,17,0.3265751338027034,-0.07962020080865007,0.06720938742742269,0.2123455100958411,-0.035142338448627616,-0.32929598045035546,0.11422962370686232,-0.04447786236002245,0.3965053678777781,-2.430205357844875,-0.04717243427935171,-0.04066773722958541,-0.02519316827472176,-0.4195333735724943,-0.11467791646729864,-32.43385749372349,-1.123908328573566,2.7185657366385
14,18,0.373675300752011,-0.06617639284163504,0.014437820270285662,0.25944567704514865,-0.02169853048161259,-0.38206754760749245,0.11422962370686232,-0.04447786236002245,0.3965053678777781,-2.430205357844875,-0.04717243427935171,-0.04066773722958541,-0.02519316827472176,-0.4195333735724943,-0.11467791646729864,-32.43385749372349,-1.123908328573566,2.7185657366385
14,19,0.2926323459579552,0.0002327045594742727,0.3748252552275371,0.17840272225109285,0.04471056691949672,-0.021680112650241,0.11422962370686232,-0.04447786236002245,0.3965053678777781,-2.430205357844875,-0.04717243427935171,-0.04066773722958541,-0.02519316827472176,-0.4195333735724943,-0.11467791646729864,-32.43385749372349,-1.123908328573566,2.7185657366385
14,20,0.33805808693058303,0.0602615376916258,0.34775052071799034,0.22382846322372071,0.10473940005164825,-0.048754847159787784,0.11422962370686232,-0.04447786236002245,0.3965053678777781,-2.430205357844875,-0.04717243427935171,-0.04066773722958541,-0.02519316827472176,-0.4195333735724943,-0.11467791646729864,-32.43385749372349,-1.123908328573566,2.7185657366385
14,21,0.2332706083830679,0.08766305426159744,0.24110746549634915,0.11904098467620558,0.1321409166216199,-0.15539790238142898,0.11422962370686232,-0.04447786236002245,0.3965053678777781,-2.430205357844875,-0.04717243427935171,-0.04066773722958541,-0.02519316827472176,-0.4195333735724943,-0.11467791646729864,-32.43385749372349,-1.123908328573566,2.7185657366385
14,22,0.3297573658038559,0.12168612980874606,0.09544780748950528,0.21552774209699357,0.1661639921687685,-0.30105756038827286,0.11422962370686232,-0.04447786236002245,0.3965053678777781,-2.430205357844875,-0.04717243427935171,-0.04066773722958541,-0.02519316827472176,-0.4195333735724943,-0.11467791646729864,-32.43385749372349,-1.123908328573566,2.7185657366385
14,23,0.3570237812122831,0.1341630702463762,0.029988900166562544,0.2427941575054208,0.17864093260639863,-0.3665164677112156,0.11422962370686232,-0.04447786236002245,0.3965053678777781,-2.430205357844875,-0.04717243427935171,-0.04066773722958541,-0.02519316827472176,-0.4195333735724943,-0.11467791646729864,-32.43385749372349,-1.123908328573566,2.7185657366385
14,24,0.31687862890464474,-0.05272368518004468,0.3869388239979791,0.20264900519778242,-0.00824582282002223,-0.00956654387979905,0.11422962370686232,-0.04447786236002245,0.3965053678777781,-2.430205357844875,-0.04717243427935171,-0.04066773722958541,-0.02519316827472176,-0.4195333735724943,-0.11467791646729864,-32.43385749372349,-1.123908328573566,2.7185657366385
14,25,0.4439185831320064,-0.07983001670965538,0.4391517741236394,0.3296889594251441,-0.03535215434963293,0.0426464062458613,0.11422962370686232,-0.04447786236002245,0.3965053678777781,-2.430205357844875,-0.04717243427935171,-0.04066773722958541,-0.02519316827472176,-0.4195333735724943,-0.11467791646729864,-32.43385749372349,-1.123908328573566,2.7185657366385
14,26,0.5692504515193134,-0.16892214244047338,0.5116398137898328,0.4550208278124511,-0.12444428008045093,0.11513444591205468,0.11422962370686232,-0.04447786236002245,0.3965053678777781,-2.430205357844875,-0.04717243427935171,-0.04066773722958541,-0.02519316827472176,-0.4195333735724943,-0.11467791646729864,-32.43385749372349,-1.123908328573566,2.7185657366385
15,0,-0.0909801819935846,-0.05562053256987322,0.4074299117575772,-0.20404682598009508,-0.013855204037247743,0.008989748628951244,0.11306664398651048,-0.041765328532625476,0.39844016312862596,2.1463525023643233,-0.04402880981298678,0.06779800987788477,-0.06976483025505952,0.16271948574666906,0.1160645021504398,274.53856389977193,0.18857975203148952,6.5066434977486605
15,1,-0.15503032154045948,-0.05689347093549211,0.38247850344814693,-0.26809696552696993,-0.015128142402866633,-0.015961659680479023,0.11306664398651048,-0.041765328532625476,0.39844016312862596,2.1463525023643233,-0.04402880981298678,0.06779800987788477,-0.06976483025505952,0.16271948574666906,0.1160645021504398,274.53856389977193,0.18857975203148952,6.5066434977486605
15,2,-0.23836034071533968,0.020406373421310922,0.3439967938585335,-0.3514269847018502,0.0621717019539364,-0.05444336927009247,0.11306664398651048,-0.041765328532625476,0.39844016312862596,2.1463525023643233,-0.04402880981298678,0.06779800987788477,-0.06976483025505952,0.16271948574666906,0.1160645021504398,274.53856389977193,0.18857975203148952,6.5066434977486605
15,3,-0.29993563167232595,0.11755420680456684,0.3097801017498279,-0.4130022756588364,0.15931953533719231,-0.08866006137879806,0.11306664398651048,-0.041765328532625476,0.39844016312862596,2.1463525023643233,-0.04402880981298678,0.06779800987788477,-0.06976483025505952,0.16271948574666906,0.1160645021504398,274.53856389977193,0.18857975203148952,6.5066434977486605
15,4,-0.12628786002150968,-0.09785239725961815,0.3140439482124047,-0.23935450400802016,-0.05608706872699268,-0.08439621491622123,0.11306664398651048,-0.041765328532625476,0.39844016312862596,2.1463525023643233,-0.04402880981298678,0.06779800987788477,-0.06976483025505952,0.16271948574666906,0.1160645021504398,274.53856389977193,0.18857975203148952,6.5066434977486605
15,5,-0.009928086890869728,-0.09254522489746322,0.20435239372880998,-0.1229947308773802,-0.05077989636483775,-0.19408776939981598,0.11306664398651048,-0.041765328532625476,0.39844016312862596,2.1463525023643233,-0.04402880981298678,0.06779800987788477,-0.06976483025505952,0.16271948574666906,0.1160645021504398,274.53856389977193,0.18857975203148952,6.5066434977486605
15,6,-0.16653215378128544,-0.1078167283051662,0.11693416091119989,-0.27959879776779595,-0.06605139977254072,-0.28150600221742605,0.11306664398651048,-0.041765328532625476,0.39844016312862596,2.1463525023643233,-0.04402880981298678,0.06779800987788477,-0.06976483025505952,0.16271948574666906,0.1160645021504398,274.53856389977193,0.18857975203148952,6.5066434977486605
15,7,-0.15947702152972154,-0.12521025552196074,0.010577730357890332,-0.272543665516232,-0.08344492698933527,-0.3878624327707356,0.11306664398651048,-0.041765328532625476,0.39844016312862596,2.1463525023643233,-0.04402880981298678,0.06779800987788477,-0.06976483025505952,0.16271948574666906,0.1160645021504398,274.53856389977193,0.18857975203148952,6.5066434977486605
15,8,-0.13125338037085985,-0.0025308403462590973,0.3219273653226236,-0.24432002435737032,0.03923448818636638,-0.07651279780600234,0.11306664398651048,-0.041765328532625476,0.39844016312862596,2.1463525023643233,-0.04402880981298678,0.06779800987788477,-0.06976483025505952,0.16271948574666906,0.1160645021504398,274.53856389977193,0.18857975203148952,6.5066434977486605
15,9,-0.008093840725806739,0.06333568880942395,0.2438675924509294,-0.12116048471231722,0.10510101734204942,-0.15457257067769656,0.11306664398651048,-0.041765328532625476,0.39844016312862596,2.1463525023643233,-0.04402880981298678,0.06779800987788477,-0.06976483025505952,0.16271948574666906,0.1160645021504398,274.53856389977193,0.18857975203148952,6.5066434977486605
15,10,-0.09096135846308148,0.005444946683099486,0.0949325848635975,-0.20402800244959196,0.04721027521572496,-0.30350757826502844,0.11306664398651048,-0.041765328532625476,0.39844016312862596,2.1463525023643233,-0.04402880981298678,0.06779800987788477,-0.06976483025505952,0.16271948574666906,0.1160645021504398,274.53856389977193,0.18857975203148952,6.5066434977486605
15,11,-0.03741408115259574,0.016925771312691545,0.0018472489620688214,-0.1504807251391062,0.05869109984531702,-0.3965929141665571,0.11306664398651048,-0.041765328532625476,0.39844016312862596,2.1463525023643233,-0.04402880981298678,0.06779800987788477,-0.06976483025505952,0.16271948574666906,0.1160645021504398,274.53856389977193,0.18857975203148952,6.5066434977486605
15,12,-0.0909801819935846,-0.05562053256987322,0.4074299117575772,-0.20404682598009508,-0.013855204037247743,0.008989748628951244,0.11306664398651048,-0.041765328532625476,0.39844016312862596,2.1463525023643233,-0.04402880981298678,0.06779800987788477,-0.06976483025505952,0.16271948574666906,0.1160645021504398,274.53856389977193,0.18857975203148952,6.5066434977486605
15,13,0.09325963518703606,-0.033429510088091904,0.366646970433772,-0.019807008799474418,0.008335818444533571,-0.03179319269485398,0.11306664398651048,-0.041765328532625476,0.39844016312862596,2.1463525023643233,-0.04402880981298678,0.06779800987788477,-0.06976483025505952,0.16271948574666906,0.1160645021504398,274.53856389977193,0.18857975203148952,6.5066434977486605
15,14,0.29635999720738365,-0.05721916998463177,0.3420239111332959,0.18329335322087317,-0.015453841452006296,-0.05641625199533007,0.11306664398651048,-0.041765328532625476,0.39844016312862596,2.1463525023643233,-0.04402880981298678,0.06779800987788477,-0.06976483025505952,0.16271948574666906,0.1160645021504398,274.53856389977193,0.18857975203148952,6.5066434977486605
15,15,0.3541262026888138,-0.09462496553212472,0.30120514266112164,0.2410595587023033,-0.05285963699949925,-0.09723502046750432,0.11306664398651048,-0.041765328532625476,0.39844016312862596,2.1463525023643233,-0.04402880981298678,0.06779800987788477,-0.06976483025505952,0.16271948574666906,0.1160645021504398,274.53856389977193,0.18857975203148952,6.5066434977486605
15,16,0.24002363584064768,-0.13810146128463277,0.2106822253257302,0.1269569918541372,-0.0963361327520073,-0.18775793780289576,0.11306664398651048,-0.041765328532625476,0.39844016312862596,2.1463525023643233,-0.04402880981298678,0.06779800987788477,-0.06976483025505952,0.16271948574666906,0.1160645021504398,274.53856389977193,0.18857975203148952,6.5066434977486605
15,17,0.3302741384287926,-0.08376814606422404,0.06720143342283379,0.21720749444228213,-0.04200281753159857,-0.33123872970579216,0.11306664398651048,-0.041765328532625476,0.39844016312862596,2.1463525023643233,-0.04402880981298678,0.06779800987788477,-0.06976483025505952,0.16271948574666906,0.1160645021504398,274.53856389977193,0.18857975203148952,6.5066434977486605
15,18,0.3746370229762246,-0.06811248521500207,0.012696068924746132,0.26157037898971414,-0.026347156682376596,-0.38574409420387984,0.11306664398651048,-0.041765328532625476,0.39844016312862596,2.1463525023643233,-0.04402880981298678,0.06779800987788477,-0.06976483025505952,0.16271948574666906,0.1160645021504398,274.53856389977193,0.18857975203148952,6.5066434977486605
15,19,0.29126084808792047,0.022972919198611802,0.37267073011648677,0.17819420410141,0.06473824773123728,-0.025769433012139187,0.11306664398651048,-0.041765328532625476,0.39844016312862596,2.1463525023643233,-0.04402880981298678,0.06779800987788477,-0.06976483025505952,0.16271948574666906,0.1160645021504398,274.53856389977193,0.18857975203148952,6.5066434977486605
15,20,0.33510763865543725,0.08051988125852182,0.3385268270425838,0.22204099466892677,0.12228520979114729,-0.05991333608604216,0.11306664398651048,-0.041765328532625476,0.39844016312862596,2.1463525023643233,-0.04402880981298678,0.06779800987788477,-0.06976483025505952,0.16271948574666906,0.1160645021504398,274.53856389977193,0.18857975203148952,6.5066434977486605
15,21,0.2222917910276883,0.10670357814406055,0.24008395758071052,0.10922514704117783,0.14846890667668602,-0.15835620554791544,0.11306664398651048,-0.041765328532625476,0.39844016312862596,2.1463525023643233,-0.04402880981298678,0.06779800987788477,-0.06976483025505952,0.16271948574666906,0.1160645021504398,274.53856389977193,0.18857975203148952,6.5066434977486605
15,22,0.3336671680224153,0.12454332319080762,0.1023840341890603,0.22060052403590483,0.1663086517234331,-0.2960561289395657,0.11306664398651048,-0.041765328532625476,0.39844016312862596,2.1463525023643233,-0.04402880981298678,0.06779800987788477,-0.06976483025505952,0.16271948574666906,0.1160645021504398,274.53856389977193,0.18857975203148952,6.5066434977486605
15,23,0.3641995143223482,0.1407869818351492,0.03923405886173238,0.25113287033583775,0.1825523103677747,-0.3592061042668936,0.11306664398651048,-0.041765328532625476,0.39844016312862596,2.1463525023643233,-0.04402880981298678,0.06779800987788477,-0.06976483025505952,0.16271948574666906,0.1160645021504398,274.53856389977193,0.18857975203148952,6.5066434977486605
15,24,0.31711346996660555,-0.027910124495377726,0.3894504144996747,0.20404682598009508,0.01385520403724775,-0.008989748628951244,0.11306664398651048,-0.041765328532625476,0.39844016312862596,2.1463525023643233,-0.04402880981298678,0.06779800987788477,-0.06976483025505952,0.16271948574666906,0.1160645021504398,274.53856389977193,0.18857975203148952,6.5066434977486605
15,25,0.4480228243170944,-0.05669675556276711,0.4298752356767873,0.33495618033058394,-0.014931427030141636,0.03143507254816136,0.11306664398651048,-0.041765328532625476,0.39844016312862596,2.1463525023643233,-0.04402880981298678,0.06779800987788477,-0.06976483025505952,0.16271948574666906,0.1160645021504398,274.53856389977193,0.18857975203148952,6.5066434977486605
15,26,0.5584435453508646,-0.17348281235852214,0.48526730475621643,0.44537690136435415,-0.13171748382589665,0.08682714162759048,0.11306664398651048,-0.041765328532625476,0.39844016312862596,2.1463525023643233,-0.04402880981298678,0.06779800987788477,-0.06976483025505952,0.16271948574666906,0.1160645021504398,274.53856389977193,0.18857975203148952,6.5066434977486605
16,0,-0.09476715430408877,-0.07273137047997393,0.40747891175757717,-0.20096330353325664,-0.03796675758449802,0.0030981732278018703,0.10619614922916787,-0.0347646128954759,0.4043807385297753,1.652218179265981,-0.015415390565044098,0.186723070835544,-0.4121472559893587,0.41995894643968645,0.35636325141867664,-29.6421309597086,1.71646186250406,7.134076842091136
16,1,-0.15890494429785817,-0.07313647145242572,0.38272424928378546,-0.26510109352702604,-0.038371858556949814,-0.02165648924598984,0.10619614922916787,-0.0347646128954759,0.4043807385297753,1.652218179265981,-0.015415390565044098,0.186723070835544,-0.4121472559893587,0.41995894643968645,0.35636325141867664,-29.6421309597086,1.71646186250406,7.134076842091136
16,2,-0.23800463580604883,0.013523822016705087,0.3575601408932948,-0.34420078503521667,0.04828843491218099,-0.0468205976364805,0.10619614922916787,-0.0347646128954759,0.4043807385297753,1.652218179265981,-0.015415390565044098,0.186723070835544,-0.4121472559893587,0.41995894643968645,0.35636325141867664,-29.6421309597086,1.71646186250406,7.134076842091136
16,3,-0.2977265021341686,0.1153205438679104,0.33586391738064963,-0.4039226513633365,0.1500851567633863,-0.06851682114912566,0.10619614922916787,-0.0347646128954759,0.4043807385297753,1.652218179265981,-0.015415390565044098,0.186723070835544,-0.4121472559893587,0.41995894643968645,0.35636325141867664,-29.6421309597086,1.71646186250406,7.134076842091136
16,4,-0.12928584681228122,-0.10458591297503946,0.3097811702249929,-0.2354819960414491,-0.06982130007956355,-0.09459956830478239,0.10619614922916787,-0.0347646128954759,0.4043807385297753,1.652218179265981,-0.015415390565044098,0.186723070835544,-0.4121472559893587,0.41995894643968645,0.35636325141867664,-29.6421309597086,1.71646186250406,7.134076842091136
16,5,-0.011473260422076595,-0.09334337111662865,0.2021066618548348,-0.11766940965124446,-0.058578758221152744,-0.2022740766749405,0.10619614922916787,-0.0347646128954759,0.4043807385297753,1.652218179265981,-0.015415390565044098,0.186723070835544,-0.4121472559893587,0.41995894643968645,0.35636325141867664,-29.6421309597086,1.71646186250406,7.134076842091136
16,6,-0.1689138382912095,-0.11113883251765058,0.11669128844042842,-0.2751099875203774,-0.07637421962217468,-0.2876894500893469,0.10619614922916787,-0.0347646128954759,0.4043807385297753,1.652218179265981,-0.015415390565044098,0.186723070835544,-0.4121472559893587,0.41995894643968645,0.35636325141867664,-29.6421309597086,1.71646186250406,7.134076842091136
16,7,-0.1599033865075309,-0.1277455411917732,0.01035677388388237,-0.26609953573669876,-0.0929809282962973,-0.39402396464589295,0.10619614922916787,-0.0347646128954759,0.4043807385297753,1.652218179265981,-0.015415390565044098,0.186723070835544,-0.4121472559893587,0.41995894643968645,0.35636325141867664,-29.6421309597086,1.71646186250406,7.134076842091136
16,8,-0.13733083304520094,-0.011123453495654759,0.3290956916502237,-0.2435269822743688,0.023641159399821143,-0.07528504687955162,0.10619614922916787,-0.0347646128954759,0.4043807385297753,1.652218179265981,-0.015415390565044098,0.186723070835544,-0.4121472559893587,0.41995894643968645,0.35636325141867664,-29.6421309597086,1.71646186250406,7.134076842091136
16,9,-0.018252537879805644,0.059664793241300515,0.2490370646257215,-0.12444868710897351,0.09442940613677642,-0.1553436739040538,0.10619614922916787,-0.0347646128954759,0.4043807385297753,1.652218179265981,-0.015415390565044098,0.186723070835544,-0.4121472559893587,0.41995894643968645,0.35636325141867664,-29.6421309597086,1.71646186250406,7.134076842091136
16,10,-0.09110163149132518,0.0026613924259891036,0.09462326387304594,-0.19729778072049303,0.037426005321465006,-0.30975747465672937,0.10619614922916787,-0.0347646128954759,0.4043807385297753,1.652218179265981,-0.015415390565044098,0.186723070835544,-0.4121472559893587,0.41995894643968645,0.35636325141867664,-29.6421309597086,1.71646186250406,7.134076842091136
16,11,-0.03704552037993778,0.015300650376669778,0.001983175290179897,-0.14324166960910564,0.05006526327214568,-0.4023975632395954,0.10619614922916787,-0.0347646128954759,0.4043807385297753,1.652218179265981,-0.015415390565044098,0.186723070835544,-0.4121472559893587,0.41995894643968645,0.35636325141867664,-29.6421309597086,1.71646186250406,7.134076842091136
16,12,-0.09476715430408877,-0.07273137047997393,0.40747891175757717,-0.20096330353325664,-0.03796675758449802,0.0030981732278018703,0.10619614922916787,-0.0347646128954759,0.4043807385297753,1.652218179265981,-0.015415390565044098,0.186723070835544,-0.4121472559893587,0.41995894643968645,0.35636325141867664,-29.6421309597086,1.71646186250406,7.134076842091136
16,13,0.08288790280596686,-0.008736009582442555,0.3864248266971783,-0.023308246423201007,0.026028603313033347,-0.017955911832596982,0.10619614922916787,-0.0347646128954759,0.4043807385297753,1.652218179265981,-0.015415390565044098,0.186723070835544,-0.4121472559893587,0.41995894643968645,0.35636325141867664,-29.6421309597086,1.71646186250406,7.134076842091136
16,14,0.28559409620648635,-0.03524671025262378,0.3613373409068553,0.17939794697731848,-0.00048209735714787455,-0.04304339762291998,0.10619614922916787,-0.0347646128954759,0.4043807385297753,1.652218179265981,-0.015415390565044098,0.186723070835544,-0.4121472559893587,0.41995894643968645,0.35636325141867664,-29.6421309597086,1.71646186250406,7.134076842091136
16,15,0.3402817658977636,-0.08021929293225044,0.32406770864706747,0.23408561666859573,-0.04545468003677454,-0.08031302988270783,0.10619614922916787,-0.0347646128954759,0.4043807385297753,1.652218179265981,-0.015415390565044098,0.186723070835544,-0.4121472559893587,0.41995894643968645,0.35636325141867664,-29.6421309597086,1.71646186250406,7.134076842091136
16,16,0.23964536425927435,-0.12442340660113091,0.21908051413992902,0.13344921503010648,-0.08965879370565501,-0.18530022438984628,0.10619614922916787,-0.0347646128954759,0.4043807385297753,1.652218179265981,-0.015415390565044098,0.186723070835544,-0.4121472559893587,0.41995894643968645,0.35636325141867664,-29.6421309597086,1.71646186250406,7.134076842091136
16,17,0.33003428966127807,-0.08780593858733189,0.07017449273993645,0.2238381404321102,-0.05304132569185599,-0.3342062457898388,0.10619614922916787,-0.0347646128954759,0.4043807385297753,1.652218179265981,-0.015415390565044098,0.186723070835544,-0.4121472559893587,0.41995894643968645,0.35636325141867664,-29.6421309597086,1.71646186250406,7.134076842091136
16,18,0.3711568850716697,-0.0686355647976528,0.014268957081453523,0.26496073584250185,-0.0338709519021769,-0.39011178144832176,0.10619614922916787,-0.0347646128954759,0.4043807385297753,1.652218179265981,-0.015415390565044098,0.186723070835544,-0.4121472559893587,0.41995894643968645,0.35636325141867664,-29.6421309597086,1.71646186250406,7.134076842091136
16,19,0.28015878328523586,0.049430917814594716,0.3753429356675165,0.173962634056068,0.08419553071007062,-0.02903780286225882,0.10619614922916787,-0.0347646128954759,0.4043807385297753,1.652218179265981,-0.015415390565044098,0.186723070835544,-0.4121472559893587,0.41995894643968645,0.35636325141867664,-29.6421309597086,1.71646186250406,7.134076842091136
16,20,0.32668011873252456,0.09946903489000557,0.3337262059570341,0.2204839695033567,0.13423364778548147,-0.07065453257274118,0.10619614922916787,-0.0347646128954759,0.4043807385297753,1.652218179265981,-0.015415390565044098,0.186723070835544,-0.4121472559893587,0.41995894643968645,0.35636325141867664,-29.6421309597086,1.71646186250406,7.134076842091136
16,21,0.21413716981285197,0.13430906500578738,0.23768321057460853,0.1079410205836841,0.16907367790126326,-0.16669752795516676,0.10619614922916787,-0.0347646128954759,0.4043807385297753,1.652218179265981,-0.015415390565044098,0.186723070835544,-0.4121472559893587,0.41995894643968645,0.35636325141867664,-29.6421309597086,1.71646186250406,7.134076842091136
16,22,0.32747977780557636,0.12198098292636698,0.10098839861409595,0.2212836285764085,0.1567455958218429,-0.3033923399156794,0.10619614922916787,-0.0347646128954759,0.4043807385297753,1.652218179265981,-0.015415390565044098,0.186723070835544,-0.4121472559893587,0.41995894643968645,0.35636325141867664,-29.6421309597086,1.71646186250406,7.134076842091136
16,23,0.36149938216109306,0.14043690919694585,0.04027558854663371,0.2553032329319252,0.17520152209242174,-0.3641051499831416,0.10619614922916787,-0.0347646128954759,0.4043807385297753,1.652218179265981,-0.015415390565044098,0.186723070835544,-0.4121472559893587,0.41995894643968645,0.35636325141867664,-29.6421309597086,1.71646186250406,7.134076842091136
16,24,0.3071594527624245,0.003202144689022121,0.4012825653019734,0.20096330353325664,0.03796675758449802,-0.0030981732278018703,0.10619614922916787,-0.0347646128954759,0.4043807385297753,1.652218179265981,-0.015415390565044098,0.186723070835544,-0.4121472559893587,0.41995894643968645,0.35636325141867664,-29.6421309597086,1.71646186250406,7.134076842091136
16,25,0.4334744911897126,-0.047294537249843754,0.43436868836825093,0.3272783419605447,-0.012529924354367852,0.029987949838475636,0.10619614922916787,-0.0347646128954759,0.4043807385297753,1.652218179265981,-0.015415390565044098,0.186723070835544,-0.4121472559893587,0.41995894643968645,0.35636325141867664,-29.6421309597086,1.71646186250406,7.134076842091136
16,26,0.526491513301713,-0.16676917651251993,0.5116580420357851,0.4202953640725451,-0.13200456361704405,0.10727730350600984,0.10619614922916787,-0.0347646128954759,0.4043807385297753,1.652218179265981,-0.015415390565044098,0.186723070835544,-0.4121472559893587,0.41995894643968645,0.35636325141867664,-29.6421309597086,1.71646186250406,7.134076842091136
17,0,-0.09664624801025995,-0.08153510802402444,0.4075849117575772,-0.193863831909636,-0.057371410824306704,-0.0008973423216286358,0.09721758389937604,-0.02416369719971774,0.40848225407920585,1.5551566703078843,0.004628691717915223,0.2877247838695557,-0.5386061985478,0.6359277561942508,0.2460417246209092,-5.822526032279341,1.2024044560863418,6.058891003839932
17,1,-0.1611133255320611,-0.08342058926955445,0.38377200782080806,-0.2583309094314371,-0.05925689206983671,-0.024710246258397794,0.09721758389937604,-0.02416369719971774,0.40848225407920585,1.5551566703078843,0.004628691717915223,0.2877247838695557,-0.5386061985478,0.6359277561942508,0.2460417246209092,-5.822526032279341,1.2024044560863418,6.058891003839932
17,2,-0.23796307054241592,0.007783405639957691,0.3705074691168403,-0.33518065444179196,0.03194710283967543,-0.03797478496236556,0.09721758389937604,-0.02416369719971774,0.40848225407920585,1.5551566703078843,0.004628691717915223,0.2877247838695557,-0.5386061985478,0.6359277561942508,0.2460417246209092,-5.822526032279341,1.2024044560863418,6.058891003839932
17,3,-0.297320270007731,0.11161575038363258,0.3607316295515027,-0.39453785390710705,0.1357794475833503,-0.04775062452770318,0.09721758389937604,-0.02416369719971774,0.40848225407920585,1.5551566703078843,0.004628691717915223,0.2877247838695557,-0.5386061985478,0.6359277561942508,0.2460417246209092,-5.822526032279341,1.2024044560863418,6.058891003839932
17,4,-0.13140839036199525,-0.1097110071730954,0.3088488349035958,-0.2286259742613713,-0.08554730997337766,-0.09963341917561003,0.09721758389937604,-0.02416369719971774,0.40848225407920585,1.5551566703078843,0.004628691717915223,0.2877247838695557,-0.5386061985478,0.6359277561942508,0.2460417246209092,-5.822526032279341,1.2024044560863418,6.058891003839932
17,5,-0.012669631828008801,-0.09825328366216318,0.20221944038038261,-0.10988721572738484,-0.07408958646244544,-0.20626281369882324,0.09721758389937604,-0.02416369719971774,0.40848225407920585,1.5551566703078843,0.004628691717915223,0.2877247838695557,-0.5386061985478,0.6359277561942508,0.2460417246209092,-5.822526032279341,1.2024044560863418,6.058891003839932
17,6,-0.17015094706078698,-0.11434085332361286,0.11654082330261813,-0.267368530960163,-0.09017715612389512,-0.29194143077658774,0.09721758389937604,-0.02416369719971774,0.40848225407920585,1.5551566703078843,0.004628691717915223,0.2877247838695557,-0.5386061985478,0.6359277561942508,0.2460417246209092,-5.822526032279341,1.2024044560863418,6.058891003839932
17,7,-0.15972717464900865,-0.12958823586878984,0.01013188432749194,-0.2569447585483847,-0.1054245386690721,-0.3983503697517139,0.09721758389937604,-0.02416369719971774,0.40848225407920585,1.5551566703078843,0.004628691717915223,0.2877247838695557,-0.5386061985478,0.6359277561942508,0.2460417246209092,-5.822526032279341,1.2024044560863418,6.058891003839932
17,8,-0.14308704988050167,-0.017819035969707353,0.3331897140046918,-0.2403046337798777,0.006344661230010387,-0.07529254007451408,0.09721758389937604,-0.02416369719971774,0.40848225407920585,1.5551566703078843,0.004628691717915223,0.2877247838695557,-0.5386061985478,0.6359277561942508,0.2460417246209092,-5.822526032279341,1.2024044560863418,6.058891003839932
17,9,-0.024833737084198115,0.05396819318077442,0.25279849731879206,-0.12205132098357416,0.07813189038049216,-0.1556837567604138,0.09721758389937604,-0.02416369719971774,0.40848225407920585,1.5551566703078843,0.004628691717915223,0.2877247838695557,-0.5386061985478,0.6359277561942508,0.2460417246209092,-5.822526032279341,1.2024044560863418,6.058891003839932
17,10,-0.09158109783022156,5.350726650826809e-05,0.09456450455105232,-0.1887986817295976,0.02421720446622601,-0.31391774952815354,0.09721758389937604,-0.02416369719971774,0.40848225407920585,1.5551566703078843,0.004628691717915223,0.2877247838695557,-0.5386061985478,0.6359277561942508,0.2460417246209092,-5.822526032279341,1.2024044560863418,6.058891003839932
17,11,-0.03746612431019135,0.013675703903171438,0.002098265328739508,-0.13468370820956738,0.03783940110288918,-0.40638398875046633,0.09721758389937604,-0.02416369719971774,0.40848225407920585,1.5551566703078843,0.004628691717915223,0.2877247838695557,-0.5386061985478,0.6359277561942508,0.2460417246209092,-5.822526032279341,1.2024044560863418,6.058891003839932
17,12,-0.09664624801025995,-0.08153510802402444,0.4075849117575772,-0.193863831909636,-0.057371410824306704,-0.0008973423216286358,0.09721758389937604,-0.02416369719971774,0.40848225407920585,1.5551566703078843,0.004628691717915223,0.2877247838695557,-0.5386061985478,0.6359277561942508,0.2460417246209092,-5.822526032279341,1.2024044560863418,6.058891003839932
17,13,0.06702548421431997,0.01455951475129183,0.3987878952002206,-0.030192099685056067,0.03872321195100957,-0.009694358878985232,0.09721758389937604,-0.02416369719971774,0.40848225407920585,1.5551566703078843,0.004628691717915223,0.2877247838695557,-0.5386061985478,0.6359277561942508,0.2460417246209092,-5.822526032279341,1.2024044560863418,6.058891003839932
17,14,0.27011745506382706,-0.013495628113219818,0.3790759626715716,0.17289987116445102,0.010668069086497922,-0.029406291407634233,0.09721758389937604,-0.02416369719971774,0.40848225407920585,1.5551566703078843,0.004628691717915223,0.2877247838695557,-0.5386061985478,0.6359277561942508,0.2460417246209092,-5.822526032279341,1.2024044560863418,6.058891003839932
17,15,0.3197664742538878,-0.06608297156484713,0.3448437250971224,0.22254889035451178,-0.04191927436512939,-0.06363852898208344,0.09721758389937604,-0.02416369719971774,0.40848225407920585,1.5551566703078843,0.004628691717915223,0.2877247838695557,-0.5386061985478,0.6359277561942508,0.2460417246209092,-5.822526032279341,1.2024044560863418,6.058891003839932
17,16,0.240034000671414,-0.11746511401932616,0.22607248244038064,0.14281641677203796,-0.09330141681960842,-0.1824097716388252,0.09721758389937604,-0.02416369719971774,0.40848225407920585,1.5551566703078843,0.004628691717915223,0.2877247838695557,-0.5386061985478,0.6359277561942508,0.2460417246209092,-5.822526032279341,1.2024044560863418,6.058891003839932
17,17,0.33255546657538815,-0.0950025013659857,0.07567564281699499,0.2353378826760121,-0.07083880416626796,-0.3328066112622109,0.09721758389937604,-0.02416369719971774,0.40848225407920585,1.5551566703078843,0.004628691717915223,0.2877247838695557,-0.5386061985478,0.6359277561942508,0.2460417246209092,-5.822526032279341,1.2024044560863418,6.058891003839932
17,18,0.3722221677227397,-0.07547988244178389,0.018847655275277583,0.2750045838233637,-0.051316185242066145,-0.38963459880392826,0.09721758389937604,-0.02416369719971774,0.40848225407920585,1.5551566703078843,0.004628691717915223,0.2877247838695557,-0.5386061985478,0.6359277561942508,0.2460417246209092,-5.822526032279341,1.2024044560863418,6.058891003839932
17,19,0.2632358771553031,0.07207729629125809,0.37398494260095244,0.16601829325592707,0.09624099349097583,-0.03449731147825341,0.09721758389937604,-0.02416369719971774,0.40848225407920585,1.5551566703078843,0.004628691717915223,0.2877247838695557,-0.5386061985478,0.6359277561942508,0.2460417246209092,-5.822526032279341,1.2024044560863418,6.058891003839932
17,20,0.31359042195875514,0.11415967731139229,0.328230237705637,0.2163728380593791,0.13832337451111004,-0.08025201637356888,0.09721758389937604,-0.02416369719971774,0.40848225407920585,1.5551566703078843,0.004628691717915223,0.2877247838695557,-0.5386061985478,0.6359277561942508,0.2460417246209092,-5.822526032279341,1.2024044560863418,6.058891003839932
17,21,0.20928041992004442,0.15543669605485902,0.22566498441302926,0.11206283602066838,0.17960039325457677,-0.1828172696661766,0.09721758389937604,-0.02416369719971774,0.40848225407920585,1.5551566703078843,0.004628691717915223,0.2877247838695557,-0.5386061985478,0.6359277561942508,0.2460417246209092,-5.822526032279341,1.2024044560863418,6.058891003839932
17,22,0.3171311479819019,0.1225843737824642,0.08792266933765226,0.21991356408252585,0.14674807098218196,-0.3205595847415536,0.09721758389937604,-0.02416369719971774,0.40848225407920585,1.5551566703078843,0.004628691717915223,0.2877247838695557,-0.5386061985478,0.6359277561942508,0.2460417246209092,-5.822526032279341,1.2024044560863418,6.058891003839932
17,23,0.34917296325724556,0.13786387983173853,0.025281957598297124,0.2519553793578695,0.16202757703145626,-0.38320029648090875,0.09721758389937604,-0.02416369719971774,0.40848225407920585,1.5551566703078843,0.004628691717915223,0.2877247838695557,-0.5386061985478,0.6359277561942508,0.2460417246209092,-5.822526032279341,1.2024044560863418,6.058891003839932
17,24,0.29108141580901203,0.033207713624588964,0.4093795964008345,0.193863831909636,0.057371410824306704,0.0008973423216286358,0.09721758389937604,-0.02416369719971774,0.40848225407920585,1.5551566703078843,0.004628691717915223,0.2877247838695557,-0.5386061985478,0.6359277561942508,0.2460417246209092,-5.822526032279341,1.2024044560863418,6.058891003839932
17,25,0.4058760449468474,-0.03536057306395918,0.4508606583823971,0.3086584610474714,-0.011196875864241437,0.04237840430319123,0.09721758389937604,-0.02416369719971774,0.40848225407920585,1.5551566703078843,0.004628691717915223,0.2877247838695557,-0.5386061985478,0.6359277561942508,0.2460417246209092,-5.822526032279341,1.2024044560863418,6.058891003839932
17,26,0.49001001635035707,-0.12703662791941625,0.5666923285038107,0.39279243245098105,-0.10287293071969851,0.15821007442460483,0.09721758389937604,-0.02416369719971774,0.40848225407920585,1.5551566703078843,0.004628691717915223,0.2877247838695557,-0.5386061985478,0.6359277561942508,0.2460417246209092,-5.822526032279341,1.2024044560863418,6.058891003839932
18,0,-0.09494312322597961,-0.08014276791946175,0.40910491175757724,-0.19024216957494677,-0.06342545531072499,0.0012857483344915765,0.09529904634896715,-0.016717312608736754,0.40781916342308566,1.5910653535954218,-0.006758379393431305,0.32180447894333514,-0.1150892351774983,0.44669373671151685,-0.03977748387043737,2.154090179216406,-0.6830876491509614,2.044372829860795
18,1,-0.15977845962563578,-0.08594491069941507,0.38698415648761575,-0.25507750597460294,-0.06922759809067831,-0.020835006935469913,0.09529904634896715,-0.016717312608736754,0.40781916342308566,1.5910653535954218,-0.006758379393431305,0.32180447894333514,-0.1150892351774983,0.44669373671151685,-0.03977748387043737,2.154090179216406,-0.6830876491509614,2.044372829860795
18,2,-0.23960350033027197,0.0035909620278792576,0.3836240427486227,-0.33490254667923913,0.02030827463661601,-0.024195120674462944,0.09529904634896715,-0.016717312608736754,0.40781916342308566,1.5910653535954218,-0.006758379393431305,0.32180447894333514,-0.1150892351774983,0.44669373671151685,-0.03977748387043737,2.154090179216406,-0.6830876491509614,2.044372829860795
18,3,-0.30269330329449906,0.10565235719607828,0.3853984077408515,-0.3979923496434662,0.12236966980481503,-0.022420755682234172,0.09529904634896715,-0.016717312608736754,0.40781916342308566,1.5910653535954218,-0.006758379393431305,0.32180447894333514,-0.1150892351774983,0.44669373671151685,-0.03977748387043737,2.154090179216406,-0.6830876491509614,2.044372829860795
18,4,-0.13058679555910824,-0.11361212363066173,0.3123555884607099,-0.22588584190807537,-0.09689481102192497,-0.09546357496237579,0.09529904634896715,-0.016717312608736754,0.40781916342308566,1.5910653535954218,-0.006758379393431305,0.32180447894333514,-0.1150892351774983,0.44669373671151685,-0.03977748387043737,2.154090179216406,-0.6830876491509614,2.044372829860795
18,5,-0.012324242164630059,-0.10636374109411145,0.20483150088834529,-0.1076232885135972,-0.0896464284853747,-0.20298766253474038,0.09529904634896715,-0.016717312608736754,0.40781916342308566,1.5910653535954218,-0.006758379393431305,0.32180447894333514,-0.1150892351774983,0.44669373671151685,-0.03977748387043737,2.154090179216406,-0.6830876491509614,2.044372829860795
18,6,-0.16910929456258827,-0.11666964713170236,0.1170121656990645,-0.2644083409115554,-0.0999523345229656,-0.2908069977240212,0.09529904634896715,-0.016717312608736754,0.40781916342308566,1.5910653535954218,-0.006758379393431305,0.32180447894333514,-0.1150892351774983,0.44669373671151685,-0.03977748387043737,2.154090179216406,-0.6830876491509614,2.044372829860795
18,7,-0.15951129581194706,-0.12930355040710834,0.010183972286062826,-0.2548103421609142,-0.11258623779837158,-0.39763519113702284,0.09529904634896715,-0.016717312608736754,0.40781916342308566,1.5910653535954218,-0.006758379393431305,0.32180447894333514,-0.1150892351774983,0.44669373671151685,-0.03977748387043737,2.154090179216406,-0.6830876491509614,2.044372829860795
18,8,-0.14608021141188768,-0.021518830451050457,0.33361078260020954,-0.24137925776085484,-0.004801517842313703,-0.07420838082287612,0.09529904634896715,-0.016717312608736754,0.40781916342308566,1.5910653535954218,-0.006758379393431305,0.32180447894333514,-0.1150892351774983,0.44669373671151685,-0.03977748387043737,2.154090179216406,-0.6830876491509614,2.044372829860795
18,9,-0.024567167505057053,0.04714105504393597,0.25537779547415923,-0.1198662138540242,0.06385836765267272,-0.15244136794892643,0.09529904634896715,-0.016717312608736754,0.40781916342308566,1.5910653535954218,-0.006758379393431305,0.32180447894333514,-0.1150892351774983,0.44669373671151685,-0.03977748387043737,2.154090179216406,-0.6830876491509614,2.044372829860795
18,10,-0.0911800192805421,-0.001933232040460947,0.0955202266132974,-0.18647906562950925,0.014784080568275806,-0.31229893680978826,0.09529904634896715,-0.016717312608736754,0.40781916342308566,1.5910653535954218,-0.006758379393431305,0.32180447894333514,-0.1150892351774983,0.44669373671151685,-0.03977748387043737,2.154090179216406,-0.6830876491509614,2.044372829860795
18,11,-0.03838633990617221,0.012855095512691941,0.002471138574734315,-0.13368538625513937,0.029572408121428695,-0.40534802484835136,0.09529904634896715,-0.016717312608736754,0.40781916342308566,1.5910653535954218,-0.006758379393431305,0.32180447894333514,-0.1150892351774983,0.44669373671151685,-0.03977748387043737,2.154090179216406,-0.6830876491509614,2.044372829860795
18,12,-0.09494312322597961,-0.08014276791946175,0.40910491175757724,-0.19024216957494677,-0.06342545531072499,0.0012857483344915765,0.09529904634896715,-0.016717312608736754,0.40781916342308566,1.5910653535954218,-0.006758379393431305,0.32180447894333514,-0.1150892351774983,0.44669373671151685,-0.03977748387043737,2.154090179216406,-0.6830876491509614,2.044372829860795
18,13,0.061289570562787665,0.027795356542877403,0.40272473455004093,-0.03400947578617948,0.044512669151614156,-0.005094428873044732,0.09529904634896715,-0.016717312608736754,0.40781916342308566,1.5910653535954218,-0.006758379393431305,0.32180447894333514,-0.1150892351774983,0.44669373671151685,-0.03977748387043737,2.154090179216406,-0.6830876491509614,2.044372829860795
18,14,0.263968567343585,-0.004697126994135284,0.385770007873995,0.16866952099461785,0.01202018561460147,-0.02204915554909065,0.09529904634896715,-0.016717312608736754,0.40781916342308566,1.5910653535954218,-0.006758379393431305,0.32180447894333514,-0.1150892351774983,0.44669373671151685,-0.03977748387043737,2.154090179216406,-0.6830876491509614,2.044372829860795
18,15,0.30537368384269636,-0.06427568563500559,0.35203113461278457,0.21007463749372923,-0.047558373026268835,-0.055788028810301094,0.09529904634896715,-0.016717312608736754,0.40781916342308566,1.5910653535954218,-0.006758379393431305,0.32180447894333514,-0.1150892351774983,0.44669373671151685,-0.03977748387043737,2.154090179216406,-0.6830876491509614,2.044372829860795
18,16,0.23304339918975084,-0.114436467739457,0.2281108947128532,0.13774435284078368,-0.09771915513072024,-0.17970826871023246,0.09529904634896715,-0.016717312608736754,0.40781916342308566,1.5910653535954218,-0.006758379393431305,0.32180447894333514,-0.1150892351774983,0.44669373671151685,-0.03977748387043737,2.154090179216406,-0.6830876491509614,2.044372829860795
18,17,0.32988273961748416,-0.10696593936445555,0.07894543843477285,0.23458369326851702,-0.09024862675571879,-0.3288737249883128,0.09529904634896715,-0.016717312608736754,0.40781916342308566,1.5910653535954218,-0.006758379393431305,0.32180447894333514,-0.1150892351774983,0.44669373671151685,-0.03977748387043737,2.154090179216406,-0.6830876491509614,2.044372829860795
18,18,0.3698946484642308,-0.09231685493178227,0.020907076338441195,0.2745956021152637,-0.07559954232304551,-0.3869120870846445,0.09529904634896715,-0.016717312608736754,0.40781916342308566,1.5910653535954218,-0.006758379393431305,0.32180447894333514,-0.1150892351774983,0.44669373671151685,-0.03977748387043737,2.154090179216406,-0.6830876491509614,2.044372829860795
18,19,0.25730930444063993,0.078465724961492,0.3648991126189089,0.1620102580916728,0.09518303757022875,-0.04292005080417677,0.09529904634896715,-0.016717312608736754,0.40781916342308566,1.5910653535954218,-0.006758379393431305,0.32180447894333514,-0.1150892351774983,0.44669373671151685,-0.03977748387043737,2.154090179216406,-0.6830876491509614,2.044372829860795
18,20,0.3121853187765625,0.11368760223154832,0.3185521341837298,0.2168862724275954,0.13040491484028507,-0.08926702923935587,0.09529904634896715,-0.016717312608736754,0.40781916342308566,1.5910653535954218,-0.006758379393431305,0.32180447894333514,-0.1150892351774983,0.44669373671151685,-0.03977748387043737,2.154090179216406,-0.6830876491509614,2.044372829860795
18,21,0.20655237726828438,0.15375157587567956,0.21686359167362199,0.11125333091931723,0.17046888848441633,-0.19095557174946368,0.09529904634896715,-0.016717312608736754,0.40781916342308566,1.5910653535954218,-0.006758379393431305,0.32180447894333514,-0.1150892351774983,0.44669373671151685,-0.03977748387043737,2.154090179216406,-0.6830876491509614,2.044372829860795
18,22,0.31307750627074404,0.115812887217682,0.07939704015075837,0.2177784599217769,0.13253019982641875,-0.3284221232723273,0.09529904634896715,-0.016717312608736754,0.40781916342308566,1.5910653535954218,-0.006758379393431305,0.32180447894333514,-0.1150892351774983,0.44669373671151685,-0.03977748387043737,2.154090179216406,-0.6830876491509614,2.044372829860795
18,23,0.34359178035781157,0.1290711492219211,0.015544886193212877,0.24829273400884444,0.14578846183065786,-0.3922742772298728,0.09529904634896715,-0.016717312608736754,0.40781916342308566,1.5910653535954218,-0.006758379393431305,0.32180447894333514,-0.1150892351774983,0.44669373671151685,-0.03977748387043737,2.154090179216406,-0.6830876491509614,2.044372829860795
18,24,0.2855412159239139,0.04670814270198824,0.4065334150885941,0.19024216957494677,0.06342545531072499,-0.0012857483344915765,0.09529904634896715,-0.016717312608736754,0.40781916342308566,1.5910653535954218,-0.006758379393431305,0.32180447894333514,-0.1150892351774983,0.44669373671151685,-0.03977748387043737,2.154090179216406,-0.6830876491509614,2.044372829860795
18,25,0.3934635574125743,-0.028378575395975825,0.45464628558659154,0.2981645110636072,-0.011661262787239071,0.046827122163505874,0.09529904634896715,-0.016717312608736754,0.40781916342308566,1.5910653535954218,-0.006758379393431305,0.32180447894333514,-0.1150892351774983,0.44669373671151685,-0.03977748387043737,2.154090179216406,-0.6830876491509614,2.044372829860795
18,26,0.47959431483816295,-0.10732221021543449,0.5781347269081416,0.3842952684891958,-0.09060489760669774,0.17031556348505594,0.09529904634896715,-0.016717312608736754,0.40781916342308566,1.5910653535954218,-0.006758379393431305,0.32180447894333514,-0.1150892351774983,0.44669373671151685,-0.03977748387043737,2.154090179216406,-0.6830876491509614,2.044372829860795
19,0,-0.09363696292061764,-0.07144245331793529,0.41203991175757726,-0.19035902005663502,-0.0625504298136156,0.0058910855724009226,0.09672205713601736,-0.008892023504319696,0.40614882618517634,1.6647007087941585,-0.030937362243296018,0.31747720108397703,0.08536357450811151,0.46942346157270887,-0.10020019423571236,4.4172378643513355,-1.4504488812156398,-0.2595847546105641
19,1,-0.15834257839676374,-0.08126032075879598,0.39098269630942895,-0.25506463553278114,-0.07236829725447629,-0.015166129875747392,0.09672205713601736,-0.008892023504319696,0.40614882618517634,1.6647007087941585,-0.030937362243296018,0.31747720108397703,0.08536357450811151,0.46942346157270887,-0.10020019423571236,4.4172378643513355,-1.4504488812156398,-0.2595847546105641
19,2,-0.2441264641342808,0.0026125548152996086,0.39352546522391496,-0.3408485212702982,0.011504578319619305,-0.012623360961261376,0.09672205713601736,-0.008892023504319696,0.40614882618517634,1.6647007087941585,-0.030937362243296018,0.31747720108397703,0.08536357450811151,0.46942346157270887,-0.10020019423571236,4.4172378643513355,-1.4504488812156398,-0.2595847546105641
19,3,-0.31162505428166165,0.10126118616793829,0.40412677851706275,-0.408347111417679,0.11015320967225799,-0.0020220476681135913,0.09672205713601736,-0.008892023504319696,0.40614882618517634,1.6647007087941585,-0.030937362243296018,0.31747720108397703,0.08536357450811151,0.46942346157270887,-0.10020019423571236,4.4172378643513355,-1.4504488812156398,-0.2595847546105641
19,4,-0.12858803991516404,-0.11620454733366384,0.3197042314322026,-0.2253100970511814,-0.10731252382934414,-0.08644459475297372,0.09672205713601736,-0.008892023504319696,0.40614882618517634,1.6647007087941585,-0.030937362243296018,0.31747720108397703,0.08536357450811151,0.46942346157270887,-0.10020019423571236,4.4172378643513355,-1.4504488812156398,-0.2595847546105641
19,5,-0.011448427804706535,-0.11579106253834354,0.21071735016305987,-0.1081704849407239,-0.10689903903402384,-0.19543147602211647,0.09672205713601736,-0.008892023504319696,0.40614882618517634,1.6647007087941585,-0.030937362243296018,0.31747720108397703,0.08536357450811151,0.46942346157270887,-0.10020019423571236,4.4172378643513355,-1.4504488812156398,-0.2595847546105641
19,6,-0.16585528454864212,-0.11959089019020024,0.1182831364098353,-0.2625773416846595,-0.11069886668588054,-0.28786568977534105,0.09672205713601736,-0.008892023504319696,0.40614882618517634,1.6647007087941585,-0.030937362243296018,0.31747720108397703,0.08536357450811151,0.46942346157270887,-0.10020019423571236,4.4172378643513355,-1.4504488812156398,-0.2595847546105641
19,7,-0.15834448813864826,-0.12902309405107154,0.010958295541360866,-0.25506654527466566,-0.12013107054675184,-0.3951905306438155,0.09672205713601736,-0.008892023504319696,0.40614882618517634,1.6647007087941585,-0.030937362243296018,0.31747720108397703,0.08536357450811151,0.46942346157270887,-0.10020019423571236,4.4172378643513355,-1.4504488812156398,-0.2595847546105641
19,8,-0.14638115039068889,-0.022753452305343286,0.3308083708691439,-0.24310320752670625,-0.01386142880102359,-0.07534045531603245,0.09672205713601736,-0.008892023504319696,0.40614882618517634,1.6647007087941585,-0.030937362243296018,0.31747720108397703,0.08536357450811151,0.46942346157270887,-0.10020019423571236,4.4172378643513355,-1.4504488812156398,-0.2595847546105641
19,9,-0.019484208795361613,0.03988163338196413,0.2561490631365533,-0.11620626593137898,0.04877365688628382,-0.14999976304862306,0.09672205713601736,-0.008892023504319696,0.40614882618517634,1.6647007087941585,-0.030937362243296018,0.31747720108397703,0.08536357450811151,0.46942346157270887,-0.10020019423571236,4.4172378643513355,-1.4504488812156398,-0.2595847546105641
19,10,-0.08981650357836192,-0.0038842849447567607,0.09634320374618582,-0.1865385607143793,0.005007738559562935,-0.3098056224389905,0.09672205713601736,-0.008892023504319696,0.40614882618517634,1.6647007087941585,-0.030937362243296018,0.31747720108397703,0.08536357450811151,0.46942346157270887,-0.10020019423571236,4.4172378643513355,-1.4504488812156398,-0.2595847546105641
19,11,-0.038506338648414,0.01257294988006398,0.002746054252397911,-0.13522839578443135,0.021464973384383676,-0.4034027719327784,0.09672205713601736,-0.008892023504319696,0.40614882618517634,1.6647007087941585,-0.030937362243296018,0.31747720108397703,0.08536357450811151,0.46942346157270887,-0.10020019423571236,4.4172378643513355,-1.4504488812156398,-0.2595847546105641
19,12,-0.09363696292061764,-0.07144245331793529,0.41203991175757726,-0.19035902005663502,-0.0625504298136156,0.0058910855724009226,0.09672205713601736,-0.008892023504319696,0.40614882618517634,1.6647007087941585,-0.030937362243296018,0.31747720108397703,0.08536357450811151,0.46942346157270887,-0.10020019423571236,4.4172378643513355,-1.4504488812156398,-0.2595847546105641
19,13,0.06269646720772144,0.03609968996091463,0.4023164349672188,-0.03402558992829592,0.044991713465234326,-0.0038323912179575315,0.09672205713601736,-0.008892023504319696,0.40614882618517634,1.6647007087941585,-0.030937362243296018,0.31747720108397703,0.08536357450811151,0.46942346157270887,-0.10020019423571236,4.4172378643513355,-1.4504488812156398,-0.2595847546105641
19,14,0.2648847776866522,0.0002746450441528242,0.38623995485719265,0.16816272055063483,0.00916666854847252,-0.01990887132798369,0.09672205713601736,-0.008892023504319696,0.40614882618517634,1.6647007087941585,-0.030937362243296018,0.31747720108397703,0.08536357450811151,0.46942346157270887,-0.10020019423571236,4.4172378643513355,-1.4504488812156398,-0.2595847546105641
19,15,0.29944253545718086,-0.06249921358532233,0.3506379333111611,0.2027204783211635,-0.053607190081002634,-0.05551089287401523,0.09672205713601736,-0.008892023504319696,0.40614882618517634,1.6647007087941585,-0.030937362243296018,0.31747720108397703,0.08536357450811151,0.46942346157270887,-0.10020019423571236,4.4172378643513355,-1.4504488812156398,-0.2595847546105641
19,16,0.2254845528168794,-0.1023776124155952,0.2239732969591179,0.12876249568086204,-0.09348558891127551,-0.18217552922605842,0.09672205713601736,-0.008892023504319696,0.40614882618517634,1.6647007087941585,-0.030937362243296018,0.31747720108397703,0.08536357450811151,0.46942346157270887,-0.10020019423571236,4.4172378643513355,-1.4504488812156398,-0.2595847546105641
19,17,0.3305632347153933,-0.10555651156589446,0.0803335907576405,0.23384117757937592,-0.09666448806157477,-0.3258152354275358,0.09672205713601736,-0.008892023504319696,0.40614882618517634,1.6647007087941585,-0.030937362243296018,0.31747720108397703,0.08536357450811151,0.46942346157270887,-0.10020019423571236,4.4172378643513355,-1.4504488812156398,-0.2595847546105641
19,18,0.3722550185592473,-0.09515840060145085,0.02256098093158271,0.2755329614232299,-0.08626637709713116,-0.38358784525359363,0.09672205713601736,-0.008892023504319696,0.40614882618517634,1.6647007087941585,-0.030937362243296018,0.31747720108397703,0.08536357450811151,0.46942346157270887,-0.10020019423571236,4.4172378643513355,-1.4504488812156398,-0.2595847546105641
19,19,0.25833804055157444,0.08033458176802379,0.35552274865196637,0.16161598341555708,0.08922660527234348,-0.05062607753320997,0.09672205713601736,-0.008892023504319696,0.40614882618517634,1.6647007087941585,-0.030937362243296018,0.31747720108397703,0.08536357450811151,0.46942346157270887,-0.10020019423571236,4.4172378643513355,-1.4504488812156398,-0.2595847546105641
19,20,0.31639795080524413,0.11225199870155562,0.3106860972107977,0.21967589366922677,0.12114402220587532,-0.09546272897437863,0.09672205713601736,-0.008892023504319696,0.40614882618517634,1.6647007087941585,-0.030937362243296018,0.31747720108397703,0.08536357450811151,0.46942346157270887,-0.10020019423571236,4.4172378643513355,-1.4504488812156398,-0.2595847546105641
19,21,0.20370664653924764,0.15021978279468384,0.21601235588179268,0.10698458940323027,0.15911180629900354,-0.19013647030338365,0.09672205713601736,-0.008892023504319696,0.40614882618517634,1.6647007087941585,-0.030937362243296018,0.31747720108397703,0.08536357450811151,0.46942346157270887,-0.10020019423571236,4.4172378643513355,-1.4504488812156398,-0.2595847546105641
19,22,0.3127148364462038,0.12012055528954484,0.07855235798516627,0.21599277931018643,0.12901257879386452,-0.3275964682000101,0.09672205713601736,-0.008892023504319696,0.40614882618517634,1.6647007087941585,-0.030937362243296018,0.31747720108397703,0.08536357450811151,0.46942346157270887,-0.10020019423571236,4.4172378643513355,-1.4504488812156398,-0.2595847546105641
19,23,0.34523348616138466,0.13868967273866228,0.017056624017591997,0.2485114290253673,0.14758169624298198,-0.38909220216758433,0.09672205713601736,-0.008892023504319696,0.40614882618517634,1.6647007087941585,-0.030937362243296018,0.31747720108397703,0.08536357450811151,0.46942346157270887,-0.10020019423571236,4.4172378643513355,-1.4504488812156398,-0.2595847546105641
19,24,0.28708107719265236,0.0536584063092959,0.40025774061277547,0.190359020056635,0.0625504298136156,-0.005891085572400867,0.09672205713601736,-0.008892023504319696,0.40614882618517634,1.6647007087941585,-0.030937362243296018,0.31747720108397703,0.08536357450811151,0.46942346157270887,-0.10020019423571236,4.4172378643513355,-1.4504488812156398,-0.2595847546105641
19,25,0.39955406431343565,-0.01774624215940461,0.4432844610027959,0.3028320071774183,-0.008854218655084914,0.037135634817619556,0.09672205713601736,-0.008892023504319696,0.40614882618517634,1.6647007087941585,-0.030937362243296018,0.31747720108397703,0.08536357450811151,0.46942346157270887,-0.10020019423571236,4.4172378643513355,-1.4504488812156398,-0.2595847546105641
19,26,0.4885987969228591,-0.11840403544225721,0.5473951915960973,0.3918767397868418,-0.10951201193793751,0.14124636541092095,0.09672205713601736,-0.008892023504319696,0.40614882618517634,1.6647007087941585,-0.030937362243296018,0.31747720108397703,0.08536357450811151,0.46942346157270887,-0.10020019423571236,4.4172378643513355,-1.4504488812156398,-0.2595847546105641
20,0,-0.09799535924639241,-0.05852585134614345,0.4163979117575772,-0.1949858032417403,-0.052185652552953675,0.01189830076725068,0.0969904439953479,-0.006340198793189776,0.4044996109903265,1.7949638609109337,-0.06094579849362211,0.26150922042228825,0.01609999156151966,0.1530788668944163,-0.0989331250659772,7.8142262817501615,-1.8001461457904073,-3.3574073582296813
20,1,-0.16197011969553637,-0.07129617795441985,0.39470085418766054,-0.25896056369088427,-0.06495597916123008,-0.009798756802665953,0.0969904439953479,-0.006340198793189776,0.4044996109903265,1.7949638609109337,-0.06094579849362211,0.26150922042228825,0.01609999156151966,0.1530788668944163,-0.0989331250659772,7.8142262817501615,-1.8001461457904073,-3.3574073582296813
20,2,-0.2563492481043813,0.0025742599571783598,0.40067902496738067,-0.3533396920997292,0.008914458750368136,-0.0038205860229458266,0.0969904439953479,-0.006340198793189776,0.4044996109903265,1.7949638609109337,-0.06094579849362211,0.26150922042228825,0.01609999156151966,0.1530788668944163,-0.0989331250659772,7.8142262817501615,-1.8001461457904073,-3.3574073582296813
20,3,-0.3293927094652862,0.0959813897639777,0.4191116280380368,-0.4263831534606341,0.10232158855716747,0.014612017047710313,0.0969904439953479,-0.006340198793189776,0.4044996109903265,1.7949638609109337,-0.06094579849362211,0.26150922042228825,0.01609999156151966,0.1530788668944163,-0.0989331250659772,7.8142262817501615,-1.8001461457904073,-3.3574073582296813
20,4,-0.12993340298072184,-0.1169663941213421,0.33086566618910435,-0.22692384697606974,-0.11062619532815232,-0.07363394480122215,0.0969904439953479,-0.006340198793189776,0.4044996109903265,1.7949638609109337,-0.06094579849362211,0.26150922042228825,0.01609999156151966,0.1530788668944163,-0.0989331250659772,7.8142262817501615,-1.8001461457904073,-3.3574073582296813
20,5,-0.014132942026059636,-0.12585506194194276,0.2208145651984441,-0.11112338602140753,-0.11951486314875298,-0.18368504579188238,0.0969904439953479,-0.006340198793189776,0.4044996109903265,1.7949638609109337,-0.06094579849362211,0.26150922042228825,0.01609999156151966,0.1530788668944163,-0.0989331250659772,7.8142262817501615,-1.8001461457904073,-3.3574073582296813
20,6,-0.16270213407650616,-0.12323522616527062,0.11922553214087615,-0.2596925780718541,-0.11689502737208085,-0.28527407884945033,0.0969904439953479,-0.006340198793189776,0.4044996109903265,1.7949638609109337,-0.06094579849362211,0.26150922042228825,0.01609999156151966,0.1530788668944163,-0.0989331250659772,7.8142262817501615,-1.8001461457904073,-3.3574073582296813
20,7,-0.15661266216182498,-0.12997865535455067,0.011608412245466868,-0.25360310615717285,-0.12363845656136088,-0.3928911987448596,0.0969904439953479,-0.006340198793189776,0.4044996109903265,1.7949638609109337,-0.06094579849362211,0.26150922042228825,0.01609999156151966,0.1530788668944163,-0.0989331250659772,7.8142262817501615,-1.8001461457904073,-3.3574073582296813
20,8,-0.14729697863529978,-0.022870722340917887,0.3266806142363408,-0.24428742263064768,-0.01653052354772811,-0.07781899675398568,0.0969904439953479,-0.006340198793189776,0.4044996109903265,1.7949638609109337,-0.06094579849362211,0.26150922042228825,0.01609999156151966,0.1530788668944163,-0.0989331250659772,7.8142262817501615,-1.8001461457904073,-3.3574073582296813
20,9,-0.015257130908467836,0.03156735251700926,0.25455589849093896,-0.11224757490381573,0.03790755131019904,-0.14994371249938754,0.0969904439953479,-0.006340198793189776,0.4044996109903265,1.7949638609109337,-0.06094579849362211,0.26150922042228825,0.01609999156151966,0.1530788668944163,-0.0989331250659772,7.8142262817501615,-1.8001461457904073,-3.3574073582296813
20,10,-0.08970373120857562,-0.006730990818301488,0.0952105483778387,-0.1866941752039235,-0.00039079202511171224,-0.3092890626124878,0.0969904439953479,-0.006340198793189776,0.4044996109903265,1.7949638609109337,-0.06094579849362211,0.26150922042228825,0.01609999156151966,0.1530788668944163,-0.0989331250659772,7.8142262817501615,-1.8001461457904073,-3.3574073582296813
20,11,-0.037509579993992806,0.011388716191006246,0.0024126669506070895,-0.1345000239893407,0.01772891498419602,-0.4020869440397194,0.0969904439953479,-0.006340198793189776,0.4044996109903265,1.7949638609109337,-0.06094579849362211,0.26150922042228825,0.01609999156151966,0.1530788668944163,-0.0989331250659772,7.8142262817501615,-1.8001461457904073,-3.3574073582296813
20,12,-0.09799535924639241,-0.05852585134614345,0.4163979117575772,-0.1949858032417403,-0.052185652552953675,0.01189830076725068,0.0969904439953479,-0.006340198793189776,0.4044996109903265,1.7949638609109337,-0.06094579849362211,0.26150922042228825,0.01609999156151966,0.1530788668944163,-0.0989331250659772,7.8142262817501615,-1.8001461457904073,-3.3574073582296813
20,13,0.06729426459336899,0.03264548620993378,0.3947847799868008,-0.02969617940197891,0.038985685003123556,-0.009714831003525715,0.0969904439953479,-0.006340198793189776,0.4044996109903265,1.7949638609109337,-0.06094579849362211,0.26150922042228825,0.01609999156151966,0.1530788668944163,-0.0989331250659772,7.8142262817501615,-1.8001461457904073,-3.3574073582296813
20,14,0.2687335694184565,-0.007027263666777722,0.3783446037207013,0.1717431254231086,-0.0006870648735879462,-0.02615500726962522,0.0969904439953479,-0.006340198793189776,0.4044996109903265,1.7949638609109337,-0.06094579849362211,0.26150922042228825,0.01609999156151966,0.1530788668944163,-0.0989331250659772,7.8142262817501615,-1.8001461457904073,-3.3574073582296813
20,15,0.3002101897032471,-0.06759740113594338,0.33659797850688455,0.2032197457078992,-0.06125720234275361,-0.06790163248344194,0.0969904439953479,-0.006340198793189776,0.4044996109903265,1.7949638609109337,-0.06094579849362211,0.26150922042228825,0.01609999156151966,0.1530788668944163,-0.0989331250659772,7.8142262817501615,-1.8001461457904073,-3.3574073582296813
20,16,0.21467784905581888,-0.09875892589132974,0.21487214690307327,0.11768740506047098,-0.09241872709813997,-0.18962746408725323,0.0969904439953479,-0.006340198793189776,0.4044996109903265,1.7949638609109337,-0.06094579849362211,0.26150922042228825,0.01609999156151966,0.1530788668944163,-0.0989331250659772,7.8142262817501615,-1.8001461457904073,-3.3574073582296813
20,17,0.32663763447235333,-0.0973890326809205,0.07649899255543795,0.22964719047700544,-0.09104883388773072,-0.32800061843488854,0.0969904439953479,-0.006340198793189776,0.4044996109903265,1.7949638609109337,-0.06094579849362211,0.26150922042228825,0.01609999156151966,0.1530788668944163,-0.0989331250659772,7.8142262817501615,-1.8001461457904073,-3.3574073582296813
20,18,0.37142872856978987,-0.08689464679067076,0.02111284126574007,0.27443828457444197,-0.08055444799748099,-0.3833867697245864,0.0969904439953479,-0.006340198793189776,0.4044996109903265,1.7949638609109337,-0.06094579849362211,0.26150922042228825,0.01609999156151966,0.1530788668944163,-0.0989331250659772,7.8142262817501615,-1.8001461457904073,-3.3574073582296813
20,19,0.26372007010786996,0.07329400464822845,0.34802367560191183,0.16672962611252207,0.07963420344141822,-0.056475935388414666,0.0969904439953479,-0.006340198793189776,0.4044996109903265,1.7949638609109337,-0.06094579849362211,0.26150922042228825,0.01609999156151966,0.1530788668944163,-0.0989331250659772,7.8142262817501615,-1.8001461457904073,-3.3574073582296813
20,20,0.3221832615503331,0.10674129755008878,0.3048573247642874,0.22519281755498521,0.11308149634327855,-0.0996422862260391,0.0969904439953479,-0.006340198793189776,0.4044996109903265,1.7949638609109337,-0.06094579849362211,0.26150922042228825,0.01609999156151966,0.1530788668944163,-0.0989331250659772,7.8142262817501615,-1.8001461457904073,-3.3574073582296813
20,21,0.2017642277574458,0.1448094944447485,0.2202755969019957,0.1047737837620979,0.15114969323793828,-0.1842240140883308,0.0969904439953479,-0.006340198793189776,0.4044996109903265,1.7949638609109337,-0.06094579849362211,0.26150922042228825,0.01609999156151966,0.1530788668944163,-0.0989331250659772,7.8142262817501615,-1.8001461457904073,-3.3574073582296813
20,22,0.3027181245116456,0.12266273126706691,0.07535550991392055,0.2057276805162977,0.12900293006025668,-0.32914410107640596,0.0969904439953479,-0.006340198793189776,0.4044996109903265,1.7949638609109337,-0.06094579849362211,0.26150922042228825,0.01609999156151966,0.1530788668944163,-0.0989331250659772,7.8142262817501615,-1.8001461457904073,-3.3574073582296813
20,23,0.33801806306403853,0.14565633174241344,0.016967080617817123,0.24102761906869064,0.15199653053560322,-0.3875325303725094,0.0969904439953479,-0.006340198793189776,0.4044996109903265,1.7949638609109337,-0.06094579849362211,0.26150922042228825,0.01609999156151966,0.1530788668944163,-0.0989331250659772,7.8142262817501615,-1.8001461457904073,-3.3574073582296813
20,24,0.2919762472370882,0.0458454537597639,0.39260131022307576,0.1949858032417403,0.052185652552953675,-0.011898300767250736,0.0969904439953479,-0.006340198793189776,0.4044996109903265,1.7949638609109337,-0.06094579849362211,0.26150922042228825,0.01609999156151966,0.1530788668944163,-0.0989331250659772,7.8142262817501615,-1.8001461457904073,-3.3574073582296813
20,25,0.413987209116725,-0.010663519816710917,0.4315904937579369,0.3169967651213771,-0.004323321023521141,0.027090882767610402,0.0969904439953479,-0.006340198793189776,0.4044996109903265,1.7949638609109337,-0.06094579849362211,0.26150922042228825,0.01609999156151966,0.1530788668944163,-0.0989331250659772,7.8142262817501615,-1.8001461457904073,-3.3574073582296813
20,26,0.5203853122621733,-0.13154573601427066,0.4860600582727599,0.42339486826682543,-0.12520553722108088,0.08156044728243339,0.0969904439953479,-0.006340198793189776,0.4044996109903265,1.7949638609109337,-0.06094579849362211,0.26150922042228825,0.01609999156151966,0.1530788668944163,-0.0989331250659772,7.8142262817501615,-1.8001461457904073,-3.3574073582296813
21,0,-0.10791258562388731,-0.044574096788240314,0.4206999117575772,-0.2013463740540627,-0.03512514692803996,0.014384500299024106,0.0934337884301754,-0.009448949860200354,0.4063154114585531,1.9594837870936974,-0.07132039352173507,0.17271327078263501,-0.2133566625778343,-0.18648776646734117,0.10892624284502715,9.869221726620497,-0.6223512314404893,-5.326691640051183
21,1,-0.17117695005238265,-0.059244365076768404,0.39813850780427235,-0.26461073848255806,-0.04979541521656805,-0.008176903654280754,0.0934337884301754,-0.009448949860200354,0.4063154114585531,1.9594837870936974,-0.07132039352173507,0.17271327078263501,-0.2133566625778343,-0.18648776646734117,0.10892624284502715,9.869221726620497,-0.6223512314404893,-5.326691640051183
21,2,-0.27569539782601205,-0.0012411546470133678,0.4086988897967303,-0.36912918625618746,0.008207795213186986,0.002383478338177203,0.0934337884301754,-0.009448949860200354,0.4063154114585531,1.9594837870936974,-0.07132039352173507,0.17271327078263501,-0.2133566625778343,-0.18648776646734117,0.10892624284502715,9.869221726620497,-0.6223512314404893,-5.326691640051183
21,3,-0.355898306842017,0.08340761633904056,0.4370198885129996,-0.4493320952721924,0.09285656619924092,0.03070447705444651,0.0934337884301754,-0.009448949860200354,0.4063154114585531,1.9594837870936974,-0.07132039352173507,0.17271327078263501,-0.2133566625778343,-0.18648776646734117,0.10892624284502715,9.869221726620497,-0.6223512314404893,-5.326691640051183
21,4,-0.13756860221966377,-0.11478316885495976,0.3436135472487761,-0.23100239064983918,-0.10533421899475941,-0.06270186420977703,0.0934337884301754,-0.009448949860200354,0.4063154114585531,1.9594837870936974,-0.07132039352173507,0.17271327078263501,-0.2133566625778343,-0.18648776646734117,0.10892624284502715,9.869221726620497,-0.6223512314404893,-5.326691640051183
21,5,-0.024336690743846562,-0.13408820770005975,0.23223199711267564,-0.11777047917402196,-0.1246392578398594,-0.17408341434587746,0.0934337884301754,-0.009448949860200354,0.4063154114585531,1.9594837870936974,-0.07132039352173507,0.17271327078263501,-0.2133566625778343,-0.18648776646734117,0.10892624284502715,9.869221726620497,-0.6223512314404893,-5.326691640051183
21,6,-0.16390827940857414,-0.12424047928813707,0.11899422116960673,-0.2573420678387495,-0.11479152942793672,-0.28732119028894637,0.0934337884301754,-0.009448949860200354,0.4063154114585531,1.9594837870936974,-0.07132039352173507,0.17271327078263501,-0.2133566625778343,-0.18648776646734117,0.10892624284502715,9.869221726620497,-0.6223512314404893,-5.326691640051183
21,7,-0.15826554240349863,-0.12811455093947888,0.011211332509233465,-0.251699330833674,-0.11866560107927852,-0.39510407894931965,0.0934337884301754,-0.009448949860200354,0.4063154114585531,1.9594837870936974,-0.07132039352173507,0.17271327078263501,-0.2133566625778343,-0.18648776646734117,0.10892624284502715,9.869221726620497,-0.6223512314404893,-5.326691640051183
21,8,-0.15218110353464198,-0.02211351304636889,0.32433107927082083,-0.2456148919648174,-0.012664563186168536,-0.08198433218773227,0.0934337884301754,-0.009448949860200354,0.4063154114585531,1.9594837870936974,-0.07132039352173507,0.17271327078263501,-0.2133566625778343,-0.18648776646734117,0.10892624284502715,9.869221726620497,-0.6223512314404893,-5.326691640051183
21,9,-0.017087360540729846,0.025090924356794886,0.2527669701659848,-0.11052114897090524,0.03453987421699524,-0.15354844129256828,0.0934337884301754,-0.009448949860200354,0.4063154114585531,1.9594837870936974,-0.07132039352173507,0.17271327078263501,-0.2133566625778343,-0.18648776646734117,0.10892624284502715,9.869221726620497,-0.6223512314404893,-5.326691640051183
21,10,-0.09402958629231428,-0.00687095671317578,0.09321029665724678,-0.1874633747224897,0.0025779931470245737,-0.3131051148013063,0.0934337884301754,-0.009448949860200354,0.4063154114585531,1.9594837870936974,-0.07132039352173507,0.17271327078263501,-0.2133566625778343,-0.18648776646734117,0.10892624284502715,9.869221726620497,-0.6223512314404893,-5.326691640051183
21,11,-0.03960312403864416,0.013049492567808796,0.0020788755663395083,-0.13303691246881955,0.02249844242800915,-0.4042365358922136,0.0934337884301754,-0.009448949860200354,0.4063154114585531,1.9594837870936974,-0.07132039352173507,0.17271327078263501,-0.2133566625778343,-0.18648776646734117,0.10892624284502715,9.869221726620497,-0.6223512314404893,-5.326691640051183
21,12,-0.10791258562388731,-0.044574096788240314,0.4206999117575772,-0.2013463740540627,-0.03512514692803996,0.014384500299024106,0.0934337884301754,-0.009448949860200354,0.4063154114585531,1.9594837870936974,-0.07132039352173507,0.17271327078263501,-0.2133566625778343,-0.18648776646734117,0.10892624284502715,9.869221726620497,-0.6223512314404893,-5.326691640051183
21,13,0.06990044078688257,0.016209324438488174,0.3926302951814695,-0.023533347643292832,0.025658274298688527,-0.013685116277083575,0.0934337884301754,-0.009448949860200354,0.4063154114585531,1.9594837870936974,-0.07132039352173507,0.17271327078263501,-0.2133566625778343,-0.18648776646734117,0.10892624284502715,9.869221726620497,-0.6223512314404893,-5.326691640051183
21,14,0.27065860665568753,-0.024875653914826074,0.3718894314364753,0.17722481822551212,-0.01542670405462572,-0.03442598002207781,0.0934337884301754,-0.009448949860200354,0.4063154114585531,1.9594837870936974,-0.07132039352173507,0.17271327078263501,-0.2133566625778343,-0.18648776646734117,0.10892624284502715,9.869221726620497,-0.6223512314404893,-5.326691640051183
21,15,0.3030060760403651,-0.07916053763061309,0.32280692414952156,0.2095722876101897,-0.06971158777041274,-0.08350848730903154,0.0934337884301754,-0.009448949860200354,0.4063154114585531,1.9594837870936974,-0.07132039352173507,0.17271327078263501,-0.2133566625778343,-0.18648776646734117,0.10892624284502715,9.869221726620497,-0.6223512314404893,-5.326691640051183
21,16,0.20590814269442256,-0.10797166289732615,0.2094671235049934,0.11247435426424716,-0.0985227130371258,-0.1968482879535597,0.0934337884301754,-0.009448949860200354,0.4063154114585531,1.9594837870936974,-0.07132039352173507,0.17271327078263501,-0.2133566625778343,-0.18648776646734117,0.10892624284502715,9.869221726620497,-0.6223512314404893,-5.326691640051183
21,17,0.32103675583497226,-0.09045147298879842,0.07484749122858417,0.22760296740479685,-0.08100252312859807,-0.33146792022996896,0.0934337884301754,-0.009448949860200354,0.4063154114585531,1.9594837870936974,-0.07132039352173507,0.17271327078263501,-0.2133566625778343,-0.18648776646734117,0.10892624284502715,9.869221726620497,-0.6223512314404893,-5.326691640051183
21,18,0.37000952131313103,-0.07955654103080376,0.02320478892379656,0.2765757328829556,-0.0701075911706034,-0.38311062253475653,0.0934337884301754,-0.009448949860200354,0.4063154114585531,1.9594837870936974,-0.07132039352173507,0.17271327078263501,-0.2133566625778343,-0.18648776646734117,0.10892624284502715,9.869221726620497,-0.6223512314404893,-5.326691640051183
21,19,0.26708733056192635,0.05839071281943764,0.35067721410179,0.17365354213175094,0.067839662679638,-0.05563819735676312,0.0934337884301754,-0.009448949860200354,0.4063154114585531,1.9594837870936974,-0.07132039352173507,0.17271327078263501,-0.2133566625778343,-0.18648776646734117,0.10892624284502715,9.869221726620497,-0.6223512314404893,-5.326691640051183
21,20,0.32423107258501893,0.09631524662884478,0.3094907783830377,0.23079728415484352,0.10576419648904513,-0.09682463307551542,0.0934337884301754,-0.009448949860200354,0.4063154114585531,1.9594837870936974,-0.07132039352173507,0.17271327078263501,-0.2133566625778343,-0.18648776646734117,0.10892624284502715,9.869221726620497,-0.6223512314404893,-5.326691640051183
21,21,0.20354305695405114,0.12724060322156308,0.22241595299252537,0.11010926852387574,0.13668955308176345,-0.18389945846602773,0.0934337884301754,-0.009448949860200354,0.4063154114585531,1.9594837870936974,-0.07132039352173507,0.17271327078263501,-0.2133566625778343,-0.18648776646734117,0.10892624284502715,9.869221726620497,-0.6223512314404893,-5.326691640051183
21,22,0.29658628095714124,0.11775081570852283,0.0709666135815434,0.20315249252696582,0.1271997655687232,-0.3353487978770097,0.0934337884301754,-0.009448949860200354,0.4063154114585531,1.9594837870936974,-0.07132039352173507,0.17271327078263501,-0.2133566625778343,-0.18648776646734117,0.10892624284502715,9.869221726620497,-0.6223512314404893,-5.326691640051183
21,23,0.3347089593806931,0.13810544046963186,0.013378848888447942,0.2412751709505177,0.1475543903298322,-0.3929365625701052,0.0934337884301754,-0.009448949860200354,0.4063154114585531,1.9594837870936974,-0.07132039352173507,0.17271327078263501,-0.2133566625778343,-0.18648776646734117,0.10892624284502715,9.869221726620497,-0.6223512314404893,-5.326691640051183
21,24,0.2947801624842381,0.025676197067839607,0.391930911159529,0.2013463740540627,0.03512514692803996,-0.014384500299024106,0.0934337884301754,-0.009448949860200354,0.4063154114585531,1.9594837870936974,-0.07132039352173507,0.17271327078263501,-0.2133566625778343,-0.18648776646734117,0.10892624284502715,9.869221726620497,-0.6223512314404893,-5.326691640051183
21,25,0.42348082259148434,-0.009623985514552125,0.4342408692904585,0.3300470341613089,-0.00017503565435177115,0.02792545783190542,0.0934337884301754,-0.009448949860200354,0.4063154114585531,1.9594837870936974,-0.07132039352173507,0.17271327078263501,-0.2133566625778343,-0.18648776646734117,0.10892624284502715,9.869221726620497,-0.6223512314404893,-5.326691640051183
21,26,0.5658398095588526,-0.1025066713475343,0.4316475069263072,0.4724060211286772,-0.09305772148733395,0.025332095467754112,0.0934337884301754,-0.009448949860200354,0.4063154114585531,1.9594837870936974,-0.07132039352173507,0.17271327078263501,-0.2133566625778343,-0.18648776646734117,0.10892624284502715,9.869221726620497,-0.6223512314404893,-5.326691640051183
22,0,-0.11812065883076779,-0.03389071033043399,0.4218049117575772,-0.20586994201949382,-0.01576456221423443,0.011544036362971855,0.08774928318872605,-0.01812614811619956,0.4102608753946053,2.2028583082360793,-0.056015752311937964,0.07642619747993934,-0.3410021140641483,-0.5205277898019919,0.23668050006312044,14.599551358271258,0.9180948536171027,-5.776069184324875
22,1,-0.18097674317030404,-0.04892403532017267,0.3983586898826241,-0.2687260263590301,-0.030797887203973112,-0.011902185511981245,0.08774928318872605,-0.01812614811619956,0.4102608753946053,2.2028583082360793,-0.056015752311937964,0.07642619747993934,-0.3410021140641483,-0.5205277898019919,0.23668050006312044,14.599551358271258,0.9180948536171027,-5.776069184324875
22,2,-0.293909049611641,-0.011507114038552653,0.41405162303518506,-0.38165833280036704,0.006619034077646906,0.003790747640579739,0.08774928318872605,-0.01812614811619956,0.4102608753946053,2.2028583082360793,-0.056015752311937964,0.07642619747993934,-0.3410021140641483,-0.5205277898019919,0.23668050006312044,14.599551358271258,0.9180948536171027,-5.776069184324875
22,3,-0.38308006261286315,0.05957274145649344,0.45141717630899525,-0.4708293458015892,0.077698889572693,0.04115630091438993,0.08774928318872605,-0.01812614811619956,0.4102608753946053,2.2028583082360793,-0.056015752311937964,0.07642619747993934,-0.3410021140641483,-0.5205277898019919,0.23668050006312044,14.599551358271258,0.9180948536171027,-5.776069184324875
22,4,-0.1474875251010535,-0.11174452663036225,0.35232490632089986,-0.23523680828977955,-0.09361837851416269,-0.05793596907370546,0.08774928318872605,-0.01812614811619956,0.4102608753946053,2.2028583082360793,-0.056015752311937964,0.07642619747993934,-0.3410021140641483,-0.5205277898019919,0.23668050006312044,14.599551358271258,0.9180948536171027,-5.776069184324875
22,5,-0.03532087299231938,-0.14108486953324925,0.24206255362976514,-0.12307015618104543,-0.1229587214170497,-0.16819832176484018,0.08774928318872605,-0.01812614811619956,0.4102608753946053,2.2028583082360793,-0.056015752311937964,0.07642619747993934,-0.3410021140641483,-0.5205277898019919,0.23668050006312044,14.599551358271258,0.9180948536171027,-5.776069184324875
22,6,-0.16541959877668908,-0.1259229729943232,0.11859418348090661,-0.2531688819654151,-0.10779682487812364,-0.2916666919136987,0.08774928318872605,-0.01812614811619956,0.4102608753946053,2.2028583082360793,-0.056015752311937964,0.07642619747993934,-0.3410021140641483,-0.5205277898019919,0.23668050006312044,14.599551358271258,0.9180948536171027,-5.776069184324875
22,7,-0.15805677461364676,-0.12945233010884138,0.010903271800103982,-0.2458060578023728,-0.11132618199264183,-0.39935760359450134,0.08774928318872605,-0.01812614811619956,0.4102608753946053,2.2028583082360793,-0.056015752311937964,0.07642619747993934,-0.3410021140641483,-0.5205277898019919,0.23668050006312044,14.599551358271258,0.9180948536171027,-5.776069184324875
22,8,-0.15758435255733616,-0.021597148372482555,0.32159205538192626,-0.2453336357460622,-0.0034710002562829967,-0.08866882001267906,0.08774928318872605,-0.01812614811619956,0.4102608753946053,2.2028583082360793,-0.056015752311937964,0.07642619747993934,-0.3410021140641483,-0.5205277898019919,0.23668050006312044,14.599551358271258,0.9180948536171027,-5.776069184324875
22,9,-0.020059407261710044,0.020597532570785296,0.25154565431133563,-0.10780869045043609,0.038723680686984854,-0.1587152210832697,0.08774928318872605,-0.01812614811619956,0.4102608753946053,2.2028583082360793,-0.056015752311937964,0.07642619747993934,-0.3410021140641483,-0.5205277898019919,0.23668050006312044,14.599551358271258,0.9180948536171027,-5.776069184324875
22,10,-0.09660814546296713,-0.0087963688375156,0.09130742780544018,-0.1843574286516932,0.009329779278683958,-0.3189534475891651,0.08774928318872605,-0.01812614811619956,0.4102608753946053,2.2028583082360793,-0.056015752311937964,0.07642619747993934,-0.3410021140641483,-0.5205277898019919,0.23668050006312044,14.599551358271258,0.9180948536171027,-5.776069184324875
22,11,-0.04034609528108349,0.011140861035262246,0.001301380391220945,-0.12809537846980953,0.029267009151461805,-0.40895949500338435,0.08774928318872605,-0.01812614811619956,0.4102608753946053,2.2028583082360793,-0.056015752311937964,0.07642619747993934,-0.3410021140641483,-0.5205277898019919,0.23668050006312044,14.599551358271258,0.9180948536171027,-5.776069184324875
22,12,-0.11812065883076779,-0.03389071033043399,0.4218049117575772,-0.20586994201949382,-0.01576456221423443,0.011544036362971855,0.08774928318872605,-0.01812614811619956,0.4102608753946053,2.2028583082360793,-0.056015752311937964,0.07642619747993934,-0.3410021140641483,-0.5205277898019919,0.23668050006312044,14.599551358271258,0.9180948536171027,-5.776069184324875
22,13,0.06868074890663868,-0.01004776786736707,0.3965710430456739,-0.019068534282087365,0.008078380248832489,-0.013689832348931397,0.08774928318872605,-0.01812614811619956,0.4102608753946053,2.2028583082360793,-0.056015752311937964,0.07642619747993934,-0.3410021140641483,-0.5205277898019919,0.23668050006312044,14.599551358271258,0.9180948536171027,-5.776069184324875
22,14,0.269282365190434,-0.04819650157274864,0.369632861526697,0.18153308200170798,-0.030070353456549084,-0.04062801386790832,0.08774928318872605,-0.01812614811619956,0.4102608753946053,2.2028583082360793,-0.056015752311937964,0.07642619747993934,-0.3410021140641483,-0.5205277898019919,0.23668050006312044,14.599551358271258,0.9180948536171027,-5.776069184324875
22,15,0.3063357996011355,-0.09361010650911963,0.31516316926080756,0.21858651641240945,-0.07548395839292008,-0.09509770613379775,0.08774928318872605,-0.01812614811619956,0.4102608753946053,2.2028583082360793,-0.056015752311937964,0.07642619747993934,-0.3410021140641483,-0.5205277898019919,0.23668050006312044,14.599551358271258,0.9180948536171027,-5.776069184324875
22,16,0.20603323806989915,-0.1270160572095182,0.20595035591898744,0.1182839548811731,-0.10888990909331864,-0.20431051947561787,0.08774928318872605,-0.01812614811619956,0.4102608753946053,2.2028583082360793,-0.056015752311937964,0.07642619747993934,-0.3410021140641483,-0.5205277898019919,0.23668050006312044,14.599551358271258,0.9180948536171027,-5.776069184324875
22,17,0.31787209856084364,-0.09013107295210324,0.07247538744939244,0.2301228153721176,-0.07200492483590368,-0.3377854879452129,0.08774928318872605,-0.01812614811619956,0.4102608753946053,2.2028583082360793,-0.056015752311937964,0.07642619747993934,-0.3410021140641483,-0.5205277898019919,0.23668050006312044,14.599551358271258,0.9180948536171027,-5.776069184324875
22,18,0.36900304696773,-0.07910549922545804,0.022997484941778508,0.28125376377900396,-0.06097935110925848,-0.3872633904528268,0.08774928318872605,-0.01812614811619956,0.4102608753946053,2.2028583082360793,-0.056015752311937964,0.07642619747993934,-0.3410021140641483,-0.5205277898019919,0.23668050006312044,14.599551358271258,0.9180948536171027,-5.776069184324875
22,19,0.26640516076324866,0.037572054587826156,0.36402247275237615,0.17865587757452261,0.055698202704025715,-0.04623840264222917,0.08774928318872605,-0.01812614811619956,0.4102608753946053,2.2028583082360793,-0.056015752311937964,0.07642619747993934,-0.3410021140641483,-0.5205277898019919,0.23668050006312044,14.599551358271258,0.9180948536171027,-5.776069184324875
22,20,0.321679711959859,0.08207771664722921,0.32709050786904403,0.23393042877113296,0.10020386476342877,-0.08317036752556128,0.08774928318872605,-0.01812614811619956,0.4102608753946053,2.2028583082360793,-0.056015752311937964,0.07642619747993934,-0.3410021140641483,-0.5205277898019919,0.23668050006312044,14.599551358271258,0.9180948536171027,-5.776069184324875
22,21,0.21040451281702183,0.10418098986849565,0.22593085505693603,0.12265522962829578,0.12230713798469521,-0.1843300203376693,0.08774928318872605,-0.01812614811619956,0.4102608753946053,2.2028583082360793,-0.056015752311937964,0.07642619747993934,-0.3410021140641483,-0.5205277898019919,0.23668050006312044,14.599551358271258,0.9180948536171027,-5.776069184324875
22,22,0.2971915683713031,0.11802969742392487,0.07113996294656653,0.20944228518257707,0.13615584554012444,-0.33912091244803877,0.08774928318872605,-0.01812614811619956,0.4102608753946053,2.2028583082360793,-0.056015752311937964,0.07642619747993934,-0.3410021140641483,-0.5205277898019919,0.23668050006312044,14.599551358271258,0.9180948536171027,-5.776069184324875
22,23,0.3355439703407153,0.13533342521295028,0.012713305792578584,0.24779468715198927,0.15345957332914983,-0.39754756960202675,0.08774928318872605,-0.01812614811619956,0.4102608753946053,2.2028583082360793,-0.056015752311937964,0.07642619747993934,-0.3410021140641483,-0.5205277898019919,0.23668050006312044,14.599551358271258,0.9180948536171027,-5.776069184324875
22,24,0.29361922520821987,-0.002361585901965127,0.3987168390316334,0.20586994201949382,0.01576456221423443,-0.01154403636297191,0.08774928318872605,-0.01812614811619956,0.4102608753946053,2.2028583082360793,-0.056015752311937964,0.07642619747993934,-0.3410021140641483,-0.5205277898019919,0.23668050006312044,14.599551358271258,0.9180948536171027,-5.776069184324875
22,25,0.42539993292078143,-0.018064104519599958,0.4432967819572767,0.3376506497320554,6.204359659960079e-05,0.03303590656267136,0.08774928318872605,-0.01812614811619956,0.4102608753946053,2.2028583082360793,-0.056015752311937964,0.07642619747993934,-0.3410021140641483,-0.5205277898019919,0.23668050006312044,14.599551358271258,0.9180948536171027,-5.776069184324875
22,26,0.5868753928946239,-0.0691884425681855,0.42873732250441343,0.4991261097058978,-0.05106229445198594,0.018476447109808114,0.08774928318872605,-0.01812614811619956,0.4102608753946053,2.2028583082360793,-0.056015752311937964,0.07642619747993934,-0.3410021140641483,-0.5205277898019919,0.23668050006312044,14.599551358271258,0.9180948536171027,-5.776069184324875
23,0,-0.12351303128527089,-0.031058037333175602,0.41933791175757723,-0.20669258564441262,0.001953856933084877,0.008116617074715171,0.08317955435914172,-0.03301189426626048,0.41122129468286206,-2.905364101146353,-0.03924886231884854,-0.00945267936063023,-0.27412890399426076,-0.8929661757685015,0.057613634568490814,-306.4320581513157,1.0058122371379377,-5.151702269980178
23,1,-0.18652564626717139,-0.04414401697876994,0.3951556659502849,-0.2697052006263131,-0.011132122712509462,-0.016065628732577164,0.08317955435914172,-0.03301189426626048,0.41122129468286206,-2.905364101146353,-0.03924886231884854,-0.00945267936063023,-0.27412890399426076,-0.8929661757685015,0.057613634568490814,-306.4320581513157,1.0058122371379377,-5.151702269980178
23,2,-0.30385727861717937,-0.02819112556105364,0.41461827894405767,-0.3870368329763211,0.00482076870520684,0.0033969842611956125,0.08317955435914172,-0.03301189426626048,0.41122129468286206,-2.905364101146353,-0.03924886231884854,-0.00945267936063023,-0.27412890399426076,-0.8929661757685015,0.057613634568490814,-306.4320581513157,1.0058122371379377,-5.151702269980178
23,3,-0.4035362959812071,0.02291519291470668,0.4576559102490475,-0.4867158503403488,0.05592708718096716,0.046434615566185444,0.08317955435914172,-0.03301189426626048,0.41122129468286206,-2.905364101146353,-0.03924886231884854,-0.00945267936063023,-0.27412890399426076,-0.8929661757685015,0.057613634568490814,-306.4320581513157,1.0058122371379377,-5.151702269980178
23,4,-0.15497910723574576,-0.10986214328376917,0.35187755556360345,-0.23815866159488747,-0.0768502490175087,-0.05934373911925861,0.08317955435914172,-0.03301189426626048,0.41122129468286206,-2.905364101146353,-0.03924886231884854,-0.00945267936063023,-0.27412890399426076,-0.8929661757685015,0.057613634568490814,-306.4320581513157,1.0058122371379377,-5.151702269980178
23,5,-0.04107531852759522,-0.14292556618757676,0.24448697411970735,-0.12425487288673694,-0.10991367192131629,-0.1667343205631547,0.08317955435914172,-0.03301189426626048,0.41122129468286206,-2.905364101146353,-0.03924886231884854,-0.00945267936063023,-0.27412890399426076,-0.8929661757685015,0.057613634568490814,-306.4320581513157,1.0058122371379377,-5.151702269980178
23,6,-0.16724738327562283,-0.1235867225090887,0.11757511808847383,-0.25042693763476453,-0.09057482824282823,-0.29364617659438824,0.08317955435914172,-0.03301189426626048,0.41122129468286206,-2.905364101146353,-0.03924886231884854,-0.00945267936063023,-0.27412890399426076,-0.8929661757685015,0.057613634568490814,-306.4320581513157,1.0058122371379377,-5.151702269980178
23,7,-0.157903565367959,-0.12696860119085945,0.010033238044076711,-0.24108311972710073,-0.09395670692459898,-0.4011880566387854,0.08317955435914172,-0.03301189426626048,0.41122129468286206,-2.905364101146353,-0.03924886231884854,-0.00945267936063023,-0.27412890399426076,-0.8929661757685015,0.057613634568490814,-306.4320581513157,1.0058122371379377,-5.151702269980178
23,8,-0.1605524137529452,-0.02044638843316244,0.3180136381278323,-0.24373196811208692,0.01256550583309804,-0.09320765655502977,0.08317955435914172,-0.03301189426626048,0.41122129468286206,-2.905364101146353,-0.03924886231884854,-0.00945267936063023,-0.27412890399426076,-0.8929661757685015,0.057613634568490814,-306.4320581513157,1.0058122371379377,-5.151702269980178
23,9,-0.02102747673137656,0.019793311409306576,0.250830615687011,-0.10420703109051828,0.052805205675567055,-0.16039067899585108,0.08317955435914172,-0.03301189426626048,0.41122129468286206,-2.905364101146353,-0.03924886231884854,-0.00945267936063023,-0.27412890399426076,-0.8929661757685015,0.057613634568490814,-306.4320581513157,1.0058122371379377,-5.151702269980178
23,10,-0.09805210646910854,-0.008102529121968138,0.0905526431069855,-0.18123166082825026,0.02490936514429234,-0.32066865157587654,0.08317955435914172,-0.03301189426626048,0.41122129468286206,-2.905364101146353,-0.03924886231884854,-0.00945267936063023,-0.27412890399426076,-0.8929661757685015,0.057613634568490814,-306.4320581513157,1.0058122371379377,-5.151702269980178
23,11,-0.04111450305731765,0.011852174276427978,0.0009763118036966566,-0.12429405741645937,0.04486406854268846,-0.4102449828791654,0.08317955435914172,-0.03301189426626048,0.41122129468286206,-2.905364101146353,-0.03924886231884854,-0.00945267936063023,-0.27412890399426076,-0.8929661757685015,0.057613634568490814,-306.4320581513157,1.0058122371379377,-5.151702269980178
23,12,-0.12351303128527089,-0.031058037333175602,0.41933791175757723,-0.20669258564441262,0.001953856933084877,0.008116617074715171,0.08317955435914172,-0.03301189426626048,0.41122129468286206,-2.905364101146353,-0.03924886231884854,-0.00945267936063023,-0.27412890399426076,-0.8929661757685015,0.057613634568490814,-306.4320581513157,1.0058122371379377,-5.151702269980178
23,13,0.06492754456387345,-0.038826115755057386,0.3963203895438394,-0.018252009795268268,-0.005814221488796907,-0.014900905139022647,0.08317955435914172,-0.03301189426626048,0.41122129468286206,-2.905364101146353,-0.03924886231884854,-0.00945267936063023,-0.27412890399426076,-0.8929661757685015,0.057613634568490814,-306.4320581513157,1.0058122371379377,-5.151702269980178
23,14,0.2655159415051379,-0.07274755217437148,0.36413916581050604,0.1823363871459962,-0.039735657908111004,-0.04708212887235602,0.08317955435914172,-0.03301189426626048,0.41122129468286206,-2.905364101146353,-0.03924886231884854,-0.00945267936063023,-0.27412890399426076,-0.8929661757685015,0.057613634568490814,-306.4320581513157,1.0058122371379377,-5.151702269980178
23,15,0.3075189965138848,-0.10928099652313555,0.30666438258073503,0.2243394421547431,-0.07626910225687508,-0.10455691210212703,0.08317955435914172,-0.03301189426626048,0.41122129468286206,-2.905364101146353,-0.03924886231884854,-0.00945267936063023,-0.27412890399426076,-0.8929661757685015,0.057613634568490814,-306.4320581513157,1.0058122371379377,-5.151702269980178
23,16,0.20821998918935955,-0.14591943116951342,0.19757115524619068,0.12504043483021782,-0.11290753690325295,-0.21365013943667138,0.08317955435914172,-0.03301189426626048,0.41122129468286206,-2.905364101146353,-0.03924886231884854,-0.00945267936063023,-0.27412890399426076,-0.8929661757685015,0.057613634568490814,-306.4320581513157,1.0058122371379377,-5.151702269980178
23,17,0.31647472317254044,-0.09092249584961234,0.0674164408688445,0.23329516881339873,-0.057910601583351866,-0.34380485381401754,0.08317955435914172,-0.03301189426626048,0.41122129468286206,-2.905364101146353,-0.03924886231884854,-0.00945267936063023,-0.27412890399426076,-0.8929661757685015,0.057613634568490814,-306.4320581513157,1.0058122371379377,-5.151702269980178
23,18,0.36950981806293093,-0.08033780571726734,0.019884945578132404,0.2863302637037892,-0.04732591145100686,-0.39133634910472964,0.08317955435914172,-0.03301189426626048,0.41122129468286206,-2.905364101146353,-0.03924886231884854,-0.00945267936063023,-0.27412890399426076,-0.8929661757685015,0.057613634568490814,-306.4320581513157,1.0058122371379377,-5.151702269980178
23,19,0.2636437299762704,0.012119714082479131,0.37792473586004927,0.18046417561712869,0.04513160834873961,-0.033296558822812794,0.08317955435914172,-0.03301189426626048,0.41122129468286206,-2.905364101146353,-0.03924886231884854,-0.00945267936063023,-0.27412890399426076,-0.8929661757685015,0.057613634568490814,-306.4320581513157,1.0058122371379377,-5.151702269980178
23,20,0.31668877839956744,0.06363324681122035,0.347386582949242,0.23350922404042573,0.09664514107748082,-0.06383471173362004,0.08317955435914172,-0.03301189426626048,0.41122129468286206,-2.905364101146353,-0.03924886231884854,-0.00945267936063023,-0.27412890399426076,-0.8929661757685015,0.057613634568490814,-306.4320581513157,1.0058122371379377,-5.151702269980178
23,21,0.22019218842064706,0.08613686970494763,0.2321216920308421,0.13701263406150532,0.1191487639712081,-0.17909960265201996,0.08317955435914172,-0.03301189426626048,0.41122129468286206,-2.905364101146353,-0.03924886231884854,-0.00945267936063023,-0.27412890399426076,-0.8929661757685015,0.057613634568490814,-306.4320581513157,1.0058122371379377,-5.151702269980178
23,22,0.3008563608377228,0.12153696941493283,0.07744744004213963,0.21767680647858112,0.1545488636811933,-0.3337738546407224,0.08317955435914172,-0.03301189426626048,0.41122129468286206,-2.905364101146353,-0.03924886231884854,-0.00945267936063023,-0.27412890399426076,-0.8929661757685015,0.057613634568490814,-306.4320581513157,1.0058122371379377,-5.151702269980178
23,23,0.3384586675108967,0.13512335778400422,0.017568590822796566,0.255279113151755,0.1681352520502647,-0.3936527038600655,0.08317955435914172,-0.03301189426626048,0.41122129468286206,-2.905364101146353,-0.03924886231884854,-0.00945267936063023,-0.27412890399426076,-0.8929661757685015,0.057613634568490814,-306.4320581513157,1.0058122371379377,-5.151702269980178
23,24,0.2898721400035543,-0.034965751199345356,0.40310467760814683,0.20669258564441262,-0.001953856933084877,-0.008116617074715227,0.08317955435914172,-0.03301189426626048,0.41122129468286206,-2.905364101146353,-0.03924886231884854,-0.00945267936063023,-0.27412890399426076,-0.8929661757685015,0.057613634568490814,-306.4320581513157,1.0058122371379377,-5.151702269980178
23,25,0.418656411638223,-0.0325846026759106,0.45795936613471444,0.3354768572790813,0.0004272915903498764,0.04673807145185238,0.08317955435914172,-0.03301189426626048,0.41122129468286206,-2.905364101146353,-0.03924886231884854,-0.00945267936063023,-0.27412890399426076,-0.8929661757685015,0.057613634568490814,-306.4320581513157,1.0058122371379377,-5.151702269980178
23,26,0.587308390069566,-0.05019880728628231,0.4700527513177771,0.5041288357104243,-0.01718691302002183,0.058831456634915014,0.08317955435914172,-0.03301189426626048,0.41122129468286206,-2.905364101146353,-0.03924886231884854,-0.00945267936063023,-0.27412890399426076,-0.8929661757685015,0.057613634568490814,-306.4320581513157,1.0058122371379377,-5.151702269980178
24,0,-0.12450578345299732,-0.03705132250885617,0.41729291175757716,-0.20598482453294403,0.008330239009423479,0.008127328083071206,0.0814790410799467,-0.04538156151827965,0.40916558367450595,-2.343865775718519,-0.039435500016736943,-0.04041900744057986,-0.10201039467276635,-0.7420316287953911,-0.12331799690198615,33.683162893091435,-0.01119602266877044,-1.8576081631643446
24,1,-0.18805782226520315,-0.04679354959248488,0.39294458729592807,-0.26953686334514987,-0.0014119880742052282,-0.01622099637857788,0.0814790410799467,-0.04538156151827965,0.40916558367450595,-2.343865775718519,-0.039435500016736943,-0.04041900744057986,-0.10201039467276635,-0.7420316287953911,-0.12331799690198615,33.683162893091435,-0.01119602266877044,-1.8576081631643446
24,2,-0.3066513351640161,-0.049507342691369645,0.4110612660635786,-0.3881303762439628,-0.004125781173089996,0.0018956823890726726,0.0814790410799467,-0.04538156151827965,0.40916558367450595,-2.343865775718519,-0.039435500016736943,-0.04041900744057986,-0.10201039467276635,-0.7420316287953911,-0.12331799690198615,33.683162893091435,-0.01119602266877044,-1.8576081631643446
24,3,-0.4156377049360487,-0.022295290174245516,0.4532687941059895,-0.49711674601599537,0.023086271344034133,0.044103210431483575,0.0814790410799467,-0.04538156151827965,0.40916558367450595,-2.343865775718519,-0.039435500016736943,-0.04041900744057986,-0.10201039467276635,-0.7420316287953911,-0.12331799690198615,33.683162893091435,-0.01119602266877044,-1.8576081631643446
24,4,-0.1589548194316197,-0.11116274049592426,0.34607590280400785,-0.2404338605115664,-0.0657811789776446,-0.0630896808704981,0.0814790410799467,-0.04538156151827965,0.40916558367450595,-2.343865775718519,-0.039435500016736943,-0.04041900744057986,-0.10201039467276635,-0.7420316287953911,-0.12331799690198615,33.683162893091435,-0.01119602266877044,-1.8576081631643446
24,5,-0.042395059405918534,-0.1412012430097244,0.2406647519022569,-0.12387410048586524,-0.09581968149144474,-0.16850083177224906,0.0814790410799467,-0.04538156151827965,0.40916558367450595,-2.343865775718519,-0.039435500016736943,-0.04041900744057986,-0.10201039467276635,-0.7420316287953911,-0.12331799690198615,33.683162893091435,-0.01119602266877044,-1.8576081631643446
24,6,-0.1704631446447932,-0.12082506640490076,0.1158313549318175,-0.2519421857247399,-0.0754435048866211,-0.29333422874268844,0.0814790410799467,-0.04538156151827965,0.40916558367450595,-2.343865775718519,-0.039435500016736943,-0.04041900744057986,-0.10201039467276635,-0.7420316287953911,-0.12331799690198615,33.683162893091435,-0.01119602266877044,-1.8576081631643446
24,7,-0.15784079126318018,-0.12497624286028691,0.008651860953491592,-0.23931983234312687,-0.07959468134200726,-0.4005137227210144,0.0814790410799467,-0.04538156151827965,0.40916558367450595,-2.343865775718519,-0.039435500016736943,-0.04041900744057986,-0.10201039467276635,-0.7420316287953911,-0.12331799690198615,33.683162893091435,-0.01119602266877044,-1.8576081631643446
24,8,-0.16177190596892752,-0.019969516571094865,0.3169406352807248,-0.24325094704887423,0.025412044947184784,-0.09222494839378115,0.0814790410799467,-0.04538156151827965,0.40916558367450595,-2.343865775718519,-0.039435500016736943,-0.04041900744057986,-0.10201039467276635,-0.7420316287953911,-0.12331799690198615,33.683162893091435,-0.01119602266877044,-1.8576081631643446
24,9,-0.021540261714698583,0.020180044143735303,0.2511903595337355,-0.10301930279464529,0.06556160566201495,-0.15797522414077048,0.0814790410799467,-0.04538156151827965,0.40916558367450595,-2.343865775718519,-0.039435500016736943,-0.04041900744057986,-0.10201039467276635,-0.7420316287953911,-0.12331799690198615,33.683162893091435,-0.01119602266877044,-1.8576081631643446
24,10,-0.09912142581012057,-0.005871761766081961,0.09087047181555163,-0.18060046689006726,0.03950979975219769,-0.3182951118589543,0.0814790410799467,-0.04538156151827965,0.40916558367450595,-2.343865775718519,-0.039435500016736943,-0.04041900744057986,-0.10201039467276635,-0.7420316287953911,-0.12331799690198615,33.683162893091435,-0.01119602266877044,-1.8576081631643446
24,11,-0.04203256219512061,0.013155365217361138,0.0011886448039416745,-0.12351160327506731,0.05853692673564079,-0.4079769388705643,0.0814790410799467,-0.04538156151827965,0.40916558367450595,-2.343865775718519,-0.039435500016736943,-0.04041900744057986,-0.10201039467276635,-0.7420316287953911,-0.12331799690198615,33.683162893091435,-0.01119602266877044,-1.8576081631643446
24,12,-0.12450578345299732,-0.03705132250885617,0.41729291175757716,-0.20598482453294403,0.008330239009423479,0.008127328083071206,0.0814790410799467,-0.04538156151827965,0.40916558367450595,-2.343865775718519,-0.039435500016736943,-0.04041900744057986,-0.10201039467276635,-0.7420316287953911,-0.12331799690198615,33.683162893091435,-0.01119602266877044,-1.8576081631643446
24,13,0.0626217547610802,-0.05727519898250538,0.3913260227770194,-0.018857286318866504,-0.011893637464225733,-0.01783956089748656,0.0814790410799467,-0.04538156151827965,0.40916558367450595,-2.343865775718519,-0.039435500016736943,-0.04041900744057986,-0.10201039467276635,-0.7420316287953911,-0.12331799690198615,33.683162893091435,-0.01119602266877044,-1.8576081631643446
24,14,0.2637253202926225,-0.08289644220946299,0.354954221930933,0.18224627921267583,-0.03751488069118334,-0.05421136174357294,0.0814790410799467,-0.04538156151827965,0.40916558367450595,-2.343865775718519,-0.039435500016736943,-0.04041900744057986,-0.10201039467276635,-0.7420316287953911,-0.12331799690198615,33.683162893091435,-0.01119602266877044,-1.8576081631643446
24,15,0.3113082792062749,-0.11196201858151214,0.2975664689682308,0.22982923812632822,-0.06658045706323248,-0.11159911470627515,0.0814790410799467,-0.04538156151827965,0.40916558367450595,-2.343865775718519,-0.039435500016736943,-0.04041900744057986,-0.10201039467276635,-0.7420316287953911,-0.12331799690198615,33.683162893091435,-0.01119602266877044,-1.8576081631643446
24,16,0.21258831944682324,-0.1518839628177096,0.1891016915839429,0.13110927836687652,-0.10650240129942995,-0.22006389209056304,0.0814790410799467,-0.04538156151827965,0.40916558367450595,-2.343865775718519,-0.039435500016736943,-0.04041900744057986,-0.10201039467276635,-0.7420316287953911,-0.12331799690198615,33.683162893091435,-0.01119602266877044,-1.8576081631643446
24,17,0.31655775428956767,-0.08238055517803614,0.06243822813891517,0.23507871320962098,-0.036998993659756486,-0.34672735553559075,0.0814790410799467,-0.04538156151827965,0.40916558367450595,-2.343865775718519,-0.039435500016736943,-0.04041900744057986,-0.10201039467276635,-0.7420316287953911,-0.12331799690198615,33.683162893091435,-0.01119602266877044,-1.8576081631643446
24,18,0.37097212884728814,-0.06982915288721844,0.01699003623432068,0.28949308776734145,-0.024447591368938794,-0.3921755474401853,0.0814790410799467,-0.04538156151827965,0.40916558367450595,-2.343865775718519,-0.039435500016736943,-0.04041900744057986,-0.10201039467276635,-0.7420316287953911,-0.12331799690198615,33.683162893091435,-0.01119602266877044,-1.8576081631643446
24,19,0.261124939251421,-0.0026230656783334597,0.38570195436507165,0.1796458981714743,0.04275849583994619,-0.023463629309434297,0.0814790410799467,-0.04538156151827965,0.40916558367450595,-2.343865775718519,-0.039435500016736943,-0.04041900744057986,-0.10201039467276635,-0.7420316287953911,-0.12331799690198615,33.683162893091435,-0.01119602266877044,-1.8576081631643446
24,20,0.3104296485828256,0.054920716484771794,0.3600551459476445,0.22895060750287893,0.10030227800305144,-0.04911043772686147,0.0814790410799467,-0.04538156151827965,0.40916558367450595,-2.343865775718519,-0.039435500016736943,-0.04041900744057986,-0.10201039467276635,-0.7420316287953911,-0.12331799690198615,33.683162893091435,-0.01119602266877044,-1.8576081631643446
24,21,0.2258753001712606,0.08612809192229984,0.237659631744766,0.14439625909131387,0.1315096534405795,-0.17150595192973994,0.0814790410799467,-0.04538156151827965,0.40916558367450595,-2.343865775718519,-0.039435500016736943,-0.04041900744057986,-0.10201039467276635,-0.7420316287953911,-0.12331799690198615,33.683162893091435,-0.01119602266877044,-1.8576081631643446
24,22,0.30062158040550124,0.139399013793354,0.08514995176129155,0.21914253932555455,0.18478057531163367,-0.3240156319132144,0.0814790410799467,-0.04538156151827965,0.40916558367450595,-2.343865775718519,-0.039435500016736943,-0.04041900744057986,-0.10201039467276635,-0.7420316287953911,-0.12331799690198615,33.683162893091435,-0.01119602266877044,-1.8576081631643446
24,23,0.33579836099185034,0.1505783686358842,0.023330730355397372,0.25431931991190365,0.19595993015416385,-0.3858348533191086,0.0814790410799467,-0.04538156151827965,0.40916558367450595,-2.343865775718519,-0.039435500016736943,-0.04041900744057986,-0.10201039467276635,-0.7420316287953911,-0.12331799690198615,33.683162893091435,-0.01119602266877044,-1.8576081631643446
24,24,0.2874638656128907,-0.05371180052770313,0.4010382555914348,0.20598482453294403,-0.008330239009423479,-0.00812732808307115,0.0814790410799467,-0.04538156151827965,0.40916558367450595,-2.343865775718519,-0.039435500016736943,-0.04041900744057986,-0.10201039467276635,-0.7420316287953911,-0.12331799690198615,33.683162893091435,-0.01119602266877044,-1.8576081631643446
24,25,0.4118871938578773,-0.041071126505444984,0.4639599856922212,0.3304081527779306,0.004310435012834665,0.05479440201771524,0.0814790410799467,-0.04538156151827965,0.40916558367450595,-2.343865775718519,-0.039435500016736943,-0.04041900744057986,-0.10201039467276635,-0.7420316287953911,-0.12331799690198615,33.683162893091435,-0.01119602266877044,-1.8576081631643446
24,26,0.5732799445025015,-0.048377458998735044,0.5168655391796513,0.49180090342255484,-0.002995897480455395,0.10769995550514533,0.0814790410799467,-0.04538156151827965,0.40916558367450595,-2.343865775718519,-0.039435500016736943,-0.04041900744057986,-0.10201039467276635,-0.7420316287953911,-0.12331799690198615,33.683162893091435,-0.01119602266877044,-1.8576081631643446
25,0,-0.12528605955017652,-0.0502402032137995,0.4194149117575772,-0.20537218651606431,0.0055618258903346735,0.010892563840782021,0.0800861269658878,-0.055802029104134176,0.4085223479167952,-2.66949501964798,-0.052988515463369516,-0.02707507218192039,-0.0835581352164913,-0.6251030345443628,-0.038586428177009434,-19.533847866194435,-0.8130183231333277,0.8004760203155049
25,1,-0.18897851204738314,-0.05573397946812658,0.394122552418568,-0.26906463901327093,6.80496360075944e-05,-0.01439979549822723,0.0800861269658878,-0.055802029104134176,0.4085223479167952,-2.66949501964798,-0.052988515463369516,-0.02707507218192039,-0.0835581352164913,-0.6251030345443628,-0.038586428177009434,-19.533847866194435,-0.8130183231333277,0.8004760203155049
25,2,-0.3071744187809014,-0.07216195793211058,0.4067656991016966,-0.3872605457467892,-0.016359928827976405,-0.001756648815098627,0.0800861269658878,-0.055802029104134176,0.4085223479167952,-2.66949501964798,-0.052988515463369516,-0.02707507218192039,-0.0835581352164913,-0.6251030345443628,-0.038586428177009434,-19.533847866194435,-0.8130183231333277,0.8004760203155049
25,3,-0.4216428043578964,-0.06798502530229825,0.4425363845855879,-0.5017289313237843,-0.01218299619816407,0.03401403666879271,0.0800861269658878,-0.055802029104134176,0.4085223479167952,-2.66949501964798,-0.052988515463369516,-0.02707507218192039,-0.0835581352164913,-0.6251030345443628,-0.038586428177009434,-19.533847866194435,-0.8130183231333277,0.8004760203155049
25,4,-0.16074670908482686,-0.11340476722600122,0.33876826956124645,-0.24083283605071465,-0.057602738121867045,-0.06975407835554875,0.0800861269658878,-0.055802029104134176,0.4085223479167952,-2.66949501964798,-0.052988515463369516,-0.02707507218192039,-0.0835581352164913,-0.6251030345443628,-0.038586428177009434,-19.533847866194435,-0.8130183231333277,0.8004760203155049
25,5,-0.04257749121930163,-0.1352764174622213,0.23313841171764177,-0.12266361818518942,-0.07947438835808712,-0.17538393619915343,0.0800861269658878,-0.055802029104134176,0.4085223479167952,-2.66949501964798,-0.052988515463369516,-0.02707507218192039,-0.0835581352164913,-0.6251030345443628,-0.038586428177009434,-19.533847866194435,-0.8130183231333277,0.8004760203155049
25,6,-0.17447542334074265,-0.11599061254048285,0.11217976905668874,-0.2545615503066304,-0.06018858343634867,-0.29634257886010645,0.0800861269658878,-0.055802029104134176,0.4085223479167952,-2.66949501964798,-0.052988515463369516,-0.02707507218192039,-0.0835581352164913,-0.6251030345443628,-0.038586428177009434,-19.533847866194435,-0.8130183231333277,0.8004760203155049
25,7,-0.15667024330894133,-0.12102005372225523,0.005776384310211391,-0.23675637027482913,-0.06521802461812105,-0.4027459636065838,0.0800861269658878,-0.055802029104134176,0.4085223479167952,-2.66949501964798,-0.052988515463369516,-0.02707507218192039,-0.0835581352164913,-0.6251030345443628,-0.038586428177009434,-19.533847866194435,-0.8130183231333277,0.8004760203155049
25,8,-0.16241155740541868,-0.01904162145325025,0.3224640103781166,-0.24249768437130648,0.036760407650883925,-0.08605833753867859,0.0800861269658878,-0.055802029104134176,0.4085223479167952,-2.66949501964798,-0.052988515463369516,-0.02707507218192039,-0.0835581352164913,-0.6251030345443628,-0.038586428177009434,-19.533847866194435,-0.8130183231333277,0.8004760203155049
25,9,-0.024056892737436344,0.023012285268298904,0.2539844097768863,-0.10414301970332414,0.07881431437243308,-0.1545379381399089,0.0800861269658878,-0.055802029104134176,0.4085223479167952,-2.66949501964798,-0.052988515463369516,-0.02707507218192039,-0.0835581352164913,-0.6251030345443628,-0.038586428177009434,-19.533847866194435,-0.8130183231333277,0.8004760203155049
25,10,-0.09945365497372746,-0.0012944884045536093,0.09235362991354158,-0.17953978193961526,0.05450754069958057,-0.31616871800325363,0.0800861269658878,-0.055802029104134176,0.4085223479167952,-2.66949501964798,-0.052988515463369516,-0.02707507218192039,-0.0835581352164913,-0.6251030345443628,-0.038586428177009434,-19.533847866194435,-0.8130183231333277,0.8004760203155049
25,11,-0.043639108613184235,0.016680049228391516,0.0016582473840078826,-0.12372523557907203,0.07248207833252569,-0.4068641005327873,0.0800861269658878,-0.055802029104134176,0.4085223479167952,-2.66949501964798,-0.052988515463369516,-0.02707507218192039,-0.0835581352164913,-0.6251030345443628,-0.038586428177009434,-19.533847866194435,-0.8130183231333277,0.8004760203155049
25,12,-0.12528605955017652,-0.0502402032137995,0.4194149117575772,-0.20537218651606431,0.0055618258903346735,0.010892563840782021,0.0800861269658878,-0.055802029104134176,0.4085223479167952,-2.66949501964798,-0.052988515463369516,-0.02707507218192039,-0.0835581352164913,-0.6251030345443628,-0.038586428177009434,-19.533847866194435,-0.8130183231333277,0.8004760203155049
25,13,0.060807406540830555,-0.0668009974654092,0.384846689654027,-0.01927872042505724,-0.010998968361275022,-0.023675658262768184,0.0800861269658878,-0.055802029104134176,0.4085223479167952,-2.66949501964798,-0.052988515463369516,-0.02707507218192039,-0.0835581352164913,-0.6251030345443628,-0.038586428177009434,-19.533847866194435,-0.8130183231333277,0.8004760203155049
25,14,0.2626388685805177,-0.08482821430354423,0.3479538666025289,0.18255274161462992,-0.029026185199410054,-0.06056848131426629,0.0800861269658878,-0.055802029104134176,0.4085223479167952,-2.66949501964798,-0.052988515463369516,-0.02707507218192039,-0.0835581352164913,-0.6251030345443628,-0.038586428177009434,-19.533847866194435,-0.8130183231333277,0.8004760203155049
25,15,0.31494248225321225,-0.11043945265651468,0.29308405376253105,0.23485635528732446,-0.05463742355238051,-0.11543829415426415,0.0800861269658878,-0.055802029104134176,0.4085223479167952,-2.66949501964798,-0.052988515463369516,-0.02707507218192039,-0.0835581352164913,-0.6251030345443628,-0.038586428177009434,-19.533847866194435,-0.8130183231333277,0.8004760203155049
25,16,0.21267198090227107,-0.14713309342047287,0.1867904919470631,0.13258585393638328,-0.0913310643163387,-0.2217318559697321,0.0800861269658878,-0.055802029104134176,0.4085223479167952,-2.66949501964798,-0.052988515463369516,-0.02707507218192039,-0.0835581352164913,-0.6251030345443628,-0.038586428177009434,-19.533847866194435,-0.8130183231333277,0.8004760203155049
25,17,0.3198972963931457,-0.0786211440601923,0.06232023639910643,0.2398111694272579,-0.022819114956058123,-0.34620211151768876,0.0800861269658878,-0.055802029104134176,0.4085223479167952,-2.66949501964798,-0.052988515463369516,-0.02707507218192039,-0.0835581352164913,-0.6251030345443628,-0.038586428177009434,-19.533847866194435,-0.8130183231333277,0.8004760203155049
25,18,0.37398401685162186,-0.0653489609132413,0.016686084437896632,0.29389788988573406,-0.009546931809107123,-0.39183626347889855,0.0800861269658878,-0.055802029104134176,0.4085223479167952,-2.66949501964798,-0.052988515463369516,-0.02707507218192039,-0.0835581352164913,-0.6251030345443628,-0.038586428177009434,-19.533847866194435,-0.8130183231333277,0.8004760203155049
25,19,0.258497197858103,-0.009119808534622617,0.38853814755927046,0.1784110708922152,0.04668222056951156,-0.01998420035752474,0.0800861269658878,-0.055802029104134176,0.4085223479167952,-2.66949501964798,-0.052988515463369516,-0.02707507218192039,-0.0835581352164913,-0.6251030345443628,-0.038586428177009434,-19.533847866194435,-0.8130183231333277,0.8004760203155049
25,20,0.30245286350533734,0.05278759287924717,0.3633315391219145,0.22236673653944955,0.10858962198338135,-0.04519080879488069,0.0800861269658878,-0.055802029104134176,0.4085223479167952,-2.66949501964798,-0.052988515463369516,-0.02707507218192039,-0.0835581352164913,-0.6251030345443628,-0.038586428177009434,-19.533847866194435,-0.8130183231333277,0.8004760203155049
25,21,0.22421963787675364,0.08237073810078523,0.2364126676802198,0.14413351091086585,0.1381727672049194,-0.1721096802365754,0.0800861269658878,-0.055802029104134176,0.4085223479167952,-2.66949501964798,-0.052988515463369516,-0.02707507218192039,-0.0835581352164913,-0.6251030345443628,-0.038586428177009434,-19.533847866194435,-0.8130183231333277,0.8004760203155049
25,22,0.30874969678147535,0.14577363709183538,0.09316902369046001,0.22866356981558755,0.20157566619596956,-0.3153533242263352,0.0800861269658878,-0.055802029104134176,0.4085223479167952,-2.66949501964798,-0.052988515463369516,-0.02707507218192039,-0.0835581352164913,-0.6251030345443628,-0.038586428177009434,-19.533847866194435,-0.8130183231333277,0.8004760203155049
25,23,0.34259808558514926,0.1613024225622705,0.03154805812270137,0.26251195861926147,0.21710445166640469,-0.37697428979409386,0.0800861269658878,-0.055802029104134176,0.4085223479167952,-2.66949501964798,-0.052988515463369516,-0.02707507218192039,-0.0835581352164913,-0.6251030345443628,-0.038586428177009434,-19.533847866194435,-0.8130183231333277,0.8004760203155049
25,24,0.2854583134819521,-0.06136385499446885,0.3976297840760131,0.20537218651606431,-0.0055618258903346735,-0.010892563840782077,0.0800861269658878,-0.055802029104134176,0.4085223479167952,-2.66949501964798,-0.052988515463369516,-0.02707507218192039,-0.0835581352164913,-0.6251030345443628,-0.038586428177009434,-19.533847866194435,-0.8130183231333277,0.8004760203155049
25,25,0.41414114619779435,-0.042891593396215594,0.4495874539861948,0.33405501923190656,0.012910435707918583,0.041065106069399615,0.0800861269658878,-0.055802029104134176,0.4085223479167952,-2.66949501964798,-0.052988515463369516,-0.02707507218192039,-0.0835581352164913,-0.6251030345443628,-0.038586428177009434,-19.533847866194435,-0.8130183231333277,0.8004760203155049
25,26,0.5690723419268573,-0.07053539152445669,0.5138692167207783,0.4889862149609695,-0.014733362420322513,0.10534686880398314,0.0800861269658878,-0.055802029104134176,0.4085223479167952,-2.66949501964798,-0.052988515463369516,-0.02707507218192039,-0.0835581352164913,-0.6251030345443628,-0.038586428177009434,-19.533847866194435,-0.8130183231333277,0.8004760203155049
26,0,-0.12796693552814503,-0.06957776637078425,0.42208691175757723,-0.20531114615064916,-0.010021713512230912,0.01286879815634484,0.07734421062250413,-0.05955605285855334,0.4092181136012324,2.479937376439981,-0.06259760067974843,0.04877360860291866,-0.1644820841861827,-0.22519638598795208,0.0417375935475218,308.9041629326911,-0.5764298270173311,4.550010844921359
26,1,-0.19134946817703374,-0.07060903453226507,0.39547479868440527,-0.26869367879953787,-0.011052981673711729,-0.01374331491682712,0.07734421062250413,-0.05955605285855334,0.4092181136012324,2.479937376439981,-0.06259760067974843,0.04877360860291866,-0.1644820841861827,-0.22519638598795208,0.0417375935475218,308.9041629326911,-0.5764298270173311,4.550010844921359
26,2,-0.30865509850029704,-0.0948661712154443,0.40261485534458374,-0.38599930912280117,-0.03531011835689096,-0.0066032582566486475,0.07734421062250413,-0.05955605285855334,0.4092181136012324,2.479937376439981,-0.06259760067974843,0.04877360860291866,-0.1644820841861827,-0.22519638598795208,0.0417375935475218,308.9041629326911,-0.5764298270173311,4.550010844921359
26,3,-0.4246366156046545,-0.11038348706873005,0.42921373866396173,-0.5019808262271586,-0.050827434210176714,0.01999562506272934,0.07734421062250413,-0.05955605285855334,0.4092181136012324,2.479937376439981,-0.06259760067974843,0.04877360860291866,-0.1644820841861827,-0.22519638598795208,0.0417375935475218,308.9041629326911,-0.5764298270173311,4.550010844921359
26,4,-0.1623350728298895,-0.11773158145211285,0.3312511151852313,-0.23967928345239362,-0.05817552859355951,-0.07796699841600108,0.07734421062250413,-0.05955605285855334,0.4092181136012324,2.479937376439981,-0.06259760067974843,0.04877360860291866,-0.1644820841861827,-0.22519638598795208,0.0417375935475218,308.9041629326911,-0.5764298270173311,4.550010844921359
26,5,-0.04316898207127379,-0.1286667910005952,0.2250444110646065,-0.12051319269377792,-0.06911073814204186,-0.1841737025366259,0.07734421062250413,-0.05955605285855334,0.4092181136012324,2.479937376439981,-0.06259760067974843,0.04877360860291866,-0.1644820841861827,-0.22519638598795208,0.0417375935475218,308.9041629326911,-0.5764298270173311,4.550010844921359
26,6,-0.18006369510882675,-0.11361358906261171,0.10914256186971802,-0.2574079057313309,-0.05405753620405837,-0.30007555173151435,0.07734421062250413,-0.05955605285855334,0.4092181136012324,2.479937376439981,-0.06259760067974843,0.04877360860291866,-0.1644820841861827,-0.22519638598795208,0.0417375935475218,308.9041629326911,-0.5764298270173311,4.550010844921359
26,7,-0.1572420488558396,-0.12106739704178918,0.003844825860339434,-0.23458625947834372,-0.06151134418323584,-0.405373287740893,0.07734421062250413,-0.05955605285855334,0.4092181136012324,2.479937376439981,-0.06259760067974843,0.04877360860291866,-0.1644820841861827,-0.22519638598795208,0.0417375935475218,308.9041629326911,-0.5764298270173311,4.550010844921359
26,8,-0.1640516473451416,-0.021971909646126428,0.33162859345604456,-0.24139585796764573,0.03758414321242691,-0.07758952014518783,0.07734421062250413,-0.05955605285855334,0.4092181136012324,2.479937376439981,-0.06259760067974843,0.04877360860291866,-0.1644820841861827,-0.22519638598795208,0.0417375935475218,308.9041629326911,-0.5764298270173311,4.550010844921359
26,9,-0.030128693365810158,0.0259791918582796,0.25838015146229687,-0.10747290398831429,0.08553524471683294,-0.15083796213893552,0.07734421062250413,-0.05955605285855334,0.4092181136012324,2.479937376439981,-0.06259760067974843,0.04877360860291866,-0.1644820841861827,-0.22519638598795208,0.0417375935475218,308.9041629326911,-0.5764298270173311,4.550010844921359
26,10,-0.09903181108471124,0.0013696452500615158,0.09392124905083866,-0.17637602170721536,0.060925698108614854,-0.31529686455039374,0.07734421062250413,-0.05955605285855334,0.4092181136012324,2.479937376439981,-0.06259760067974843,0.04877360860291866,-0.1644820841861827,-0.22519638598795208,0.0417375935475218,308.9041629326911,-0.5764298270173311,4.550010844921359
26,11,-0.044350822360378434,0.018663213634967687,0.0024066493225188878,-0.12169503298288256,0.07821926649352103,-0.4068114642787135,0.07734421062250413,-0.05955605285855334,0.4092181136012324,2.479937376439981,-0.06259760067974843,0.04877360860291866,-0.1644820841861827,-0.22519638598795208,0.0417375935475218,308.9041629326911,-0.5764298270173311,4.550010844921359
26,12,-0.12796693552814503,-0.06957776637078425,0.42208691175757723,-0.20531114615064916,-0.010021713512230912,0.01286879815634484,0.07734421062250413,-0.05955605285855334,0.4092181136012324,2.479937376439981,-0.06259760067974843,0.04877360860291866,-0.1644820841861827,-0.22519638598795208,0.0417375935475218,308.9041629326911,-0.5764298270173311,4.550010844921359
26,13,0.05820271688519482,-0.06184253222950748,0.3849247447017062,-0.019141493737309306,-0.0022864793709541434,-0.024293368899526213,0.07734421062250413,-0.05955605285855334,0.4092181136012324,2.479937376439981,-0.06259760067974843,0.04877360860291866,-0.1644820841861827,-0.22519638598795208,0.0417375935475218,308.9041629326911,-0.5764298270173311,4.550010844921359
26,14,0.26029503790668085,-0.07471106673955488,0.34730700169911366,0.18295082728417672,-0.015155013881001544,-0.06191111190211873,0.07734421062250413,-0.05955605285855334,0.4092181136012324,2.479937376439981,-0.06259760067974843,0.04877360860291866,-0.1644820841861827,-0.22519638598795208,0.0417375935475218,308.9041629326911,-0.5764298270173311,4.550010844921359
26,15,0.3144636522876243,-0.10242244482783577,0.29534412425083256,0.23711944166512017,-0.042866391969282436,-0.11387398935039983,0.07734421062250413,-0.05955605285855334,0.4092181136012324,2.479937376439981,-0.06259760067974843,0.04877360860291866,-0.1644820841861827,-0.22519638598795208,0.0417375935475218,308.9041629326911,-0.5764298270173311,4.550010844921359
26,16,0.20847838925525147,-0.13780190197062192,0.19229356371066705,0.13113417863274734,-0.07824584911206858,-0.21692454989056534,0.07734421062250413,-0.05955605285855334,0.4092181136012324,2.479937376439981,-0.06259760067974843,0.04877360860291866,-0.1644820841861827,-0.22519638598795208,0.0417375935475218,308.9041629326911,-0.5764298270173311,4.550010844921359
26,17,0.3196163262298857,-0.08400205776153447,0.0640830504035091,0.2422721156073816,-0.024446004902981128,-0.3451350631977233,0.07734421062250413,-0.05955605285855334,0.4092181136012324,2.479937376439981,-0.06259760067974843,0.04877360860291866,-0.1644820841861827,-0.22519638598795208,0.0417375935475218,308.9041629326911,-0.5764298270173311,4.550010844921359
26,18,0.3711173051280714,-0.07171757294681397,0.015290216868930895,0.29377309450556727,-0.01216152008826063,-0.3939278967323015,0.07734421062250413,-0.05955605285855334,0.4092181136012324,2.479937376439981,-0.06259760067974843,0.04877360860291866,-0.1644820841861827,-0.22519638598795208,0.0417375935475218,308.9041629326911,-0.5764298270173311,4.550010844921359
26,19,0.2541205199680353,0.0016894238149842283,0.38630495509525015,0.17677630934553118,0.061245476673537566,-0.022913158505982245,0.07734421062250413,-0.05955605285855334,0.4092181136012324,2.479937376439981,-0.06259760067974843,0.04877360860291866,-0.1644820841861827,-0.22519638598795208,0.0417375935475218,308.9041629326911,-0.5764298270173311,4.550010844921359
26,20,0.2923954532200565,0.06450187358132833,0.35484663923264986,0.21505124259755237,0.12405792643988167,-0.05437147436858253,0.07734421062250413,-0.05955605285855334,0.4092181136012324,2.479937376439981,-0.06259760067974843,0.04877360860291866,-0.1644820841861827,-0.22519638598795208,0.0417375935475218,308.9041629326911,-0.5764298270173311,4.550010844921359
26,21,0.20843853981362442,0.08160940834300293,0.22929756937174228,0.1310943291911203,0.14116546120155626,-0.1799205442294901,0.07734421062250413,-0.05955605285855334,0.4092181136012324,2.479937376439981,-0.06259760067974843,0.04877360860291866,-0.1644820841861827,-0.22519638598795208,0.0417375935475218,308.9041629326911,-0.5764298270173311,4.550010844921359
26,22,0.3070324385522114,0.14533006274071802,0.0954957706933367,0.22968822792970728,0.20488611559927136,-0.3137223429078957,0.07734421062250413,-0.05955605285855334,0.4092181136012324,2.479937376439981,-0.06259760067974843,0.04877360860291866,-0.1644820841861827,-0.22519638598795208,0.0417375935475218,308.9041629326911,-0.5764298270173311,4.550010844921359
26,23,0.3418108940298759,0.167780290035093,0.03658527648060847,0.2644666834073718,0.22733634289364635,-0.3726328371206239,0.07734421062250413,-0.05955605285855334,0.4092181136012324,2.479937376439981,-0.06259760067974843,0.04877360860291866,-0.1644820841861827,-0.22519638598795208,0.0417375935475218,308.9041629326911,-0.5764298270173311,4.550010844921359
26,24,0.2826553567731533,-0.049534339346322426,0.3963493154448876,0.20531114615064916,0.010021713512230912,-0.012868798156344785,0.07734421062250413,-0.05955605285855334,0.4092181136012324,2.479937376439981,-0.06259760067974843,0.04877360860291866,-0.1644820841861827,-0.22519638598795208,0.0417375935475218,308.9041629326911,-0.5764298270173311,4.550010844921359
26,25,0.4170589592222537,-0.03173322184115937,0.4312618805287846,0.3397147485997496,0.027822831017393967,0.022043766927552222,0.07734421062250413,-0.05955605285855334,0.4092181136012324,2.479937376439981,-0.06259760067974843,0.04877360860291866,-0.1644820841861827,-0.22519638598795208,0.0417375935475218,308.9041629326911,-0.5764298270173311,4.550010844921359
26,26,0.57317921392511,-0.07952208927358646,0.4786189308087908,0.4958350033026058,-0.019966036415033125,0.06940081720755842,0.07734421062250413,-0.05955605285855334,0.4092181136012324,2.479937376439981,-0.06259760067974843,0.04877360860291866,-0.1644820841861827,-0.22519638598795208,0.0417375935475218,308.9041629326911,-0.5764298270173311,4.550010844921359
27,0,-0.13178631428253093,-0.09133725548657756,0.4204919117575772,-0.2034663390466806,-0.03430708163992773,0.007373587531453674,0.07168002476414966,-0.05703017384664983,0.41311832422612355,1.7825046445717985,-0.03622398738052369,0.16704186382898753,-0.3397831948622959,0.15152243622696507,0.2339658443246043,-41.83759639281239,1.5821003778779088,7.094676378288474
27,1,-0.19494206046851115,-0.0892410898230568,0.3934073897376964,-0.2666220852326608,-0.03221091597640697,-0.019710934488427145,0.07168002476414966,-0.05703017384664983,0.41311832422612355,1.7825046445717985,-0.03622398738052369,0.16704186382898753,-0.3397831948622959,0.15152243622696507,0.2339658443246043,-41.83759639281239,1.5821003778779088,7.094676378288474
27,2,-0.31139554409297054,-0.11806588353516567,0.39618541220966613,-0.3830755688571202,-0.06103570968851584,-0.016932912016457413,0.07168002476414966,-0.05703017384664983,0.41311832422612355,1.7825046445717985,-0.03622398738052369,0.16704186382898753,-0.3397831948622959,0.15152243622696507,0.2339658443246043,-41.83759639281239,1.5821003778779088,7.094676378288474
27,3,-0.4250813674729802,-0.1525744283586285,0.41305828648904136,-0.49676139223712984,-0.09554425451197868,-6.003773708218585e-05,0.07168002476414966,-0.05703017384664983,0.41311832422612355,1.7825046445717985,-0.03622398738052369,0.16704186382898753,-0.3397831948622959,0.15152243622696507,0.2339658443246043,-41.83759639281239,1.5821003778779088,7.094676378288474
27,4,-0.16434928800682747,-0.12397950241298461,0.32238361870851434,-0.2360293127709771,-0.06694932856633479,-0.0907347055176092,0.07168002476414966,-0.05703017384664983,0.41311832422612355,1.7825046445717985,-0.03622398738052369,0.16704186382898753,-0.3397831948622959,0.15152243622696507,0.2339658443246043,-41.83759639281239,1.5821003778779088,7.094676378288474
27,5,-0.04237838763587047,-0.12167358348842588,0.2188568966029032,-0.11405841240002013,-0.06464340964177606,-0.19426142762322035,0.07168002476414966,-0.05703017384664983,0.41311832422612355,1.7825046445717985,-0.03622398738052369,0.16704186382898753,-0.3397831948622959,0.15152243622696507,0.2339658443246043,-41.83759639281239,1.5821003778779088,7.094676378288474
27,6,-0.18346842973000274,-0.11385999048348763,0.10735556131089337,-0.2551484544941524,-0.0568298166368378,-0.3057627629152302,0.07168002476414966,-0.05703017384664983,0.41311832422612355,1.7825046445717985,-0.03622398738052369,0.16704186382898753,-0.3397831948622959,0.15152243622696507,0.2339658443246043,-41.83759639281239,1.5821003778779088,7.094676378288474
27,7,-0.15760354803441615,-0.12325790732232193,0.002920475954389481,-0.22928357279856582,-0.0662277334756721,-0.41019784827173406,0.07168002476414966,-0.05703017384664983,0.41311832422612355,1.7825046445717985,-0.03622398738052369,0.16704186382898753,-0.3397831948622959,0.15152243622696507,0.2339658443246043,-41.83759639281239,1.5821003778779088,7.094676378288474
27,8,-0.1684053835817485,-0.029766925856883314,0.3391330177021179,-0.24008540834589814,0.027263247989766516,-0.07398530652400565,0.07168002476414966,-0.05703017384664983,0.41311832422612355,1.7825046445717985,-0.03622398738052369,0.16704186382898753,-0.3397831948622959,0.15152243622696507,0.2339658443246043,-41.83759639281239,1.5821003778779088,7.094676378288474
27,9,-0.041564683259574325,0.029301797302389826,0.2615293923224665,-0.11324470802372398,0.08633197114903965,-0.15158893190365702,0.07168002476414966,-0.05703017384664983,0.41311832422612355,1.7825046445717985,-0.03622398738052369,0.16704186382898753,-0.3397831948622959,0.15152243622696507,0.2339658443246043,-41.83759639281239,1.5821003778779088,7.094676378288474
27,10,-0.09987529324000996,0.0020124875002669462,0.09343666097676237,-0.17155531800415963,0.059042661346916776,-0.3196816632493612,0.07168002476414966,-0.05703017384664983,0.41311832422612355,1.7825046445717985,-0.03622398738052369,0.16704186382898753,-0.3397831948622959,0.15152243622696507,0.2339658443246043,-41.83759639281239,1.5821003778779088,7.094676378288474
27,11,-0.04432185358201289,0.018038818891533262,0.0022172987672854734,-0.11600187834616255,0.0750689927381831,-0.41090102545883805,0.07168002476414966,-0.05703017384664983,0.41311832422612355,1.7825046445717985,-0.03622398738052369,0.16704186382898753,-0.3397831948622959,0.15152243622696507,0.2339658443246043,-41.83759639281239,1.5821003778779088,7.094676378288474
27,12,-0.13178631428253093,-0.09133725548657756,0.4204919117575772,-0.2034663390466806,-0.03430708163992773,0.007373587531453674,0.07168002476414966,-0.05703017384664983,0.41311832422612355,1.7825046445717985,-0.03622398738052369,0.16704186382898753,-0.3397831948622959,0.15152243622696507,0.2339658443246043,-41.83759639281239,1.5821003778779088,7.094676378288474
27,13,0.051223667709893755,-0.04470140861315477,0.39969661777222626,-0.0204563570542559,0.012328765233495062,-0.013421706453897286,0.07168002476414966,-0.05703017384664983,0.41311832422612355,1.7825046445717985,-0.03622398738052369,0.16704186382898753,-0.3397831948622959,0.15152243622696507,0.2339658443246043,-41.83759639281239,1.5821003778779088,7.094676378288474
27,14,0.2532405318008002,-0.05515583104156996,0.36094237097008164,0.18156050703665055,0.0018743428050798719,-0.05217595325604191,0.07168002476414966,-0.05703017384664983,0.41311832422612355,1.7825046445717985,-0.03622398738052369,0.16704186382898753,-0.3397831948622959,0.15152243622696507,0.2339658443246043,-41.83759639281239,1.5821003778779088,7.094676378288474
27,15,0.30731735311370334,-0.0885670680288063,0.31234518452531607,0.2356373283495537,-0.03153689418215647,-0.10077313970080748,0.07168002476414966,-0.05703017384664983,0.41311832422612355,1.7825046445717985,-0.03622398738052369,0.16704186382898753,-0.3397831948622959,0.15152243622696507,0.2339658443246043,-41.83759639281239,1.5821003778779088,7.094676378288474
27,16,0.21276841065965044,-0.12381570466310454,0.19867007252212898,0.14108838589550077,-0.06678553081645472,-0.21444825170399456,0.07168002476414966,-0.05703017384664983,0.41311832422612355,1.7825046445717985,-0.03622398738052369,0.16704186382898753,-0.3397831948622959,0.15152243622696507,0.2339658443246043,-41.83759639281239,1.5821003778779088,7.094676378288474
27,17,0.32430244552729115,-0.08626347900313779,0.06512611195412533,0.2526224207631415,-0.029233305156487956,-0.3479922122719982,0.07168002476414966,-0.05703017384664983,0.41311832422612355,1.7825046445717985,-0.03622398738052369,0.16704186382898753,-0.3397831948622959,0.15152243622696507,0.2339658443246043,-41.83759639281239,1.5821003778779088,7.094676378288474
27,18,0.3717115702677758,-0.06997794046908745,0.013442883299231951,0.30003154550362615,-0.012947766622437622,-0.3996754409268916,0.07168002476414966,-0.05703017384664983,0.41311832422612355,1.7825046445717985,-0.03622398738052369,0.16704186382898753,-0.3397831948622959,0.15152243622696507,0.2339658443246043,-41.83759639281239,1.5821003778779088,7.094676378288474
27,19,0.24455138472835755,0.025570587139007464,0.38929275238123,0.17287135996420788,0.0826007609856573,-0.023825571844893534,0.07168002476414966,-0.05703017384664983,0.41311832422612355,1.7825046445717985,-0.03622398738052369,0.16704186382898753,-0.3397831948622959,0.15152243622696507,0.2339658443246043,-41.83759639281239,1.5821003778779088,7.094676378288474
27,20,0.28285027709475674,0.08445887349558759,0.3510126717915624,0.2111702523306071,0.1414890473422374,-0.06210565243456112,0.07168002476414966,-0.05703017384664983,0.41311832422612355,1.7825046445717985,-0.03622398738052369,0.16704186382898753,-0.3397831948622959,0.15152243622696507,0.2339658443246043,-41.83759639281239,1.5821003778779088,7.094676378288474
27,21,0.1860582833597448,0.10220661084259994,0.23516653348339878,0.11437825859559515,0.15923678468924976,-0.17795179074272477,0.07168002476414966,-0.05703017384664983,0.41311832422612355,1.7825046445717985,-0.03622398738052369,0.16704186382898753,-0.3397831948622959,0.15152243622696507,0.2339658443246043,-41.83759639281239,1.5821003778779088,7.094676378288474
27,22,0.3003747118724236,0.14625003525169594,0.10603121326597491,0.22869468710827395,0.20328020909834577,-0.3070871109601486,0.07168002476414966,-0.05703017384664983,0.41311832422612355,1.7825046445717985,-0.03622398738052369,0.16704186382898753,-0.3397831948622959,0.15152243622696507,0.2339658443246043,-41.83759639281239,1.5821003778779088,7.094676378288474
27,23,0.33815218193191154,0.17518722661266195,0.0519987997494719,0.2664721571677619,0.23221740045931177,-0.36111952447665163,0.07168002476414966,-0.05703017384664983,0.41311832422612355,1.7825046445717985,-0.03622398738052369,0.16704186382898753,-0.3397831948622959,0.15152243622696507,0.2339658443246043,-41.83759639281239,1.5821003778779088,7.094676378288474
27,24,0.27514636381083024,-0.022723092206722098,0.40574473669466987,0.2034663390466806,0.03430708163992773,-0.007373587531453674,0.07168002476414966,-0.05703017384664983,0.41311832422612355,1.7825046445717985,-0.03622398738052369,0.16704186382898753,-0.3397831948622959,0.15152243622696507,0.2339658443246043,-41.83759639281239,1.5821003778779088,7.094676378288474
27,25,0.41307188996699273,-0.012412548511385846,0.4274319968434555,0.3413918652028431,0.044617625335263984,0.014313672617331963,0.07168002476414966,-0.05703017384664983,0.41311832422612355,1.7825046445717985,-0.03622398738052369,0.16704186382898753,-0.3397831948622959,0.15152243622696507,0.2339658443246043,-41.83759639281239,1.5821003778779088,7.094676378288474
27,26,0.5626095190710477,-0.09135737735951094,0.44493089565339106,0.4909294943068981,-0.03432720351286111,0.03181257142726751,0.07168002476414966,-0.05703017384664983,0.41311832422612355,1.7825046445717985,-0.03622398738052369,0.16704186382898753,-0.3397831948622959,0.15152243622696507,0.2339658443246043,-41.83759639281239,1.5821003778779088,7.094676378288474
28,0,-0.13316886330808875,-0.10741635139763497,0.41534291175757715,-0.19734323038368923,-0.05630819184613155,-0.0031450964732583353,0.06417436707560048,-0.051108159551503426,0.4184880082308355,1.5149992606286853,0.015935840460095482,0.27794550164592224,-0.4502494114306643,0.35524980774723475,0.3221166169593244,-16.047113613864017,3.1289638776616178,6.652887691477787
28,1,-0.19645575660787035,-0.10543177667731983,0.3885577645882806,-0.2606301236834708,-0.054323617125816404,-0.029930243642554866,0.06417436707560048,-0.051108159551503426,0.4184880082308355,1.5149992606286853,0.015935840460095482,0.27794550164592224,-0.4502494114306643,0.35524980774723475,0.3221166169593244,-16.047113613864017,3.1289638776616178,6.652887691477787
28,2,-0.3118295876600865,-0.13840731771928316,0.38733598189297314,-0.376003954735687,-0.08729915816777974,-0.03115202633786235,0.06417436707560048,-0.051108159551503426,0.4184880082308355,1.5149992606286853,0.015935840460095482,0.27794550164592224,-0.4502494114306643,0.35524980774723475,0.3221166169593244,-16.047113613864017,3.1289638776616178,6.652887691477787
28,3,-0.41898916717631346,-0.19200797740839814,0.3939536665763992,-0.48316353425191394,-0.1408998178568947,-0.024534341654436298,0.06417436707560048,-0.051108159551503426,0.4184880082308355,1.5149992606286853,0.015935840460095482,0.27794550164592224,-0.4502494114306643,0.35524980774723475,0.3221166169593244,-16.047113613864017,3.1289638776616178,6.652887691477787
28,4,-0.16417566369634837,-0.12843339919832883,0.3136179751126604,-0.22835003077194885,-0.0773252396468254,-0.10487003311817511,0.06417436707560048,-0.051108159551503426,0.4184880082308355,1.5149992606286853,0.015935840460095482,0.27794550164592224,-0.4502494114306643,0.35524980774723475,0.3221166169593244,-16.047113613864017,3.1289638776616178,6.652887691477787
28,5,-0.03970777734006699,-0.11525523258194766,0.21394811438233188,-0.10388214441566747,-0.06414707303044423,-0.2045398938485036,0.06417436707560048,-0.051108159551503426,0.4184880082308355,1.5149992606286853,0.015935840460095482,0.27794550164592224,-0.4502494114306643,0.35524980774723475,0.3221166169593244,-16.047113613864017,3.1289638776616178,6.652887691477787
28,6,-0.18478572623861317,-0.11461245405573271,0.10740246450187474,-0.24896009331421365,-0.06350429450422929,-0.31108554372896075,0.06417436707560048,-0.051108159551503426,0.4184880082308355,1.5149992606286853,0.015935840460095482,0.27794550164592224,-0.4502494114306643,0.35524980774723475,0.3221166169593244,-16.047113613864017,3.1289638776616178,6.652887691477787
28,7,-0.158711661514953,-0.12382778272892596,0.003003130865772281,-0.22288602859055348,-0.07271962317742253,-0.4154848773650632,0.06417436707560048,-0.051108159551503426,0.4184880082308355,1.5149992606286853,0.015935840460095482,0.27794550164592224,-0.4502494114306643,0.35524980774723475,0.3221166169593244,-16.047113613864017,3.1289638776616178,6.652887691477787
28,8,-0.173713465772907,-0.03773528299636536,0.34287350256822435,-0.23788783284850748,0.013372876555138066,-0.07561450566261113,0.06417436707560048,-0.051108159551503426,0.4184880082308355,1.5149992606286853,0.015935840460095482,0.27794550164592224,-0.4502494114306643,0.35524980774723475,0.3221166169593244,-16.047113613864017,3.1289638776616178,6.652887691477787
28,9,-0.05353329476905208,0.03226966251147284,0.2637784076700881,-0.11770766184465256,0.08337782206297627,-0.1547096005607474,0.06417436707560048,-0.051108159551503426,0.4184880082308355,1.5149992606286853,0.015935840460095482,0.27794550164592224,-0.4502494114306643,0.35524980774723475,0.3221166169593244,-16.047113613864017,3.1289638776616178,6.652887691477787
28,10,-0.10213344940728342,0.0038364240514273257,0.09281181470770987,-0.1663078164828839,0.05494458360293075,-0.3256761935231256,0.06417436707560048,-0.051108159551503426,0.4184880082308355,1.5149992606286853,0.015935840460095482,0.27794550164592224,-0.4502494114306643,0.35524980774723475,0.3221166169593244,-16.047113613864017,3.1289638776616178,6.652887691477787
28,11,-0.04551299096561645,0.0200584758544414,0.0022857482433924934,-0.10968735804121693,0.07116663540594483,-0.416202259987443,0.06417436707560048,-0.051108159551503426,0.4184880082308355,1.5149992606286853,0.015935840460095482,0.27794550164592224,-0.4502494114306643,0.35524980774723475,0.3221166169593244,-16.047113613864017,3.1289638776616178,6.652887691477787
28,12,-0.13316886330808875,-0.10741635139763497,0.41534291175757715,-0.19734323038368923,-0.05630819184613155,-0.0031450964732583353,0.06417436707560048,-0.051108159551503426,0.4184880082308355,1.5149992606286853,0.015935840460095482,0.27794550164592224,-0.4502494114306643,0.35524980774723475,0.3221166169593244,-16.047113613864017,3.1289638776616178,6.652887691477787
28,13,0.038693742876064,-0.026492505321691145,0.41916071356533047,-0.025480624199536478,0.02461565422981228,0.0006727053344949829,0.06417436707560048,-0.051108159551503426,0.4184880082308355,1.5149992606286853,0.015935840460095482,0.27794550164592224,-0.4502494114306643,0.35524980774723475,0.3221166169593244,-16.047113613864017,3.1289638776616178,6.652887691477787
28,14,0.2413693356977586,-0.036002609947935915,0.3837465660240654,0.1771949686221581,0.015105549603567511,-0.03474144220677006,0.06417436707560048,-0.051108159551503426,0.4184880082308355,1.5149992606286853,0.015935840460095482,0.27794550164592224,-0.4502494114306643,0.35524980774723475,0.3221166169593244,-16.047113613864017,3.1289638776616178,6.652887691477787
28,15,0.2950092150154554,-0.07699509611975514,0.34079683607733613,0.23083484793985493,-0.02588693656825171,-0.07769117215349935,0.06417436707560048,-0.051108159551503426,0.4184880082308355,1.5149992606286853,0.015935840460095482,0.27794550164592224,-0.4502494114306643,0.35524980774723475,0.3221166169593244,-16.047113613864017,3.1289638776616178,6.652887691477787
28,16,0.2236764892744777,-0.123116196659833,0.2147472970099724,0.15950212219887722,-0.07200803710832958,-0.2037407112208631,0.06417436707560048,-0.051108159551503426,0.4184880082308355,1.5149992606286853,0.015935840460095482,0.27794550164592224,-0.4502494114306643,0.35524980774723475,0.3221166169593244,-16.047113613864017,3.1289638776616178,6.652887691477787
28,17,0.32964882100602605,-0.09514156359108693,0.0744929396028225,0.26547445393042557,-0.0440334040395835,-0.343995068628013,0.06417436707560048,-0.051108159551503426,0.4184880082308355,1.5149992606286853,0.015935840460095482,0.27794550164592224,-0.4502494114306643,0.35524980774723475,0.3221166169593244,-16.047113613864017,3.1289638776616178,6.652887691477787
28,18,0.3706220608383992,-0.0749544210150828,0.018836198005364936,0.30644769376279873,-0.023846261463579377,-0.3996518102254705,0.06417436707560048,-0.051108159551503426,0.4184880082308355,1.5149992606286853,0.015935840460095482,0.27794550164592224,-0.4502494114306643,0.35524980774723475,0.3221166169593244,-16.047113613864017,3.1289638776616178,6.652887691477787
28,19,0.22925153105891793,0.048223749042283354,0.39619964747648634,0.16507716398331745,0.09933190859378678,-0.022288360754349146,0.06417436707560048,-0.051108159551503426,0.4184880082308355,1.5149992606286853,0.015935840460095482,0.27794550164592224,-0.4502494114306643,0.35524980774723475,0.3221166169593244,-16.047113613864017,3.1289638776616178,6.652887691477787
28,20,0.27006859274144307,0.10015341395778618,0.3510634384784709,0.2058942256658426,0.1512615735092896,-0.0674245697523646,0.06417436707560048,-0.051108159551503426,0.4184880082308355,1.5149992606286853,0.015935840460095482,0.27794550164592224,-0.4502494114306643,0.35524980774723475,0.3221166169593244,-16.047113613864017,3.1289638776616178,6.652887691477787
28,21,0.16484738309984986,0.12385562720756102,0.2439620748571729,0.10067301602424938,0.17496378675906443,-0.1745259333736626,0.06417436707560048,-0.051108159551503426,0.4184880082308355,1.5149992606286853,0.015935840460095482,0.27794550164592224,-0.4502494114306643,0.35524980774723475,0.3221166169593244,-16.047113613864017,3.1289638776616178,6.652887691477787
28,22,0.28826699855111654,0.1380553680158386,0.11648672103930545,0.22409263147551606,0.189163527567342,-0.30200128719153,0.06417436707560048,-0.051108159551503426,0.4184880082308355,1.5149992606286853,0.015935840460095482,0.27794550164592224,-0.4502494114306643,0.35524980774723475,0.3221166169593244,-16.047113613864017,3.1289638776616178,6.652887691477787
28,23,0.3281646146599754,0.16803077325927804,0.06458628461574811,0.2639902475843749,0.21913893281078145,-0.35390172361508737,0.06417436707560048,-0.051108159551503426,0.4184880082308355,1.5149992606286853,0.015935840460095482,0.27794550164592224,-0.4502494114306643,0.35524980774723475,0.3221166169593244,-16.047113613864017,3.1289638776616178,6.652887691477787
28,24,0.2615175974592897,0.005200032294628121,0.4216331047040938,0.19734323038368923,0.05630819184613155,0.0031450964732583353,0.06417436707560048,-0.051108159551503426,0.4184880082308355,1.5149992606286853,0.015935840460095482,0.27794550164592224,-0.4502494114306643,0.35524980774723475,0.3221166169593244,-16.047113613864017,3.1289638776616178,6.652887691477787
28,25,0.4001779626642268,-0.008204885659936031,0.435550955612454,0.3360035955886263,0.042903273891567395,0.01706294738161851,0.06417436707560048,-0.051108159551503426,0.4184880082308355,1.5149992606286853,0.015935840460095482,0.27794550164592224,-0.4502494114306643,0.35524980774723475,0.3221166169593244,-16.047113613864017,3.1289638776616178,6.652887691477787
28,26,0.5352289963082966,-0.10708451058167331,0.46528373201979323,0.4710546292326961,-0.05597635103016989,0.046795723788957744,0.06417436707560048,-0.051108159551503426,0.4184880082308355,1.5149992606286853,0.015935840460095482,0.27794550164592224,-0.4502494114306643,0.35524980774723475,0.3221166169593244,-16.047113613864017,3.1289638776616178,6.652887691477787
29,0,-0.13089639147477922,-0.11173816822125948,0.4105759117575772,-0.1905557737976812,-0.07195572675932294,-0.007883270854742719,0.059659382322901994,-0.039782441461936546,0.4184591826123199,1.461674287303565,0.04134631026661411,0.3610567446166628,-0.27084491617867346,0.6794072039332262,-0.001729191272680395,-3.198858627781656,1.5243233237263722,4.9856774427558825
29,1,-0.19407421406394598,-0.11478403312627561,0.38363339991946316,-0.253733596386848,-0.07500159166433906,-0.034825782692856744,0.059659382322901994,-0.039782441461936546,0.4184591826123199,1.461674287303565,0.04134631026661411,0.3610567446166628,-0.27084491617867346,0.6794072039332262,-0.001729191272680395,-3.198858627781656,1.5243233237263722,4.9856774427558825
29,2,-0.3071835589470185,-0.15423494275181254,0.3765692818766091,-0.36684294126992045,-0.114452501289876,-0.041889900735710806,0.059659382322901994,-0.039782441461936546,0.4184591826123199,1.461674287303565,0.04134631026661411,0.3610567446166628,-0.27084491617867346,0.6794072039332262,-0.001729191272680395,-3.198858627781656,1.5243233237263722,4.9856774427558825
29,3,-0.40257008984813025,-0.22683839782783413,0.371078565396228,-0.4622294721710323,-0.18705595636589759,-0.04738061721609188,0.059659382322901994,-0.039782441461936546,0.4184591826123199,1.461674287303565,0.04134631026661411,0.3610567446166628,-0.27084491617867346,0.6794072039332262,-0.001729191272680395,-3.198858627781656,1.5243233237263722,4.9856774427558825
29,4,-0.15978753227795275,-0.13330885953146956,0.30834525117964073,-0.21944691460085475,-0.09352641806953302,-0.11011393143267917,0.059659382322901994,-0.039782441461936546,0.4184591826123199,1.461674287303565,0.04134631026661411,0.3610567446166628,-0.27084491617867346,0.6794072039332262,-0.001729191272680395,-3.198858627781656,1.5243233237263722,4.9856774427558825
29,5,-0.035840695060504205,-0.1119974137609753,0.2094361830913834,-0.0955000773834062,-0.07221497229903875,-0.2090229995209365,0.059659382322901994,-0.039782441461936546,0.4184591826123199,1.461674287303565,0.04134631026661411,0.3610567446166628,-0.27084491617867346,0.6794072039332262,-0.001729191272680395,-3.198858627781656,1.5243233237263722,4.9856774427558825
29,6,-0.18481292378578384,-0.11874416437474355,0.10863064593038031,-0.24447230610868584,-0.07896172291280701,-0.3098285366819396,0.059659382322901994,-0.039782441461936546,0.4184591826123199,1.461674287303565,0.04134631026661411,0.3610567446166628,-0.27084491617867346,0.6794072039332262,-0.001729191272680395,-3.198858627781656,1.5243233237263722,4.9856774427558825
29,7,-0.1606347667752521,-0.12716421793141294,0.003709154239417245,-0.2202941490981541,-0.0873817764694764,-0.41475002837290265,0.059659382322901994,-0.039782441461936546,0.4184591826123199,1.461674287303565,0.04134631026661411,0.3610567446166628,-0.27084491617867346,0.6794072039332262,-0.001729191272680395,-3.198858627781656,1.5243233237263722,4.9856774427558825
29,8,-0.17732027043409082,-0.04442338910177736,0.33940937948067446,-0.23697965275699281,-0.004640947639840812,-0.07904980313164545,0.059659382322901994,-0.039782441461936546,0.4184591826123199,1.461674287303565,0.04134631026661411,0.3610567446166628,-0.27084491617867346,0.6794072039332262,-0.001729191272680395,-3.198858627781656,1.5243233237263722,4.9856774427558825
29,9,-0.05748716555932008,0.030167198648267196,0.26406834747699937,-0.11714654788222208,0.06994964011020374,-0.15439083513532054,0.059659382322901994,-0.039782441461936546,0.4184591826123199,1.461674287303565,0.04134631026661411,0.3610567446166628,-0.27084491617867346,0.6794072039332262,-0.001729191272680395,-3.198858627781656,1.5243233237263722,4.9856774427558825
29,10,-0.10235895049197252,0.0009195257808603807,0.09222220543249264,-0.16201833281487452,0.04070196724279693,-0.32623697717982725,0.059659382322901994,-0.039782441461936546,0.4184591826123199,1.461674287303565,0.04134631026661411,0.3610567446166628,-0.27084491617867346,0.6794072039332262,-0.001729191272680395,-3.198858627781656,1.5243233237263722,4.9856774427558825
29,11,-0.04566426591625028,0.018099501643296073,0.0019195966437309938,-0.10532364823915227,0.05788194310523262,-0.4165395859685889,0.059659382322901994,-0.039782441461936546,0.4184591826123199,1.461674287303565,0.04134631026661411,0.3610567446166628,-0.27084491617867346,0.6794072039332262,-0.001729191272680395,-3.198858627781656,1.5243233237263722,4.9856774427558825
29,12,-0.13089639147477922,-0.11173816822125948,0.4105759117575772,-0.1905557737976812,-0.07195572675932294,-0.007883270854742719,0.059659382322901994,-0.039782441461936546,0.4184591826123199,1.461674287303565,0.04134631026661411,0.3610567446166628,-0.27084491617867346,0.6794072039332262,-0.001729191272680395,-3.198858627781656,1.5243233237263722,4.9856774427558825
29,13,0.02926177153106907,-0.010728896181074532,0.42627589963378526,-0.030397610791832924,0.029053545280862014,0.007816717021465358,0.059659382322901994,-0.039782441461936546,0.4184591826123199,1.461674287303565,0.04134631026661411,0.3610567446166628,-0.27084491617867346,0.6794072039332262,-0.001729191272680395,-3.198858627781656,1.5243233237263722,4.9856774427558825
29,14,0.2331076922487998,-0.016941369147680338,0.3974619170081474,0.1734483099258978,0.02284107231425621,-0.020997265604172477,0.059659382322901994,-0.039782441461936546,0.4184591826123199,1.461674287303565,0.04134631026661411,0.3610567446166628,-0.27084491617867346,0.6794072039332262,-0.001729191272680395,-3.198858627781656,1.5243233237263722,4.9856774427558825
29,15,0.2862863480182159,-0.06473577430545566,0.3615449951440771,0.2266269656953139,-0.02495333284351911,-0.05691418746824278,0.059659382322901994,-0.039782441461936546,0.4184591826123199,1.461674287303565,0.04134631026661411,0.3610567446166628,-0.27084491617867346,0.6794072039332262,-0.001729191272680395,-3.198858627781656,1.5243233237263722,4.9856774427558825
29,16,0.2381769052559629,-0.13047513561986607,0.23321799930725612,0.17851752293306092,-0.09069269415792952,-0.18524118330506378,0.059659382322901994,-0.039782441461936546,0.4184591826123199,1.461674287303565,0.04134631026661411,0.3610567446166628,-0.27084491617867346,0.6794072039332262,-0.001729191272680395,-3.198858627781656,1.5243233237263722,4.9856774427558825
29,17,0.3333417422142709,-0.11079370974764333,0.08408619438682986,0.2736823598913689,-0.07101126828570678,-0.33437298822549005,0.059659382322901994,-0.039782441461936546,0.4184591826123199,1.461674287303565,0.04134631026661411,0.3610567446166628,-0.27084491617867346,0.6794072039332262,-0.001729191272680395,-3.198858627781656,1.5243233237263722,4.9856774427558825
29,18,0.3690857802477982,-0.09057884595511419,0.024944643687360338,0.30942639792489623,-0.05079640449317764,-0.3935145389249596,0.059659382322901994,-0.039782441461936546,0.4184591826123199,1.461674287303565,0.04134631026661411,0.3610567446166628,-0.27084491617867346,0.6794072039332262,-0.001729191272680395,-3.198858627781656,1.5243233237263722,4.9856774427558825
29,19,0.21675100889500037,0.06730687044696698,0.3919217905717187,0.15709162657209838,0.10708931190890353,-0.026537392040601182,0.059659382322901994,-0.039782441461936546,0.4184591826123199,1.461674287303565,0.04134631026661411,0.3610567446166628,-0.27084491617867346,0.6794072039332262,-0.001729191272680395,-3.198858627781656,1.5243233237263722,4.9856774427558825
29,20,0.2592339680880476,0.11160449568193054,0.34060981770584464,0.1995745857651456,0.15138693714386708,-0.07784936490647526,0.059659382322901994,-0.039782441461936546,0.4184591826123199,1.461674287303565,0.04134631026661411,0.3610567446166628,-0.27084491617867346,0.6794072039332262,-0.001729191272680395,-3.198858627781656,1.5243233237263722,4.9856774427558825
29,21,0.14686606314447664,0.13517287829418365,0.24100065538178717,0.08720668082157465,0.1749553197561202,-0.17745852723053274,0.059659382322901994,-0.039782441461936546,0.4184591826123199,1.461674287303565,0.04134631026661411,0.3610567446166628,-0.27084491617867346,0.6794072039332262,-0.001729191272680395,-3.198858627781656,1.5243233237263722,4.9856774427558825
29,22,0.2670587654135837,0.12417728740381667,0.1101694235022975,0.2073993830906817,0.16395972886575322,-0.30828975911002243,0.059659382322901994,-0.039782441461936546,0.4184591826123199,1.461674287303565,0.04134631026661411,0.3610567446166628,-0.27084491617867346,0.6794072039332262,-0.001729191272680395,-3.198858627781656,1.5243233237263722,4.9856774427558825
29,23,0.30042889078761215,0.14983095890360154,0.05175432388807156,0.24076950846471015,0.1896134003655381,-0.36670485872424835,0.059659382322901994,-0.039782441461936546,0.4184591826123199,1.461674287303565,0.04134631026661411,0.3610567446166628,-0.27084491617867346,0.6794072039332262,-0.001729191272680395,-3.198858627781656,1.5243233237263722,4.9856774427558825
29,24,0.2502151561205832,0.03217328529738639,0.4263424534670626,0.1905557737976812,0.07195572675932294,0.007883270854742719,0.059659382322901994,-0.039782441461936546,0.4184591826123199,1.461674287303565,0.04134631026661411,0.3610567446166628,-0.27084491617867346,0.6794072039332262,-0.001729191272680395,-3.198858627781656,1.5243233237263722,4.9856774427558825
29,25,0.38189122949419235,-0.008559707951109746,0.4508848701702214,0.3222318471712904,0.0312227335108268,0.032425687557901484,0.059659382322901994,-0.039782441461936546,0.4184591826123199,1.461674287303565,0.04134631026661411,0.3610567446166628,-0.27084491617867346,0.6794072039332262,-0.001729191272680395,-3.198858627781656,1.5243233237263722,4.9856774427558825
29,26,0.5017746700604608,-0.10827802289962325,0.5185917252868993,0.4421152877375588,-0.0684955814376867,0.10013254267457944,0.059659382322901994,-0.039782441461936546,0.4184591826123199,1.461674287303565,0.04134631026661411,0.3610567446166628,-0.27084491617867346,0.6794072039332262,-0.001729191272680395,-3.198858627781656,1.5243233237263722,4.9856774427558825
30,0,-0.12866346203000395,-0.10627465002853848,0.4096799117575772,-0.1879690211481714,-0.07894985943548562,-0.005765676301732636,0.059305559118167456,-0.02732479059305286,0.4154455880593098,1.4978961474973338,0.03066393091240697,0.39764097293445755,-0.021225147254621355,0.7473095902149782,-0.18077951727715,2.172877036218879,-0.6408145983327619,2.1946147761124615
30,1,-0.19084220596034765,-0.11568374856529168,0.3818970720049111,-0.2501477650785151,-0.08835895797223882,-0.033548516054398736,0.059305559118167456,-0.02732479059305286,0.4154455880593098,1.4978961474973338,0.03066393091240697,0.39764097293445755,-0.021225147254621355,0.7473095902149782,-0.18077951727715,2.172877036218879,-0.6408145983327619,2.1946147761124615
30,2,-0.2991373710573432,-0.1644651066696558,0.36479337951285434,-0.35844293017551065,-0.13714031607660293,-0.05065220854645547,0.059305559118167456,-0.02732479059305286,0.4154455880593098,1.4978961474973338,0.03066393091240697,0.39764097293445755,-0.021225147254621355,0.7473095902149782,-0.18077951727715,2.172877036218879,-0.6408145983327619,2.1946147761124615
30,3,-0.37752468437502507,-0.2529848732575575,0.34430728635175983,-0.43683024349319255,-0.2256600826645046,-0.07113830170754998,0.059305559118167456,-0.02732479059305286,0.4154455880593098,1.4978961474973338,0.03066393091240697,0.39764097293445755,-0.021225147254621355,0.7473095902149782,-0.18077951727715,2.172877036218879,-0.6408145983327619,2.1946147761124615
30,4,-0.1536177432949687,-0.1380535473980282,0.30908922513714593,-0.21292330241313615,-0.11072875680497533,-0.10635636292216388,0.059305559118167456,-0.02732479059305286,0.4154455880593098,1.4978961474973338,0.03066393091240697,0.39764097293445755,-0.021225147254621355,0.7473095902149782,-0.18077951727715,2.172877036218879,-0.6408145983327619,2.1946147761124615
30,5,-0.03127931139151301,-0.11482382631710994,0.20862187663747536,-0.09058487050968046,-0.08749903572405708,-0.20682371142183445,0.059305559118167456,-0.02732479059305286,0.4154455880593098,1.4978961474973338,0.03066393091240697,0.39764097293445755,-0.021225147254621355,0.7473095902149782,-0.18077951727715,2.172877036218879,-0.6408145983327619,2.1946147761124615
30,6,-0.18194698596314623,-0.12246235116368516,0.11043376766765091,-0.2412525450813137,-0.0951375605706323,-0.3050118203916589,0.059305559118167456,-0.02732479059305286,0.4154455880593098,1.4978961474973338,0.03066393091240697,0.39764097293445755,-0.021225147254621355,0.7473095902149782,-0.18077951727715,2.172877036218879,-0.6408145983327619,2.1946147761124615
30,7,-0.160990749173899,-0.12887035847883602,0.004680405635237168,-0.22029630829206645,-0.10154556788578316,-0.4107651824240726,0.059305559118167456,-0.02732479059305286,0.4154455880593098,1.4978961474973338,0.03066393091240697,0.39764097293445755,-0.021225147254621355,0.7473095902149782,-0.18077951727715,2.172877036218879,-0.6408145983327619,2.1946147761124615
30,8,-0.17755694979078052,-0.048257870966113676,0.3322550348393706,-0.23686250890894797,-0.020933080373060818,-0.08319055321993923,0.059305559118167456,-0.02732479059305286,0.4154455880593098,1.4978961474973338,0.03066393091240697,0.39764097293445755,-0.021225147254621355,0.7473095902149782,-0.18077951727715,2.172877036218879,-0.6408145983327619,2.1946147761124615
30,9,-0.05446265980526424,0.027086961680013316,0.263182957013951,-0.1137682189234317,0.054411752273066175,-0.1522626310453588,0.059305559118167456,-0.02732479059305286,0.4154455880593098,1.4978961474973338,0.03066393091240697,0.39764097293445755,-0.021225147254621355,0.7473095902149782,-0.18077951727715,2.172877036218879,-0.6408145983327619,2.1946147761124615
30,10,-0.09990300954342862,-0.004363357431210413,0.09187606270179444,-0.15920856866159608,0.022961433161842446,-0.3235695253575154,0.059305559118167456,-0.02732479059305286,0.4154455880593098,1.4978961474973338,0.03066393091240697,0.39764097293445755,-0.021225147254621355,0.7473095902149782,-0.18077951727715,2.172877036218879,-0.6408145983327619,2.1946147761124615
30,11,-0.04326036960843464,0.014345672429462053,0.0018450483927895077,-0.1025659287266021,0.04167046302251491,-0.41360053966652033,0.059305559118167456,-0.02732479059305286,0.4154455880593098,1.4978961474973338,0.03066393091240697,0.39764097293445755,-0.021225147254621355,0.7473095902149782,-0.18077951727715,2.172877036218879,-0.6408145983327619,2.1946147761124615
30,12,-0.12866346203000395,-0.10627465002853848,0.4096799117575772,-0.1879690211481714,-0.07894985943548562,-0.005765676301732636,0.059305559118167456,-0.02732479059305286,0.4154455880593098,1.4978961474973338,0.03066393091240697,0.39764097293445755,-0.021225147254621355,0.7473095902149782,-0.18077951727715,2.172877036218879,-0.6408145983327619,2.1946147761124615
30,13,0.028207907781573976,4.5341428015210905e-06,0.4236837787679169,-0.03109765133659348,0.02732932473585438,0.008238190708607096,0.059305559118167456,-0.02732479059305286,0.4154455880593098,1.4978961474973338,0.03066393091240697,0.39764097293445755,-0.021225147254621355,0.7473095902149782,-0.18077951727715,2.172877036218879,-0.6408145983327619,2.1946147761124615
30,14,0.23290140269992082,-0.0024309792311785344,0.4009540328474324,0.17359584358175337,0.024893811361874324,-0.014491555211877394,0.059305559118167456,-0.02732479059305286,0.4154455880593098,1.4978961474973338,0.03066393091240697,0.39764097293445755,-0.021225147254621355,0.7473095902149782,-0.18077951727715,2.172877036218879,-0.6408145983327619,2.1946147761124615
30,15,0.28403478953725264,-0.055128316972253635,0.36916303992492705,0.22472923041908519,-0.027803526379200777,-0.04628254813438276,0.059305559118167456,-0.02732479059305286,0.4154455880593098,1.4978961474973338,0.03066393091240697,0.39764097293445755,-0.021225147254621355,0.7473095902149782,-0.18077951727715,2.172877036218879,-0.6408145983327619,2.1946147761124615
30,16,0.24804624053046598,-0.12972872902701255,0.24171264623657962,0.18874068141229852,-0.10240393843395969,-0.1737329418227302,0.059305559118167456,-0.02732479059305286,0.4154455880593098,1.4978961474973338,0.03066393091240697,0.39764097293445755,-0.021225147254621355,0.7473095902149782,-0.18077951727715,2.172877036218879,-0.6408145983327619,2.1946147761124615
30,17,0.3384246909528593,-0.12194719322903784,0.08856179450052343,0.27911913183469184,-0.09462240263598498,-0.3268837935587864,0.059305559118167456,-0.02732479059305286,0.4154455880593098,1.4978961474973338,0.03066393091240697,0.39764097293445755,-0.021225147254621355,0.7473095902149782,-0.18077951727715,2.172877036218879,-0.6408145983327619,2.1946147761124615
30,18,0.371343982218624,-0.10206490287989459,0.027692961828910515,0.3120384231004566,-0.07474011228684173,-0.3877526262303993,0.059305559118167456,-0.02732479059305286,0.4154455880593098,1.4978961474973338,0.03066393091240697,0.39764097293445755,-0.021225147254621355,0.7473095902149782,-0.18077951727715,2.172877036218879,-0.6408145983327619,2.1946147761124615
30,19,0.21352601194284093,0.0788123462042098,0.38045729421162494,0.15422045282467348,0.10613713679726265,-0.03498829384768487,0.059305559118167456,-0.02732479059305286,0.4154455880593098,1.4978961474973338,0.03066393091240697,0.39764097293445755,-0.021225147254621355,0.7473095902149782,-0.18077951727715,2.172877036218879,-0.6408145983327619,2.1946147761124615
30,20,0.25886765847157533,0.11780780700304852,0.32732078019571126,0.19956209935340788,0.14513259759610136,-0.08812480786359855,0.059305559118167456,-0.02732479059305286,0.4154455880593098,1.4978961474973338,0.03066393091240697,0.39764097293445755,-0.021225147254621355,0.7473095902149782,-0.18077951727715,2.172877036218879,-0.6408145983327619,2.1946147761124615
30,21,0.13927861198426134,0.13970029299660378,0.23608932183283332,0.07997305286609388,0.16702508358965662,-0.1793562662264765,0.059305559118167456,-0.02732479059305286,0.4154455880593098,1.4978961474973338,0.03066393091240697,0.39764097293445755,-0.021225147254621355,0.7473095902149782,-0.18077951727715,2.172877036218879,-0.6408145983327619,2.1946147761124615
30,22,0.2385543093597629,0.11227822689871605,0.09091230510650665,0.17924875024159545,0.1396030174917689,-0.32453328295280315,0.059305559118167456,-0.02732479059305286,0.4154455880593098,1.4978961474973338,0.03066393091240697,0.39764097293445755,-0.021225147254621355,0.7473095902149782,-0.18077951727715,2.172877036218879,-0.6408145983327619,2.1946147761124615
30,23,0.26375885901547286,0.1323198788323322,0.026514612113177707,0.2044532998973054,0.15964466942538508,-0.38893097594613213,0.059305559118167456,-0.02732479059305286,0.4154455880593098,1.4978961474973338,0.03066393091240697,0.39764097293445755,-0.021225147254621355,0.7473095902149782,-0.18077951727715,2.172877036218879,-0.6408145983327619,2.1946147761124615
30,24,0.24727458026633886,0.05162506884243276,0.42121126436104245,0.1879690211481714,0.07894985943548562,0.005765676301732636,0.059305559118167456,-0.02732479059305286,0.4154455880593098,1.4978961474973338,0.03066393091240697,0.39764097293445755,-0.021225147254621355,0.7473095902149782,-0.18077951727715,2.172877036218879,-0.6408145983327619,2.1946147761124615
30,25,0.3737172765074815,0.0011471504260211762,0.453835176372597,0.31441171738931406,0.028471941019074035,0.038389588313287204,0.059305559118167456,-0.02732479059305286,0.4154455880593098,1.4978961474973338,0.03066393091240697,0.39764097293445755,-0.021225147254621355,0.7473095902149782,-0.18077951727715,2.172877036218879,-0.6408145983327619,2.1946147761124615
30,26,0.4847488246882172,-0.09908017665908209,0.5346217976676528,0.42544326557004974,-0.07175538606602923,0.11917620960834302,0.059305559118167456,-0.02732479059305286,0.4154455880593098,1.4978961474973338,0.03066393091240697,0.39764097293445755,-0.021225147254621355,0.7473095902149782,-0.18077951727715,2.172877036218879,-0.6408145983327619,2.1946147761124615
31,0,-0.13110142912421008,-0.09556605085590009,0.4133409117575772,-0.18955289284122995,-0.0772464260980549,-0.00024165472703846502,0.05845146371701987,-0.018319624757845182,0.41358256648461567,1.5676679757381535,0.0012748663051091844,0.3869715149821618,-0.051235476973460495,0.5402019097305144,-0.11175894269311012,4.185472599929198,-1.7629912781822306,-0.6400394692438953
31,1,-0.19161518335170194,-0.11003492896922741,0.384094533665763,-0.25006664706872184,-0.09171530421138223,-0.02948803281885265,0.05845146371701987,-0.018319624757845182,0.41358256648461567,1.5676679757381535,0.0012748663051091844,0.3869715149821618,-0.051235476973460495,0.5402019097305144,-0.11175894269311012,4.185472599929198,-1.7629912781822306,-0.6400394692438953
31,2,-0.29229669568112493,-0.1691684199567587,0.356409460155801,-0.3507481593981448,-0.1508487951989135,-0.05717310632881467,0.05845146371701987,-0.018319624757845182,0.41358256648461567,1.5676679757381535,0.0012748663051091844,0.3869715149821618,-0.051235476973460495,0.5402019097305144,-0.11175894269311012,4.185472599929198,-1.7629912781822306,-0.6400394692438953
31,3,-0.35265530653821237,-0.2677056190154367,0.3240480869754177,-0.41110677025523223,-0.24938599425759153,-0.08953447950919796,0.05845146371701987,-0.018319624757845182,0.41358256648461567,1.5676679757381535,0.0012748663051091844,0.3869715149821618,-0.051235476973460495,0.5402019097305144,-0.11175894269311012,4.185472599929198,-1.7629912781822306,-0.6400394692438953
31,4,-0.15034816906441748,-0.1415978550459499,0.31710299454661633,-0.20879963278143734,-0.12327823028810472,-0.09647957193799933,0.05845146371701987,-0.018319624757845182,0.41358256648461567,1.5676679757381535,0.0012748663051091844,0.3869715149821618,-0.051235476973460495,0.5402019097305144,-0.11175894269311012,4.185472599929198,-1.7629912781822306,-0.6400394692438953
31,5,-0.028302116063785382,-0.12668215792068968,0.2147199739804731,-0.08675357978080525,-0.1083625331628445,-0.19886259250414257,0.05845146371701987,-0.018319624757845182,0.41358256648461567,1.5676679757381535,0.0012748663051091844,0.3869715149821618,-0.051235476973460495,0.5402019097305144,-0.11175894269311012,4.185472599929198,-1.7629912781822306,-0.6400394692438953
31,6,-0.1766033987944692,-0.12684240393345675,0.11270672080303971,-0.23505486251148908,-0.10852277917561157,-0.30087584568157594,0.05845146371701987,-0.018319624757845182,0.41358256648461567,1.5676679757381535,0.0012748663051091844,0.3869715149821618,-0.051235476973460495,0.5402019097305144,-0.11175894269311012,4.185472599929198,-1.7629912781822306,-0.6400394692438953
31,7,-0.159456734648995,-0.13042810185115872,0.006136862594455206,-0.21790819836601488,-0.11210847709331354,-0.40744570389016044,0.05845146371701987,-0.018319624757845182,0.41358256648461567,1.5676679757381535,0.0012748663051091844,0.3869715149821618,-0.051235476973460495,0.5402019097305144,-0.11175894269311012,4.185472599929198,-1.7629912781822306,-0.6400394692438953
31,8,-0.17665042071612902,-0.04995349962229781,0.326186359951957,-0.2351018844331489,-0.03163387486445263,-0.08739620653265867,0.05845146371701987,-0.018319624757845182,0.41358256648461567,1.5676679757381535,0.0012748663051091844,0.3869715149821618,-0.051235476973460495,0.5402019097305144,-0.11175894269311012,4.185472599929198,-1.7629912781822306,-0.6400394692438953
31,9,-0.04942730120450284,0.02173111124843874,0.260798330547598,-0.10787876492152271,0.04005073600628392,-0.15278423593701768,0.05845146371701987,-0.018319624757845182,0.41358256648461567,1.5676679757381535,0.0012748663051091844,0.3869715149821618,-0.051235476973460495,0.5402019097305144,-0.11175894269311012,4.185472599929198,-1.7629912781822306,-0.6400394692438953
31,10,-0.09624279706577428,-0.011299556163573532,0.0901604556430582,-0.15469426078279414,0.00702006859427165,-0.3234221108415575,0.05845146371701987,-0.018319624757845182,0.41358256648461567,1.5676679757381535,0.0012748663051091844,0.3869715149821618,-0.051235476973460495,0.5402019097305144,-0.11175894269311012,4.185472599929198,-1.7629912781822306,-0.6400394692438953
31,11,-0.038304403739688936,0.008918305022747569,0.0012876214282688987,-0.0967558674567088,0.02723792978059275,-0.4122949450563468,0.05845146371701987,-0.018319624757845182,0.41358256648461567,1.5676679757381535,0.0012748663051091844,0.3869715149821618,-0.051235476973460495,0.5402019097305144,-0.11175894269311012,4.185472599929198,-1.7629912781822306,-0.6400394692438953
31,12,-0.13110142912421008,-0.09556605085590009,0.4133409117575772,-0.18955289284122995,-0.0772464260980549,-0.00024165472703846502,0.05845146371701987,-0.018319624757845182,0.41358256648461567,1.5676679757381535,0.0012748663051091844,0.3869715149821618,-0.051235476973460495,0.5402019097305144,-0.11175894269311012,4.185472599929198,-1.7629912781822306,-0.6400394692438953
31,13,0.02913397255906347,0.0064876405310063945,0.4164489754099771,-0.0293174911579564,0.024807265288851577,0.002866408925361441,0.05845146371701987,-0.018319624757845182,0.41358256648461567,1.5676679757381535,0.0012748663051091844,0.3869715149821618,-0.051235476973460495,0.5402019097305144,-0.11175894269311012,4.185472599929198,-1.7629912781822306,-0.6400394692438953
31,14,0.2343901965691546,0.0027449758699676363,0.39977939551397507,0.17593873285213474,0.02106460062781282,-0.0138031709706406,0.05845146371701987,-0.018319624757845182,0.41358256648461567,1.5676679757381535,0.0012748663051091844,0.3869715149821618,-0.051235476973460495,0.5402019097305144,-0.11175894269311012,4.185472599929198,-1.7629912781822306,-0.6400394692438953
31,15,0.28131161858332904,-0.05391750495148008,0.3683144418735381,0.22286015486630917,-0.0355978801936349,-0.04526812461107754,0.05845146371701987,-0.018319624757845182,0.41358256648461567,1.5676679757381535,0.0012748663051091844,0.3869715149821618,-0.051235476973460495,0.5402019097305144,-0.11175894269311012,4.185472599929198,-1.7629912781822306,-0.6400394692438953
31,16,0.24611742273999876,-0.1287722452836254,0.2407913599746624,0.1876659590229789,-0.11045262052578023,-0.17279120650995328,0.05845146371701987,-0.018319624757845182,0.41358256648461567,1.5676679757381535,0.0012748663051091844,0.3869715149821618,-0.051235476973460495,0.5402019097305144,-0.11175894269311012,4.185472599929198,-1.7629912781822306,-0.6400394692438953
31,17,0.3454876385717273,-0.13143131341457803,0.09313469894900975,0.28703617485470745,-0.11311168865673285,-0.32044786753560595,0.05845146371701987,-0.018319624757845182,0.41358256648461567,1.5676679757381535,0.0012748663051091844,0.3869715149821618,-0.051235476973460495,0.5402019097305144,-0.11175894269311012,4.185472599929198,-1.7629912781822306,-0.6400394692438953
31,18,0.3800803792164955,-0.11257707255365605,0.03286978466570538,0.32162891549947564,-0.09425744779581087,-0.3807127818189103,0.05845146371701987,-0.018319624757845182,0.41358256648461567,1.5676679757381535,0.0012748663051091844,0.3869715149821618,-0.051235476973460495,0.5402019097305144,-0.11175894269311012,4.185472599929198,-1.7629912781822306,-0.6400394692438953
31,19,0.21531476384203535,0.08083177462583369,0.3692084989745059,0.15686330012501548,0.09915139938367887,-0.04437406751010975,0.05845146371701987,-0.018319624757845182,0.41358256648461567,1.5676679757381535,0.0012748663051091844,0.3869715149821618,-0.051235476973460495,0.5402019097305144,-0.11175894269311012,4.185472599929198,-1.7629912781822306,-0.6400394692438953
31,20,0.26471127652201615,0.11681373869335177,0.3175821220874881,0.20625981280499628,0.13513336345119695,-0.09600044439712757,0.05845146371701987,-0.018319624757845182,0.41358256648461567,1.5676679757381535,0.0012748663051091844,0.3869715149821618,-0.051235476973460495,0.5402019097305144,-0.11175894269311012,4.185472599929198,-1.7629912781822306,-0.6400394692438953
31,21,0.13639596185088265,0.12526363627410106,0.23654028583424536,0.07794449813386278,0.14358326103194624,-0.1770422806503703,0.05845146371701987,-0.018319624757845182,0.41358256648461567,1.5676679757381535,0.0012748663051091844,0.3869715149821618,-0.051235476973460495,0.5402019097305144,-0.11175894269311012,4.185472599929198,-1.7629912781822306,-0.6400394692438953
31,22,0.21778376053740622,0.10311783249039189,0.079793389254103,0.15933229682038635,0.12143745724823707,-0.33378917723051266,0.05845146371701987,-0.018319624757845182,0.41358256648461567,1.5676679757381535,0.0012748663051091844,0.3869715149821618,-0.051235476973460495,0.5402019097305144,-0.11175894269311012,4.185472599929198,-1.7629912781822306,-0.6400394692438953
31,23,0.24646099305118707,0.12624180475153918,0.017931460413471118,0.1880095293341672,0.14456142950938436,-0.39565110607114456,0.05845146371701987,-0.018319624757845182,0.41358256648461567,1.5676679757381535,0.0012748663051091844,0.3869715149821618,-0.051235476973460495,0.5402019097305144,-0.11175894269311012,4.185472599929198,-1.7629912781822306,-0.6400394692438953
31,24,0.24800435655824982,0.05892680134020972,0.41382422121165413,0.18955289284122995,0.0772464260980549,0.00024165472703846502,0.05845146371701987,-0.018319624757845182,0.41358256648461567,1.5676679757381535,0.0012748663051091844,0.3869715149821618,-0.051235476973460495,0.5402019097305144,-0.11175894269311012,4.185472599929198,-1.7629912781822306,-0.6400394692438953
31,25,0.37654353763532766,0.010637516727360033,0.441135743147261,0.3180920739183078,0.028957141485205215,0.02755317666264534,0.05845146371701987,-0.018319624757845182,0.41358256648461567,1.5676679757381535,0.0012748663051091844,0.3869715149821618,-0.051235476973460495,0.5402019097305144,-0.11175894269311012,4.185472599929198,-1.7629912781822306,-0.6400394692438953
31,26,0.4929955922393576,-0.09036919330327284,0.512805565711843,0.43454412852233776,-0.07204956854542766,0.09922299922722733,0.05845146371701987,-0.018319624757845182,0.41358256648461567,1.5676679757381535,0.0012748663051091844,0.3869715149821618,-0.051235476973460495,0.5402019097305144,-0.11175894269311012,4.185472599929198,-1.7629912781822306,-0.6400394692438953
32,0,-0.13995007873107868,-0.08198751540913254,0.4192899117575772,-0.1944366372212433,-0.0670136793129695,0.006077840566587445,0.05448655849016462,-0.01497383609616304,0.41321207119098974,1.6612443906899397,-0.03124854577322239,0.3319057660084428,-0.23784674426246236,0.20070717826527545,-0.022225272563043047,5.613462204666235,-1.9510145217955355,-3.3032842815668277
32,1,-0.1988952617028032,-0.09986974694855191,0.38875624642545753,-0.25338182019296784,-0.08489591085238887,-0.024455824765532208,0.05448655849016462,-0.01497383609616304,0.41321207119098974,1.6612443906899397,-0.03124854577322239,0.3319057660084428,-0.23784674426246236,0.20070717826527545,-0.022225272563043047,5.613462204666235,-1.9510145217955355,-3.3032842815668277
32,2,-0.2882912627839459,-0.172010801907957,0.3540572094475149,-0.3427778212741105,-0.15703696581179397,-0.05915486174347484,0.05448655849016462,-0.01497383609616304,0.41321207119098974,1.6612443906899397,-0.03124854577322239,0.3319057660084428,-0.23784674426246236,0.20070717826527545,-0.022225272563043047,5.613462204666235,-1.9510145217955355,-3.3032842815668277
32,3,-0.3328578627904563,-0.27675176983273964,0.3160684243994996,-0.38734442128062097,-0.2617779337365766,-0.09714364679149012,0.05448655849016462,-0.01497383609616304,0.41321207119098974,1.6612443906899397,-0.03124854577322239,0.3319057660084428,-0.23784674426246236,0.20070717826527545,-0.022225272563043047,5.613462204666235,-1.9510145217955355,-3.3032842815668277
32,4,-0.15438860679844252,-0.14194546012993559,0.33014018109560606,-0.20887516528860714,-0.12697162403377255,-0.08307189009538368,0.05448655849016462,-0.01497383609616304,0.41321207119098974,1.6612443906899397,-0.03124854577322239,0.3319057660084428,-0.23784674426246236,0.20070717826527545,-0.022225272563043047,5.613462204666235,-1.9510145217955355,-3.3032842815668277
32,5,-0.03309371391067334,-0.14220829923559483,0.225797093827571,-0.08758027240083796,-0.1272344631394318,-0.18741497736341875,0.05448655849016462,-0.01497383609616304,0.41321207119098974,1.6612443906899397,-0.03124854577322239,0.3319057660084428,-0.23784674426246236,0.20070717826527545,-0.022225272563043047,5.613462204666235,-1.9510145217955355,-3.3032842815668277
32,6,-0.17391565820622873,-0.1310129265021117,0.11424511663869172,-0.22840221669639335,-0.11603909040594865,-0.29896695455229805,0.05448655849016462,-0.01497383609616304,0.41321207119098974,1.6612443906899397,-0.03124854577322239,0.3319057660084428,-0.23784674426246236,0.20070717826527545,-0.022225272563043047,5.613462204666235,-1.9510145217955355,-3.3032842815668277
32,7,-0.15994621756743277,-0.1302879937172563,0.0071548313626402125,-0.2144327760575974,-0.11531415762109326,-0.4060572398283495,0.05448655849016462,-0.01497383609616304,0.41321207119098974,1.6612443906899397,-0.03124854577322239,0.3319057660084428,-0.23784674426246236,0.20070717826527545,-0.022225272563043047,5.613462204666235,-1.9510145217955355,-3.3032842815668277
32,8,-0.17894191040364532,-0.04961144133684168,0.32346424577688626,-0.23342846889380994,-0.03463760524067864,-0.08974782541410348,0.05448655849016462,-0.01497383609616304,0.41321207119098974,1.6612443906899397,-0.03124854577322239,0.3319057660084428,-0.23784674426246236,0.20070717826527545,-0.022225272563043047,5.613462204666235,-1.9510145217955355,-3.3032842815668277
32,9,-0.04802218410703857,0.015595930545284076,0.2585949626159007,-0.10250874259720319,0.030569766641447116,-0.15461710857508904,0.05448655849016462,-0.01497383609616304,0.41321207119098974,1.6612443906899397,-0.03124854577322239,0.3319057660084428,-0.23784674426246236,0.20070717826527545,-0.022225272563043047,5.613462204666235,-1.9510145217955355,-3.3032842815668277
32,10,-0.09717971947507453,-0.014611806205769559,0.08809267713656123,-0.15166627796523915,0.000362029890393481,-0.3251193940544285,0.05448655849016462,-0.01497383609616304,0.41321207119098974,1.6612443906899397,-0.03124854577322239,0.3319057660084428,-0.23784674426246236,0.20070717826527545,-0.022225272563043047,5.613462204666235,-1.9510145217955355,-3.3032842815668277
32,11,-0.03820078800350263,0.008312937232384576,0.000571583811192173,-0.09268734649366725,0.023286773328547616,-0.4126404873797976,0.05448655849016462,-0.01497383609616304,0.41321207119098974,1.6612443906899397,-0.03124854577322239,0.3319057660084428,-0.23784674426246236,0.20070717826527545,-0.022225272563043047,5.613462204666235,-1.9510145217955355,-3.3032842815668277
32,12,-0.13995007873107868,-0.08198751540913254,0.4192899117575772,-0.1944366372212433,-0.0670136793129695,0.006077840566587445,0.05448655849016462,-0.01497383609616304,0.41321207119098974,1.6612443906899397,-0.03124854577322239,0.3319057660084428,-0.23784674426246236,0.20070717826527545,-0.022225272563043047,5.613462204666235,-1.9510145217955355,-3.3032842815668277
32,13,0.028934822322251946,0.004483459056185524,0.4092569293407975,-0.025551736167912675,0.019457295152348564,-0.003955141850192245,0.05448655849016462,-0.01497383609616304,0.41321207119098974,1.6612443906899397,-0.03124854577322239,0.3319057660084428,-0.23784674426246236,0.20070717826527545,-0.022225272563043047,5.613462204666235,-1.9510145217955355,-3.3032842815668277
32,14,0.2341122933303827,-0.0038958142386749522,0.3933197674635345,0.17962573484021807,0.011078021857488088,-0.019892303727455263,0.05448655849016462,-0.01497383609616304,0.41321207119098974,1.6612443906899397,-0.03124854577322239,0.3319057660084428,-0.23784674426246236,0.20070717826527545,-0.022225272563043047,5.613462204666235,-1.9510145217955355,-3.3032842815668277
32,15,0.2773438543027672,-0.06037198039270732,0.35666223507141026,0.22285729581260258,-0.04539814429654428,-0.05654983611957948,0.05448655849016462,-0.01497383609616304,0.41321207119098974,1.6612443906899397,-0.03124854577322239,0.3319057660084428,-0.23784674426246236,0.20070717826527545,-0.022225272563043047,5.613462204666235,-1.9510145217955355,-3.3032842815668277
32,16,0.22254749673234525,-0.12991304867999837,0.23310901167823056,0.16806093824218063,-0.11493921258383533,-0.18010305951275918,0.05448655849016462,-0.01497383609616304,0.41321207119098974,1.6612443906899397,-0.03124854577322239,0.3319057660084428,-0.23784674426246236,0.20070717826527545,-0.022225272563043047,5.613462204666235,-1.9510145217955355,-3.3032842815668277
32,17,0.3335308621144972,-0.13877944060695352,0.09422748054258787,0.2790443036243325,-0.12380560451079048,-0.3189845906484019,0.05448655849016462,-0.01497383609616304,0.41321207119098974,1.6612443906899397,-0.03124854577322239,0.3319057660084428,-0.23784674426246236,0.20070717826527545,-0.022225272563043047,5.613462204666235,-1.9510145217955355,-3.3032842815668277
32,18,0.373442863763486,-0.12342983136402726,0.036301479311014524,0.3189563052733214,-0.10845599526786422,-0.3769105918799752,0.05448655849016462,-0.01497383609616304,0.41321207119098974,1.6612443906899397,-0.03124854577322239,0.3319057660084428,-0.23784674426246236,0.20070717826527545,-0.022225272563043047,5.613462204666235,-1.9510145217955355,-3.3032842815668277
32,19,0.2168784140153313,0.07444071630001556,0.36229749513136716,0.1623918555251667,0.0894145523961786,-0.050914576059622574,0.05448655849016462,-0.01497383609616304,0.41321207119098974,1.6612443906899397,-0.03124854577322239,0.3319057660084428,-0.23784674426246236,0.20070717826527545,-0.022225272563043047,5.613462204666235,-1.9510145217955355,-3.3032842815668277
32,20,0.266040283717071,0.11208996857906497,0.3116453049859802,0.21155372522690638,0.12706380467522801,-0.10156676620500954,0.05448655849016462,-0.01497383609616304,0.41321207119098974,1.6612443906899397,-0.03124854577322239,0.3319057660084428,-0.23784674426246236,0.20070717826527545,-0.022225272563043047,5.613462204666235,-1.9510145217955355,-3.3032842815668277
32,21,0.13394310433117973,0.10170732487097575,0.23717023606470797,0.07945654584101511,0.11668116096713879,-0.17604183512628177,0.05448655849016462,-0.01497383609616304,0.41321207119098974,1.6612443906899397,-0.03124854577322239,0.3319057660084428,-0.23784674426246236,0.20070717826527545,-0.022225272563043047,5.613462204666235,-1.9510145217955355,-3.3032842815668277
32,22,0.20510012641408126,0.10109717316427164,0.07401293185108067,0.15061356792391664,0.11607100926043468,-0.3391991393399091,0.05448655849016462,-0.01497383609616304,0.41321207119098974,1.6612443906899397,-0.03124854577322239,0.3319057660084428,-0.23784674426246236,0.20070717826527545,-0.022225272563043047,5.613462204666235,-1.9510145217955355,-3.3032842815668277
32,23,0.23434669166692035,0.13604215042261789,0.01826809367476726,0.17986013317675573,0.15101598651878093,-0.39494397751622246,0.05448655849016462,-0.01497383609616304,0.41321207119098974,1.6612443906899397,-0.03124854577322239,0.3319057660084428,-0.23784674426246236,0.20070717826527545,-0.022225272563043047,5.613462204666235,-1.9510145217955355,-3.3032842815668277
32,24,0.24892319571140792,0.052039843216806464,0.4071342306244023,0.1944366372212433,0.0670136793129695,-0.006077840566587445,0.05448655849016462,-0.01497383609616304,0.41321207119098974,1.6612443906899397,-0.03124854577322239,0.3319057660084428,-0.23784674426246236,0.20070717826527545,-0.022225272563043047,5.613462204666235,-1.9510145217955355,-3.3032842815668277
32,25,0.3826892502745636,0.018971977097516565,0.431898200453034,0.328202691784399,0.033945813193679605,0.01868612926204427,0.05448655849016462,-0.01497383609616304,0.41321207119098974,1.6612443906899397,-0.03124854577322239,0.3319057660084428,-0.23784674426246236,0.20070717826527545,-0.022225272563043047,5.613462204666235,-1.9510145217955355,-3.3032842815668277
32,26,0.5138347944826885,-0.08435067802462853,0.4639181184061713,0.45934823599252395,-0.0693768419284655,0.05070604721518157,0.05448655849016462,-0.01497383609616304,0.41321207119098974,1.6612443906899397,-0.03124854577322239,0.3319057660084428,-0.23784674426246236,0.20070717826527545,-0.022225272563043047,5.613462204666235,-1.9510145217955355,-3.3032842815668277
33,0,-0.15103348821617835,-0.06761196484010548,0.4221649117575772,-0.20053144208660814,-0.05106823063673645,0.007257452998657543,0.049497953870429795,-0.016543734203369034,0.41490745875891966,1.7119639215179523,-0.03617530905759018,0.24936389846784845,-0.2992564258989098,-0.09417505142207523,0.10170291349309646,3.042563337013354,-0.2955466877245223,-4.9515217480860425
33,1,-0.2092239210870469,-0.08670040021724679,0.39092201369097407,-0.25872187495747667,-0.07015666601387775,-0.023985445067945588,0.049497953870429795,-0.016543734203369034,0.41490745875891966,1.7119639215179523,-0.03617530905759018,0.24936389846784845,-0.2992564258989098,-0.09417505142207523,0.10170291349309646,3.042563337013354,-0.2955466877245223,-4.9515217480860425
33,2,-0.2864970795880748,-0.17143222531815216,0.3555754892588731,-0.33599503345850457,-0.15488849111478314,-0.059331969500046544,0.049497953870429795,-0.016543734203369034,0.41490745875891966,1.7119639215179523,-0.03617530905759018,0.24936389846784845,-0.2992564258989098,-0.09417505142207523,0.10170291349309646,3.042563337013354,-0.2955466877245223,-4.9515217480860425
33,3,-0.321412923579673,-0.2803454265334902,0.31926022472078863,-0.37091087745010276,-0.2638016923301212,-0.09564723403813102,0.049497953870429795,-0.016543734203369034,0.41490745875891966,1.7119639215179523,-0.03617530905759018,0.24936389846784845,-0.2992564258989098,-0.09417505142207523,0.10170291349309646,3.042563337013354,-0.2955466877245223,-4.9515217480860425
33,4,-0.16419127549889828,-0.1388070393041583,0.34148508333550043,-0.21368922936932808,-0.12226330510078927,-0.07342237542341923,0.049497953870429795,-0.016543734203369034,0.41490745875891966,1.7119639215179523,-0.03617530905759018,0.24936389846784845,-0.2992564258989098,-0.09417505142207523,0.10170291349309646,3.042563337013354,-0.2955466877245223,-4.9515217480860425
33,5,-0.044422999413097894,-0.15382539856324307,0.23646123400790112,-0.09392095328352769,-0.13728166435987404,-0.17844622475101854,0.049497953870429795,-0.016543734203369034,0.41490745875891966,1.7119639215179523,-0.03617530905759018,0.24936389846784845,-0.2992564258989098,-0.09417505142207523,0.10170291349309646,3.042563337013354,-0.2955466877245223,-4.9515217480860425
33,6,-0.17518548940974918,-0.1339511201810966,0.1143703487320262,-0.22468344328017897,-0.11740738597772755,-0.30053711002689343,0.049497953870429795,-0.016543734203369034,0.41490745875891966,1.7119639215179523,-0.03617530905759018,0.24936389846784845,-0.2992564258989098,-0.09417505142207523,0.10170291349309646,3.042563337013354,-0.2955466877245223,-4.9515217480860425
33,7,-0.1616831173770568,-0.13003894282030318,0.007289160758719166,-0.21118107124748658,-0.11349520861693414,-0.4076182980002005,0.049497953870429795,-0.016543734203369034,0.41490745875891966,1.7119639215179523,-0.03617530905759018,0.24936389846784845,-0.2992564258989098,-0.09417505142207523,0.10170291349309646,3.042563337013354,-0.2955466877245223,-4.9515217480860425
33,8,-0.183016886779994,-0.04724941698688655,0.32060921160345773,-0.2325148406504238,-0.030705682783517513,-0.09429824715546192,0.049497953870429795,-0.016543734203369034,0.41490745875891966,1.7119639215179523,-0.03617530905759018,0.24936389846784845,-0.2992564258989098,-0.09417505142207523,0.10170291349309646,3.042563337013354,-0.2955466877245223,-4.9515217480860425
33,9,-0.047565440623481045,0.009483387387682313,0.2570931141130975,-0.09706339449391084,0.026027121591051347,-0.15781434464582217,0.049497953870429795,-0.016543734203369034,0.41490745875891966,1.7119639215179523,-0.03617530905759018,0.24936389846784845,-0.2992564258989098,-0.09417505142207523,0.10170291349309646,3.042563337013354,-0.2955466877245223,-4.9515217480860425
33,10,-0.09985732850493875,-0.01536720763554053,0.08665835712805203,-0.14935528237536855,0.0011765265678285036,-0.3282491016308676,0.049497953870429795,-0.016543734203369034,0.41490745875891966,1.7119639215179523,-0.03617530905759018,0.24936389846784845,-0.2992564258989098,-0.09417505142207523,0.10170291349309646,3.042563337013354,-0.2955466877245223,-4.9515217480860425
33,11,-0.04027360836117924,0.009211430109622248,0.0,-0.08977156223160904,0.025755164312991283,-0.41490745875891966,0.049497953870429795,-0.016543734203369034,0.41490745875891966,1.7119639215179523,-0.03617530905759018,0.24936389846784845,-0.2992564258989098,-0.09417505142207523,0.10170291349309646,3.042563337013354,-0.2955466877245223,-4.9515217480860425
33,12,-0.15103348821617835,-0.06761196484010548,0.4221649117575772,-0.20053144208660814,-0.05106823063673645,0.007257452998657543,0.049497953870429795,-0.016543734203369034,0.41490745875891966,1.7119639215179523,-0.03617530905759018,0.24936389846784845,-0.2992564258989098,-0.09417505142207523,0.10170291349309646,3.042563337013354,-0.2955466877245223,-4.9515217480860425
33,13,0.028979120487231447,-0.0076034980339060865,0.41244664972901407,-0.020518833383198348,0.008940236169462948,-0.0024608090299055863,0.049497953870429795,-0.016543734203369034,0.41490745875891966,1.7119639215179523,-0.03617530905759018,0.24936389846784845,-0.2992564258989098,-0.09417505142207523,0.10170291349309646,3.042563337013354,-0.2955466877245223,-4.9515217480860425
33,14,0.2333106029525464,-0.019605101074394532,0.3894987348984949,0.1838126490821166,-0.0030613668710254976,-0.025408723860424753,0.049497953870429795,-0.016543734203369034,0.41490745875891966,1.7119639215179523,-0.03617530905759018,0.24936389846784845,-0.2992564258989098,-0.09417505142207523,0.10170291349309646,3.042563337013354,-0.2955466877245223,-4.9515217480860425
33,15,0.27688830746053034,-0.071168769734889,0.34655142255721005,0.22739035359010054,-0.05462503553151997,-0.0683560362017096,0.049497953870429795,-0.016543734203369034,0.41490745875891966,1.7119639215179523,-0.03617530905759018,0.24936389846784845,-0.2992564258989098,-0.09417505142207523,0.10170291349309646,3.042563337013354,-0.2955466877245223,-4.9515217480860425
33,16,0.1997567669164126,-0.1325413083614671,0.23084430542458104,0.1502588130459828,-0.11599757415809807,-0.18406315333433862,0.049497953870429795,-0.016543734203369034,0.41490745875891966,1.7119639215179523,-0.03617530905759018,0.24936389846784845,-0.2992564258989098,-0.09417505142207523,0.10170291349309646,3.042563337013354,-0.2955466877245223,-4.9515217480860425
33,17,0.31518247816494954,-0.1413398732680224,0.09562784770799379,0.2656845242945197,-0.12479613906465335,-0.31927961105092584,0.049497953870429795,-0.016543734203369034,0.41490745875891966,1.7119639215179523,-0.03617530905759018,0.24936389846784845,-0.2992564258989098,-0.09417505142207523,0.10170291349309646,3.042563337013354,-0.2955466877245223,-4.9515217480860425
33,18,0.36035627202659926,-0.13434397620966307,0.040000644179966655,0.3108583181561695,-0.11780024200629403,-0.37490681457895303,0.049497953870429795,-0.016543734203369034,0.41490745875891966,1.7119639215179523,-0.03617530905759018,0.24936389846784845,-0.2992564258989098,-0.09417505142207523,0.10170291349309646,3.042563337013354,-0.2955466877245223,-4.9515217480860425
33,19,0.21733328897555482,0.06154725959284807,0.36593987678231743,0.16783533510512502,0.0780909937962171,-0.048967581976602226,0.049497953870429795,-0.016543734203369034,0.41490745875891966,1.7119639215179523,-0.03617530905759018,0.24936389846784845,-0.2992564258989098,-0.09417505142207523,0.10170291349309646,3.042563337013354,-0.2955466877245223,-4.9515217480860425
33,20,0.26339216654498465,0.10463066429928392,0.31672199349109054,0.21389421267455486,0.12117439850265295,-0.09818546526782912,0.049497953870429795,-0.016543734203369034,0.41490745875891966,1.7119639215179523,-0.03617530905759018,0.24936389846784845,-0.2992564258989098,-0.09417505142207523,0.10170291349309646,3.042563337013354,-0.2955466877245223,-4.9515217480860425
33,21,0.13710558891193553,0.08963636756017462,0.23347013841322728,0.08760763504150573,0.10618010176354366,-0.18143732034569238,0.049497953870429795,-0.016543734203369034,0.41490745875891966,1.7119639215179523,-0.03617530905759018,0.24936389846784845,-0.2992564258989098,-0.09417505142207523,0.10170291349309646,3.042563337013354,-0.2955466877245223,-4.9515217480860425
33,22,0.2042265298939001,0.10290839558678891,0.06914536075194298,0.15472857602347032,0.11945212979015794,-0.34576209800697666,0.049497953870429795,-0.016543734203369034,0.41490745875891966,1.7119639215179523,-0.03617530905759018,0.24936389846784845,-0.2992564258989098,-0.09417505142207523,0.10170291349309646,3.042563337013354,-0.2955466877245223,-4.9515217480860425
33,23,0.23527403828121207,0.13475064036695558,0.012522718018120937,0.18577608441078228,0.15129437457032463,-0.4023847407407987,0.049497953870429795,-0.016543734203369034,0.41490745875891966,1.7119639215179523,-0.03617530905759018,0.24936389846784845,-0.2992564258989098,-0.09417505142207523,0.10170291349309646,3.042563337013354,-0.2955466877245223,-4.9515217480860425
33,24,0.25002939595703794,0.03452449643336741,0.40765000576026206,0.20053144208660814,0.05106823063673645,-0.007257452998657599,0.049497953870429795,-0.016543734203369034,0.41490745875891966,1.7119639215179523,-0.03617530905759018,0.24936389846784845,-0.2992564258989098,-0.09417505142207523,0.10170291349309646,3.042563337013354,-0.2955466877245223,-4.9515217480860425
33,25,0.38624832462921854,0.020696039000518265,0.4368608355732252,0.3367503707587888,0.0372397732038873,0.021953376814305536,0.049497953870429795,-0.016543734203369034,0.41490745875891966,1.7119639215179523,-0.03617530905759018,0.24936389846784845,-0.2992564258989098,-0.09417505142207523,0.10170291349309646,3.042563337013354,-0.2955466877245223,-4.9515217480860425
33,26,0.5392255501237827,-0.04961376290184996,0.41331300691617473,0.48972759625335294,-0.03307002869848093,-0.0015944518427449261,0.049497953870429795,-0.016543734203369034,0.41490745875891966,1.7119639215179523,-0.03617530905759018,0.24936389846784845,-0.2992564258989098,-0.09417505142207523,0.10170291349309646,3.042563337013354,-0.2955466877245223,-4.9515217480860425
34,0,-0.15738230222092198,-0.056465533412279376,0.4190719117575772,-0.20478092145706187,-0.033530094872239055,0.003139370198176783,0.04739861923613989,-0.02293543854004032,0.4159325415594004,1.664152597470788,-0.015329183361144862,0.16229627851233683,-0.12593489107917855,-0.3834255750852601,0.06149266949494587,-2.868105821665522,1.2505174382990591,-5.223012594811735
34,1,-0.21595633493370817,-0.07427568323768911,0.3877910106505458,-0.26335495416984805,-0.05134024469764879,-0.02814153090885463,0.04739861923613989,-0.02293543854004032,0.4159325415594004,1.664152597470788,-0.015329183361144862,0.16229627851233683,-0.12593489107917855,-0.3834255750852601,0.06149266949494587,-2.868105821665522,1.2505174382990591,-5.223012594811735
34,2,-0.28444611759960126,-0.16784610789491444,0.3569085676296506,-0.3318447368357411,-0.14491066935487412,-0.059023973929749785,0.04739861923613989,-0.02293543854004032,0.4159325415594004,1.664152597470788,-0.015329183361144862,0.16229627851233683,-0.12593489107917855,-0.3834255750852601,0.06149266949494587,-2.868105821665522,1.2505174382990591,-5.223012594811735
34,3,-0.3156810739484522,-0.2798849897567734,0.327384569932106,-0.3630796931845921,-0.2569495512167331,-0.08854797162729439,0.04739861923613989,-0.02293543854004032,0.4159325415594004,1.664152597470788,-0.015329183361144862,0.16229627851233683,-0.12593489107917855,-0.3834255750852601,0.06149266949494587,-2.868105821665522,1.2505174382990591,-5.223012594811735
34,4,-0.17384132826606374,-0.13483733361524602,0.3460098689642355,-0.22123994750220363,-0.1119018950752057,-0.06992267259516488,0.04739861923613989,-0.02293543854004032,0.4159325415594004,1.664152597470788,-0.015329183361144862,0.16229627851233683,-0.12593489107917855,-0.3834255750852601,0.06149266949494587,-2.868105821665522,1.2505174382990591,-5.223012594811735
34,5,-0.053683648335898365,-0.16008075747861614,0.24341892642550866,-0.10108226757203825,-0.13714531893857582,-0.17251361513389174,0.04739861923613989,-0.02293543854004032,0.4159325415594004,1.664152597470788,-0.015329183361144862,0.16229627851233683,-0.12593489107917855,-0.3834255750852601,0.06149266949494587,-2.868105821665522,1.2505174382990591,-5.223012594811735
34,6,-0.17651473822927663,-0.13659768366273956,0.11395438075855056,-0.22391335746541652,-0.11366224512269923,-0.3019781608008498,0.04739861923613989,-0.02293543854004032,0.4159325415594004,1.664152597470788,-0.015329183361144862,0.16229627851233683,-0.12593489107917855,-0.3834255750852601,0.06149266949494587,-2.868105821665522,1.2505174382990591,-5.223012594811735
34,7,-0.16133449173761694,-0.13250642797632584,0.0071048522470798766,-0.20873311097375682,-0.10957098943628552,-0.40882768931232055,0.04739861923613989,-0.02293543854004032,0.4159325415594004,1.664152597470788,-0.015329183361144862,0.16229627851233683,-0.12593489107917855,-0.3834255750852601,0.06149266949494587,-2.868105821665522,1.2505174382990591,-5.223012594811735
34,8,-0.18448116753867724,-0.044935240478630845,0.31474629067060755,-0.23187978677481713,-0.021999801938590524,-0.10118625088879285,0.04739861923613989,-0.02293543854004032,0.4159325415594004,1.664152597470788,-0.015329183361144862,0.16229627851233683,-0.12593489107917855,-0.3834255750852601,0.06149266949494587,-2.868105821665522,1.2505174382990591,-5.223012594811735
34,9,-0.043440272021945794,0.002879532360937076,0.2562551522917841,-0.09083889125808568,0.025814970900977396,-0.15967738926761632,0.04739861923613989,-0.02293543854004032,0.4159325415594004,1.664152597470788,-0.015329183361144862,0.16229627851233683,-0.12593489107917855,-0.3834255750852601,0.06149266949494587,-2.868105821665522,1.2505174382990591,-5.223012594811735
34,10,-0.10023773811083059,-0.016160987109973823,0.08651562695747828,-0.14763635734697048,0.006774451430066497,-0.32941691460192213,0.04739861923613989,-0.02293543854004032,0.4159325415594004,1.664152597470788,-0.015329183361144862,0.16229627851233683,-0.12593489107917855,-0.3834255750852601,0.06149266949494587,-2.868105821665522,1.2505174382990591,-5.223012594811735
34,11,-0.04030928115761248,0.00844942795416355,0.00010435735941847178,-0.08770790039375237,0.03138486649420387,-0.4158281841999819,0.04739861923613989,-0.02293543854004032,0.4159325415594004,1.664152597470788,-0.015329183361144862,0.16229627851233683,-0.12593489107917855,-0.3834255750852601,0.06149266949494587,-2.868105821665522,1.2505174382990591,-5.223012594811735
34,12,-0.15738230222092198,-0.056465533412279376,0.4190719117575772,-0.20478092145706187,-0.033530094872239055,0.003139370198176783,0.04739861923613989,-0.02293543854004032,0.4159325415594004,1.664152597470788,-0.015329183361144862,0.16229627851233683,-0.12593489107917855,-0.3834255750852601,0.06149266949494587,-2.868105821665522,1.2505174382990591,-5.223012594811735
34,13,0.030035536843126487,-0.025266377204891374,0.4179919960849992,-0.0173630823930134,-0.002330938664851054,0.002059454525598803,0.04739861923613989,-0.02293543854004032,0.4159325415594004,1.664152597470788,-0.015329183361144862,0.16229627851233683,-0.12593489107917855,-0.3834255750852601,0.06149266949494587,-2.868105821665522,1.2505174382990591,-5.223012594811735
34,14,0.23325520908850117,-0.04000551152405728,0.3878834808084946,0.18585658985236128,-0.017070072984016957,-0.028049060750905797,0.04739861923613989,-0.02293543854004032,0.4159325415594004,1.664152597470788,-0.015329183361144862,0.16229627851233683,-0.12593489107917855,-0.3834255750852601,0.06149266949494587,-2.868105821665522,1.2505174382990591,-5.223012594811735
34,15,0.27749443117772504,-0.08594768203162421,0.33956673332213017,0.23009581194158515,-0.0630122434915839,-0.07636580823727024,0.04739861923613989,-0.02293543854004032,0.4159325415594004,1.664152597470788,-0.015329183361144862,0.16229627851233683,-0.12593489107917855,-0.3834255750852601,0.06149266949494587,-2.868105821665522,1.2505174382990591,-5.223012594811735
34,16,0.18393272513502767,-0.14441534115976723,0.23501177176232838,0.1365341058988878,-0.12147990261972691,-0.18092076979707203,0.04739861923613989,-0.02293543854004032,0.4159325415594004,1.664152597470788,-0.015329183361144862,0.16229627851233683,-0.12593489107917855,-0.3834255750852601,0.06149266949494587,-2.868105821665522,1.2505174382990591,-5.223012594811735
34,17,0.2943715579314033,-0.1492786151335252,0.09549971936146724,0.2469729386952634,-0.12634317659348487,-0.3204328221979332,0.04739861923613989,-0.02293543854004032,0.4159325415594004,1.664152597470788,-0.015329183361144862,0.16229627851233683,-0.12593489107917855,-0.3834255750852601,0.06149266949494587,-2.868105821665522,1.2505174382990591,-5.223012594811735
34,18,0.3380766575361953,-0.1480792445795735,0.03829459916253148,0.29067803830005545,-0.12514380603953318,-0.37763794239686893,0.04739861923613989,-0.02293543854004032,0.4159325415594004,1.664152597470788,-0.015329183361144862,0.16229627851233683,-0.12593489107917855,-0.3834255750852601,0.06149266949494587,-2.868105821665522,1.2505174382990591,-5.223012594811735
34,19,0.2194101139196432,0.04405197329310642,0.376108397835896,0.17201149468350332,0.06698741183314674,-0.0398241437235044,0.04739861923613989,-0.02293543854004032,0.4159325415594004,1.664152597470788,-0.015329183361144862,0.16229627851233683,-0.12593489107917855,-0.3834255750852601,0.06149266949494587,-2.868105821665522,1.2505174382990591,-5.223012594811735
34,20,0.26473220915536055,0.09279081179230016,0.3317188348628011,0.21733358991922067,0.11572625033234048,-0.08421370669659928,0.04739861923613989,-0.02293543854004032,0.4159325415594004,1.664152597470788,-0.015329183361144862,0.16229627851233683,-0.12593489107917855,-0.3834255750852601,0.06149266949494587,-2.868105821665522,1.2505174382990591,-5.223012594811735
34,21,0.1472823813433038,0.07703391809928979,0.23652819333441066,0.0998837621071639,0.09996935663933011,-0.17940434822498974,0.04739861923613989,-0.02293543854004032,0.4159325415594004,1.664152597470788,-0.015329183361144862,0.16229627851233683,-0.12593489107917855,-0.3834255750852601,0.06149266949494587,-2.868105821665522,1.2505174382990591,-5.223012594811735
34,22,0.207363065131693,0.10494943339710934,0.07131610105008651,0.15996444589555311,0.12788487193714965,-0.3446164405093139,0.04739861923613989,-0.02293543854004032,0.4159325415594004,1.664152597470788,-0.015329183361144862,0.16229627851233683,-0.12593489107917855,-0.3834255750852601,0.06149266949494587,-2.868105821665522,1.2505174382990591,-5.223012594811735
34,23,0.24025703336371668,0.12901964328820753,0.011964505889093448,0.1928584141275768,0.15195508182824785,-0.403968035670307,0.04739861923613989,-0.02293543854004032,0.4159325415594004,1.664152597470788,-0.015329183361144862,0.16229627851233683,-0.12593489107917855,-0.3834255750852601,0.06149266949494587,-2.868105821665522,1.2505174382990591,-5.223012594811735
34,24,0.25217954069320175,0.010594656332198735,0.4127931713612236,0.20478092145706187,0.033530094872239055,-0.003139370198176783,0.04739861923613989,-0.02293543854004032,0.4159325415594004,1.664152597470788,-0.015329183361144862,0.16229627851233683,-0.12593489107917855,-0.3834255750852601,0.06149266949494587,-2.868105821665522,1.2505174382990591,-5.223012594811735
34,25,0.38856732603101785,0.013164345894514998,0.44428704428237603,0.341168706794878,0.03609978443455532,0.028354502722975627,0.04739861923613989,-0.02293543854004032,0.4159325415594004,1.664152597470788,-0.015329183361144862,0.16229627851233683,-0.12593489107917855,-0.3834255750852601,0.06149266949494587,-2.868105821665522,1.2505174382990591,-5.223012594811735
34,26,0.5520317191819821,-0.02060565991216519,0.41205384939168377,0.5046330999458423,0.0023297786278751315,-0.0038786921677166353,0.04739861923613989,-0.02293543854004032,0.4159325415594004,1.664152597470788,-0.015329183361144862,0.16229627851233683,-0.12593489107917855,-0.3834255750852601,0.06149266949494587,-2.868105821665522,1.2505174382990591,-5.223012594811735
35,0,-0.15762995982146807,-0.0530324529236182,0.41422791175757717,-0.20614069405458357,-0.022036121137931998,-0.0013916226552921351,0.048510734233115485,-0.0309963317856862,0.4156195344128693,1.50772819171607,0.006750736538112539,0.10649403532048314,0.06671355710711438,-0.48355688336208025,-0.018776673457174375,-9.383587627757525,1.3245302878978644,-3.3474650984915226
35,1,-0.21755509107054175,-0.06674642970144062,0.3834461154212129,-0.26606582530365724,-0.035750097915754425,-0.03217341899165643,0.048510734233115485,-0.0309963317856862,0.4156195344128693,1.50772819171607,0.006750736538112539,0.10649403532048314,0.06671355710711438,-0.48355688336208025,-0.018776673457174375,-9.383587627757525,1.3245302878978644,-3.3474650984915226
35,2,-0.2827778337031886,-0.16374153375533412,0.3562809989873184,-0.33128856793630407,-0.13274520196964792,-0.0593385354255509,0.048510734233115485,-0.0309963317856862,0.4156195344128693,1.50772819171607,0.006750736538112539,0.10649403532048314,0.06671355710711438,-0.48355688336208025,-0.018776673457174375,-9.383587627757525,1.3245302878978644,-3.3474650984915226
35,3,-0.3147215348915635,-0.27702333554387937,0.3328965328912939,-0.363232269124679,-0.24602700375819317,-0.08272300152157541,0.048510734233115485,-0.0309963317856862,0.4156195344128693,1.50772819171607,0.006750736538112539,0.10649403532048314,0.06671355710711438,-0.48355688336208025,-0.018776673457174375,-9.383587627757525,1.3245302878978644,-3.3474650984915226
35,4,-0.1807146752300679,-0.13169539074805145,0.3433030303998675,-0.22922540946318337,-0.10069905896236525,-0.07231650401300183,0.048510734233115485,-0.0309963317856862,0.4156195344128693,1.50772819171607,0.006750736538112539,0.10649403532048314,0.06671355710711438,-0.48355688336208025,-0.018776673457174375,-9.383587627757525,1.3245302878978644,-3.3474650984915226
35,5,-0.058964645847017216,-0.16341296586118798,0.2444550376081545,-0.1074753800801327,-0.13241663407550178,-0.1711644968047148,0.048510734233115485,-0.0309963317856862,0.4156195344128693,1.50772819171607,0.006750736538112539,0.10649403532048314,0.06671355710711438,-0.48355688336208025,-0.018776673457174375,-9.383587627757525,1.3245302878978644,-3.3474650984915226
35,6,-0.17842387191651912,-0.1349181595984716,0.11285891596242084,-0.22693460614963462,-0.10392182781278539,-0.30276061845044844,0.048510734233115485,-0.0309963317856862,0.4156195344128693,1.50772819171607,0.006750736538112539,0.10649403532048314,0.06671355710711438,-0.48355688336208025,-0.018776673457174375,-9.383587627757525,1.3245302878978644,-3.3474650984915226
35,7,-0.16103680003441956,-0.1306393853429193,0.0063536023846088524,-0.20954753426753503,-0.0996430535572331,-0.40926593202826045,0.048510734233115485,-0.0309963317856862,0.4156195344128693,1.50772819171607,0.006750736538112539,0.10649403532048314,0.06671355710711438,-0.48355688336208025,-0.018776673457174375,-9.383587627757525,1.3245302878978644,-3.3474650984915226
35,8,-0.1839261363743182,-0.04209026358741534,0.3096338824872016,-0.23243687060743368,-0.011093931801729143,-0.10598565192566772,0.048510734233115485,-0.0309963317856862,0.4156195344128693,1.50772819171607,0.006750736538112539,0.10649403532048314,0.06671355710711438,-0.48355688336208025,-0.018776673457174375,-9.383587627757525,1.3245302878978644,-3.3474650984915226
35,9,-0.038648976696033,-0.0024342665087417545,0.2555788305948159,-0.08715971092914848,0.028562065276944444,-0.1600407038180534,0.048510734233115485,-0.0309963317856862,0.4156195344128693,1.50772819171607,0.006750736538112539,0.10649403532048314,0.06671355710711438,-0.48355688336208025,-0.018776673457174375,-9.383587627757525,1.3245302878978644,-3.3474650984915226
35,10,-0.10122246063292654,-0.014543895917928144,0.08724013641211653,-0.14973319486604203,0.016452435867758054,-0.3283793980007528,0.048510734233115485,-0.0309963317856862,0.4156195344128693,1.50772819171607,0.006750736538112539,0.10649403532048314,0.06671355710711438,-0.48355688336208025,-0.018776673457174375,-9.383587627757525,1.3245302878978644,-3.3474650984915226
35,11,-0.04181177737516836,0.01001145733644087,0.00045646677006784455,-0.09032251160828385,0.04100778912212707,-0.4151630676428015,0.048510734233115485,-0.0309963317856862,0.4156195344128693,1.50772819171607,0.006750736538112539,0.10649403532048314,0.06671355710711438,-0.48355688336208025,-0.018776673457174375,-9.383587627757525,1.3245302878978644,-3.3474650984915226
35,12,-0.15762995982146807,-0.0530324529236182,0.41422791175757717,-0.20614069405458357,-0.022036121137931998,-0.0013916226552921351,0.048510734233115485,-0.0309963317856862,0.4156195344128693,1.50772819171607,0.006750736538112539,0.10649403532048314,0.06671355710711438,-0.48355688336208025,-0.018776673457174375,-9.383587627757525,1.3245302878978644,-3.3474650984915226
35,13,0.03182508996589156,-0.040454559079246714,0.42119788160291566,-0.016685644267223923,-0.009458227293560516,0.005578347190046351,0.048510734233115485,-0.0309963317856862,0.4156195344128693,1.50772819171607,0.006750736538112539,0.10649403532048314,0.06671355710711438,-0.48355688336208025,-0.018776673457174375,-9.383587627757525,1.3245302878978644,-3.3474650984915226
35,14,0.23389091063187437,-0.05351715545470633,0.38350474631443754,0.18538017639875887,-0.022520823669020133,-0.03211478809843177,0.048510734233115485,-0.0309963317856862,0.4156195344128693,1.50772819171607,0.006750736538112539,0.10649403532048314,0.06671355710711438,-0.48355688336208025,-0.018776673457174375,-9.383587627757525,1.3245302878978644,-3.3474650984915226
35,15,0.2802046384704787,-0.09216599672083109,0.33093474009262935,0.23169390423736325,-0.06116966493514489,-0.08468479432023995,0.048510734233115485,-0.0309963317856862,0.4156195344128693,1.50772819171607,0.006750736538112539,0.10649403532048314,0.06671355710711438,-0.48355688336208025,-0.018776673457174375,-9.383587627757525,1.3245302878978644,-3.3474650984915226
35,16,0.17771615294947754,-0.15569300101475736,0.23839053458202195,0.12920541871636204,-0.12469666922907116,-0.17722899983084736,0.048510734233115485,-0.0309963317856862,0.4156195344128693,1.50772819171607,0.006750736538112539,0.10649403532048314,0.06671355710711438,-0.48355688336208025,-0.018776673457174375,-9.383587627757525,1.3245302878978644,-3.3474650984915226
35,17,0.26798469879796727,-0.15083722307733294,0.08505426685039977,0.2194739645648518,-0.11984089129164674,-0.3305652675624695,0.048510734233115485,-0.0309963317856862,0.4156195344128693,1.50772819171607,0.006750736538112539,0.10649403532048314,0.06671355710711438,-0.48355688336208025,-0.018776673457174375,-9.383587627757525,1.3245302878978644,-3.3474650984915226
35,18,0.3083815501699696,-0.1531544629693864,0.02549988171662349,0.2598708159368541,-0.1221581311837002,-0.3901196526962458,0.048510734233115485,-0.0309963317856862,0.4156195344128693,1.50772819171607,0.006750736538112539,0.10649403532048314,0.06671355710711438,-0.48355688336208025,-0.018776673457174375,-9.383587627757525,1.3245302878978644,-3.3474650984915226
35,19,0.22195914646163525,0.0315227888060079,0.38817816471661665,0.17344841222851975,0.0625191205916941,-0.02744136969625266,0.048510734233115485,-0.0309963317856862,0.4156195344128693,1.50772819171607,0.006750736538112539,0.10649403532048314,0.06671355710711438,-0.48355688336208025,-0.018776673457174375,-9.383587627757525,1.3245302878978644,-3.3474650984915226
35,20,0.26590071857381026,0.08630934176363658,0.3498692646324208,0.2173899843406948,0.11730567354932278,-0.06575026978044851,0.048510734233115485,-0.0309963317856862,0.4156195344128693,1.50772819171607,0.006750736538112539,0.10649403532048314,0.06671355710711438,-0.48355688336208025,-0.018776673457174375,-9.383587627757525,1.3245302878978644,-3.3474650984915226
35,21,0.15641938850283002,0.08384767956904218,0.24445684357593125,0.10790865426971454,0.11484401135472838,-0.17116269083693805,0.048510734233115485,-0.0309963317856862,0.4156195344128693,1.50772819171607,0.006750736538112539,0.10649403532048314,0.06671355710711438,-0.48355688336208025,-0.018776673457174375,-9.383587627757525,1.3245302878978644,-3.3474650984915226
35,22,0.20658793257156818,0.1203597917642511,0.07762164697189287,0.15807719833845268,0.1513561235499373,-0.3379978874409764,0.048510734233115485,-0.0309963317856862,0.4156195344128693,1.50772819171607,0.006750736538112539,0.10649403532048314,0.06671355710711438,-0.48355688336208025,-0.018776673457174375,-9.383587627757525,1.3245302878978644,-3.3474650984915226
35,23,0.23782070534750668,0.14153880193748458,0.016303106348012204,0.18930997111439118,0.17253513372317078,-0.3993164280648571,0.048510734233115485,-0.0309963317856862,0.4156195344128693,1.50772819171607,0.006750736538112539,0.10649403532048314,0.06671355710711438,-0.48355688336208025,-0.018776673457174375,-9.383587627757525,1.3245302878978644,-3.3474650984915226
35,24,0.25465142828769904,-0.0089602106477542,0.41701115706816144,0.20614069405458357,0.022036121137931998,0.0013916226552921351,0.048510734233115485,-0.0309963317856862,0.4156195344128693,1.50772819171607,0.006750736538112539,0.10649403532048314,0.06671355710711438,-0.48355688336208025,-0.018776673457174375,-9.383587627757525,1.3245302878978644,-3.3474650984915226
35,25,0.38711064998204037,0.012630913255485508,0.4568668115178469,0.3385999157489249,0.04362724504117171,0.04124727710497761,0.048510734233115485,-0.0309963317856862,0.4156195344128693,1.50772819171607,0.006750736538112539,0.10649403532048314,0.06671355710711438,-0.48355688336208025,-0.018776673457174375,-9.383587627757525,1.3245302878978644,-3.3474650984915226
35,26,0.5560908296307492,0.021343712502253746,0.4404416526768125,0.5075800953976337,0.052340044287939945,0.024822118263943205,0.048510734233115485,-0.0309963317856862,0.4156195344128693,1.50772819171607,0.006750736538112539,0.10649403532048314,0.06671355710711438,-0.48355688336208025,-0.018776673457174375,-9.383587627757525,1.3245302878978644,-3.3474650984915226
36,0,-0.15605511173658818,-0.05717063640069604,0.41376491175757724,-0.20669398051153853,-0.015321471413161251,-0.0009936368747281987,0.05063886877495037,-0.04184916498753479,0.41475854863230543,1.506034443199485,0.004807247981110953,0.073991033265144,0.12766254000209276,-0.6510397841540847,-0.05164881707041824,-0.10160459007709076,-0.11658599622085102,-1.9497901652872909
36,1,-0.21690286964749803,-0.06625400133712228,0.38307849199944966,-0.2675417384224484,-0.02440483634958749,-0.03168005663285578,0.05063886877495037,-0.04184916498753479,0.41475854863230543,1.506034443199485,0.004807247981110953,0.073991033265144,0.12766254000209276,-0.6510397841540847,-0.05164881707041824,-0.10160459007709076,-0.11658599622085102,-1.9497901652872909
36,2,-0.28617548791719744,-0.16074606056617546,0.3571448249430012,-0.3368143566921478,-0.11889689557864067,-0.05761372368930423,0.05063886877495037,-0.04184916498753479,0.41475854863230543,1.506034443199485,0.004807247981110953,0.073991033265144,0.12766254000209276,-0.6510397841540847,-0.05164881707041824,-0.10160459007709076,-0.11658599622085102,-1.9497901652872909
36,3,-0.32332054783978964,-0.2734299724639559,0.3391842985394786,-0.37395941661474,-0.2315808074764211,-0.07557425009282681,0.05063886877495037,-0.04184916498753479,0.41475854863230543,1.506034443199485,0.004807247981110953,0.073991033265144,0.12766254000209276,-0.6510397841540847,-0.05164881707041824,-0.10160459007709076,-0.11658599622085102,-1.9497901652872909
36,4,-0.18373060794059548,-0.13063003680296287,0.33900607211340544,-0.23436947671554587,-0.08878087181542807,-0.07575247651889999,0.05063886877495037,-0.04184916498753479,0.41475854863230543,1.506034443199485,0.004807247981110953,0.073991033265144,0.12766254000209276,-0.6510397841540847,-0.05164881707041824,-0.10160459007709076,-0.11658599622085102,-1.9497901652872909
36,5,-0.06114096000916758,-0.16354082349968496,0.2415963276165121,-0.11177982878411795,-0.12169165851215016,-0.17316222101579334,0.05063886877495037,-0.04184916498753479,0.41475854863230543,1.506034443199485,0.004807247981110953,0.073991033265144,0.12766254000209276,-0.6510397841540847,-0.05164881707041824,-0.10160459007709076,-0.11658599622085102,-1.9497901652872909
36,6,-0.18078121447927495,-0.13117923650857782,0.11106304763629636,-0.2314200832542253,-0.08933007152104303,-0.30369550099600906,0.05063886877495037,-0.04184916498753479,0.41475854863230543,1.506034443199485,0.004807247981110953,0.073991033265144,0.12766254000209276,-0.6510397841540847,-0.05164881707041824,-0.10160459007709076,-0.11658599622085102,-1.9497901652872909
36,7,-0.1596706075723771,-0.12752568951962362,0.005209404005275237,-0.2103094763473275,-0.08567652453208882,-0.4095491446270302,0.05063886877495037,-0.04184916498753479,0.41475854863230543,1.506034443199485,0.004807247981110953,0.073991033265144,0.12766254000209276,-0.6510397841540847,-0.05164881707041824,-0.10160459007709076,-0.11658599622085102,-1.9497901652872909
36,8,-0.18287630012172262,-0.03927103627590281,0.3102692135831965,-0.233515168896673,0.0025781287116319815,-0.10448933504910896,0.05063886877495037,-0.04184916498753479,0.41475854863230543,1.506034443199485,0.004807247981110953,0.073991033265144,0.12766254000209276,-0.6510397841540847,-0.05164881707041824,-0.10160459007709076,-0.11658599622085102,-1.9497901652872909
36,9,-0.03638154637368096,-0.004266798011513501,0.2562878241498128,-0.08702041514863133,0.03758236697602129,-0.1584707244824926,0.05063886877495037,-0.04184916498753479,0.41475854863230543,1.506034443199485,0.004807247981110953,0.073991033265144,0.12766254000209276,-0.6510397841540847,-0.05164881707041824,-0.10160459007709076,-0.11658599622085102,-1.9497901652872909
36,10,-0.10134422029270833,-0.012079153002520507,0.08860115770758759,-0.1519830890676587,0.029770011985014284,-0.32615739092471785,0.05063886877495037,-0.04184916498753479,0.41475854863230543,1.506034443199485,0.004807247981110953,0.073991033265144,0.12766254000209276,-0.6510397841540847,-0.05164881707041824,-0.10160459007709076,-0.11658599622085102,-1.9497901652872909
36,11,-0.04278071542995776,0.011437179873981546,0.0009581432554822559,-0.09341958420490813,0.05328634486151634,-0.41380040537682317,0.05063886877495037,-0.04184916498753479,0.41475854863230543,1.506034443199485,0.004807247981110953,0.073991033265144,0.12766254000209276,-0.6510397841540847,-0.05164881707041824,-0.10160459007709076,-0.11658599622085102,-1.9497901652872909
36,12,-0.15605511173658818,-0.05717063640069604,0.41376491175757724,-0.20669398051153853,-0.015321471413161251,-0.0009936368747281987,0.05063886877495037,-0.04184916498753479,0.41475854863230543,1.506034443199485,0.004807247981110953,0.073991033265144,0.12766254000209276,-0.6510397841540847,-0.05164881707041824,-0.10160459007709076,-0.11658599622085102,-1.9497901652872909
36,13,0.033772429410403454,-0.052256873431190475,0.4201960484790675,-0.016866439364546917,-0.010407708443655683,0.005437499846762062,0.05063886877495037,-0.04184916498753479,0.41475854863230543,1.506034443199485,0.004807247981110953,0.073991033265144,0.12766254000209276,-0.6510397841540847,-0.05164881707041824,-0.10160459007709076,-0.11658599622085102,-1.9497901652872909
36,14,0.23453324506015552,-0.064212919693749,0.3757646652348873,0.18389437628520516,-0.022363754706214205,-0.03899388339741816,0.05063886877495037,-0.04184916498753479,0.41475854863230543,1.506034443199485,0.004807247981110953,0.073991033265144,0.12766254000209276,-0.6510397841540847,-0.05164881707041824,-0.10160459007709076,-0.11658599622085102,-1.9497901652872909
36,15,0.2831760581219548,-0.09775402391611154,0.32180939714119605,0.2325371893470044,-0.05590485892857675,-0.09294915149110938,0.05063886877495037,-0.04184916498753479,0.41475854863230543,1.506034443199485,0.004807247981110953,0.073991033265144,0.12766254000209276,-0.6510397841540847,-0.05164881707041824,-0.10160459007709076,-0.11658599622085102,-1.9497901652872909
36,16,0.17389527744449532,-0.1621754355613969,0.2380741436330631,0.12325640866954495,-0.12032627057386211,-0.17668440499924234,0.05063886877495037,-0.04184916498753479,0.41475854863230543,1.506034443199485,0.004807247981110953,0.073991033265144,0.12766254000209276,-0.6510397841540847,-0.05164881707041824,-0.10160459007709076,-0.11658599622085102,-1.9497901652872909
36,17,0.2534068555211233,-0.1488013437638412,0.07938248470337035,0.2027679867461729,-0.10695217877630639,-0.3353760639289351,0.05063886877495037,-0.04184916498753479,0.41475854863230543,1.506034443199485,0.004807247981110953,0.073991033265144,0.12766254000209276,-0.6510397841540847,-0.05164881707041824,-0.10160459007709076,-0.11658599622085102,-1.9497901652872909
36,18,0.294923589531382,-0.1531014627770675,0.02071503400153338,0.2442847207564316,-0.11125229778953269,-0.39404351463077203,0.05063886877495037,-0.04184916498753479,0.41475854863230543,1.506034443199485,0.004807247981110953,0.073991033265144,0.12766254000209276,-0.6510397841540847,-0.05164881707041824,-0.10160459007709076,-0.11658599622085102,-1.9497901652872909
36,19,0.2253257218328336,0.019108107043469075,0.3949695607683531,0.17468685305788323,0.060957272031003866,-0.019788987863952334,0.05063886877495037,-0.04184916498753479,0.41475854863230543,1.506034443199485,0.004807247981110953,0.073991033265144,0.12766254000209276,-0.6510397841540847,-0.05164881707041824,-0.10160459007709076,-0.11658599622085102,-1.9497901652872909
36,20,0.2674427548415623,0.07729751072448941,0.35975381394065853,0.21680388606661194,0.1191466757120242,-0.055004734691646906,0.05063886877495037,-0.04184916498753479,0.41475854863230543,1.506034443199485,0.004807247981110953,0.073991033265144,0.12766254000209276,-0.6510397841540847,-0.05164881707041824,-0.10160459007709076,-0.11658599622085102,-1.9497901652872909
36,21,0.1635007932201014,0.09526235042348451,0.25031281094017227,0.11286192444515102,0.1371115154110193,-0.16444573769213316,0.05063886877495037,-0.04184916498753479,0.41475854863230543,1.506034443199485,0.004807247981110953,0.073991033265144,0.12766254000209276,-0.6510397841540847,-0.05164881707041824,-0.10160459007709076,-0.11658599622085102,-1.9497901652872909
36,22,0.20644221822327422,0.12405590604069326,0.07998675547318218,0.15580334944832386,0.16590507102822805,-0.33477179315912325,0.05063886877495037,-0.04184916498753479,0.41475854863230543,1.506034443199485,0.004807247981110953,0.073991033265144,0.12766254000209276,-0.6510397841540847,-0.05164881707041824,-0.10160459007709076,-0.11658599622085102,-1.9497901652872909
36,23,0.23683008852551865,0.13916136960692427,0.01648555621055114,0.1861912197505683,0.18101053459445907,-0.3982729924217543,0.05063886877495037,-0.04184916498753479,0.41475854863230543,1.506034443199485,0.004807247981110953,0.073991033265144,0.12766254000209276,-0.6510397841540847,-0.05164881707041824,-0.10160459007709076,-0.11658599622085102,-1.9497901652872909
36,24,0.2573328492864889,-0.02652769357437354,0.4157521855070337,0.20669398051153853,0.015321471413161251,0.0009936368747282542,0.05063886877495037,-0.04184916498753479,0.41475854863230543,1.506034443199485,0.004807247981110953,0.073991033265144,0.12766254000209276,-0.6510397841540847,-0.05164881707041824,-0.10160459007709076,-0.11658599622085102,-1.9497901652872909
36,25,0.3835267046987806,0.007334306960228645,0.466037084852176,0.3328878359238302,0.04918347194776344,0.05127853621987055,0.05063886877495037,-0.04184916498753479,0.41475854863230543,1.506034443199485,0.004807247981110953,0.073991033265144,0.12766254000209276,-0.6510397841540847,-0.05164881707041824,-0.10160459007709076,-0.11658599622085102,-1.9497901652872909
36,26,0.5468443181919209,0.05280748650545221,0.47866827783741855,0.49620544941697053,0.09465665149298699,0.06390972920511312,0.05063886877495037,-0.04184916498753479,0.41475854863230543,1.506034443199485,0.004807247981110953,0.073991033265144,0.12766254000209276,-0.6510397841540847,-0.05164881707041824,-0.10160459007709076,-0.11658599622085102,-1.9497901652872909
37,0,-0.15464372487655212,-0.06700252453291256,0.4183889117575772,-0.20676629397008217,-0.015183492174508942,0.0037821393130683667,0.052122569093530066,-0.05181903235840361,0.41460677244450883,1.8149234985554608,-0.018289816490865977,0.07330154211964472,0.08900421827112746,-0.598072427766576,-0.00910475031773269,18.52963739387977,-1.3855467589668224,-0.04136119649065865
37,1,-0.21590199494231366,-0.07166416452210257,0.3875294401451854,-0.26802456403584374,-0.01984513216369896,-0.02707733229932341,0.052122569093530066,-0.05181903235840361,0.41460677244450883,1.8149234985554608,-0.018289816490865977,0.07330154211964472,0.08900421827112746,-0.598072427766576,-0.00910475031773269,18.52963739387977,-1.3855467589668224,-0.04136119649065865
37,2,-0.29545936770034587,-0.1573820348795245,0.360639457681312,-0.34758193679387595,-0.1055630025211209,-0.05396731476319683,0.052122569093530066,-0.05181903235840361,0.41460677244450883,1.8149234985554608,-0.018289816490865977,0.07330154211964472,0.08900421827112746,-0.598072427766576,-0.00910475031773269,18.52963739387977,-1.3855467589668224,-0.04136119649065865
37,3,-0.34172679414334417,-0.26712800564479333,0.3459715618747387,-0.39384936323687425,-0.2153089732863897,-0.06863521056977012,0.052122569093530066,-0.05181903235840361,0.41460677244450883,1.8149234985554608,-0.018289816490865977,0.07330154211964472,0.08900421827112746,-0.598072427766576,-0.00910475031773269,18.52963739387977,-1.3855467589668224,-0.04136119649065865
37,4,-0.18430949504342067,-0.1315334861483345,0.33649387046765267,-0.23643206413695073,-0.07971445378993088,-0.07811290197685616,0.052122569093530066,-0.05181903235840361,0.41460677244450883,1.8149234985554608,-0.018289816490865977,0.07330154211964472,0.08900421827112746,-0.598072427766576,-0.00910475031773269,18.52963739387977,-1.3855467589668224,-0.04136119649065865
37,5,-0.06206196290558122,-0.15847210755439461,0.23684522983009212,-0.11418453199911129,-0.106653075195991,-0.1777615426144167,0.052122569093530066,-0.05181903235840361,0.41460677244450883,1.8149234985554608,-0.018289816490865977,0.07330154211964472,0.08900421827112746,-0.598072427766576,-0.00910475031773269,18.52963739387977,-1.3855467589668224,-0.04136119649065865
37,6,-0.18407558242972138,-0.12621673804435343,0.10850089685567067,-0.23619815152325147,-0.07439770568594982,-0.30610587558883817,0.052122569093530066,-0.05181903235840361,0.41460677244450883,1.8149234985554608,-0.018289816490865977,0.07330154211964472,0.08900421827112746,-0.598072427766576,-0.00910475031773269,18.52963739387977,-1.3855467589668224,-0.04136119649065865
37,7,-0.1584341776564669,-0.12469720190133046,0.0035999465648340672,-0.21055674674999697,-0.07287816954292685,-0.41100682587967474,0.052122569093530066,-0.05181903235840361,0.41460677244450883,1.8149234985554608,-0.018289816490865977,0.07330154211964472,0.08900421827112746,-0.598072427766576,-0.00910475031773269,18.52963739387977,-1.3855467589668224,-0.04136119649065865
37,8,-0.18197475088075016,-0.0376532363367078,0.31767761311418824,-0.23409731997428024,0.014165796021695813,-0.09692915933032059,0.052122569093530066,-0.05181903235840361,0.41460677244450883,1.8149234985554608,-0.018289816490865977,0.07330154211964472,0.08900421827112746,-0.598072427766576,-0.00910475031773269,18.52963739387977,-1.3855467589668224,-0.04136119649065865
37,9,-0.03762258965977554,-0.0004769983815076789,0.2595365698847662,-0.0897451587533056,0.051342033976895934,-0.15507020255974263,0.052122569093530066,-0.05181903235840361,0.41460677244450883,1.8149234985554608,-0.018289816490865977,0.07330154211964472,0.08900421827112746,-0.598072427766576,-0.00910475031773269,18.52963739387977,-1.3855467589668224,-0.04136119649065865
37,10,-0.10058345091290191,-0.008108323991428502,0.09107977179008767,-0.15270602000643196,0.04371070836697511,-0.3235270006544212,0.052122569093530066,-0.05181903235840361,0.41460677244450883,1.8149234985554608,-0.018289816490865977,0.07330154211964472,0.08900421827112746,-0.598072427766576,-0.00910475031773269,18.52963739387977,-1.3855467589668224,-0.04136119649065865
37,11,-0.043862573161409374,0.013672958528483867,0.0017919351989803016,-0.09598514225493944,0.06549199088688748,-0.41281483724552853,0.052122569093530066,-0.05181903235840361,0.41460677244450883,1.8149234985554608,-0.018289816490865977,0.07330154211964472,0.08900421827112746,-0.598072427766576,-0.00910475031773269,18.52963739387977,-1.3855467589668224,-0.04136119649065865
37,12,-0.15464372487655212,-0.06700252453291256,0.4183889117575772,-0.20676629397008217,-0.015183492174508942,0.0037821393130683667,0.052122569093530066,-0.05181903235840361,0.41460677244450883,1.8149234985554608,-0.018289816490865977,0.07330154211964472,0.08900421827112746,-0.598072427766576,-0.00910475031773269,18.52963739387977,-1.3855467589668224,-0.04136119649065865
37,13,0.035270809948209025,-0.06157599916470656,0.4166504279050196,-0.01685175914532104,-0.009756966806302947,0.0020436554605107737,0.052122569093530066,-0.05181903235840361,0.41460677244450883,1.8149234985554608,-0.018289816490865977,0.07330154211964472,0.08900421827112746,-0.598072427766576,-0.00910475031773269,18.52963739387977,-1.3855467589668224,-0.04136119649065865
37,14,0.2351471933957164,-0.06997307391595622,0.3676512389173584,0.18302462430218636,-0.01815404155755261,-0.04695553352715043,0.052122569093530066,-0.05181903235840361,0.41460677244450883,1.8149234985554608,-0.018289816490865977,0.07330154211964472,0.08900421827112746,-0.598072427766576,-0.00910475031773269,18.52963739387977,-1.3855467589668224,-0.04136119649065865
37,15,0.2862989473633458,-0.10088537359509045,0.3144513545918334,0.23417637826981574,-0.049066341236686836,-0.10015541785267545,0.052122569093530066,-0.05181903235840361,0.41460677244450883,1.8149234985554608,-0.018289816490865977,0.07330154211964472,0.08900421827112746,-0.598072427766576,-0.00910475031773269,18.52963739387977,-1.3855467589668224,-0.04136119649065865
37,16,0.17400882052595676,-0.16002171527055295,0.2307983777975152,0.12188625143242669,-0.10820268291214934,-0.18380839464699364,0.052122569093530066,-0.05181903235840361,0.41460677244450883,1.8149234985554608,-0.018289816490865977,0.07330154211964472,0.08900421827112746,-0.598072427766576,-0.00910475031773269,18.52963739387977,-1.3855467589668224,-0.04136119649065865
37,17,0.2604866488403277,-0.14735712368786463,0.07573325167680639,0.2083640797467976,-0.09553809132946102,-0.33887352076770244,0.052122569093530066,-0.05181903235840361,0.41460677244450883,1.8149234985554608,-0.018289816490865977,0.07330154211964472,0.08900421827112746,-0.598072427766576,-0.00910475031773269,18.52963739387977,-1.3855467589668224,-0.04136119649065865
37,18,0.3034344015311139,-0.15048350913766106,0.01802955807790256,0.2513118324375838,-0.09866447677925745,-0.39657721436660626,0.052122569093530066,-0.05181903235840361,0.41460677244450883,1.8149234985554608,-0.018289816490865977,0.07330154211964472,0.08900421827112746,-0.598072427766576,-0.00910475031773269,18.52963739387977,-1.3855467589668224,-0.04136119649065865
37,19,0.22683453723540023,0.011024807984499452,0.39533233143193947,0.17471196814187018,0.06284384034290307,-0.019274441012569365,0.052122569093530066,-0.05181903235840361,0.41460677244450883,1.8149234985554608,-0.018289816490865977,0.07330154211964472,0.08900421827112746,-0.598072427766576,-0.00910475031773269,18.52963739387977,-1.3855467589668224,-0.04136119649065865
37,20,0.2666822499685203,0.0714170112453531,0.3612010908854822,0.21455968087499022,0.12323604360375671,-0.05340568155902664,0.052122569093530066,-0.05181903235840361,0.41460677244450883,1.8149234985554608,-0.018289816490865977,0.07330154211964472,0.08900421827112746,-0.598072427766576,-0.00910475031773269,18.52963739387977,-1.3855467589668224,-0.04136119649065865
37,21,0.16524457597554312,0.09413467714173152,0.25030336339071785,0.11312200688201306,0.14595370950013514,-0.16430340905379098,0.052122569093530066,-0.05181903235840361,0.41460677244450883,1.8149234985554608,-0.018289816490865977,0.07330154211964472,0.08900421827112746,-0.598072427766576,-0.00910475031773269,18.52963739387977,-1.3855467589668224,-0.04136119649065865
37,22,0.20512277050571256,0.1269494221230265,0.07995982193438848,0.1530002014121825,0.17876845448143014,-0.33464695051012033,0.052122569093530066,-0.05181903235840361,0.41460677244450883,1.8149234985554608,-0.018289816490865977,0.07330154211964472,0.08900421827112746,-0.598072427766576,-0.00910475031773269,18.52963739387977,-1.3855467589668224,-0.04136119649065865
37,23,0.2355006309982479,0.14417689766396202,0.01699634299793913,0.18337806190471784,0.19599593002236565,-0.3976104294465697,0.052122569093530066,-0.05181903235840361,0.41460677244450883,1.8149234985554608,-0.018289816490865977,0.07330154211964472,0.08900421827112746,-0.598072427766576,-0.00910475031773269,18.52963739387977,-1.3855467589668224,-0.04136119649065865
37,24,0.25888886306361225,-0.03663554018389467,0.4108246331314404,0.20676629397008217,0.015183492174508942,-0.003782139313068422,0.052122569093530066,-0.05181903235840361,0.41460677244450883,1.8149234985554608,-0.018289816490865977,0.07330154211964472,0.08900421827112746,-0.598072427766576,-0.00910475031773269,18.52963739387977,-1.3855467589668224,-0.04136119649065865
37,25,0.3852835692189994,0.008901551210383551,0.450205427018442,0.33316100012546934,0.060720583568787165,0.035598654573933186,0.052122569093530066,-0.05181903235840361,0.41460677244450883,1.8149234985554608,-0.018289816490865977,0.07330154211964472,0.08900421827112746,-0.598072427766576,-0.00910475031773269,18.52963739387977,-1.3855467589668224,-0.04136119649065865
37,26,0.5505956082596114,0.04678193440613726,0.4619103981911104,0.4984730391660813,0.09860096676454087,0.047303625746601574,0.052122569093530066,-0.05181903235840361,0.41460677244450883,1.8149234985554608,-0.018289816490865977,0.07330154211964472,0.08900421827112746,-0.598072427766576,-0.00910475031773269,18.52963739387977,-1.3855467589668224,-0.04136119649065865
38,0,-0.15305632525037763,-0.08206107280995974,0.4237229117575772,-0.20589040180885687,-0.022525017882959193,0.009964840720322055,0.05283407655847926,-0.059536054927000544,0.41375807103725515,1.9873037099131823,-0.04836102542299277,0.10896957912826812,0.04268191151464849,-0.46292876836214336,-0.050911902054809985,10.34074453255678,-1.803911753576892,2.1396542896594717
38,1,-0.21446492064847286,-0.08270433254599666,0.3928168581867679,-0.2672989972069521,-0.023168277618996112,-0.020941212850487223,0.05283407655847926,-0.059536054927000544,0.41375807103725515,1.9873037099131823,-0.04836102542299277,0.10896957912826812,0.04268191151464849,-0.46292876836214336,-0.050911902054809985,10.34074453255678,-1.803911753576892,2.1396542896594717
38,2,-0.306479377956125,-0.1540619353904315,0.363809408281954,-0.3593134545146043,-0.09452588046343097,-0.04994866275530113,0.05283407655847926,-0.059536054927000544,0.41375807103725515,1.9873037099131823,-0.04836102542299277,0.10896957912826812,0.04268191151464849,-0.46292876836214336,-0.050911902054809985,10.34074453255678,-1.803911753576892,2.1396542896594717
38,3,-0.3644039530215706,-0.2580532482330009,0.34862552065392705,-0.41723802958004985,-0.19851719330600037,-0.0651325503833281,0.05283407655847926,-0.059536054927000544,0.41375807103725515,1.9873037099131823,-0.04836102542299277,0.10896957912826812,0.04268191151464849,-0.46292876836214336,-0.050911902054809985,10.34074453255678,-1.803911753576892,2.1396542896594717
38,4,-0.18270543427323666,-0.13417929639486348,0.33341387671767353,-0.23553951083171593,-0.07464324146786294,-0.08034419431958162,0.05283407655847926,-0.059536054927000544,0.41375807103725515,1.9873037099131823,-0.04836102542299277,0.10896957912826812,0.04268191151464849,-0.46292876836214336,-0.050911902054809985,10.34074453255678,-1.803911753576892,2.1396542896594717
38,5,-0.05967493590996667,-0.1467795021030101,0.2319016544275572,-0.11250901246844593,-0.08724344717600957,-0.18185641660969795,0.05283407655847926,-0.059536054927000544,0.41375807103725515,1.9873037099131823,-0.04836102542299277,0.10896957912826812,0.04268191151464849,-0.46292876836214336,-0.050911902054809985,10.34074453255678,-1.803911753576892,2.1396542896594717
38,6,-0.1860531608322787,-0.12097378585495451,0.1063524240084345,-0.23888723739075796,-0.06143773092795397,-0.30740564702882067,0.05283407655847926,-0.059536054927000544,0.41375807103725515,1.9873037099131823,-0.04836102542299277,0.10896957912826812,0.04268191151464849,-0.46292876836214336,-0.050911902054809985,10.34074453255678,-1.803911753576892,2.1396542896594717
38,7,-0.1581053882929792,-0.1215319688969956,0.002032673045102502,-0.21093946485145848,-0.06199591396999506,-0.41172539799215263,0.05283407655847926,-0.059536054927000544,0.41375807103725515,1.9873037099131823,-0.04836102542299277,0.10896957912826812,0.04268191151464849,-0.46292876836214336,-0.050911902054809985,10.34074453255678,-1.803911753576892,2.1396542896594717
38,8,-0.1812478926681853,-0.038539348288862824,0.3285271850080034,-0.23408196922666458,0.02099670663813772,-0.08523088602925177,0.05283407655847926,-0.059536054927000544,0.41375807103725515,1.9873037099131823,-0.04836102542299277,0.10896957912826812,0.04268191151464849,-0.46292876836214336,-0.050911902054809985,10.34074453255678,-1.803911753576892,2.1396542896594717
38,9,-0.04251286750487951,0.007510157918119181,0.2634730863590732,-0.09534694406335877,0.06704621284511972,-0.15028498467818197,0.05283407655847926,-0.059536054927000544,0.41375807103725515,1.9873037099131823,-0.04836102542299277,0.10896957912826812,0.04268191151464849,-0.46292876836214336,-0.050911902054809985,10.34074453255678,-1.803911753576892,2.1396542896594717
38,10,-0.10029812369835588,-0.003949069122867396,0.09338619597939607,-0.15313220025683513,0.05558698580413315,-0.3203718750578591,0.05283407655847926,-0.059536054927000544,0.41375807103725515,1.9873037099131823,-0.04836102542299277,0.10896957912826812,0.04268191151464849,-0.46292876836214336,-0.050911902054809985,10.34074453255678,-1.803911753576892,2.1396542896594717
38,11,-0.04570613044119512,0.016332156760614835,0.0024335371634056453,-0.09854020699967438,0.07586821168761537,-0.4113245338738495,0.05283407655847926,-0.059536054927000544,0.41375807103725515,1.9873037099131823,-0.04836102542299277,0.10896957912826812,0.04268191151464849,-0.46292876836214336,-0.050911902054809985,10.34074453255678,-1.803911753576892,2.1396542896594717
38,12,-0.15305632525037763,-0.08206107280995974,0.4237229117575772,-0.20589040180885687,-0.022525017882959193,0.009964840720322055,0.05283407655847926,-0.059536054927000544,0.41375807103725515,1.9873037099131823,-0.04836102542299277,0.10896957912826812,0.04268191151464849,-0.46292876836214336,-0.050911902054809985,10.34074453255678,-1.803911753576892,2.1396542896594717
38,13,0.035934579141987916,-0.06850013691683815,0.4096325235072005,-0.01689949741649134,-0.008964081989837606,-0.004125547530054674,0.05283407655847926,-0.059536054927000544,0.41375807103725515,1.9873037099131823,-0.04836102542299277,0.10896957912826812,0.04268191151464849,-0.46292876836214336,-0.050911902054809985,10.34074453255678,-1.803911753576892,2.1396542896594717
38,14,0.2357085388125537,-0.0693975670027504,0.35951706062977196,0.18287446225407444,-0.00986151207574986,-0.05424101040748319,0.05283407655847926,-0.059536054927000544,0.41375807103725515,1.9873037099131823,-0.04836102542299277,0.10896957912826812,0.04268191151464849,-0.46292876836214336,-0.050911902054809985,10.34074453255678,-1.803911753576892,2.1396542896594717
38,15,0.2896829383170165,-0.0984112781994776,0.30806544597307184,0.23684886175853725,-0.03887522327247706,-0.10569262506418331,0.05283407655847926,-0.059536054927000544,0.41375807103725515,1.9873037099131823,-0.04836102542299277,0.10896957912826812,0.04268191151464849,-0.46292876836214336,-0.050911902054809985,10.34074453255678,-1.803911753576892,2.1396542896594717
38,16,0.17604683159634685,-0.1607822626783944,0.2286885253426545,0.12321275503786759,-0.10124620775139387,-0.18506954569460066,0.05283407655847926,-0.059536054927000544,0.41375807103725515,1.9873037099131823,-0.04836102542299277,0.10896957912826812,0.04268191151464849,-0.46292876836214336,-0.050911902054809985,10.34074453255678,-1.803911753576892,2.1396542896594717
38,17,0.26464946157512814,-0.14666064317797373,0.07495448937146168,0.21181538501664887,-0.08712458825097319,-0.3388035816657935,0.05283407655847926,-0.059536054927000544,0.41375807103725515,1.9873037099131823,-0.04836102542299277,0.10896957912826812,0.04268191151464849,-0.46292876836214336,-0.050911902054809985,10.34074453255678,-1.803911753576892,2.1396542896594717
38,18,0.30639091289400333,-0.14900283090863747,0.01633567501299872,0.25355683633552406,-0.08946677598163694,-0.39742239602425644,0.05283407655847926,-0.059536054927000544,0.41375807103725515,1.9873037099131823,-0.04836102542299277,0.10896957912826812,0.04268191151464849,-0.46292876836214336,-0.050911902054809985,10.34074453255678,-1.803911753576892,2.1396542896594717
38,19,0.22525465513354845,0.010256486496977898,0.3902082331561808,0.1724205785750692,0.06979254142397845,-0.023549837881074343,0.05283407655847926,-0.059536054927000544,0.41375807103725515,1.9873037099131823,-0.04836102542299277,0.10896957912826812,0.04268191151464849,-0.46292876836214336,-0.050911902054809985,10.34074453255678,-1.803911753576892,2.1396542896594717
38,20,0.26185101722897786,0.0729618505970419,0.35661145370451997,0.20901694067049859,0.13249790552404245,-0.05714661733273518,0.05283407655847926,-0.059536054927000544,0.41375807103725515,1.9873037099131823,-0.04836102542299277,0.10896957912826812,0.04268191151464849,-0.46292876836214336,-0.050911902054809985,10.34074453255678,-1.803911753576892,2.1396542896594717
38,21,0.1580731592702496,0.08714668147070169,0.24646179750754282,0.10523908271177033,0.14668273639770224,-0.16729627352971232,0.05283407655847926,-0.059536054927000544,0.41375807103725515,1.9873037099131823,-0.04836102542299277,0.10896957912826812,0.04268191151464849,-0.46292876836214336,-0.050911902054809985,10.34074453255678,-1.803911753576892,2.1396542896594717
38,22,0.20333234582429496,0.12585733129719728,0.07872065282575687,0.15049826926581572,0.18539338622419782,-0.3350374182114983,0.05283407655847926,-0.059536054927000544,0.41375807103725515,1.9873037099131823,-0.04836102542299277,0.10896957912826812,0.04268191151464849,-0.46292876836214336,-0.050911902054809985,10.34074453255678,-1.803911753576892,2.1396542896594717
38,23,0.2353914245995182,0.14692313589429562,0.017790796897950833,0.18255734804103896,0.20645919082129616,-0.3959672741393043,0.05283407655847926,-0.059536054927000544,0.41375807103725515,1.9873037099131823,-0.04836102542299277,0.10896957912826812,0.04268191151464849,-0.46292876836214336,-0.050911902054809985,10.34074453255678,-1.803911753576892,2.1396542896594717
38,24,0.25872447836733614,-0.03701103704404135,0.40379323031693315,0.20589040180885687,0.022525017882959193,-0.009964840720321999,0.05283407655847926,-0.059536054927000544,0.41375807103725515,1.9873037099131823,-0.04836102542299277,0.10896957912826812,0.04268191151464849,-0.46292876836214336,-0.050911902054809985,10.34074453255678,-1.803911753576892,2.1396542896594717
38,25,0.3877758077298544,0.012840777807564971,0.4252559018907347,0.33494173117137516,0.07237683273456552,0.011497830853479551,0.05283407655847926,-0.059536054927000544,0.41375807103725515,1.9873037099131823,-0.04836102542299277,0.10896957912826812,0.04268191151464849,-0.46292876836214336,-0.050911902054809985,10.34074453255678,-1.803911753576892,2.1396542896594717
38,26,0.557677744233055,0.018581876389505772,0.4246462032126008,0.5048436676745758,0.07811793131650632,0.010888132175345677,0.05283407655847926,-0.059536054927000544,0.41375807103725515,1.9873037099131823,-0.04836102542299277,0.10896957912826812,0.04268191151464849,-0.46292876836214336,-0.050911902054809985,10.34074453255678,-1.803911753576892,2.1396542896594717
39,0,-0.15122270984070812,-0.1000663293767668,0.4261179117575772,-0.20369730364564734,-0.0367861305204793,0.01434651547856225,0.05247459380493921,-0.0632801988562875,0.41177139627901493,1.9426506209794452,-0.07031445082729364,0.17866642879383518,-0.021564652281946255,-0.22460371501421422,-0.11917665016437999,-2.678649606103005,-1.316942135830886,4.180974784977028
39,1,-0.21295328643041445,-0.09781849620562602,0.39593684688400005,-0.2654278802353537,-0.034538297349338526,-0.015834549395014885,0.05247459380493921,-0.0632801988562875,0.41177139627901493,1.9426506209794452,-0.07031445082729364,0.17866642879383518,-0.021564652281946255,-0.22460371501421422,-0.11917665016437999,-2.678649606103005,-1.316942135830886,4.180974784977028
39,2,-0.3179435276396261,-0.14804988121629387,0.3667160120164208,-0.3704181214445653,-0.08476968236000637,-0.045055384262594145,0.05247459380493921,-0.0632801988562875,0.41177139627901493,1.9426506209794452,-0.07031445082729364,0.17866642879383518,-0.021564652281946255,-0.22460371501421422,-0.11917665016437999,-2.678649606103005,-1.316942135830886,4.180974784977028
39,3,-0.3923654401923937,-0.24037048951208353,0.34832350825199493,-0.44484003399733296,-0.17709029065579604,-0.06344788802702,0.05247459380493921,-0.0632801988562875,0.41177139627901493,1.9426506209794452,-0.07031445082729364,0.17866642879383518,-0.021564652281946255,-0.22460371501421422,-0.11917665016437999,-2.678649606103005,-1.316942135830886,4.180974784977028
39,4,-0.18029346534294782,-0.13803790135727806,0.3288340405295231,-0.23276805914788704,-0.07475770250099056,-0.08293735574949185,0.05247459380493921,-0.0632801988562875,0.41177139627901493,1.9426506209794452,-0.07031445082729364,0.17866642879383518,-0.021564652281946255,-0.22460371501421422,-0.11917665016437999,-2.678649606103005,-1.316942135830886,4.180974784977028
39,5,-0.05565589421087813,-0.13374191514539135,0.22859921453894,-0.10813048801581734,-0.07046171628910386,-0.18317218174007494,0.05247459380493921,-0.0632801988562875,0.41177139627901493,1.9426506209794452,-0.07031445082729364,0.17866642879383518,-0.021564652281946255,-0.22460371501421422,-0.11917665016437999,-2.678649606103005,-1.316942135830886,4.180974784977028
39,6,-0.18701541621743253,-0.12054597638967737,0.10624504357473334,-0.23949001002237175,-0.05726577753338988,-0.3055263527042816,0.05247459380493921,-0.0632801988562875,0.41177139627901493,1.9426506209794452,-0.07031445082729364,0.17866642879383518,-0.021564652281946255,-0.22460371501421422,-0.11917665016437999,-2.678649606103005,-1.316942135830886,4.180974784977028
39,7,-0.1592414318702872,-0.12365253660380851,0.0019236408045192376,-0.2117160256752264,-0.060372337747521015,-0.4098477554744957,0.05247459380493921,-0.0632801988562875,0.41177139627901493,1.9426506209794452,-0.07031445082729364,0.17866642879383518,-0.021564652281946255,-0.22460371501421422,-0.11917665016437999,-2.678649606103005,-1.316942135830886,4.180974784977028
39,8,-0.18195611105224307,-0.04285280534033269,0.3393238907445123,-0.2344307048571823,0.020427393515954802,-0.07244750553450263,0.05247459380493921,-0.0632801988562875,0.41177139627901493,1.9426506209794452,-0.07031445082729364,0.17866642879383518,-0.021564652281946255,-0.22460371501421422,-0.11917665016437999,-2.678649606103005,-1.316942135830886,4.180974784977028
39,9,-0.051575552629982674,0.01485969476308871,0.2667279040322893,-0.10405014643492189,0.0781398936193762,-0.14504349224672564,0.05247459380493921,-0.0632801988562875,0.41177139627901493,1.9426506209794452,-0.07031445082729364,0.17866642879383518,-0.021564652281946255,-0.22460371501421422,-0.11917665016437999,-2.678649606103005,-1.316942135830886,4.180974784977028
39,10,-0.10008731721124928,-0.0019016489444474705,0.09420061329147444,-0.1525619110161885,0.061378549911840025,-0.3175707829875405,0.05247459380493921,-0.0632801988562875,0.41177139627901493,1.9426506209794452,-0.07031445082729364,0.17866642879383518,-0.021564652281946255,-0.22460371501421422,-0.11917665016437999,-2.678649606103005,-1.316942135830886,4.180974784977028
39,11,-0.04573601180742616,0.01661634397205941,0.0027291995367745518,-0.09821060561236537,0.0798965428283469,-0.4090421967422404,0.05247459380493921,-0.0632801988562875,0.41177139627901493,1.9426506209794452,-0.07031445082729364,0.17866642879383518,-0.021564652281946255,-0.22460371501421422,-0.11917665016437999,-2.678649606103005,-1.316942135830886,4.180974784977028
39,12,-0.15122270984070812,-0.1000663293767668,0.4261179117575772,-0.20369730364564734,-0.0367861305204793,0.01434651547856225,0.05247459380493921,-0.0632801988562875,0.41177139627901493,1.9426506209794452,-0.07031445082729364,0.17866642879383518,-0.021564652281946255,-0.22460371501421422,-0.11917665016437999,-2.678649606103005,-1.316942135830886,4.180974784977028
39,13,0.034978137314419316,-0.06666396234701694,0.4084112366977642,-0.017496456490519896,-0.003383763490729441,-0.0033601595812507434,0.05247459380493921,-0.0632801988562875,0.41177139627901493,1.9426506209794452,-0.07031445082729364,0.17866642879383518,-0.021564652281946255,-0.22460371501421422,-0.11917665016437999,-2.678649606103005,-1.316942135830886,4.180974784977028
39,14,0.23375920264652134,-0.0613542732377749,0.3547465815931474,0.18128460884158212,0.0019259256185125972,-0.05702481468586751,0.05247459380493921,-0.0632801988562875,0.41177139627901493,1.9426506209794452,-0.07031445082729364,0.17866642879383518,-0.021564652281946255,-0.22460371501421422,-0.11917665016437999,-2.678649606103005,-1.316942135830886,4.180974784977028
39,15,0.2890905153338772,-0.09132318520435596,0.30532381316151563,0.23661592152893798,-0.02804298634806847,-0.1064475831174993,0.05247459380493921,-0.0632801988562875,0.41177139627901493,1.9426506209794452,-0.07031445082729364,0.17866642879383518,-0.021564652281946255,-0.22460371501421422,-0.11917665016437999,-2.678649606103005,-1.316942135830886,4.180974784977028
39,16,0.17494657831754784,-0.15809619063159042,0.2303803186986017,0.12247198451260863,-0.09481599177530292,-0.18139107758041323,0.05247459380493921,-0.0632801988562875,0.41177139627901493,1.9426506209794452,-0.07031445082729364,0.17866642879383518,-0.021564652281946255,-0.22460371501421422,-0.11917665016437999,-2.678649606103005,-1.316942135830886,4.180974784977028
39,17,0.2617504157916325,-0.14978069174690106,0.07520317390392074,0.20927582198669328,-0.08650049289061357,-0.3365682223750942,0.05247459380493921,-0.0632801988562875,0.41177139627901493,1.9426506209794452,-0.07031445082729364,0.17866642879383518,-0.021564652281946255,-0.22460371501421422,-0.11917665016437999,-2.678649606103005,-1.316942135830886,4.180974784977028
39,18,0.3003109822191921,-0.15316358033608932,0.014493711879255505,0.2478363884142529,-0.08988338147980182,-0.3972776843997594,0.05247459380493921,-0.0632801988562875,0.41177139627901493,1.9426506209794452,-0.07031445082729364,0.17866642879383518,-0.021564652281946255,-0.22460371501421422,-0.11917665016437999,-2.678649606103005,-1.316942135830886,4.180974784977028
39,19,0.22058237594518476,0.018871774108427372,0.3827849937333134,0.16810778214024555,0.08215197296471487,-0.02898640254570156,0.05247459380493921,-0.0632801988562875,0.41177139627901493,1.9426506209794452,-0.07031445082729364,0.17866642879383518,-0.021564652281946255,-0.22460371501421422,-0.11917665016437999,-2.678649606103005,-1.316942135830886,4.180974784977028
39,20,0.253497774936182,0.08115054033961033,0.34486492281409487,0.20102318113124276,0.14443073919589783,-0.06690647346492007,0.05247459380493921,-0.0632801988562875,0.41177139627901493,1.9426506209794452,-0.07031445082729364,0.17866642879383518,-0.021564652281946255,-0.22460371501421422,-0.11917665016437999,-2.678649606103005,-1.316942135830886,4.180974784977028
39,21,0.14563801088140155,0.08151968677001295,0.23776620661518716,0.09316341707646233,0.14479988562630045,-0.17400518966382778,0.05247459380493921,-0.0632801988562875,0.41177139627901493,1.9426506209794452,-0.07031445082729364,0.17866642879383518,-0.021564652281946255,-0.22460371501421422,-0.11917665016437999,-2.678649606103005,-1.316942135830886,4.180974784977028
39,22,0.1997756331408589,0.11817968836577139,0.07220908012206756,0.14730103933591968,0.18145988722205889,-0.3395623161569474,0.05247459380493921,-0.0632801988562875,0.41177139627901493,1.9426506209794452,-0.07031445082729364,0.17866642879383518,-0.021564652281946255,-0.22460371501421422,-0.11917665016437999,-2.678649606103005,-1.316942135830886,4.180974784977028
39,23,0.23305483180852166,0.14350770529148604,0.013600322312187725,0.18058023800358244,0.20678790414777354,-0.3981710739668272,0.05247459380493921,-0.0632801988562875,0.41177139627901493,1.9426506209794452,-0.07031445082729364,0.17866642879383518,-0.021564652281946255,-0.22460371501421422,-0.11917665016437999,-2.678649606103005,-1.316942135830886,4.180974784977028
39,24,0.25617189745058655,-0.026494068335808182,0.39742488080045263,0.20369730364564734,0.03678613052047931,-0.014346515478562305,0.05247459380493921,-0.0632801988562875,0.41177139627901493,1.9426506209794452,-0.07031445082729364,0.17866642879383518,-0.021564652281946255,-0.22460371501421422,-0.11917665016437999,-2.678649606103005,-1.316942135830886,4.180974784977028
39,25,0.38735501325832605,0.021241566576702536,0.4080265127684387,0.33488041945338687,0.08452176543299003,-0.0037448835105762246,0.05247459380493921,-0.0632801988562875,0.41177139627901493,1.9426506209794452,-0.07031445082729364,0.17866642879383518,-0.021564652281946255,-0.22460371501421422,-0.11917665016437999,-2.678649606103005,-1.316942135830886,4.180974784977028
39,26,0.5545001212542695,-0.00868930785931879,0.3998622255899369,0.5020255274493303,0.054590890996968705,-0.011909170689078041,0.05247459380493921,-0.0632801988562875,0.41177139627901493,1.9426506209794452,-0.07031445082729364,0.17866642879383518,-0.021564652281946255,-0.22460371501421422,-0.11917665016437999,-2.678649606103005,-1.316942135830886,4.180974784977028
40,0,-0.14858332896975748,-0.11631405602117353,0.4252899117575772,-0.19957713338023608,-0.05526647510190952,0.009780301911225087,0.05099380441047861,-0.061047580919264016,0.4155096098463521,1.7459491957351079,-0.04896595050264526,0.27014836562244593,-0.08882959774808634,0.13393029016337604,0.22424796444734058,-11.799725569546329,1.2806538887011623,5.487818645987447
40,1,-0.2111109840328363,-0.11374882323126159,0.3968236955902701,-0.2621047884433149,-0.052701242311997576,-0.018685914256082015,0.05099380441047861,-0.061047580919264016,0.4155096098463521,1.7459491957351079,-0.04896595050264526,0.27014836562244593,-0.08882959774808634,0.13393029016337604,0.22424796444734058,-11.799725569546329,1.2806538887011623,5.487818645987447
40,2,-0.3255955359584848,-0.13859547583842372,0.3708250177471787,-0.3765893403689634,-0.0775478949191597,-0.044684592099173415,0.05099380441047861,-0.061047580919264016,0.4155096098463521,1.7459491957351079,-0.04896595050264526,0.27014836562244593,-0.08882959774808634,0.13393029016337604,0.22424796444734058,-11.799725569546329,1.2806538887011623,5.487818645987447
40,3,-0.4191073178577117,-0.21030604926834695,0.34817241680014,-0.47010112226819034,-0.14925846834908293,-0.06733719304621211,0.05099380441047861,-0.061047580919264016,0.4155096098463521,1.7459491957351079,-0.04896595050264526,0.27014836562244593,-0.08882959774808634,0.13393029016337604,0.22424796444734058,-11.799725569546329,1.2806538887011623,5.487818645987447
40,4,-0.17781011142970451,-0.14163384916397487,0.3240189683746549,-0.22880391584018311,-0.08058626824471085,-0.09149064147169722,0.05099380441047861,-0.061047580919264016,0.4155096098463521,1.7459491957351079,-0.04896595050264526,0.27014836562244593,-0.08882959774808634,0.13393029016337604,0.22424796444734058,-11.799725569546329,1.2806538887011623,5.487818645987447
40,5,-0.052713360280917304,-0.12183432178803363,0.22624994671179488,-0.10370716469139592,-0.06078674086876962,-0.18925966313455722,0.05099380441047861,-0.061047580919264016,0.4155096098463521,1.7459491957351079,-0.04896595050264526,0.27014836562244593,-0.08882959774808634,0.13393029016337604,0.22424796444734058,-11.799725569546329,1.2806538887011623,5.487818645987447
40,6,-0.1875160095119762,-0.12371009419402737,0.10698248563686732,-0.2385098139224548,-0.06266251327476335,-0.3085271242094848,0.05099380441047861,-0.061047580919264016,0.4155096098463521,1.7459491957351079,-0.04896595050264526,0.27014836562244593,-0.08882959774808634,0.13393029016337604,0.22424796444734058,-11.799725569546329,1.2806538887011623,5.487818645987447
40,7,-0.161120026292435,-0.12883753802391615,0.0023834350151651232,-0.21211383070291362,-0.06778995710465213,-0.41312617483118697,0.05099380441047861,-0.061047580919264016,0.4155096098463521,1.7459491957351079,-0.04896595050264526,0.27014836562244593,-0.08882959774808634,0.13393029016337604,0.22424796444734058,-11.799725569546329,1.2806538887011623,5.487818645987447
40,8,-0.1850825635489564,-0.04927709701025003,0.3483159980921829,-0.23607636795943504,0.011770483909013987,-0.06719361175416921,0.05099380441047861,-0.061047580919264016,0.4155096098463521,1.7459491957351079,-0.04896595050264526,0.27014836562244593,-0.08882959774808634,0.13393029016337604,0.22424796444734058,-11.799725569546329,1.2806538887011623,5.487818645987447
40,9,-0.06538944779070541,0.0206272341020165,0.2683976487172852,-0.11638325220118402,0.08167481502128052,-0.14711196112906688,0.05099380441047861,-0.061047580919264016,0.4155096098463521,1.7459491957351079,-0.04896595050264526,0.27014836562244593,-0.08882959774808634,0.13393029016337604,0.22424796444734058,-11.799725569546329,1.2806538887011623,5.487818645987447
40,10,-0.10142542020739446,-0.0026919082018090623,0.09359025099753236,-0.15241922461787308,0.058355672717454954,-0.3219193588488197,0.05099380441047861,-0.061047580919264016,0.4155096098463521,1.7459491957351079,-0.04896595050264526,0.27014836562244593,-0.08882959774808634,0.13393029016337604,0.22424796444734058,-11.799725569546329,1.2806538887011623,5.487818645987447
40,11,-0.0468454787803754,0.014063650668675098,0.0019153839581106166,-0.09783928319085401,0.07511123158793911,-0.41359422588824146,0.05099380441047861,-0.061047580919264016,0.4155096098463521,1.7459491957351079,-0.04896595050264526,0.27014836562244593,-0.08882959774808634,0.13393029016337604,0.22424796444734058,-11.799725569546329,1.2806538887011623,5.487818645987447
40,12,-0.14858332896975748,-0.11631405602117353,0.4252899117575772,-0.19957713338023608,-0.05526647510190952,0.009780301911225087,0.05099380441047861,-0.061047580919264016,0.4155096098463521,1.7459491957351079,-0.04896595050264526,0.27014836562244593,-0.08882959774808634,0.13393029016337604,0.22424796444734058,-11.799725569546329,1.2806538887011623,5.487818645987447
40,13,0.0318694315383268,-0.057100246670581084,0.4197648712262583,-0.01912437287215181,0.003947334248682932,0.004255261379906172,0.05099380441047861,-0.061047580919264016,0.4155096098463521,1.7459491957351079,-0.04896595050264526,0.27014836562244593,-0.08882959774808634,0.13393029016337604,0.22424796444734058,-11.799725569546329,1.2806538887011623,5.487818645987447
40,14,0.23055860635056755,-0.045933879961777974,0.36666191331376724,0.17956480194008895,0.015113700957486043,-0.04884769653258486,0.05099380441047861,-0.061047580919264016,0.4155096098463521,1.7459491957351079,-0.04896595050264526,0.27014836562244593,-0.08882959774808634,0.13393029016337604,0.22424796444734058,-11.799725569546329,1.2806538887011623,5.487818645987447
40,15,0.2866312799558358,-0.07844272334162217,0.31974357704656997,0.2356374755453572,-0.01739514242235815,-0.09576603279978213,0.05099380441047861,-0.061047580919264016,0.4155096098463521,1.7459491957351079,-0.04896595050264526,0.27014836562244593,-0.08882959774808634,0.13393029016337604,0.22424796444734058,-11.799725569546329,1.2806538887011623,5.487818645987447
40,16,0.18188423984472427,-0.14888200726137632,0.235065569879168,0.13089043543424567,-0.0878344263421123,-0.1804440399671841,0.05099380441047861,-0.061047580919264016,0.4155096098463521,1.7459491957351079,-0.04896595050264526,0.27014836562244593,-0.08882959774808634,0.13393029016337604,0.22424796444734058,-11.799725569546329,1.2806538887011623,5.487818645987447
40,17,0.2677687568085485,-0.15096436092344334,0.0791697278481704,0.21677495239806988,-0.08991678000417933,-0.3363398819981817,0.05099380441047861,-0.061047580919264016,0.4155096098463521,1.7459491957351079,-0.04896595050264526,0.27014836562244593,-0.08882959774808634,0.13393029016337604,0.22424796444734058,-11.799725569546329,1.2806538887011623,5.487818645987447
40,18,0.3043626730615179,-0.15306283266792584,0.017198107633314783,0.25336886865103925,-0.09201525174866182,-0.3983115022130373,0.05099380441047861,-0.061047580919264016,0.4155096098463521,1.7459491957351079,-0.04896595050264526,0.27014836562244593,-0.08882959774808634,0.13393029016337604,0.22424796444734058,-11.799725569546329,1.2806538887011623,5.487818645987447
40,19,0.2126478147099957,0.035813532405338605,0.3864751444192493,0.1616540102995171,0.09686111332460262,-0.029034465427102807,0.05099380441047861,-0.061047580919264016,0.4155096098463521,1.7459491957351079,-0.04896595050264526,0.27014836562244593,-0.08882959774808634,0.13393029016337604,0.22424796444734058,-11.799725569546329,1.2806538887011623,5.487818645987447
40,20,0.243415704512259,0.09475994469095217,0.34199304190801627,0.1924219001017804,0.15580752561021619,-0.07351656793833583,0.05099380441047861,-0.061047580919264016,0.4155096098463521,1.7459491957351079,-0.04896595050264526,0.27014836562244593,-0.08882959774808634,0.13393029016337604,0.22424796444734058,-11.799725569546329,1.2806538887011623,5.487818645987447
40,21,0.13665267322218436,0.08136463384346912,0.23463280337375908,0.08565886881170574,0.14241221476273314,-0.18087680647259302,0.05099380441047861,-0.061047580919264016,0.4155096098463521,1.7459491957351079,-0.04896595050264526,0.27014836562244593,-0.08882959774808634,0.13393029016337604,0.22424796444734058,-11.799725569546329,1.2806538887011623,5.487818645987447
40,22,0.20245270003324786,0.11273397187749487,0.07224339142629073,0.15145889562276926,0.1737815527967589,-0.3432662184200614,0.05099380441047861,-0.061047580919264016,0.4155096098463521,1.7459491957351079,-0.04896595050264526,0.27014836562244593,-0.08882959774808634,0.13393029016337604,0.22424796444734058,-11.799725569546329,1.2806538887011623,5.487818645987447
40,23,0.23806364854895698,0.14134047224819477,0.016587947073097995,0.18706984413847838,0.20238805316745878,-0.3989216627732541,0.05099380441047861,-0.061047580919264016,0.4155096098463521,1.7459491957351079,-0.04896595050264526,0.27014836562244593,-0.08882959774808634,0.13393029016337604,0.22424796444734058,-11.799725569546329,1.2806538887011623,5.487818645987447
40,24,0.2505709377907147,-0.005781105817354498,0.40572930793512707,0.19957713338023608,0.05526647510190952,-0.009780301911225031,0.05099380441047861,-0.061047580919264016,0.4155096098463521,1.7459491957351079,-0.04896595050264526,0.27014836562244593,-0.08882959774808634,0.13393029016337604,0.22424796444734058,-11.799725569546329,1.2806538887011623,5.487818645987447
40,25,0.38509106363657575,0.03270026621263522,0.4105888478290218,0.3340972592260971,0.09374784713189924,-0.004920762017330327,0.05099380441047861,-0.061047580919264016,0.4155096098463521,1.7459491957351079,-0.04896595050264526,0.27014836562244593,-0.08882959774808634,0.13393029016337604,0.22424796444734058,-11.799725569546329,1.2806538887011623,5.487818645987447
40,26,0.5455102539891056,-0.023541561156334184,0.4089950242976265,0.49451644957862695,0.03750601976292983,-0.006514585548725582,0.05099380441047861,-0.061047580919264016,0.4155096098463521,1.7459491957351079,-0.04896595050264526,0.27014836562244593,-0.08882959774808634,0.13393029016337604,0.22424796444734058,-11.799725569546329,1.2806538887011623,5.487818645987447
41,0,-0.14417862293951172,-0.12522710117324562,0.4231889117575772,-0.1947417193860705,-0.06883115782735237,0.004950725102851217,0.050563096446558764,-0.05639594334589325,0.418238186654726,1.6425983198010041,-0.02541653127177825,0.3397436211032857,-0.02583731037311632,0.27904244591306343,0.16368187212800875,-6.199812593527519,1.412682617328555,4.17488035277983
41,1,-0.20751524477163152,-0.12565069286612723,0.3964511775310794,-0.2580783412181903,-0.06925474952023399,-0.021787009123646617,0.050563096446558764,-0.05639594334589325,0.418238186654726,1.6425983198010041,-0.02541653127177825,0.3397436211032857,-0.02583731037311632,0.27904244591306343,0.16368187212800875,-6.199812593527519,1.412682617328555,4.17488035277983
41,2,-0.32588397062320607,-0.12530128494120055,0.37673512650784924,-0.37644706706976483,-0.0689053415953073,-0.04150306014687677,0.050563096446558764,-0.05639594334589325,0.418238186654726,1.6425983198010041,-0.02541653127177825,0.3397436211032857,-0.02583731037311632,0.27904244591306343,0.16368187212800875,-6.199812593527519,1.412682617328555,4.17488035277983
41,3,-0.4357671078951665,-0.16691626429407525,0.3523652752545796,-0.48633020434172525,-0.110520320948182,-0.0658729114001464,0.050563096446558764,-0.05639594334589325,0.418238186654726,1.6425983198010041,-0.02541653127177825,0.3397436211032857,-0.02583731037311632,0.27904244591306343,0.16368187212800875,-6.199812593527519,1.412682617328555,4.17488035277983
41,4,-0.17409473517587157,-0.14347581276840055,0.3206066936899801,-0.22465783162243033,-0.0870798694225073,-0.09763149296474588,0.050563096446558764,-0.05639594334589325,0.418238186654726,1.6425983198010041,-0.02541653127177825,0.3397436211032857,-0.02583731037311632,0.27904244591306343,0.16368187212800875,-6.199812593527519,1.412682617328555,4.17488035277983
41,5,-0.0508827469832398,-0.11137268972799719,0.2237139928690349,-0.10144584342979857,-0.05497674638210394,-0.1945241937856911,0.050563096446558764,-0.05639594334589325,0.418238186654726,1.6425983198010041,-0.02541653127177825,0.3397436211032857,-0.02583731037311632,0.27904244591306343,0.16368187212800875,-6.199812593527519,1.412682617328555,4.17488035277983
41,6,-0.18800604957567235,-0.1233020559872704,0.10771877691100508,-0.23856914602223112,-0.06690611264137715,-0.31051940974372094,0.050563096446558764,-0.05639594334589325,0.418238186654726,1.6425983198010041,-0.02541653127177825,0.3397436211032857,-0.02583731037311632,0.27904244591306343,0.16368187212800875,-6.199812593527519,1.412682617328555,4.17488035277983
41,7,-0.16300443783141047,-0.12851043048311997,0.0027816898257803577,-0.21356753427796923,-0.07211448713722672,-0.41545649682894564,0.050563096446558764,-0.05639594334589325,0.418238186654726,1.6425983198010041,-0.02541653127177825,0.3397436211032857,-0.02583731037311632,0.27904244591306343,0.16368187212800875,-6.199812593527519,1.412682617328555,4.17488035277983
41,8,-0.18870400176745855,-0.05483505188157445,0.3538089332614168,-0.23926709821401732,0.0015608914643188004,-0.06442925339330918,0.050563096446558764,-0.05639594334589325,0.418238186654726,1.6425983198010041,-0.02541653127177825,0.3397436211032857,-0.02583731037311632,0.27904244591306343,0.16368187212800875,-6.199812593527519,1.412682617328555,4.17488035277983
41,9,-0.07599665501268066,0.023525931251428267,0.2716103303038083,-0.12655975145923942,0.07992187459732152,-0.14662785635091768,0.050563096446558764,-0.05639594334589325,0.418238186654726,1.6425983198010041,-0.02541653127177825,0.3397436211032857,-0.02583731037311632,0.27904244591306343,0.16368187212800875,-6.199812593527519,1.412682617328555,4.17488035277983
41,10,-0.10103132529929407,-6.11484744897639e-05,0.09492723842801533,-0.15159442174585283,0.056334794871403485,-0.3233109482267107,0.050563096446558764,-0.05639594334589325,0.418238186654726,1.6425983198010041,-0.02541653127177825,0.3397436211032857,-0.02583731037311632,0.27904244591306343,0.16368187212800875,-6.199812593527519,1.412682617328555,4.17488035277983
41,11,-0.04651833070642192,0.016825731272192335,0.003236635223031783,-0.09708142715298068,0.07322167461808558,-0.4150015514316942,0.050563096446558764,-0.05639594334589325,0.418238186654726,1.6425983198010041,-0.02541653127177825,0.3397436211032857,-0.02583731037311632,0.27904244591306343,0.16368187212800875,-6.199812593527519,1.412682617328555,4.17488035277983
41,12,-0.14417862293951172,-0.12522710117324562,0.4231889117575772,-0.1947417193860705,-0.06883115782735237,0.004950725102851217,0.050563096446558764,-0.05639594334589325,0.418238186654726,1.6425983198010041,-0.02541653127177825,0.3397436211032857,-0.02583731037311632,0.27904244591306343,0.16368187212800875,-6.199812593527519,1.412682617328555,4.17488035277983
41,13,0.028801466091782135,-0.046892909682499706,0.4296420720027144,-0.02176163035477663,0.009503033663393542,0.011403885347988418,0.050563096446558764,-0.05639594334589325,0.418238186654726,1.6425983198010041,-0.02541653127177825,0.3397436211032857,-0.02583731037311632,0.27904244591306343,0.16368187212800875,-6.199812593527519,1.412682617328555,4.17488035277983
41,14,0.22804243198388596,-0.0332101773959389,0.3792652878040884,0.1774793355373272,0.02318576594995435,-0.038972898850637594,0.050563096446558764,-0.05639594334589325,0.418238186654726,1.6425983198010041,-0.02541653127177825,0.3397436211032857,-0.02583731037311632,0.27904244591306343,0.16368187212800875,-6.199812593527519,1.412682617328555,4.17488035277983
41,15,0.2838376217242765,-0.07007340398008935,0.33533011709151006,0.23327452527771775,-0.0136774606341961,-0.08290806956321595,0.050563096446558764,-0.05639594334589325,0.418238186654726,1.6425983198010041,-0.02541653127177825,0.3397436211032857,-0.02583731037311632,0.27904244591306343,0.16368187212800875,-6.199812593527519,1.412682617328555,4.17488035277983
41,16,0.18852923771885383,-0.14245476565689874,0.2416217907060633,0.13796614127229506,-0.08605882231100549,-0.1766163959486627,0.050563096446558764,-0.05639594334589325,0.418238186654726,1.6425983198010041,-0.02541653127177825,0.3397436211032857,-0.02583731037311632,0.27904244591306343,0.16368187212800875,-6.199812593527519,1.412682617328555,4.17488035277983
41,17,0.2686041042579112,-0.1569069020579314,0.08330833104892527,0.21804100781135244,-0.10051095871203815,-0.33492985560580074,0.050563096446558764,-0.05639594334589325,0.418238186654726,1.6425983198010041,-0.02541653127177825,0.3397436211032857,-0.02583731037311632,0.27904244591306343,0.16368187212800875,-6.199812593527519,1.412682617328555,4.17488035277983
41,18,0.3027492475216494,-0.15723792116665042,0.0199206380874516,0.2521861510750906,-0.10084197782075717,-0.3983175485672744,0.050563096446558764,-0.05639594334589325,0.418238186654726,1.6425983198010041,-0.02541653127177825,0.3397436211032857,-0.02583731037311632,0.27904244591306343,0.16368187212800875,-6.199812593527519,1.412682617328555,4.17488035277983
41,19,0.20606596824138979,0.04945231209328463,0.38820664563757196,0.15550287179483102,0.10584825543917788,-0.03003154101715405,0.050563096446558764,-0.05639594334589325,0.418238186654726,1.6425983198010041,-0.02541653127177825,0.3397436211032857,-0.02583731037311632,0.27904244591306343,0.16368187212800875,-6.199812593527519,1.412682617328555,4.17488035277983
41,20,0.236921862639295,0.10369578631438783,0.33815108361792506,0.18635876619273622,0.16009172966028107,-0.08008710303680094,0.050563096446558764,-0.05639594334589325,0.418238186654726,1.6425983198010041,-0.02541653127177825,0.3397436211032857,-0.02583731037311632,0.27904244591306343,0.16368187212800875,-6.199812593527519,1.412682617328555,4.17488035277983
41,21,0.12957064456087508,0.08613160005584605,0.2319851034283267,0.07900754811431632,0.1425275434017393,-0.1862530832263993,0.050563096446558764,-0.05639594334589325,0.418238186654726,1.6425983198010041,-0.02541653127177825,0.3397436211032857,-0.02583731037311632,0.27904244591306343,0.16368187212800875,-6.199812593527519,1.412682617328555,4.17488035277983
41,22,0.2025426908183186,0.10915046433048373,0.07127041101291819,0.15197959437175984,0.16554640767637696,-0.3469677756418078,0.050563096446558764,-0.05639594334589325,0.418238186654726,1.6425983198010041,-0.02541653127177825,0.3397436211032857,-0.02583731037311632,0.27904244591306343,0.16368187212800875,-6.199812593527519,1.412682617328555,4.17488035277983
41,23,0.24032979114427594,0.13939474260405385,0.017965451741417608,0.18976669469771718,0.19579068594994709,-0.4002727349133084,0.050563096446558764,-0.05639594334589325,0.418238186654726,1.6425983198010041,-0.02541653127177825,0.3397436211032857,-0.02583731037311632,0.27904244591306343,0.16368187212800875,-6.199812593527519,1.412682617328555,4.17488035277983
41,24,0.24530481583262925,0.012435214481459123,0.41328746155187485,0.1947417193860705,0.06883115782735237,-0.004950725102851161,0.050563096446558764,-0.05639594334589325,0.418238186654726,1.6425983198010041,-0.02541653127177825,0.3397436211032857,-0.02583731037311632,0.27904244591306343,0.16368187212800875,-6.199812593527519,1.412682617328555,4.17488035277983
41,25,0.38413686548487963,0.029528194803910085,0.41908292315926615,0.33357376903832087,0.08592413814980333,0.0008447365045401445,0.050563096446558764,-0.05639594334589325,0.418238186654726,1.6425983198010041,-0.02541653127177825,0.3397436211032857,-0.02583731037311632,0.27904244591306343,0.16368187212800875,-6.199812593527519,1.412682617328555,4.17488035277983
41,26,0.5392709428411528,-0.03322950944476813,0.44899761231667,0.4887078463945941,0.02316643390112512,0.030759425661944007,0.050563096446558764,-0.05639594334589325,0.418238186654726,1.6425983198010041,-0.02541653127177825,0.3397436211032857,-0.02583731037311632,0.27904244591306343,0.16368187212800875,-6.199812593527519,1.412682617328555,4.17488035277983
42,0,-0.13989029198569605,-0.1253082349706174,0.42311391175757723,-0.19095244630383082,-0.07808695607336055,0.004559228606791088,0.05106215431813477,-0.04722127889725686,0.41855468315078614,1.6291166739859841,-0.023871715828987908,0.3881843342946048,0.02993748479760066,0.5503697929595915,0.018985992565095193,-0.8087370015008988,0.09267039248892264,2.9058616191553144
42,1,-0.20317782735370699,-0.1311327525252229,0.39689604764289693,-0.25423998167184175,-0.08391147362796605,-0.021658635507889212,0.05106215431813477,-0.04722127889725686,0.41855468315078614,1.6291166739859841,-0.023871715828987908,0.3881843342946048,0.02993748479760066,0.5503697929595915,0.018985992565095193,-0.8087370015008988,0.09267039248892264,2.9058616191553144
42,2,-0.32045651023887717,-0.10914958698872101,0.3841504200746673,-0.37151866455701194,-0.06192830809146416,-0.034404263076118824,0.05106215431813477,-0.04722127889725686,0.41855468315078614,1.6291166739859841,-0.023871715828987908,0.3881843342946048,0.02993748479760066,0.5503697929595915,0.018985992565095193,-0.8087370015008988,0.09267039248892264,2.9058616191553144
42,3,-0.43842732654266225,-0.11662301509312217,0.3634856089097629,-0.489489480860797,-0.06940173619586532,-0.05506907424102325,0.05106215431813477,-0.04722127889725686,0.41855468315078614,1.6291166739859841,-0.023871715828987908,0.3881843342946048,0.02993748479760066,0.5503697929595915,0.018985992565095193,-0.8087370015008988,0.09267039248892264,2.9058616191553144
42,4,-0.1689814601668864,-0.14633380309658994,0.3208264240969989,-0.22004361448502116,-0.09911252419933309,-0.09772825905378724,0.05106215431813477,-0.04722127889725686,0.41855468315078614,1.6291166739859841,-0.023871715828987908,0.3881843342946048,0.02993748479760066,0.5503697929595915,0.018985992565095193,-0.8087370015008988,0.09267039248892264,2.9058616191553144
42,5,-0.048755735108801324,-0.10854948711150401,0.222245895828078,-0.09981788942693609,-0.06132820821424716,-0.19630878732270815,0.05106215431813477,-0.04722127889725686,0.41855468315078614,1.6291166739859841,-0.023871715828987908,0.3881843342946048,0.02993748479760066,0.5503697929595915,0.018985992565095193,-0.8087370015008988,0.09267039248892264,2.9058616191553144
42,6,-0.18739177510356625,-0.1250466820383286,0.1086329958546591,-0.23845392942170102,-0.07782540314107175,-0.309921687296127,0.05106215431813477,-0.04722127889725686,0.41855468315078614,1.6291166739859841,-0.023871715828987908,0.3881843342946048,0.02993748479760066,0.5503697929595915,0.018985992565095193,-0.8087370015008988,0.09267039248892264,2.9058616191553144
42,7,-0.16381525953630044,-0.12984038638760784,0.0033468699202055243,-0.2148774138544352,-0.08261910749035098,-0.41520781323058065,0.05106215431813477,-0.04722127889725686,0.41855468315078614,1.6291166739859841,-0.023871715828987908,0.3881843342946048,0.02993748479760066,0.5503697929595915,0.018985992565095193,-0.8087370015008988,0.09267039248892264,2.9058616191553144
42,8,-0.1907176563140805,-0.05912569637918165,0.353921556563149,-0.24177981063221526,-0.011904417481924792,-0.06463312658763715,0.05106215431813477,-0.04722127889725686,0.41855468315078614,1.6291166739859841,-0.023871715828987908,0.3881843342946048,0.02993748479760066,0.5503697929595915,0.018985992565095193,-0.8087370015008988,0.09267039248892264,2.9058616191553144
42,9,-0.07877268528781445,0.02142167274721188,0.2728016154056721,-0.12983483960594921,0.06864295164446874,-0.14575306774511404,0.05106215431813477,-0.04722127889725686,0.41855468315078614,1.6291166739859841,-0.023871715828987908,0.3881843342946048,0.02993748479760066,0.5503697929595915,0.018985992565095193,-0.8087370015008988,0.09267039248892264,2.9058616191553144
42,10,-0.10106213392294358,-0.00040954543810445276,0.09552618452086017,-0.15212428824107835,0.046811733459152405,-0.323028498629926,0.05106215431813477,-0.04722127889725686,0.41855468315078614,1.6291166739859841,-0.023871715828987908,0.3881843342946048,0.02993748479760066,0.5503697929595915,0.018985992565095193,-0.8087370015008988,0.09267039248892264,2.9058616191553144
42,11,-0.04744069867739037,0.016495944471806995,0.0033147638406793864,-0.09850285299552514,0.06371722336906385,-0.41523991931010673,0.05106215431813477,-0.04722127889725686,0.41855468315078614,1.6291166739859841,-0.023871715828987908,0.3881843342946048,0.02993748479760066,0.5503697929595915,0.018985992565095193,-0.8087370015008988,0.09267039248892264,2.9058616191553144
42,12,-0.13989029198569605,-0.1253082349706174,0.42311391175757723,-0.19095244630383082,-0.07808695607336055,0.004559228606791088,0.05106215431813477,-0.04722127889725686,0.41855468315078614,1.6291166739859841,-0.023871715828987908,0.3881843342946048,0.02993748479760066,0.5503697929595915,0.018985992565095193,-0.8087370015008988,0.09267039248892264,2.9058616191553144
42,13,0.028463138086112144,-0.03775245129079301,0.4326589340028643,-0.022599016232022623,0.00946882760646385,0.01410425085207817,0.05106215431813477,-0.04722127889725686,0.41855468315078614,1.6291166739859841,-0.023871715828987908,0.3881843342946048,0.02993748479760066,0.5503697929595915,0.018985992565095193,-0.8087370015008988,0.09267039248892264,2.9058616191553144
42,14,0.22821214488065653,-0.019669143280338308,0.3858046023704229,0.17714999056252176,0.02755213561691855,-0.03275008078036323,0.05106215431813477,-0.04722127889725686,0.41855468315078614,1.6291166739859841,-0.023871715828987908,0.3881843342946048,0.02993748479760066,0.5503697929595915,0.018985992565095193,-0.8087370015008988,0.09267039248892264,2.9058616191553144
42,15,0.2839322706227896,-0.06034242328894694,0.34526756016986515,0.23287011630465482,-0.013121144391690084,-0.073287122980921,0.05106215431813477,-0.04722127889725686,0.41855468315078614,1.6291166739859841,-0.023871715828987908,0.3881843342946048,0.02993748479760066,0.5503697929595915,0.018985992565095193,-0.8087370015008988,0.09267039248892264,2.9058616191553144
42,16,0.19809612846769462,-0.1364615293316374,0.24555778913447684,0.14703397414955985,-0.08924025043438055,-0.1729968940163093,0.05106215431813477,-0.04722127889725686,0.41855468315078614,1.6291166739859841,-0.023871715828987908,0.3881843342946048,0.02993748479760066,0.5503697929595915,0.018985992565095193,-0.8087370015008988,0.09267039248892264,2.9058616191553144
42,17,0.2697124799704911,-0.16063524528384138,0.0844034231560477,0.21865032565235631,-0.11341396638658452,-0.33415125999473844,0.05106215431813477,-0.04722127889725686,0.41855468315078614,1.6291166739859841,-0.023871715828987908,0.3881843342946048,0.02993748479760066,0.5503697929595915,0.018985992565095193,-0.8087370015008988,0.09267039248892264,2.9058616191553144
42,18,0.3025190719448019,-0.1600400184481936,0.020314631376948826,0.2514569176266671,-0.11281873955093674,-0.3982400517738373,0.05106215431813477,-0.04722127889725686,0.41855468315078614,1.6291166739859841,-0.023871715828987908,0.3881843342946048,0.02993748479760066,0.5503697929595915,0.018985992565095193,-0.8087370015008988,0.09267039248892264,2.9058616191553144
42,19,0.20171998823957568,0.06211197344426936,0.3833521324115573,0.15065783392144091,0.10933325234152622,-0.035202550739228844,0.05106215431813477,-0.04722127889725686,0.41855468315078614,1.6291166739859841,-0.023871715828987908,0.3881843342946048,0.02993748479760066,0.5503697929595915,0.018985992565095193,-0.8087370015008988,0.09267039248892264,2.9058616191553144
42,20,0.23332297235296703,0.11227838127027581,0.32964381896836276,0.18226081803483227,0.15949966016753267,-0.08891086418242339,0.05106215431813477,-0.04722127889725686,0.41855468315078614,1.6291166739859841,-0.023871715828987908,0.3881843342946048,0.02993748479760066,0.5503697929595915,0.018985992565095193,-0.8087370015008988,0.09267039248892264,2.9058616191553144
42,21,0.12216161949067181,0.09304735820428142,0.2277746802416734,0.07109946517253704,0.14026863710153828,-0.19078000290911273,0.05106215431813477,-0.04722127889725686,0.41855468315078614,1.6291166739859841,-0.023871715828987908,0.3881843342946048,0.02993748479760066,0.5503697929595915,0.018985992565095193,-0.8087370015008988,0.09267039248892264,2.9058616191553144
42,22,0.2009927406205325,0.10858723695135775,0.06894091011743685,0.14993058630239772,0.1558085158486146,-0.3496137730333493,0.05106215431813477,-0.04722127889725686,0.41855468315078614,1.6291166739859841,-0.023871715828987908,0.3881843342946048,0.02993748479760066,0.5503697929595915,0.018985992565095193,-0.8087370015008988,0.09267039248892264,2.9058616191553144
42,23,0.2395266688052954,0.13954385346173478,0.01658802785499261,0.18846451448716064,0.18676513235899164,-0.40196665529579356,0.05106215431813477,-0.04722127889725686,0.41855468315078614,1.6291166739859841,-0.023871715828987908,0.3881843342946048,0.02993748479760066,0.5503697929595915,0.018985992565095193,-0.8087370015008988,0.09267039248892264,2.9058616191553144
42,24,0.2420146006219656,0.030865677176103695,0.41399545454399506,0.19095244630383082,0.07808695607336055,-0.004559228606791088,0.05106215431813477,-0.04722127889725686,0.41855468315078614,1.6291166739859841,-0.023871715828987908,0.3881843342946048,0.02993748479760066,0.5503697929595915,0.018985992565095193,-0.8087370015008988,0.09267039248892264,2.9058616191553144
42,25,0.3807241164588704,0.029656907318662717,0.4329243874341991,0.3296619621407356,0.07687818621591958,0.014369704283412943,0.05106215431813477,-0.04722127889725686,0.41855468315078614,1.6291166739859841,-0.023871715828987908,0.3881843342946048,0.02993748479760066,0.5503697929595915,0.018985992565095193,-0.8087370015008988,0.09267039248892264,2.9058616191553144
42,26,0.5299758709836859,-0.030536838412597717,0.48770236507244996,0.47891371666555116,0.01668444048465914,0.06914768192166382,0.05106215431813477,-0.04722127889725686,0.41855468315078614,1.6291166739859841,-0.023871715828987908,0.3881843342946048,0.02993748479760066,0.5503697929595915,0.018985992565095193,-0.8087370015008988,0.09267039248892264,2.9058616191553144
43,0,-0.13832045841075374,-0.1192874728480923,0.4268929117575772,-0.18968949454492465,-0.08158318528554467,0.007657851688581296,0.0513690361341709,-0.03770428756254762,0.4192350600689959,1.664387663737101,-0.04034854740648898,0.4061723681079007,0.018409227116744833,0.5709052990227496,0.04081445220214568,2.1158362178234404,-0.9884122122076228,1.0790662155546424
43,1,-0.20085725591835268,-0.1297858917782965,0.4003308019198821,-0.25222629205252356,-0.09208160421574887,-0.01890425814911384,0.0513690361341709,-0.03770428756254762,0.4192350600689959,1.664387663737101,-0.04034854740648898,0.4061723681079007,0.018409227116744833,0.5709052990227496,0.04081445220214568,2.1158362178234404,-0.9884122122076228,1.0790662155546424
43,2,-0.3133747430124394,-0.08863936677228944,0.3934913155427805,-0.36474377914661027,-0.050935079209741815,-0.025743744526215417,0.0513690361341709,-0.03770428756254762,0.4192350600689959,1.664387663737101,-0.04034854740648898,0.4061723681079007,0.018409227116744833,0.5709052990227496,0.04081445220214568,2.1158362178234404,-0.9884122122076228,1.0790662155546424
43,3,-0.42972500113446455,-0.06252996342267628,0.38004079556608006,-0.4810940372686354,-0.024825675860128654,-0.039194264502915854,0.0513690361341709,-0.03770428756254762,0.4192350600689959,1.664387663737101,-0.04034854740648898,0.4061723681079007,0.018409227116744833,0.5709052990227496,0.04081445220214568,2.1158362178234404,-0.9884122122076228,1.0790662155546424
43,4,-0.1647820426122923,-0.1490515487964718,0.32607136122032665,-0.2161510787464632,-0.11134726123392419,-0.09316369884866926,0.0513690361341709,-0.03770428756254762,0.4192350600689959,1.664387663737101,-0.04034854740648898,0.4061723681079007,0.018409227116744833,0.5709052990227496,0.04081445220214568,2.1158362178234404,-0.9884122122076228,1.0790662155546424
43,5,-0.046347550625690334,-0.11422333216718902,0.2242859672289049,-0.09771658675986124,-0.0765190446046414,-0.19494909284009102,0.0513690361341709,-0.03770428756254762,0.4192350600689959,1.664387663737101,-0.04034854740648898,0.4061723681079007,0.018409227116744833,0.5709052990227496,0.04081445220214568,2.1158362178234404,-0.9884122122076228,1.0790662155546424
43,6,-0.18483076073380994,-0.1267376957582192,0.10998027525954772,-0.23619979686798084,-0.08903340819567157,-0.3092547848094482,0.0513690361341709,-0.03770428756254762,0.4192350600689959,1.664387663737101,-0.04034854740648898,0.4061723681079007,0.018409227116744833,0.5709052990227496,0.04081445220214568,2.1158362178234404,-0.9884122122076228,1.0790662155546424
43,7,-0.16390330231464773,-0.12981123090972965,0.004071848467058156,-0.21527233844881863,-0.09210694334718203,-0.41516321160193775,0.0513690361341709,-0.03770428756254762,0.4192350600689959,1.664387663737101,-0.04034854740648898,0.4061723681079007,0.018409227116744833,0.5709052990227496,0.04081445220214568,2.1158362178234404,-0.9884122122076228,1.0790662155546424
43,8,-0.1907543278236832,-0.06067089127116469,0.3522878377107413,-0.2421233639578541,-0.02296660370861707,-0.06694722235825462,0.0513690361341709,-0.03770428756254762,0.4192350600689959,1.664387663737101,-0.04034854740648898,0.4061723681079007,0.018409227116744833,0.5709052990227496,0.04081445220214568,2.1158362178234404,-0.9884122122076228,1.0790662155546424
43,9,-0.07609370886164513,0.017963468076816147,0.27310715835202626,-0.12746274499581603,0.05566775563936377,-0.14612790171696965,0.0513690361341709,-0.03770428756254762,0.4192350600689959,1.664387663737101,-0.04034854740648898,0.4061723681079007,0.018409227116744833,0.5709052990227496,0.04081445220214568,2.1158362178234404,-0.9884122122076228,1.0790662155546424
43,10,-0.10095071311750518,-0.0013087789452105453,0.09587648991716889,-0.15231974925167607,0.03639550861733708,-0.323358570151827,0.0513690361341709,-0.03770428756254762,0.4192350600689959,1.664387663737101,-0.04034854740648898,0.4061723681079007,0.018409227116744833,0.5709052990227496,0.04081445220214568,2.1158362178234404,-0.9884122122076228,1.0790662155546424
43,11,-0.04779411150129109,0.015875579007579188,0.0034477414376898,-0.099163147635462,0.05357986657012681,-0.41578731863130614,0.0513690361341709,-0.03770428756254762,0.4192350600689959,1.664387663737101,-0.04034854740648898,0.4061723681079007,0.018409227116744833,0.5709052990227496,0.04081445220214568,2.1158362178234404,-0.9884122122076228,1.0790662155546424
43,12,-0.13832045841075374,-0.1192874728480923,0.4268929117575772,-0.18968949454492465,-0.08158318528554467,0.007657851688581296,0.0513690361341709,-0.03770428756254762,0.4192350600689959,1.664387663737101,-0.04034854740648898,0.4061723681079007,0.018409227116744833,0.5709052990227496,0.04081445220214568,2.1158362178234404,-0.9884122122076228,1.0790662155546424
43,13,0.029967714332197137,-0.03128820178616051,0.43282748817102995,-0.021401321801973766,0.006416085776387109,0.013592428102034038,0.0513690361341709,-0.03770428756254762,0.4192350600689959,1.664387663737101,-0.04034854740648898,0.4061723681079007,0.018409227116744833,0.5709052990227496,0.04081445220214568,2.1158362178234404,-0.9884122122076228,1.0790662155546424
43,14,0.23020347175582972,-0.010248973622669175,0.38941098997272394,0.17883443562165882,0.027455313939878448,-0.02982407009627197,0.0513690361341709,-0.03770428756254762,0.4192350600689959,1.664387663737101,-0.04034854740648898,0.4061723681079007,0.018409227116744833,0.5709052990227496,0.04081445220214568,2.1158362178234404,-0.9884122122076228,1.0790662155546424
43,15,0.2845327156952975,-0.05440359687932421,0.350668217869866,0.23316367956112657,-0.016699309316776587,-0.0685668421991299,0.0513690361341709,-0.03770428756254762,0.4192350600689959,1.664387663737101,-0.04034854740648898,0.4061723681079007,0.018409227116744833,0.5709052990227496,0.04081445220214568,2.1158362178234404,-0.9884122122076228,1.0790662155546424
43,16,0.2046304487218153,-0.1305424483056355,0.24615743836585913,0.1532614125876444,-0.09283816074308787,-0.17307762170313679,0.0513690361341709,-0.03770428756254762,0.4192350600689959,1.664387663737101,-0.04034854740648898,0.4061723681079007,0.018409227116744833,0.5709052990227496,0.04081445220214568,2.1158362178234404,-0.9884122122076228,1.0790662155546424
43,17,0.26924794237258454,-0.16165357119202206,0.08324434022581932,0.21787890623841363,-0.12394928362947444,-0.3359907198431766,0.0513690361341709,-0.03770428756254762,0.4192350600689959,1.664387663737101,-0.04034854740648898,0.4061723681079007,0.018409227116744833,0.5709052990227496,0.04081445220214568,2.1158362178234404,-0.9884122122076228,1.0790662155546424
43,18,0.30182970943062554,-0.1603346249605104,0.019051748473240926,0.2504606732964546,-0.12263033739796278,-0.400183311595755,0.0513690361341709,-0.03770428756254762,0.4192350600689959,1.664387663737101,-0.04034854740648898,0.4061723681079007,0.018409227116744833,0.5709052990227496,0.04081445220214568,2.1158362178234404,-0.9884122122076228,1.0790662155546424
43,19,0.20052302864766947,0.06939422815362414,0.37629490421207407,0.14915399251349856,0.10709851571617177,-0.04294015585692185,0.0513690361341709,-0.03770428756254762,0.4192350600689959,1.664387663737101,-0.04034854740648898,0.4061723681079007,0.018409227116744833,0.5709052990227496,0.04081445220214568,2.1158362178234404,-0.9884122122076228,1.0790662155546424
43,20,0.23408713655166752,0.11689669525683055,0.3213679865963848,0.18271810041749662,0.15460098281937817,-0.09786707347261109,0.0513690361341709,-0.03770428756254762,0.4192350600689959,1.664387663737101,-0.04034854740648898,0.4061723681079007,0.018409227116744833,0.5709052990227496,0.04081445220214568,2.1158362178234404,-0.9884122122076228,1.0790662155546424
43,21,0.11778387328595769,0.09811234194602245,0.2253226898842804,0.06641483715178678,0.13581662950857007,-0.19391237018471552,0.0513690361341709,-0.03770428756254762,0.4192350600689959,1.664387663737101,-0.04034854740648898,0.4061723681079007,0.018409227116744833,0.5709052990227496,0.04081445220214568,2.1158362178234404,-0.9884122122076228,1.0790662155546424
43,22,0.20296833821234794,0.10887336117440446,0.06940024955484649,0.15159930207817704,0.1465776487369521,-0.34983481051414944,0.0513690361341709,-0.03770428756254762,0.4192350600689959,1.664387663737101,-0.04034854740648898,0.4061723681079007,0.018409227116744833,0.5709052990227496,0.04081445220214568,2.1158362178234404,-0.9884122122076228,1.0790662155546424
43,23,0.24053446194882988,0.13948423008409191,0.01614838525560247,0.18916542581465898,0.17718851764663954,-0.40308667481339344,0.0513690361341709,-0.03770428756254762,0.4192350600689959,1.664387663737101,-0.04034854740648898,0.4061723681079007,0.018409227116744833,0.5709052990227496,0.04081445220214568,2.1158362178234404,-0.9884122122076228,1.0790662155546424
43,24,0.24105853067909555,0.04387889772299705,0.41157720838041456,0.18968949454492465,0.08158318528554467,-0.007657851688581352,0.0513690361341709,-0.03770428756254762,0.4192350600689959,1.664387663737101,-0.04034854740648898,0.4061723681079007,0.018409227116744833,0.5709052990227496,0.04081445220214568,2.1158362178234404,-0.9884122122076228,1.0790662155546424
43,25,0.3777289877740176,0.03448885540624322,0.4404408290937357,0.32635995163984666,0.07219314296879084,0.021205769024739807,0.0513690361341709,-0.03770428756254762,0.4192350600689959,1.664387663737101,-0.04034854740648898,0.4061723681079007,0.018409227116744833,0.5709052990227496,0.04081445220214568,2.1158362178234404,-0.9884122122076228,1.0790662155546424
43,26,0.5285731920870076,-0.018257396192212172,0.49843961322125757,0.4772041559528367,0.01944689137033545,0.07920455315226166,0.0513690361341709,-0.03770428756254762,0.4192350600689959,1.664387663737101,-0.04034854740648898,0.4061723681079007,0.018409227116744833,0.5709052990227496,0.04081445220214568,2.1158362178234404,-0.9884122122076228,1.0790662155546424
44,0,-0.1394576858528642,-0.10999350347621462,0.4331519117575772,-0.19035723907916136,-0.0803348942788791,0.011884459404302328,0.05089955322629716,-0.02965860919733551,0.4212674523532749,1.7176675282812173,-0.062351473329668713,0.39934533691638446,-0.02816334180406369,0.482644173078111,0.12191915322609377,3.1961526421185584,-1.3199115730761688,-0.40953996349827415
44,1,-0.20133525788003098,-0.12348359240889614,0.40639752705906074,-0.25223481110632817,-0.09382498321156063,-0.014869925294214159,0.05089955322629716,-0.02965860919733551,0.4212674523532749,1.7176675282812173,-0.062351473329668713,0.39934533691638446,-0.02816334180406369,0.482644173078111,0.12191915322609377,3.1961526421185584,-1.3199115730761688,-0.40953996349827415
44,2,-0.30647515463429065,-0.06567015132088036,0.4046064016325258,-0.3573747078605878,-0.03601154212354485,-0.016661050720749082,0.05089955322629716,-0.02965860919733551,0.4212674523532749,1.7176675282812173,-0.062351473329668713,0.39934533691638446,-0.02816334180406369,0.482644173078111,0.12191915322609377,3.1961526421185584,-1.3199115730761688,-0.40953996349827415
44,3,-0.41264459560965805,-0.00991195533661271,0.40023909424738535,-0.4635441488359552,0.0197466538607228,-0.021028358105889544,0.05089955322629716,-0.02965860919733551,0.4212674523532749,1.7176675282812173,-0.062351473329668713,0.39934533691638446,-0.02816334180406369,0.482644173078111,0.12191915322609377,3.1961526421185584,-1.3199115730761688,-0.40953996349827415
44,4,-0.16346608334523913,-0.1509163653154348,0.33568388143015043,-0.2143656365715363,-0.12125775611809927,-0.08558357092312446,0.05089955322629716,-0.02965860919733551,0.4212674523532749,1.7176675282812173,-0.062351473329668713,0.39934533691638446,-0.02816334180406369,0.482644173078111,0.12191915322609377,3.1961526421185584,-1.3199115730761688,-0.40953996349827415
44,5,-0.04627651481917289,-0.1268232787345397,0.22944769080772817,-0.09717606804547005,-0.09716466953720418,-0.19181976154554672,0.05089955322629716,-0.02965860919733551,0.4212674523532749,1.7176675282812173,-0.062351473329668713,0.39934533691638446,-0.02816334180406369,0.482644173078111,0.12191915322609377,3.1961526421185584,-1.3199115730761688,-0.40953996349827415
44,6,-0.18183584096294722,-0.12884655553496044,0.11104340273521743,-0.23273539418924438,-0.09918794633762493,-0.3102240496180575,0.05089955322629716,-0.02965860919733551,0.4212674523532749,1.7176675282812173,-0.062351473329668713,0.39934533691638446,-0.02816334180406369,0.482644173078111,0.12191915322609377,3.1961526421185584,-1.3199115730761688,-0.40953996349827415
44,7,-0.16279642460148988,-0.12903029433308585,0.004735045281896575,-0.21369597782778704,-0.09937168513575034,-0.41653240707137834,0.05089955322629716,-0.02965860919733551,0.4212674523532749,1.7176675282812173,-0.062351473329668713,0.39934533691638446,-0.02816334180406369,0.482644173078111,0.12191915322609377,3.1961526421185584,-1.3199115730761688,-0.40953996349827415
44,8,-0.18994133197242888,-0.06018410058213639,0.35116681416627166,-0.24084088519872604,-0.03052549138480088,-0.07010063818700324,0.05089955322629716,-0.02965860919733551,0.4212674523532749,1.7176675282812173,-0.062351473329668713,0.39934533691638446,-0.02816334180406369,0.482644173078111,0.12191915322609377,3.1961526421185584,-1.3199115730761688,-0.40953996349827415
44,9,-0.07160227445146085,0.013664216161376114,0.2727940282901076,-0.12250182767775801,0.043322825358711625,-0.14847342406316727,0.05089955322629716,-0.02965860919733551,0.4212674523532749,1.7176675282812173,-0.062351473329668713,0.39934533691638446,-0.02816334180406369,0.482644173078111,0.12191915322609377,3.1961526421185584,-1.3199115730761688,-0.40953996349827415
44,10,-0.10026848919284213,-0.003513499655595248,0.09592352704426876,-0.15116804241913928,0.026145109541740263,-0.32534392530900613,0.05089955322629716,-0.02965860919733551,0.4212674523532749,1.7176675282812173,-0.062351473329668713,0.39934533691638446,-0.02816334180406369,0.482644173078111,0.12191915322609377,3.1961526421185584,-1.3199115730761688,-0.40953996349827415
44,11,-0.047253417516658236,0.014138557679523656,0.0035016300453031236,-0.0981529707429554,0.04379716687685917,-0.41776582230797177,0.05089955322629716,-0.02965860919733551,0.4212674523532749,1.7176675282812173,-0.062351473329668713,0.39934533691638446,-0.02816334180406369,0.482644173078111,0.12191915322609377,3.1961526421185584,-1.3199115730761688,-0.40953996349827415
44,12,-0.1394576858528642,-0.10999350347621462,0.4331519117575772,-0.19035723907916136,-0.0803348942788791,0.011884459404302328,0.05089955322629716,-0.02965860919733551,0.4212674523532749,1.7176675282812173,-0.062351473329668713,0.39934533691638446,-0.02816334180406369,0.482644173078111,0.12191915322609377,3.1961526421185584,-1.3199115730761688,-0.40953996349827415
44,13,0.030598209283780126,-0.02525882444116795,0.4321386627267525,-0.020301343942517036,0.004399784756167563,0.010871210373477602,0.05089955322629716,-0.02965860919733551,0.4212674523532749,1.7176675282812173,-0.062351473329668713,0.39934533691638446,-0.02816334180406369,0.482644173078111,0.12191915322609377,3.1961526421185584,-1.3199115730761688,-0.40953996349827415
44,14,0.23154980373464726,-0.0052672175418149725,0.3916319680510119,0.1806502505083501,0.02439139165552054,-0.029635484302262982,0.05089955322629716,-0.02965860919733551,0.4212674523532749,1.7176675282812173,-0.062351473329668713,0.39934533691638446,-0.02816334180406369,0.482644173078111,0.12191915322609377,3.1961526421185584,-1.3199115730761688,-0.40953996349827415
44,15,0.2838745439206639,-0.05232121810193659,0.35354860572618296,0.23297499069436675,-0.022662608904601075,-0.06771884662709193,0.05089955322629716,-0.02965860919733551,0.4212674523532749,1.7176675282812173,-0.062351473329668713,0.39934533691638446,-0.02816334180406369,0.482644173078111,0.12191915322609377,3.1961526421185584,-1.3199115730761688,-0.40953996349827415
44,16,0.2063426846235192,-0.12626842598371676,0.24573106896789687,0.15544313139722205,-0.09660981678638125,-0.17553638338537803,0.05089955322629716,-0.02965860919733551,0.4212674523532749,1.7176675282812173,-0.062351473329668713,0.39934533691638446,-0.02816334180406369,0.482644173078111,0.12191915322609377,3.1961526421185584,-1.3199115730761688,-0.40953996349827415
44,17,0.26855288245596687,-0.1618096480754049,0.08278717428511793,0.2176533292296697,-0.1321510388780694,-0.33848027806815695,0.05089955322629716,-0.02965860919733551,0.4212674523532749,1.7176675282812173,-0.062351473329668713,0.39934533691638446,-0.02816334180406369,0.482644173078111,0.12191915322609377,3.1961526421185584,-1.3199115730761688,-0.40953996349827415
44,18,0.30166201456738395,-0.160282039889732,0.018869635351628822,0.2507624613410868,-0.13062343069239649,-0.40239781700164606,0.05089955322629716,-0.02965860919733551,0.4212674523532749,1.7176675282812173,-0.062351473329668713,0.39934533691638446,-0.02816334180406369,0.482644173078111,0.12191915322609377,3.1961526421185584,-1.3199115730761688,-0.40953996349827415
44,19,0.20127665172935624,0.07258259196815353,0.3711638606106523,0.15037709850305908,0.10224120116548904,-0.05010359174262258,0.05089955322629716,-0.02965860919733551,0.4212674523532749,1.7176675282812173,-0.062351473329668713,0.39934533691638446,-0.02816334180406369,0.482644173078111,0.12191915322609377,3.1961526421185584,-1.3199115730761688,-0.40953996349827415
44,20,0.23706761817950475,0.11841965720271408,0.31622780533771444,0.1861680649532076,0.1480782664000496,-0.10503964701556046,0.05089955322629716,-0.02965860919733551,0.4212674523532749,1.7176675282812173,-0.062351473329668713,0.39934533691638446,-0.02816334180406369,0.482644173078111,0.12191915322609377,3.1961526421185584,-1.3199115730761688,-0.40953996349827415
44,21,0.11713837781268141,0.09957571583483957,0.2247626033822353,0.06623882458638425,0.12923432503217508,-0.1965048489710396,0.05089955322629716,-0.02965860919733551,0.4212674523532749,1.7176675282812173,-0.062351473329668713,0.39934533691638446,-0.02816334180406369,0.482644173078111,0.12191915322609377,3.1961526421185584,-1.3199115730761688,-0.40953996349827415
44,22,0.20645763844672774,0.10847177516841802,0.07105206437253822,0.15555808522043058,0.13813038436575353,-0.3502153879807367,0.05089955322629716,-0.02965860919733551,0.4212674523532749,1.7176675282812173,-0.062351473329668713,0.39934533691638446,-0.02816334180406369,0.482644173078111,0.12191915322609377,3.1961526421185584,-1.3199115730761688,-0.40953996349827415
44,23,0.24142942399387649,0.13957374453790705,0.01633788233993546,0.19052987076757932,0.16923235373524256,-0.40492957001333946,0.05089955322629716,-0.02965860919733551,0.4212674523532749,1.7176675282812173,-0.062351473329668713,0.39934533691638446,-0.02816334180406369,0.482644173078111,0.12191915322609377,3.1961526421185584,-1.3199115730761688,-0.40953996349827415
44,24,0.24125679230545852,0.05067628508154359,0.40938299294897257,0.19035723907916136,0.0803348942788791,-0.011884459404302328,0.05089955322629716,-0.02965860919733551,0.4212674523532749,1.7176675282812173,-0.062351473329668713,0.39934533691638446,-0.02816334180406369,0.482644173078111,0.12191915322609377,3.1961526421185584,-1.3199115730761688,-0.40953996349827415
44,25,0.37890881810849786,0.04025573104512936,0.43269451748499627,0.3280092648822007,0.06991434024246487,0.01142706513172137,0.05089955322629716,-0.02965860919733551,0.4212674523532749,1.7176675282812173,-0.062351473329668713,0.39934533691638446,-0.02816334180406369,0.482644173078111,0.12191915322609377,3.1961526421185584,-1.3199115730761688,-0.40953996349827415
44,26,0.5379717220062239,0.00653097001413977,0.48230936485026704,0.48707216877992676,0.03618957921147528,0.061041912496992146,0.05089955322629716,-0.02965860919733551,0.4212674523532749,1.7176675282812173,-0.062351473329668713,0.39934533691638446,-0.02816334180406369,0.482644173078111,0.12191915322609377,3.1961526421185584,-1.3199115730761688,-0.40953996349827415
45,0,-0.14228435270962514,-0.09901243888088752,0.43968591175757715,-0.19226268432134577,-0.07585359150047652,0.015257778454908388,0.04997833161172063,-0.023158847380411005,0.42442813330266876,1.7692952382331506,-0.0791930507936585,0.3757828598494846,-0.05526224442570656,0.38990772746997643,0.1896029363763568,3.0970431884783043,-1.0102925893215229,-1.413465930827825
45,1,-0.20398871150887643,-0.11371481938035541,0.4131712810658262,-0.25396704312059704,-0.0905559719999444,-0.011256852236842585,0.04997833161172063,-0.023158847380411005,0.42442813330266876,1.7692952382331506,-0.0791930507936585,0.3757828598494846,-0.05526224442570656,0.38990772746997643,0.1896029363763568,3.0970431884783043,-1.0102925893215229,-1.413465930827825
45,2,-0.3001306675611022,-0.041971502246000464,0.41627301470591277,-0.3501089991728228,-0.01881265486558946,-0.008155118596755995,0.04997833161172063,-0.023158847380411005,0.42442813330266876,1.7692952382331506,-0.0791930507936585,0.3757828598494846,-0.05526224442570656,0.38990772746997643,0.1896029363763568,3.0970431884783043,-1.0102925893215229,-1.413465930827825
45,3,-0.39015193130377984,0.03718830476930084,0.42174083383315203,-0.4401302629155005,0.06034715214971184,-0.002687299469516735,0.04997833161172063,-0.023158847380411005,0.42442813330266876,1.7692952382331506,-0.0791930507936585,0.3757828598494846,-0.05526224442570656,0.38990772746997643,0.1896029363763568,3.0970431884783043,-1.0102925893215229,-1.413465930827825
45,4,-0.1655482255843457,-0.15119030150703316,0.347559023263794,-0.21552655719606634,-0.12803145412662215,-0.07686911003887476,0.04997833161172063,-0.023158847380411005,0.42442813330266876,1.7692952382331506,-0.0791930507936585,0.3757828598494846,-0.05526224442570656,0.38990772746997643,0.1896029363763568,3.0970431884783043,-1.0102925893215229,-1.413465930827825
45,5,-0.05073884496274075,-0.14077510986355304,0.2366070970909872,-0.10071717657446139,-0.11761626248314204,-0.18782103621168156,0.04997833161172063,-0.023158847380411005,0.42442813330266876,1.7692952382331506,-0.0791930507936585,0.3757828598494846,-0.05526224442570656,0.38990772746997643,0.1896029363763568,3.0970431884783043,-1.0102925893215229,-1.413465930827825
45,6,-0.17992808517213055,-0.13106649604557352,0.11164357019811934,-0.22990641678385118,-0.10790764866516252,-0.31278456310454944,0.04997833161172063,-0.023158847380411005,0.42442813330266876,1.7692952382331506,-0.0791930507936585,0.3757828598494846,-0.05526224442570656,0.38990772746997643,0.1896029363763568,3.0970431884783043,-1.0102925893215229,-1.413465930827825
45,7,-0.16207456463996683,-0.1283647214221688,0.005163749485871136,-0.21205289625168747,-0.10520587404175778,-0.41926438381679765,0.04997833161172063,-0.023158847380411005,0.42442813330266876,1.7692952382331506,-0.0791930507936585,0.3757828598494846,-0.05526224442570656,0.38990772746997643,0.1896029363763568,3.0970431884783043,-1.0102925893215229,-1.413465930827825
45,8,-0.18901375636860895,-0.05838697937625116,0.3507080142137568,-0.2389920879803296,-0.035228131995840156,-0.07372011908891196,0.04997833161172063,-0.023158847380411005,0.42442813330266876,1.7692952382331506,-0.0791930507936585,0.3757828598494846,-0.05526224442570656,0.38990772746997643,0.1896029363763568,3.0970431884783043,-1.0102925893215229,-1.413465930827825
45,9,-0.06677881460950523,0.009070787571215155,0.27255387985892376,-0.11675714622122586,0.03222963495162616,-0.151874253443745,0.04997833161172063,-0.023158847380411005,0.42442813330266876,1.7692952382331506,-0.0791930507936585,0.3757828598494846,-0.05526224442570656,0.38990772746997643,0.1896029363763568,3.0970431884783043,-1.0102925893215229,-1.413465930827825
45,10,-0.09966062322730598,-0.005911738908832731,0.09621809062718203,-0.14963895483902662,0.017247108471578274,-0.3282100426754867,0.04997833161172063,-0.023158847380411005,0.42442813330266876,1.7692952382331506,-0.0791930507936585,0.3757828598494846,-0.05526224442570656,0.38990772746997643,0.1896029363763568,3.0970431884783043,-1.0102925893215229,-1.413465930827825
45,11,-0.04692134729670111,0.012034988180852565,0.0036952082407840153,-0.09689967890842174,0.03519383556126357,-0.42073292506188475,0.04997833161172063,-0.023158847380411005,0.42442813330266876,1.7692952382331506,-0.0791930507936585,0.3757828598494846,-0.05526224442570656,0.38990772746997643,0.1896029363763568,3.0970431884783043,-1.0102925893215229,-1.413465930827825
45,12,-0.14228435270962514,-0.09901243888088752,0.43968591175757715,-0.19226268432134577,-0.07585359150047652,0.015257778454908388,0.04997833161172063,-0.023158847380411005,0.42442813330266876,1.7692952382331506,-0.0791930507936585,0.3757828598494846,-0.05526224442570656,0.38990772746997643,0.1896029363763568,3.0970431884783043,-1.0102925893215229,-1.413465930827825
45,13,0.030574993768477943,-0.020604610765470252,0.4312089505178019,-0.01940333784324269,0.0025542366149407525,0.006780817215133128,0.04997833161172063,-0.023158847380411005,0.42442813330266876,1.7692952382331506,-0.0791930507936585,0.3757828598494846,-0.05526224442570656,0.38990772746997643,0.1896029363763568,3.0970431884783043,-1.0102925893215229,-1.413465930827825
45,14,0.23237855098281834,-0.0038585611528342834,0.3935672957865892,0.1824002193710977,0.01930028622757672,-0.030860837516079542,0.04997833161172063,-0.023158847380411005,0.42442813330266876,1.7692952382331506,-0.0791930507936585,0.3757828598494846,-0.05526224442570656,0.38990772746997643,0.1896029363763568,3.0970431884783043,-1.0102925893215229,-1.413465930827825
45,15,0.2832603920155427,-0.05222103814991877,0.35516926235054785,0.23328206040382207,-0.029062190769507765,-0.06925887095212091,0.04997833161172063,-0.023158847380411005,0.42442813330266876,1.7692952382331506,-0.0791930507936585,0.3757828598494846,-0.05526224442570656,0.38990772746997643,0.1896029363763568,3.0970431884783043,-1.0102925893215229,-1.413465930827825
45,16,0.2065538542471842,-0.12577490937960156,0.24649573703141908,0.15657552263546357,-0.10261606199919056,-0.17793239627124968,0.04997833161172063,-0.023158847380411005,0.42442813330266876,1.7692952382331506,-0.0791930507936585,0.3757828598494846,-0.05526224442570656,0.38990772746997643,0.1896029363763568,3.0970431884783043,-1.0102925893215229,-1.413465930827825
45,17,0.26864283891965973,-0.16192863830585896,0.08364038442142153,0.2186645073079391,-0.13876979092544794,-0.34078774888124724,0.04997833161172063,-0.023158847380411005,0.42442813330266876,1.7692952382331506,-0.0791930507936585,0.3757828598494846,-0.05526224442570656,0.38990772746997643,0.1896029363763568,3.0970431884783043,-1.0102925893215229,-1.413465930827825
45,18,0.30113068525042075,-0.1607292477137347,0.019397864978612234,0.25115235363870014,-0.13757040033332368,-0.40503026832405653,0.04997833161172063,-0.023158847380411005,0.42442813330266876,1.7692952382331506,-0.0791930507936585,0.3757828598494846,-0.05526224442570656,0.38990772746997643,0.1896029363763568,3.0970431884783043,-1.0102925893215229,-1.413465930827825
45,19,0.20313517927238212,0.07330936515386847,0.36936117322817114,0.15315684766066148,0.09646821253427948,-0.05506696007449763,0.04997833161172063,-0.023158847380411005,0.42442813330266876,1.7692952382331506,-0.0791930507936585,0.3757828598494846,-0.05526224442570656,0.38990772746997643,0.1896029363763568,3.0970431884783043,-1.0102925893215229,-1.413465930827825
45,20,0.24057889452550657,0.11836293952736045,0.3148805011632812,0.19060056291378594,0.14152178690777145,-0.10954763213938756,0.04997833161172063,-0.023158847380411005,0.42442813330266876,1.7692952382331506,-0.0791930507936585,0.3757828598494846,-0.05526224442570656,0.38990772746997643,0.1896029363763568,3.0970431884783043,-1.0102925893215229,-1.413465930827825
45,21,0.11928776053833656,0.09860239895486698,0.22542670374880608,0.06930942892661593,0.12176124633527799,-0.19900142955386269,0.04997833161172063,-0.023158847380411005,0.42442813330266876,1.7692952382331506,-0.0791930507936585,0.3757828598494846,-0.05526224442570656,0.38990772746997643,0.1896029363763568,3.0970431884783043,-1.0102925893215229,-1.413465930827825
45,22,0.209142630070568,0.10844437768847089,0.07208643543518674,0.15916429845884736,0.1316032250688819,-0.35234169786748204,0.04997833161172063,-0.023158847380411005,0.42442813330266876,1.7692952382331506,-0.0791930507936585,0.3757828598494846,-0.05526224442570656,0.38990772746997643,0.1896029363763568,3.0970431884783043,-1.0102925893215229,-1.413465930827825
45,23,0.24254022568665046,0.13969352078195063,0.016479856097069628,0.19256189407492982,0.16285236816236165,-0.4079482772055991,0.04997833161172063,-0.023158847380411005,0.42442813330266876,1.7692952382331506,-0.0791930507936585,0.3757828598494846,-0.05526224442570656,0.38990772746997643,0.1896029363763568,3.0970431884783043,-1.0102925893215229,-1.413465930827825
45,24,0.2422410159330664,0.052694744120065515,0.4091703548477604,0.19226268432134577,0.07585359150047652,-0.015257778454908388,0.04997833161172063,-0.023158847380411005,0.42442813330266876,1.7692952382331506,-0.0791930507936585,0.3757828598494846,-0.05526224442570656,0.38990772746997643,0.1896029363763568,3.0970431884783043,-1.0102925893215229,-1.413465930827825
45,25,0.3800789130105169,0.042565668782601304,0.4314910029107135,0.3301005813987963,0.06572451616301231,0.007062869608044753,0.04997833161172063,-0.023158847380411005,0.42442813330266876,1.7692952382331506,-0.0791930507936585,0.3757828598494846,-0.05526224442570656,0.38990772746997643,0.1896029363763568,3.0970431884783043,-1.0102925893215229,-1.413465930827825
45,26,0.5417160493023236,0.010723306100669891,0.4734373990041324,0.49173771769060304,0.033882153481080896,0.049009265701463633,0.04997833161172063,-0.023158847380411005,0.42442813330266876,1.7692952382331506,-0.0791930507936585,0.3757828598494846,-0.05526224442570656,0.38990772746997643,0.1896029363763568,3.0970431884783043,-1.0102925893215229,-1.413465930827825
46,0,-0.14553063495493174,-0.08791948665308658,0.44452791175757717,-0.19477800422521038,-0.06943744439596869,0.016911189749116207,0.049247369270278646,-0.018482042257117887,0.42761672200846096,1.8096911733300183,-0.08660571089124695,0.34244952472520807,-0.04384897069238077,0.28055219695819544,0.19127706693414484,2.423271451521756,-0.444670671720963,-1.9996001874191092
46,1,-0.20738481407693776,-0.10204958721422479,0.4180512366946217,-0.2566321833472164,-0.0835675449571069,-0.009565485313839273,0.049247369270278646,-0.018482042257117887,0.42761672200846096,1.8096911733300183,-0.08660571089124695,0.34244952472520807,-0.04384897069238077,0.28055219695819544,0.19127706693414484,2.423271451521756,-0.444670671720963,-1.9996001874191092
46,2,-0.29301251272015627,-0.01842540717382568,0.4267053568706203,-0.3422598819904349,5.663508329220579e-05,-0.0009113651378406806,0.049247369270278646,-0.018482042257117887,0.42761672200846096,1.8096911733300183,-0.08660571089124695,0.34244952472520807,-0.04384897069238077,0.28055219695819544,0.19127706693414484,2.423271451521756,-0.444670671720963,-1.9996001874191092
46,3,-0.3633168030965376,0.07746925835732066,0.4428769348692586,-0.4125641723668162,0.09595130061443854,0.01526021286079765,0.049247369270278646,-0.018482042257117887,0.42761672200846096,1.8096911733300183,-0.08660571089124695,0.34244952472520807,-0.04384897069238077,0.28055219695819544,0.19127706693414484,2.423271451521756,-0.444670671720963,-1.9996001874191092
46,4,-0.16980719684798806,-0.1493631718626941,0.3585836110913665,-0.2190545661182667,-0.1308811296055762,-0.06903311091709446,0.049247369270278646,-0.018482042257117887,0.42761672200846096,1.8096911733300183,-0.08660571089124695,0.34244952472520807,-0.04384897069238077,0.28055219695819544,0.19127706693414484,2.423271451521756,-0.444670671720963,-1.9996001874191092
46,5,-0.058056914773058924,-0.15183760328325058,0.24410325602448,-0.10730428404333757,-0.1333555610261327,-0.18351346598398097,0.049247369270278646,-0.018482042257117887,0.42761672200846096,1.8096911733300183,-0.08660571089124695,0.34244952472520807,-0.04384897069238077,0.28055219695819544,0.19127706693414484,2.423271451521756,-0.444670671720963,-1.9996001874191092
46,6,-0.17885685951559416,-0.13253204584489503,0.11206284984823559,-0.2281042287858728,-0.11405000358777714,-0.31555387216022535,0.049247369270278646,-0.018482042257117887,0.42761672200846096,1.8096911733300183,-0.08660571089124695,0.34244952472520807,-0.04384897069238077,0.28055219695819544,0.19127706693414484,2.423271451521756,-0.444670671720963,-1.9996001874191092
46,7,-0.16187014449640932,-0.12809959968150395,0.005499230657060786,-0.21111751376668797,-0.10961755742438606,-0.4221174913514002,0.049247369270278646,-0.018482042257117887,0.42761672200846096,1.8096911733300183,-0.08660571089124695,0.34244952472520807,-0.04384897069238077,0.28055219695819544,0.19127706693414484,2.423271451521756,-0.444670671720963,-1.9996001874191092
46,8,-0.1875208102768034,-0.055636874732381235,0.3499457277686826,-0.23676817954708204,-0.03715483247526335,-0.07767099423977836,0.049247369270278646,-0.018482042257117887,0.42761672200846096,1.8096911733300183,-0.08660571089124695,0.34244952472520807,-0.04384897069238077,0.28055219695819544,0.19127706693414484,2.423271451521756,-0.444670671720963,-1.9996001874191092
46,9,-0.061181926982756124,0.005292102633636331,0.272964260094135,-0.11042929625303477,0.023774144890754217,-0.15465246191432597,0.049247369270278646,-0.018482042257117887,0.42761672200846096,1.8096911733300183,-0.08660571089124695,0.34244952472520807,-0.04384897069238077,0.28055219695819544,0.19127706693414484,2.423271451521756,-0.444670671720963,-1.9996001874191092
46,10,-0.0990755659441782,-0.006758741819823805,0.0974112786877685,-0.14832293521445683,0.011723300437294082,-0.33020544332069246,0.049247369270278646,-0.018482042257117887,0.42761672200846096,1.8096911733300183,-0.08660571089124695,0.34244952472520807,-0.04384897069238077,0.28055219695819544,0.19127706693414484,2.423271451521756,-0.444670671720963,-1.9996001874191092
46,11,-0.04729635583480345,0.010957119826305858,0.004303482780064662,-0.09654372510508209,0.029439162083423745,-0.4233132392283963,0.049247369270278646,-0.018482042257117887,0.42761672200846096,1.8096911733300183,-0.08660571089124695,0.34244952472520807,-0.04384897069238077,0.28055219695819544,0.19127706693414484,2.423271451521756,-0.444670671720963,-1.9996001874191092
46,12,-0.14553063495493174,-0.08791948665308658,0.44452791175757717,-0.19477800422521038,-0.06943744439596869,0.016911189749116207,0.049247369270278646,-0.018482042257117887,0.42761672200846096,1.8096911733300183,-0.08660571089124695,0.34244952472520807,-0.04384897069238077,0.28055219695819544,0.19127706693414484,2.423271451521756,-0.444670671720963,-1.9996001874191092
46,13,0.03128504814913374,-0.01974128561466218,0.43081852599560844,-0.017962321121144903,-0.001259243357544293,0.003201803987147478,0.049247369270278646,-0.018482042257117887,0.42761672200846096,1.8096911733300183,-0.08660571089124695,0.34244952472520807,-0.04384897069238077,0.28055219695819544,0.19127706693414484,2.423271451521756,-0.444670671720963,-1.9996001874191092
46,14,0.2337087817696057,-0.005625264467007687,0.39550039776209484,0.18446141249932704,0.0128567777901102,-0.032116324246366124,0.049247369270278646,-0.018482042257117887,0.42761672200846096,1.8096911733300183,-0.08660571089124695,0.34244952472520807,-0.04384897069238077,0.28055219695819544,0.19127706693414484,2.423271451521756,-0.444670671720963,-1.9996001874191092
46,15,0.28437305248873695,-0.05351946615213245,0.35623747592959243,0.2351256832184583,-0.03503742389501456,-0.07137924607886853,0.049247369270278646,-0.018482042257117887,0.42761672200846096,1.8096911733300183,-0.08660571089124695,0.34244952472520807,-0.04384897069238077,0.28055219695819544,0.19127706693414484,2.423271451521756,-0.444670671720963,-1.9996001874191092
46,16,0.2086056015157099,-0.13085142305198505,0.24954604298927013,0.15935823224543125,-0.11236938079486716,-0.17807067901919083,0.049247369270278646,-0.018482042257117887,0.42761672200846096,1.8096911733300183,-0.08660571089124695,0.34244952472520807,-0.04384897069238077,0.28055219695819544,0.19127706693414484,2.423271451521756,-0.444670671720963,-1.9996001874191092
46,17,0.2699705134343295,-0.16302222525803553,0.08558450149186683,0.22072314416405084,-0.14454018300091764,-0.3420322205165941,0.049247369270278646,-0.018482042257117887,0.42761672200846096,1.8096911733300183,-0.08660571089124695,0.34244952472520807,-0.04384897069238077,0.28055219695819544,0.19127706693414484,2.423271451521756,-0.444670671720963,-1.9996001874191092
46,18,0.3005316061014436,-0.16212921951357281,0.02039844347681112,0.25128423683116496,-0.14364717725645493,-0.4072182785316498,0.049247369270278646,-0.018482042257117887,0.42761672200846096,1.8096911733300183,-0.08660571089124695,0.34244952472520807,-0.04384897069238077,0.28055219695819544,0.19127706693414484,2.423271451521756,-0.444670671720963,-1.9996001874191092
46,19,0.20564360337944515,0.07164005814419352,0.3702335081383844,0.1563962341091665,0.09012210040131141,-0.057383213870076555,0.049247369270278646,-0.018482042257117887,0.42761672200846096,1.8096911733300183,-0.08660571089124695,0.34244952472520807,-0.04384897069238077,0.28055219695819544,0.19127706693414484,2.423271451521756,-0.444670671720963,-1.9996001874191092
46,20,0.2441514089966555,0.116813590579497,0.31660048763586085,0.19490403972637685,0.1352956328366149,-0.11101623437260011,0.049247369270278646,-0.018482042257117887,0.42761672200846096,1.8096911733300183,-0.08660571089124695,0.34244952472520807,-0.04384897069238077,0.28055219695819544,0.19127706693414484,2.423271451521756,-0.444670671720963,-1.9996001874191092
46,21,0.12277049179929583,0.09666233860632431,0.22735587969821738,0.07352312252901719,0.1151443808634422,-0.20026084231024358,0.049247369270278646,-0.018482042257117887,0.42761672200846096,1.8096911733300183,-0.08660571089124695,0.34244952472520807,-0.04384897069238077,0.28055219695819544,0.19127706693414484,2.423271451521756,-0.444670671720963,-1.9996001874191092
46,22,0.21018992968136613,0.10859479149495743,0.0727613827710298,0.16094256041108748,0.12707683375207532,-0.3548553392374312,0.049247369270278646,-0.018482042257117887,0.42761672200846096,1.8096911733300183,-0.08660571089124695,0.34244952472520807,-0.04384897069238077,0.28055219695819544,0.19127706693414484,2.423271451521756,-0.444670671720963,-1.9996001874191092
46,23,0.2428222045236575,0.1391512102977788,0.01632168117092299,0.19357483525337885,0.15763325255489669,-0.411295040837538,0.049247369270278646,-0.018482042257117887,0.42761672200846096,1.8096911733300183,-0.08660571089124695,0.34244952472520807,-0.04384897069238077,0.28055219695819544,0.19127706693414484,2.423271451521756,-0.444670671720963,-1.9996001874191092
46,24,0.24402537349548903,0.0509554021388508,0.41070553225934475,0.19477800422521038,0.06943744439596869,-0.016911189749116207,0.049247369270278646,-0.018482042257117887,0.42761672200846096,1.8096911733300183,-0.08660571089124695,0.34244952472520807,-0.04384897069238077,0.28055219695819544,0.19127706693414484,2.423271451521756,-0.444670671720963,-1.9996001874191092
46,25,0.38235998466636184,0.045713206423549424,0.4315897405906756,0.33311261539608317,0.06419524868066731,0.00397301858221466,0.049247369270278646,-0.018482042257117887,0.42761672200846096,1.8096911733300183,-0.08660571089124695,0.34244952472520807,-0.04384897069238077,0.28055219695819544,0.19127706693414484,2.423271451521756,-0.444670671720963,-1.9996001874191092
46,26,0.5472912951728015,0.011596999331126012,0.4546927132103412,0.4980439259025229,0.0300790415882439,0.027075991201880256,0.049247369270278646,-0.018482042257117887,0.42761672200846096,1.8096911733300183,-0.08660571089124695,0.34244952472520807,-0.04384897069238077,0.28055219695819544,0.19127706693414484,2.423271451521756,-0.444670671720963,-1.9996001874191092
47,0,-0.1479348702128081,-0.07911004070058131,0.4460149117575772,-0.19709880984206862,-0.06297585024110723,0.016089537392250164,0.04916393962926052,-0.016134190459474076,0.429925374365327,1.820932913403017,-0.0814512309973448,0.30926212325261354,-0.005004777505586289,0.14084293927077446,0.13849144312333886,0.6743695304738283,0.3092069522436803,-1.990845919171837
47,1,-0.2100501708401178,-0.09116188000290744,0.4191252087459236,-0.2592141104693783,-0.07502768954343336,-0.01080016561940339,0.04916393962926052,-0.016134190459474076,0.429925374365327,1.820932913403017,-0.0814512309973448,0.30926212325261354,-0.005004777505586289,0.14084293927077446,0.13849144312333886,0.6743695304738283,0.3092069522436803,-1.990845919171837
47,2,-0.28296532741680464,0.002989391582960743,0.43392108750580083,-0.33212926704606516,0.01912358204243482,0.003995713140473811,0.04916393962926052,-0.016134190459474076,0.429925374365327,1.820932913403017,-0.0814512309973448,0.30926212325261354,-0.005004777505586289,0.14084293927077446,0.13849144312333886,0.6743695304738283,0.3092069522436803,-1.990845919171837
47,3,-0.33041654196871195,0.10960089895986563,0.46189194304100883,-0.3795804815979725,0.1257350894193397,0.03196656867568182,0.04916393962926052,-0.016134190459474076,0.429925374365327,1.820932913403017,-0.0814512309973448,0.30926212325261354,-0.005004777505586289,0.14084293927077446,0.13849144312333886,0.6743695304738283,0.3092069522436803,-1.990845919171837
47,4,-0.1747385924746069,-0.146328787456671,0.36530369025439585,-0.22390253210386743,-0.13019459699719693,-0.06462168411093117,0.04916393962926052,-0.016134190459474076,0.429925374365327,1.820932913403017,-0.0814512309973448,0.30926212325261354,-0.005004777505586289,0.14084293927077446,0.13849144312333886,0.6743695304738283,0.3092069522436803,-1.990845919171837
47,5,-0.06460495674997523,-0.15826865069700063,0.24985663757565912,-0.11376889637923575,-0.14213446023752657,-0.1800687367896679,0.04916393962926052,-0.016134190459474076,0.429925374365327,1.820932913403017,-0.0814512309973448,0.30926212325261354,-0.005004777505586289,0.14084293927077446,0.13849144312333886,0.6743695304738283,0.3092069522436803,-1.990845919171837
47,6,-0.17819496466439888,-0.13326027855590006,0.11248163456683506,-0.2273589042936594,-0.11712608809642598,-0.31744373979849194,0.04916393962926052,-0.016134190459474076,0.429925374365327,1.820932913403017,-0.0814512309973448,0.30926212325261354,-0.005004777505586289,0.14084293927077446,0.13849144312333886,0.6743695304738283,0.3092069522436803,-1.990845919171837
47,7,-0.16179452095629235,-0.12807047786520967,0.005860382390944653,-0.21095846058555287,-0.1119362874057356,-0.42406499197438235,0.04916393962926052,-0.016134190459474076,0.429925374365327,1.820932913403017,-0.0814512309973448,0.30926212325261354,-0.005004777505586289,0.14084293927077446,0.13849144312333886,0.6743695304738283,0.3092069522436803,-1.990845919171837
47,8,-0.18527567184226973,-0.05277369947288833,0.34771337035965577,-0.23443961147153025,-0.036639509013414256,-0.08221200400567125,0.04916393962926052,-0.016134190459474076,0.429925374365327,1.820932913403017,-0.0814512309973448,0.30926212325261354,-0.005004777505586289,0.14084293927077446,0.13849144312333886,0.6743695304738283,0.3092069522436803,-1.990845919171837
47,9,-0.054684121456814894,0.0023819926419022114,0.27352646696623406,-0.10384806108607542,0.018516183101376288,-0.15639890739909296,0.04916393962926052,-0.016134190459474076,0.429925374365327,1.820932913403017,-0.0814512309973448,0.30926212325261354,-0.005004777505586289,0.14084293927077446,0.13849144312333886,0.6743695304738283,0.3092069522436803,-1.990845919171837
47,10,-0.09818159574469693,-0.006112059869179287,0.09906781625951716,-0.14734553537395745,0.01002213059029479,-0.33085755810580986,0.04916393962926052,-0.016134190459474076,0.429925374365327,1.820932913403017,-0.0814512309973448,0.30926212325261354,-0.005004777505586289,0.14084293927077446,0.13849144312333886,0.6743695304738283,0.3092069522436803,-1.990845919171837
47,11,-0.04808629684528273,0.011308811898615573,0.004988199654189032,-0.09725023647454326,0.02744300235808965,-0.424937174711138,0.04916393962926052,-0.016134190459474076,0.429925374365327,1.820932913403017,-0.0814512309973448,0.30926212325261354,-0.005004777505586289,0.14084293927077446,0.13849144312333886,0.6743695304738283,0.3092069522436803,-1.990845919171837
47,12,-0.1479348702128081,-0.07911004070058131,0.4460149117575772,-0.19709880984206862,-0.06297585024110723,0.016089537392250164,0.04916393962926052,-0.016134190459474076,0.429925374365327,1.820932913403017,-0.0814512309973448,0.30926212325261354,-0.005004777505586289,0.14084293927077446,0.13849144312333886,0.6743695304738283,0.3092069522436803,-1.990845919171837
47,13,0.032592662420495244,-0.02171537972730287,0.43132944532852285,-0.016571277208765278,-0.005581189267828794,0.001404070963195836,0.04916393962926052,-0.016134190459474076,0.429925374365327,1.820932913403017,-0.0814512309973448,0.30926212325261354,-0.005004777505586289,0.14084293927077446,0.13849144312333886,0.6743695304738283,0.3092069522436803,-1.990845919171837
47,14,0.23537933279504103,-0.009310668287658377,0.3974814094277573,0.1862153931657805,0.006823522171815699,-0.032443964937569736,0.04916393962926052,-0.016134190459474076,0.429925374365327,1.820932913403017,-0.0814512309973448,0.30926212325261354,-0.005004777505586289,0.14084293927077446,0.13849144312333886,0.6743695304738283,0.3092069522436803,-1.990845919171837
47,15,0.2868363752690761,-0.055668701165924594,0.357413898018076,0.2376724356398156,-0.03953451070645052,-0.07251147634725102,0.04916393962926052,-0.016134190459474076,0.429925374365327,1.820932913403017,-0.0814512309973448,0.30926212325261354,-0.005004777505586289,0.14084293927077446,0.13849144312333886,0.6743695304738283,0.3092069522436803,-1.990845919171837
47,16,0.21262040468838722,-0.1375577591165153,0.2530579114962361,0.1634564650591267,-0.12142356865704122,-0.17686746286909094,0.04916393962926052,-0.016134190459474076,0.429925374365327,1.820932913403017,-0.0814512309973448,0.30926212325261354,-0.005004777505586289,0.14084293927077446,0.13849144312333886,0.6743695304738283,0.3092069522436803,-1.990845919171837
47,17,0.27291636325893204,-0.16463958700865775,0.0877854939948828,0.22375242362967152,-0.14850539654918365,-0.34213988037044424,0.04916393962926052,-0.016134190459474076,0.429925374365327,1.820932913403017,-0.0814512309973448,0.30926212325261354,-0.005004777505586289,0.14084293927077446,0.13849144312333886,0.6743695304738283,0.3092069522436803,-1.990845919171837
47,18,0.30101382598835,-0.16405849842806525,0.02149677002318186,0.2518498863590895,-0.14792430796859118,-0.4084286043421452,0.04916393962926052,-0.016134190459474076,0.429925374365327,1.820932913403017,-0.0814512309973448,0.30926212325261354,-0.005004777505586289,0.14084293927077446,0.13849144312333886,0.6743695304738283,0.3092069522436803,-1.990845919171837
47,19,0.2083729867500846,0.0687516488887786,0.3735454130233265,0.15920904712082407,0.08488583934825268,-0.05637996134200052,0.04916393962926052,-0.016134190459474076,0.429925374365327,1.820932913403017,-0.0814512309973448,0.30926212325261354,-0.005004777505586289,0.14084293927077446,0.13849144312333886,0.6743695304738283,0.3092069522436803,-1.990845919171837
47,20,0.247466727023455,0.11512948663396583,0.3213843581565599,0.1983027873941945,0.1312636770934399,-0.1085410162087671,0.04916393962926052,-0.016134190459474076,0.429925374365327,1.820932913403017,-0.0814512309973448,0.30926212325261354,-0.005004777505586289,0.14084293927077446,0.13849144312333886,0.6743695304738283,0.3092069522436803,-1.990845919171837
47,21,0.12759119619004827,0.09442248018223418,0.2302521628545845,0.07842725656078775,0.11055667064170825,-0.19967321151074252,0.04916393962926052,-0.016134190459474076,0.429925374365327,1.820932913403017,-0.0814512309973448,0.30926212325261354,-0.005004777505586289,0.14084293927077446,0.13849144312333886,0.6743695304738283,0.3092069522436803,-1.990845919171837
47,22,0.21008116378218072,0.10945193782443019,0.07323776649689671,0.1609172241529202,0.12558612828390425,-0.3566876078684303,0.04916393962926052,-0.016134190459474076,0.429925374365327,1.820932913403017,-0.0814512309973448,0.30926212325261354,-0.005004777505586289,0.14084293927077446,0.13849144312333886,0.6743695304738283,0.3092069522436803,-1.990845919171837
47,23,0.2425008698913082,0.1386736952820954,0.0159747631643787,0.19333693026204768,0.15480788574156945,-0.41395061120094834,0.04916393962926052,-0.016134190459474076,0.429925374365327,1.820932913403017,-0.0814512309973448,0.30926212325261354,-0.005004777505586289,0.14084293927077446,0.13849144312333886,0.6743695304738283,0.3092069522436803,-1.990845919171837
47,24,0.24626274947132915,0.046841659781633155,0.41383583697307685,0.19709880984206862,0.06297585024110723,-0.016089537392250164,0.04916393962926052,-0.016134190459474076,0.429925374365327,1.820932913403017,-0.0814512309973448,0.30926212325261354,-0.005004777505586289,0.14084293927077446,0.13849144312333886,0.6743695304738283,0.3092069522436803,-1.990845919171837
47,25,0.38521586093466226,0.049352594061451455,0.43074214955830503,0.33605192130540174,0.06548678452092553,0.0008167751929780143,0.04916393962926052,-0.016134190459474076,0.429925374365327,1.820932913403017,-0.0814512309973448,0.30926212325261354,-0.005004777505586289,0.14084293927077446,0.13849144312333886,0.6743695304738283,0.3092069522436803,-1.990845919171837
47,26,0.5526752251586327,0.020608437566486282,0.43632201141432986,0.5035112855293722,0.03674262802596036,0.00639663704900284,0.04916393962926052,-0.016134190459474076,0.429925374365327,1.820932913403017,-0.0814512309973448,0.30926212325261354,-0.005004777505586289,0.14084293927077446,0.13849144312333886,0.6743695304738283,0.3092069522436803,-1.990845919171837
48,0,-0.1492461415491665,-0.07425359247158123,0.44569391175757717,-0.1986013220833565,-0.058566243429515406,0.013755890670368698,0.049355180534190024,-0.01568734904206582,0.43193802108720847,1.801492159918268,-0.06915339616689627,0.2867653935041799,0.011472159863797338,0.02680512401969149,0.1207346563816107,-1.166211966691598,0.7377225453178486,-1.3495338781303923
48,1,-0.2115112876830309,-0.08336442493340068,0.41800532532314066,-0.2608664682172209,-0.06767707589133487,-0.013932695764067804,0.049355180534190024,-0.01568734904206582,0.43193802108720847,1.801492159918268,-0.06915339616689627,0.2867653935041799,0.011472159863797338,0.02680512401969149,0.1207346563816107,-1.166211966691598,0.7377225453178486,-1.3495338781303923
48,2,-0.2696776489454935,0.0196900172662704,0.437916536117728,-0.31903282947968353,0.03537736630833622,0.005978515030519549,0.049355180534190024,-0.01568734904206582,0.43193802108720847,1.801492159918268,-0.06915339616689627,0.2867653935041799,0.011472159863797338,0.02680512401969149,0.1207346563816107,-1.166211966691598,0.7377225453178486,-1.3495338781303923
48,3,-0.29024251456041306,0.1316680268699239,0.4758376598577409,-0.3395976950946031,0.14735537591198972,0.043899638770532434,0.049355180534190024,-0.01568734904206582,0.43193802108720847,1.801492159918268,-0.06915339616689627,0.2867653935041799,0.011472159863797338,0.02680512401969149,0.1207346563816107,-1.166211966691598,0.7377225453178486,-1.3495338781303923
48,4,-0.17907738580115348,-0.14347055891468696,0.3677823650318242,-0.2284325663353435,-0.12778320987262115,-0.06415565605538426,0.049355180534190024,-0.01568734904206582,0.43193802108720847,1.801492159918268,-0.06915339616689627,0.2867653935041799,0.011472159863797338,0.02680512401969149,0.1207346563816107,-1.166211966691598,0.7377225453178486,-1.3495338781303923
48,5,-0.06849061629462294,-0.1610656651777796,0.253497726495742,-0.11784579682881297,-0.14537831613571378,-0.1784402945914665,0.049355180534190024,-0.01568734904206582,0.43193802108720847,1.801492159918268,-0.06915339616689627,0.2867653935041799,0.011472159863797338,0.02680512401969149,0.1207346563816107,-1.166211966691598,0.7377225453178486,-1.3495338781303923
48,6,-0.17751107414559186,-0.13350059779513831,0.11294628826248734,-0.2268662546797819,-0.1178132487530725,-0.31899173282472115,0.049355180534190024,-0.01568734904206582,0.43193802108720847,1.801492159918268,-0.06915339616689627,0.2867653935041799,0.011472159863797338,0.02680512401969149,0.1207346563816107,-1.166211966691598,0.7377225453178486,-1.3495338781303923
48,7,-0.16197478402092427,-0.12819732747295345,0.006201269586278465,-0.2113299645551143,-0.11250997843088764,-0.42573675150093,0.049355180534190024,-0.01568734904206582,0.43193802108720847,1.801492159918268,-0.06915339616689627,0.2867653935041799,0.011472159863797338,0.02680512401969149,0.1207346563816107,-1.166211966691598,0.7377225453178486,-1.3495338781303923
48,8,-0.18273278895742093,-0.05042213661126539,0.3453852006495515,-0.23208796949161095,-0.03473478756919957,-0.08655282043765694,0.049355180534190024,-0.01568734904206582,0.43193802108720847,1.801492159918268,-0.06915339616689627,0.2867653935041799,0.011472159863797338,0.02680512401969149,0.1207346563816107,-1.166211966691598,0.7377225453178486,-1.3495338781303923
48,9,-0.04896115316074039,0.0005203607228901619,0.2739008572192603,-0.09831633369493041,0.01620770976495598,-0.1580371638679482,0.049355180534190024,-0.01568734904206582,0.43193802108720847,1.801492159918268,-0.06915339616689627,0.2867653935041799,0.011472159863797338,0.02680512401969149,0.1207346563816107,-1.166211966691598,0.7377225453178486,-1.3495338781303923
48,10,-0.09720846695261191,-0.004874345499408142,0.10057141987795265,-0.14656364748680195,0.010813003542657677,-0.3313666012092558,0.049355180534190024,-0.01568734904206582,0.43193802108720847,1.801492159918268,-0.06915339616689627,0.2867653935041799,0.011472159863797338,0.02680512401969149,0.1207346563816107,-1.166211966691598,0.7377225453178486,-1.3495338781303923
48,11,-0.04874356786193297,0.012288985955642706,0.005594719572128869,-0.098098748396123,0.027976334997708525,-0.4263433015150796,0.049355180534190024,-0.01568734904206582,0.43193802108720847,1.801492159918268,-0.06915339616689627,0.2867653935041799,0.011472159863797338,0.02680512401969149,0.1207346563816107,-1.166211966691598,0.7377225453178486,-1.3495338781303923
48,12,-0.1492461415491665,-0.07425359247158123,0.44569391175757717,-0.1986013220833565,-0.058566243429515406,0.013755890670368698,0.049355180534190024,-0.01568734904206582,0.43193802108720847,1.801492159918268,-0.06915339616689627,0.2867653935041799,0.011472159863797338,0.02680512401969149,0.1207346563816107,-1.166211966691598,0.7377225453178486,-1.3495338781303923
48,13,0.03345317507205428,-0.023786287453503856,0.43250259966719734,-0.015902005462135743,-0.008098938411438036,0.0005645785799888725,0.049355180534190024,-0.01568734904206582,0.43193802108720847,1.801492159918268,-0.06915339616689627,0.2867653935041799,0.011472159863797338,0.02680512401969149,0.1207346563816107,-1.166211966691598,0.7377225453178486,-1.3495338781303923
48,14,0.23648830829287065,-0.012513694413293835,0.39976633245478194,0.18713312775868063,0.003173654628771984,-0.03217168863242653,0.049355180534190024,-0.01568734904206582,0.43193802108720847,1.801492159918268,-0.06915339616689627,0.2867653935041799,0.011472159863797338,0.02680512401969149,0.1207346563816107,-1.166211966691598,0.7377225453178486,-1.3495338781303923
48,15,0.2889686002685013,-0.05696760803639653,0.3588766223056289,0.23961341973431127,-0.04128025899433071,-0.07306139878157958,0.049355180534190024,-0.01568734904206582,0.43193802108720847,1.801492159918268,-0.06915339616689627,0.2867653935041799,0.011472159863797338,0.02680512401969149,0.1207346563816107,-1.166211966691598,0.7377225453178486,-1.3495338781303923
48,16,0.2134112159251817,-0.13773290385637946,0.2546075059627809,0.16405603539099167,-0.12204555481431364,-0.17733051512442755,0.049355180534190024,-0.01568734904206582,0.43193802108720847,1.801492159918268,-0.06915339616689627,0.2867653935041799,0.011472159863797338,0.02680512401969149,0.1207346563816107,-1.166211966691598,0.7377225453178486,-1.3495338781303923
48,17,0.2782516881794137,-0.1642703601754787,0.09097536806146841,0.22889650764522368,-0.14858301113341288,-0.34096265302574,0.049355180534190024,-0.01568734904206582,0.43193802108720847,1.801492159918268,-0.06915339616689627,0.2867653935041799,0.011472159863797338,0.02680512401969149,0.1207346563816107,-1.166211966691598,0.7377225453178486,-1.3495338781303923
48,18,0.3040221285909155,-0.16431395841087743,0.023745296679291688,0.25466694805672546,-0.1486266093688116,-0.40819272440791676,0.049355180534190024,-0.01568734904206582,0.43193802108720847,1.801492159918268,-0.06915339616689627,0.2867653935041799,0.011472159863797338,0.02680512401969149,0.1207346563816107,-1.166211966691598,0.7377225453178486,-1.3495338781303923
48,19,0.2104645675420505,0.06667283365711427,0.3785942124117602,0.16110938700786048,0.08236018269918008,-0.053343808675448245,0.049355180534190024,-0.01568734904206582,0.43193802108720847,1.801492159918268,-0.06915339616689627,0.2867653935041799,0.011472159863797338,0.02680512401969149,0.1207346563816107,-1.166211966691598,0.7377225453178486,-1.3495338781303923
48,20,0.24957453151869985,0.11487476442938727,0.32812655370677324,0.20021935098450983,0.13056211347145308,-0.10381146738043523,0.049355180534190024,-0.01568734904206582,0.43193802108720847,1.801492159918268,-0.06915339616689627,0.2867653935041799,0.011472159863797338,0.02680512401969149,0.1207346563816107,-1.166211966691598,0.7377225453178486,-1.3495338781303923
48,21,0.13226486279902083,0.09508795713061005,0.23351723156447143,0.08290968226483081,0.11077530617267586,-0.19842078952273703,0.049355180534190024,-0.01568734904206582,0.43193802108720847,1.801492159918268,-0.06915339616689627,0.2867653935041799,0.011472159863797338,0.02680512401969149,0.1207346563816107,-1.166211966691598,0.7377225453178486,-1.3495338781303923
48,22,0.20755060457527408,0.11139510392592625,0.0730487485857643,0.15819542404108405,0.12708245296799206,-0.3588892725014442,0.049355180534190024,-0.01568734904206582,0.43193802108720847,1.801492159918268,-0.06915339616689627,0.2867653935041799,0.011472159863797338,0.02680512401969149,0.1207346563816107,-1.166211966691598,0.7377225453178486,-1.3495338781303923
48,23,0.24089804205095083,0.1383542439175741,0.015211449385375463,0.1915428615167608,0.1540415929596399,-0.416726571701833,0.049355180534190024,-0.01568734904206582,0.43193802108720847,1.801492159918268,-0.06915339616689627,0.2867653935041799,0.011472159863797338,0.02680512401969149,0.1207346563816107,-1.166211966691598,0.7377225453178486,-1.3495338781303923
48,24,0.24795650261754654,0.04287889438744959,0.41818213041683977,0.1986013220833565,0.058566243429515406,-0.013755890670368698,0.049355180534190024,-0.01568734904206582,0.43193802108720847,1.801492159918268,-0.06915339616689627,0.2867653935041799,0.011472159863797338,0.02680512401969149,0.1207346563816107,-1.166211966691598,0.7377225453178486,-1.3495338781303923
48,25,0.3869022479050013,0.05211465832974202,0.4326346669315821,0.33754706737081125,0.06780200737180783,0.0006966458443736223,0.049355180534190024,-0.01568734904206582,0.43193802108720847,1.801492159918268,-0.06915339616689627,0.2867653935041799,0.011472159863797338,0.02680512401969149,0.1207346563816107,-1.166211966691598,0.7377225453178486,-1.3495338781303923
48,26,0.5552621331583257,0.029425644639519077,0.42629766430252786,0.5059069526241358,0.0451129936815849,-0.005640356784680611,0.049355180534190024,-0.01568734904206582,0.43193802108720847,1.801492159918268,-0.06915339616689627,0.2867653935041799,0.011472159863797338,0.02680512401969149,0.1207346563816107,-1.166211966691598,0.7377225453178486,-1.3495338781303923
49,0,-0.14910119275106476,-0.07289904758239844,0.4456179117575772,-0.19934927111550016,-0.05644072262554649,0.011421391750219112,0.0502480783644354,-0.016458324956851955,0.4341965200073581,1.7704608861207753,-0.057230805110033485,0.2759039725836501,0.0535631571832859,-0.04624930502616292,0.135482838641249,-1.8615041270241577,0.7152124209275813,-0.6515549442429378
49,1,-0.21144471441264254,-0.0790467362399368,0.41729645740362387,-0.2616927927770779,-0.06258841128308484,-0.016900062603734223,0.0502480783644354,-0.016458324956851955,0.4341965200073581,1.7704608861207753,-0.057230805110033485,0.2759039725836501,0.0535631571832859,-0.04624930502616292,0.135482838641249,-1.8615041270241577,0.7152124209275813,-0.6515549442429378
49,2,-0.25484022682611296,0.030401331419407512,0.44049020805534256,-0.30508830519054836,0.04685965637625947,0.006293688047984469,0.0502480783644354,-0.016458324956851955,0.4341965200073581,1.7704608861207753,-0.057230805110033485,0.2759039725836501,0.0535631571832859,-0.04624930502616292,0.135482838641249,-1.8615041270241577,0.7152124209275813,-0.6515549442429378
49,3,-0.24627309361356148,0.14166472750975667,0.4846157221258188,-0.2965211719779969,0.15812305246660863,0.05041920211846074,0.0502480783644354,-0.016458324956851955,0.4341965200073581,1.7704608861207753,-0.057230805110033485,0.2759039725836501,0.0535631571832859,-0.04624930502616292,0.135482838641249,-1.8615041270241577,0.7152124209275813,-0.6515549442429378
49,4,-0.18165962395873397,-0.14135368250000319,0.36812589760135833,-0.23190770232316937,-0.12489535754315123,-0.06607062240599976,0.0502480783644354,-0.016458324956851955,0.4341965200073581,1.7704608861207753,-0.057230805110033485,0.2759039725836501,0.0535631571832859,-0.04624930502616292,0.135482838641249,-1.8615041270241577,0.7152124209275813,-0.6515549442429378
49,5,-0.07032973952276479,-0.16207058363371257,0.2550928629871964,-0.12057781788720019,-0.14561225867686062,-0.17910365702016168,0.0502480783644354,-0.016458324956851955,0.4341965200073581,1.7704608861207753,-0.057230805110033485,0.2759039725836501,0.0535631571832859,-0.04624930502616292,0.135482838641249,-1.8615041270241577,0.7152124209275813,-0.6515549442429378
49,6,-0.1770885265269491,-0.1331668519373804,0.11308182199687594,-0.2273366048913845,-0.11670852698052844,-0.32111469801048215,0.0502480783644354,-0.016458324956851955,0.4341965200073581,1.7704608861207753,-0.057230805110033485,0.2759039725836501,0.0535631571832859,-0.04624930502616292,0.135482838641249,-1.8615041270241577,0.7152124209275813,-0.6515549442429378
49,7,-0.16196975681612763,-0.12792732928562872,0.006273722087204873,-0.21221783518056303,-0.11146900432877677,-0.4279227979201532,0.0502480783644354,-0.016458324956851955,0.4341965200073581,1.7704608861207753,-0.057230805110033485,0.2759039725836501,0.0535631571832859,-0.04624930502616292,0.135482838641249,-1.8615041270241577,0.7152124209275813,-0.6515549442429378
49,8,-0.18015663035827395,-0.048508310051660265,0.3446635502889646,-0.23040470872270935,-0.03204998509480831,-0.08953296971839347,0.0502480783644354,-0.016458324956851955,0.4341965200073581,1.7704608861207753,-0.057230805110033485,0.2759039725836501,0.0535631571832859,-0.04624930502616292,0.135482838641249,-1.8615041270241577,0.7152124209275813,-0.6515549442429378
49,9,-0.044486792512960435,-0.0008944306946408048,0.2744737097646481,-0.09473487087739584,0.01556389426221115,-0.15972281024271,0.0502480783644354,-0.016458324956851955,0.4341965200073581,1.7704608861207753,-0.057230805110033485,0.2759039725836501,0.0535631571832859,-0.04624930502616292,0.135482838641249,-1.8615041270241577,0.7152124209275813,-0.6515549442429378
49,10,-0.09611861654885505,-0.0037356670820582194,0.10206117501674487,-0.14636669491329046,0.012722657874793736,-0.3321353449906132,0.0502480783644354,-0.016458324956851955,0.4341965200073581,1.7704608861207753,-0.057230805110033485,0.2759039725836501,0.0535631571832859,-0.04624930502616292,0.135482838641249,-1.8615041270241577,0.7152124209275813,-0.6515549442429378
49,11,-0.04916244930855007,0.013231973792685009,0.006294701050832412,-0.09941052767298547,0.029690298749536964,-0.4279018189565257,0.0502480783644354,-0.016458324956851955,0.4341965200073581,1.7704608861207753,-0.057230805110033485,0.2759039725836501,0.0535631571832859,-0.04624930502616292,0.135482838641249,-1.8615041270241577,0.7152124209275813,-0.6515549442429378
49,12,-0.14910119275106476,-0.07289904758239844,0.4456179117575772,-0.19934927111550016,-0.05644072262554649,0.011421391750219112,0.0502480783644354,-0.016458324956851955,0.4341965200073581,1.7704608861207753,-0.057230805110033485,0.2759039725836501,0.0535631571832859,-0.04624930502616292,0.135482838641249,-1.8615041270241577,0.7152124209275813,-0.6515549442429378
49,13,0.03447161506722507,-0.02513108771078105,0.4346979094498069,-0.01577646329721033,-0.008672762753929093,0.0005013894424488186,0.0502480783644354,-0.016458324956851955,0.4341965200073581,1.7704608861207753,-0.057230805110033485,0.2759039725836501,0.0535631571832859,-0.04624930502616292,0.135482838641249,-1.8615041270241577,0.7152124209275813,-0.6515549442429378
49,14,0.23756636328749808,-0.014493247536987053,0.4021193913079846,0.18731828492306268,0.0019650774198649024,-0.032077128699373514,0.0502480783644354,-0.016458324956851955,0.4341965200073581,1.7704608861207753,-0.057230805110033485,0.2759039725836501,0.0535631571832859,-0.04624930502616292,0.135482838641249,-1.8615041270241577,0.7152124209275813,-0.6515549442429378
49,15,0.2909384215300205,-0.05699019973678757,0.3603135020870824,0.24069034316558507,-0.04053187477993561,-0.07388301792027568,0.0502480783644354,-0.016458324956851955,0.4341965200073581,1.7704608861207753,-0.057230805110033485,0.2759039725836501,0.0535631571832859,-0.04624930502616292,0.135482838641249,-1.8615041270241577,0.7152124209275813,-0.6515549442429378
49,16,0.21184000108903617,-0.13367386052115798,0.25558978880485017,0.16159192272460077,-0.11721553556430603,-0.17860673120250792,0.0502480783644354,-0.016458324956851955,0.4341965200073581,1.7704608861207753,-0.057230805110033485,0.2759039725836501,0.0535631571832859,-0.04624930502616292,0.135482838641249,-1.8615041270241577,0.7152124209275813,-0.6515549442429378
49,17,0.2872966135470563,-0.16138129908539028,0.0967735505845135,0.23704853518262092,-0.14492297412853833,-0.33742296942284455,0.0502480783644354,-0.016458324956851955,0.4341965200073581,1.7704608861207753,-0.057230805110033485,0.2759039725836501,0.0535631571832859,-0.04624930502616292,0.135482838641249,-1.8615041270241577,0.7152124209275813,-0.6515549442429378
49,18,0.31104120184552,-0.16130260321755435,0.028801583297969575,0.2607931234810846,-0.1448442782607024,-0.40539493670938853,0.0502480783644354,-0.016458324956851955,0.4341965200073581,1.7704608861207753,-0.057230805110033485,0.2759039725836501,0.0535631571832859,-0.04624930502616292,0.135482838641249,-1.8615041270241577,0.7152124209275813,-0.6515549442429378
49,19,0.21229036009254082,0.06574471325014176,0.3842590062978332,0.16204228172810542,0.08220303820699372,-0.04993751370952487,0.0502480783644354,-0.016458324956851955,0.4341965200073581,1.7704608861207753,-0.057230805110033485,0.2759039725836501,0.0535631571832859,-0.04624930502616292,0.135482838641249,-1.8615041270241577,0.7152124209275813,-0.6515549442429378
49,20,0.25087397691064633,0.11548972075291976,0.3348956720808002,0.20062589854621093,0.1319480457097717,-0.09930084792655791,0.0502480783644354,-0.016458324956851955,0.4341965200073581,1.7704608861207753,-0.057230805110033485,0.2759039725836501,0.0535631571832859,-0.04624930502616292,0.135482838641249,-1.8615041270241577,0.7152124209275813,-0.6515549442429378
49,21,0.13630832640319712,0.09990614665557378,0.2362251900684605,0.08606024803876172,0.11636447161242573,-0.1979713299388976,0.0502480783644354,-0.016458324956851955,0.4341965200073581,1.7704608861207753,-0.057230805110033485,0.2759039725836501,0.0535631571832859,-0.04624930502616292,0.135482838641249,-1.8615041270241577,0.7152124209275813,-0.6515549442429378
49,22,0.20293039980609856,0.11391707010388598,0.07175880022907062,0.15268232144166316,0.13037539506073792,-0.3624377197782875,0.0502480783644354,-0.016458324956851955,0.4341965200073581,1.7704608861207753,-0.057230805110033485,0.2759039725836501,0.0535631571832859,-0.04624930502616292,0.135482838641249,-1.8615041270241577,0.7152124209275813,-0.6515549442429378
49,23,0.23827040095603264,0.13917376099765505,0.014337690044022425,0.18802232259159724,0.155632085954507,-0.4198588299633357,0.0502480783644354,-0.016458324956851955,0.4341965200073581,1.7704608861207753,-0.057230805110033485,0.2759039725836501,0.0535631571832859,-0.04624930502616292,0.135482838641249,-1.8615041270241577,0.7152124209275813,-0.6515549442429378
49,24,0.24959734947993556,0.03998239766869453,0.4227751282571389,0.19934927111550016,0.05644072262554649,-0.011421391750219168,0.0502480783644354,-0.016458324956851955,0.4341965200073581,1.7704608861207753,-0.057230805110033485,0.2759039725836501,0.0535631571832859,-0.04624930502616292,0.135482838641249,-1.8615041270241577,0.7152124209275813,-0.6515549442429378
49,25,0.3880140712780418,0.05600244946446535,0.43634953521344794,0.3377659929136064,0.0724607744213173,0.0021530152060898478,0.0502480783644354,-0.016458324956851955,0.4341965200073581,1.7704608861207753,-0.057230805110033485,0.2759039725836501,0.0535631571832859,-0.04624930502616292,0.135482838641249,-1.8615041270241577,0.7152124209275813,-0.6515549442429378
49,26,0.5559683151372203,0.03494915703398603,0.4205973602670758,0.5057202367727849,0.051407481990837986,-0.013599159740282307,0.0502480783644354,-0.016458324956851955,0.4341965200073581,1.7704608861207753,-0.057230805110033485,0.2759039725836501,0.0535631571832859,-0.04624930502616292,0.135482838641249,-1.8615041270241577,0.7152124209275813,-0.6515549442429378
50,0,-0.14731443694729704,-0.07388142261798873,0.44664791175757723,-0.19950514497894212,-0.05614170714695501,0.010327209570160756,0.052190708031645064,-0.017739715471033722,0.4363207021874165,1.7527116597142933,-0.05171796631003245,0.2743109060136383,0.11653447313795223,-0.07686805723945812,0.12742544571436035,-1.064740636261669,0.33070418716262967,-0.09556488122446595
50,1,-0.20986395217221124,-0.07758195198585388,0.4183551960454542,-0.2620546602038563,-0.05984223651482016,-0.017965506141962295,0.052190708031645064,-0.017739715471033722,0.4363207021874165,1.7527116597142933,-0.05171796631003245,0.2743109060136383,0.11653447313795223,-0.07686805723945812,0.12742544571436035,-1.064740636261669,0.33070418716262967,-0.09556488122446595
50,2,-0.2423535697685223,0.03593626209058008,0.4397570619554534,-0.29454427780016734,0.053675977561613804,0.003436359768036912,0.052190708031645064,-0.017739715471033722,0.4363207021874165,1.7527116597142933,-0.05171796631003245,0.2743109060136383,0.11653447313795223,-0.07686805723945812,0.12742544571436035,-1.064740636261669,0.33070418716262967,-0.09556488122446595
50,3,-0.20762508544199615,0.14170333140591634,0.48455951125375013,-0.2598157934736412,0.15944304687695007,0.048238809066333654,0.052190708031645064,-0.017739715471033722,0.4363207021874165,1.7527116597142933,-0.05171796631003245,0.2743109060136383,0.11653447313795223,-0.07686805723945812,0.12742544571436035,-1.064740636261669,0.33070418716262967,-0.09556488122446595
50,4,-0.1820728798893092,-0.13980409561499435,0.3679259163875345,-0.23426358792095425,-0.12206438014396062,-0.06839478579988195,0.052190708031645064,-0.017739715471033722,0.4363207021874165,1.7527116597142933,-0.05171796631003245,0.2743109060136383,0.11653447313795223,-0.07686805723945812,0.12742544571436035,-1.064740636261669,0.33070418716262967,-0.09556488122446595
50,5,-0.07092057654105904,-0.16242939878764456,0.25508416366945386,-0.12311128457270411,-0.14468968331661083,-0.18123653851796262,0.052190708031645064,-0.017739715471033722,0.4363207021874165,1.7527116597142933,-0.05171796631003245,0.2743109060136383,0.11653447313795223,-0.07686805723945812,0.12742544571436035,-1.064740636261669,0.33070418716262967,-0.09556488122446595
50,6,-0.17701648642757922,-0.13212088616057166,0.11286935429535169,-0.22920719445922427,-0.11438117068953793,-0.32345134789206476,0.052190708031645064,-0.017739715471033722,0.4363207021874165,1.7527116597142933,-0.05171796631003245,0.2743109060136383,0.11653447313795223,-0.07686805723945812,0.12742544571436035,-1.064740636261669,0.33070418716262967,-0.09556488122446595
50,7,-0.1615485175339974,-0.12705779677317974,0.006102753408271351,-0.21373922556564245,-0.10931808130214601,-0.4302179487791451,0.052190708031645064,-0.017739715471033722,0.4363207021874165,1.7527116597142933,-0.05171796631003245,0.2743109060136383,0.11653447313795223,-0.07686805723945812,0.12742544571436035,-1.064740636261669,0.33070418716262967,-0.09556488122446595
50,8,-0.17778314432973055,-0.04661134885915068,0.34625302978913,-0.22997385236137563,-0.028871633388116956,-0.0900676723982865,0.052190708031645064,-0.017739715471033722,0.4363207021874165,1.7527116597142933,-0.05171796631003245,0.2743109060136383,0.11653447313795223,-0.07686805723945812,0.12742544571436035,-1.064740636261669,0.33070418716262967,-0.09556488122446595
50,9,-0.041394723028404634,-0.001783941613616627,0.27562228465449556,-0.0935854310600497,0.015955773857417095,-0.1606984175329209,0.052190708031645064,-0.017739715471033722,0.4363207021874165,1.7527116597142933,-0.05171796631003245,0.2743109060136383,0.11653447313795223,-0.07686805723945812,0.12742544571436035,-1.064740636261669,0.33070418716262967,-0.09556488122446595
50,10,-0.09462667550675591,-0.00285253639505878,0.10367689405243137,-0.14681738353840096,0.014887179075974942,-0.3326438081349851,0.052190708031645064,-0.017739715471033722,0.4363207021874165,1.7527116597142933,-0.05171796631003245,0.2743109060136383,0.11653447313795223,-0.07686805723945812,0.12742544571436035,-1.064740636261669,0.33070418716262967,-0.09556488122446595
50,11,-0.049320437705978715,0.013920031901139926,0.007084835495312678,-0.10151114573762378,0.03165974737217365,-0.4292358666921038,0.052190708031645064,-0.017739715471033722,0.4363207021874165,1.7527116597142933,-0.05171796631003245,0.2743109060136383,0.11653447313795223,-0.07686805723945812,0.12742544571436035,-1.064740636261669,0.33070418716262967,-0.09556488122446595
50,12,-0.14731443694729704,-0.07388142261798873,0.44664791175757723,-0.19950514497894212,-0.05614170714695501,0.010327209570160756,0.052190708031645064,-0.017739715471033722,0.4363207021874165,1.7527116597142933,-0.05171796631003245,0.2743109060136383,0.11653447313795223,-0.07686805723945812,0.12742544571436035,-1.064740636261669,0.33070418716262967,-0.09556488122446595
50,13,0.03621520751675947,-0.025763068719369467,0.43657350198645334,-0.015975500514885596,-0.008023353248335745,0.00025279979903686245,0.052190708031645064,-0.017739715471033722,0.4363207021874165,1.7527116597142933,-0.05171796631003245,0.2743109060136383,0.11653447313795223,-0.07686805723945812,0.12742544571436035,-1.064740636261669,0.33070418716262967,-0.09556488122446595
50,14,0.23918425082005831,-0.015114537058701125,0.40322419372253293,0.18699354278841324,0.0026251784123325975,-0.033096508464883545,0.052190708031645064,-0.017739715471033722,0.4363207021874165,1.7527116597142933,-0.05171796631003245,0.2743109060136383,0.11653447313795223,-0.07686805723945812,0.12742544571436035,-1.064740636261669,0.33070418716262967,-0.09556488122446595
50,15,0.2931771032969577,-0.05589423911813854,0.3605148541224908,0.24098639526531263,-0.03815452364710482,-0.07580584806492568,0.052190708031645064,-0.017739715471033722,0.4363207021874165,1.7527116597142933,-0.05171796631003245,0.2743109060136383,0.11653447313795223,-0.07686805723945812,0.12742544571436035,-1.064740636261669,0.33070418716262967,-0.09556488122446595
50,16,0.21001057214999322,-0.13113135383231245,0.25791512359001356,0.15781986411834814,-0.11339163836127872,-0.17840557859740291,0.052190708031645064,-0.017739715471033722,0.4363207021874165,1.7527116597142933,-0.05171796631003245,0.2743109060136383,0.11653447313795223,-0.07686805723945812,0.12742544571436035,-1.064740636261669,0.33070418716262967,-0.09556488122446595
50,17,0.30019383537138644,-0.15132561372289424,0.10578632641930122,0.2480031273397414,-0.1335858982518605,-0.3305343757681153,0.052190708031645064,-0.017739715471033722,0.4363207021874165,1.7527116597142933,-0.05171796631003245,0.2743109060136383,0.11653447313795223,-0.07686805723945812,0.12742544571436035,-1.064740636261669,0.33070418716262967,-0.09556488122446595
50,18,0.3243338286198799,-0.1514119997791935,0.0379537880235363,0.27214312058823487,-0.13367228430815978,-0.39836691416388015,0.052190708031645064,-0.017739715471033722,0.4363207021874165,1.7527116597142933,-0.05171796631003245,0.2743109060136383,0.11653447313795223,-0.07686805723945812,0.12742544571436035,-1.064740636261669,0.33070418716262967,-0.09556488122446595
50,19,0.21433852646182575,0.06594087040989023,0.388777362809581,0.16214781843018067,0.08368058588092395,-0.0475433393778355,0.052190708031645064,-0.017739715471033722,0.4363207021874165,1.7527116597142933,-0.05171796631003245,0.2743109060136383,0.11653447313795223,-0.07686805723945812,0.12742544571436035,-1.064740636261669,0.33070418716262967,-0.09556488122446595
50,20,0.2522785308281702,0.11706534011955945,0.3403331198274367,0.20008782279652515,0.13480505559059316,-0.09598758235997978,0.052190708031645064,-0.017739715471033722,0.4363207021874165,1.7527116597142933,-0.05171796631003245,0.2743109060136383,0.11653447313795223,-0.07686805723945812,0.12742544571436035,-1.064740636261669,0.33070418716262967,-0.09556488122446595
50,21,0.1401820507305875,0.10620961661419383,0.2382521105450773,0.08799134269894245,0.12394933208522754,-0.19806859164233917,0.052190708031645064,-0.017739715471033722,0.4363207021874165,1.7527116597142933,-0.05171796631003245,0.2743109060136383,0.11653447313795223,-0.07686805723945812,0.12742544571436035,-1.064740636261669,0.33070418716262967,-0.09556488122446595
50,22,0.19881395929211085,0.11600651027637911,0.07047153901212021,0.14662325126046577,0.13374622574741282,-0.36584916317529625,0.052190708031645064,-0.017739715471033722,0.4363207021874165,1.7527116597142933,-0.05171796631003245,0.2743109060136383,0.11653447313795223,-0.07686805723945812,0.12742544571436035,-1.064740636261669,0.33070418716262967,-0.09556488122446595
50,23,0.2357277887507325,0.1401283822317499,0.013554893871371692,0.18353708071908742,0.15786809770278362,-0.42276580831604477,0.052190708031645064,-0.017739715471033722,0.4363207021874165,1.7527116597142933,-0.05171796631003245,0.2743109060136383,0.11653447313795223,-0.07686805723945812,0.12742544571436035,-1.064740636261669,0.33070418716262967,-0.09556488122446595
50,24,0.25169585301058717,0.03840199167592129,0.4259934926172558,0.19950514497894212,0.05614170714695501,-0.0103272095701607,0.052190708031645064,-0.017739715471033722,0.4363207021874165,1.7527116597142933,-0.05171796631003245,0.2743109060136383,0.11653447313795223,-0.07686805723945812,0.12742544571436035,-1.064740636261669,0.33070418716262967,-0.09556488122446595
50,25,0.38878872447337653,0.06384247387198498,0.43858006733155047,0.3365980164417315,0.0815821893430187,0.0022593651441339957,0.052190708031645064,-0.017739715471033722,0.4363207021874165,1.7527116597142933,-0.05171796631003245,0.2743109060136383,0.11653447313795223,-0.07686805723945812,0.12742544571436035,-1.064740636261669,0.33070418716262967,-0.09556488122446595
50,26,0.55580995375032,0.04193094193702164,0.4156935248496148,0.503619245718675,0.05967065740805536,-0.020627177337801672,0.052190708031645064,-0.017739715471033722,0.4363207021874165,1.7527116597142933,-0.05171796631003245,0.2743109060136383,0.11653447313795223,-0.07686805723945812,0.12742544571436035,-1.064740636261669,0.33070418716262967,-0.09556488122446595