frame,joint_idx,x,y,z,base_rel_x,base_rel_y,base_rel_z,base_frame_x,base_frame_y,base_frame_z,roll,pitch,yaw,linear_vel_x,linear_vel_y,linear_vel_z,angular_vel_roll,angular_vel_pitch,angular_vel_yaw
0,0,-0.00036425258327196325,-0.0014493129596628521,0.12241236856615968,-0.05590500948294818,-0.0015170753088651653,-0.19218840936058806,0.05554075689967622,6.776234920231319e-05,0.31460077792674773,0.007893523887734068,1.287721390295003,0.02713000313816251,0.0,0.0,0.0,0.0,0.0,0.0
0,1,0.02722725400273605,-0.014614945237841872,0.06083324536872734,-0.02831350289694017,-0.014682707587044186,-0.25376753255802037,0.05554075689967622,6.776234920231319e-05,0.31460077792674773,0.007893523887734068,1.287721390295003,0.02713000313816251,0.0,0.0,0.0,0.0,0.0,0.0
0,2,-0.08390218722039608,0.022125030724747113,0.0343677686094261,-0.1394429441200723,0.0220572683755448,-0.28023300931732165,0.05554075689967622,6.776234920231319e-05,0.31460077792674773,0.007893523887734068,1.287721390295003,0.02713000313816251,0.0,0.0,0.0,0.0,0.0,0.0
0,3,-0.20029889497781,0.050682140214929366,0.028342992994152882,-0.25583965187748625,0.050614377865727055,-0.28625778493259485,0.05554075689967622,6.776234920231319e-05,0.31460077792674773,0.007893523887734068,1.287721390295003,0.02713000313816251,0.0,0.0,0.0,0.0,0.0,0.0
0,4,0.06430039075787414,-0.08350583171986609,0.09349330323664101,0.008759633858197918,-0.0835735940690684,-0.22110747469010672,0.05554075689967622,6.776234920231319e-05,0.31460077792674773,0.007893523887734068,1.287721390295003,0.02713000313816251,0.0,0.0,0.0,0.0,0.0,0.0
0,5,0.16773108285953592,-0.0976655240148239,0.21474343744603924,0.1121903259598597,-0.09773328636402621,-0.09985734048070849,0.05554075689967622,6.776234920231319e-05,0.31460077792674773,0.007893523887734068,1.287721390295003,0.02713000313816251,0.0,0.0,0.0,0.0,0.0,0.0
0,6,0.06325687597470951,-0.12108320505804065,0.0700480598050288,0.0077161190750332925,-0.12115096740724297,-0.24455271812171891,0.05554075689967622,6.776234920231319e-05,0.31460077792674773,0.007893523887734068,1.287721390295003,0.02713000313816251,0.0,0.0,0.0,0.0,0.0,0.0
0,7,0.144400550648651,-0.19195295726983053,0.06248616307317998,0.08885979374897479,-0.19202071961903283,-0.25211461485356773,0.05554075689967622,6.776234920231319e-05,0.31460077792674773,0.007893523887734068,1.287721390295003,0.02713000313816251,0.0,0.0,0.0,0.0,0.0,0.0
0,8,0.10369220686473586,0.0037882787222463556,0.09247990703204681,0.04815144996505964,0.0037205163730440424,-0.22212087089470092,0.05554075689967622,6.776234920231319e-05,0.31460077792674773,0.007893523887734068,1.287721390295003,0.02713000313816251,0.0,0.0,0.0,0.0,0.0,0.0
0,9,0.15242511064325026,-0.06640995559935757,0.22774746407235658,0.09688435374357404,-0.06647771794855989,-0.08685331385439116,0.05554075689967622,6.776234920231319e-05,0.31460077792674773,0.007893523887734068,1.287721390295003,0.02713000313816251,0.0,0.0,0.0,0.0,0.0,0.0
0,10,0.13361544879435097,0.029502959721341385,0.07659552297966181,0.07807469189467475,0.029435197372139073,-0.2380052549470859,0.05554075689967622,6.776234920231319e-05,0.31460077792674773,0.007893523887734068,1.287721390295003,0.02713000313816251,0.0,0.0,0.0,0.0,0.0,0.0
0,11,0.23088062276686672,-0.017337665183492522,0.07352277324101265,0.1753398658671905,-0.017405427532694834,-0.2410780046857351,0.05554075689967622,6.776234920231319e-05,0.31460077792674773,0.007893523887734068,1.287721390295003,0.02713000313816251,0.0,0.0,0.0,0.0,0.0,0.0
0,12,-0.00036425258327196325,-0.0014493129596628521,0.12241236856615968,-0.05590500948294818,-0.0015170753088651653,-0.19218840936058806,0.05554075689967622,6.776234920231319e-05,0.31460077792674773,0.007893523887734068,1.287721390295003,0.02713000313816251,0.0,0.0,0.0,0.0,0.0,0.0
0,13,0.1024442005700156,-0.007593187339993135,0.2820766249547839,0.046903443670339384,-0.0076609496891954475,-0.032524152971963816,0.05554075689967622,6.776234920231319e-05,0.31460077792674773,0.007893523887734068,1.287721390295003,0.02713000313816251,0.0,0.0,0.0,0.0,0.0,0.0
0,14,0.12422028357666211,-0.051067061327665454,0.4822211339712935,0.06867952667698589,-0.051134823676867766,0.16762035604454578,0.05554075689967622,6.776234920231319e-05,0.31460077792674773,0.007893523887734068,1.287721390295003,0.02713000313816251,0.0,0.0,0.0,0.0,0.0,0.0
0,15,0.1451958067379911,-0.11393917901748113,0.5270477347681928,0.08965504983831488,-0.11400694136668345,0.21244695684144504,0.05554075689967622,6.776234920231319e-05,0.31460077792674773,0.007893523887734068,1.287721390295003,0.02713000313816251,0.0,0.0,0.0,0.0,0.0,0.0
0,16,0.16710507537245628,-0.18025611084890794,0.3920438514888251,0.11156431847278006,-0.18032387319811025,0.07744307356207736,0.05554075689967622,6.776234920231319e-05,0.31460077792674773,0.007893523887734068,1.287721390295003,0.02713000313816251,0.0,0.0,0.0,0.0,0.0,0.0
0,17,0.29918728514144666,-0.16853374295309398,0.5107909607334788,0.24364652824177044,-0.16860150530229628,0.19619018280673112,0.05554075689967622,6.776234920231319e-05,0.31460077792674773,0.007893523887734068,1.287721390295003,0.02713000313816251,0.0,0.0,0.0,0.0,0.0,0.0
0,18,0.3662716650549531,-0.15387622719327435,0.4891381733030646,0.31073090815527693,-0.15394398954247665,0.17453739537631685,0.05554075689967622,6.776234920231319e-05,0.31460077792674773,0.007893523887734068,1.287721390295003,0.02713000313816251,0.0,0.0,0.0,0.0,0.0,0.0
0,19,0.15557603856537106,0.028885249264124932,0.47769955677586207,0.10003528166569484,0.02881748691492262,0.16309877884911433,0.05554075689967622,6.776234920231319e-05,0.31460077792674773,0.007893523887734068,1.287721390295003,0.02713000313816251,0.0,0.0,0.0,0.0,0.0,0.0
0,20,0.21324180657406358,0.05667586317372748,0.5256822721910303,0.15770104967438736,0.056608100824525165,0.21108149426428252,0.05554075689967622,6.776234920231319e-05,0.31460077792674773,0.007893523887734068,1.287721390295003,0.02713000313816251,0.0,0.0,0.0,0.0,0.0,0.0
0,21,0.27974989923508314,0.06111288138505625,0.38907705091412054,0.22420914233540692,0.06104511903585394,0.0744762729873728,0.05554075689967622,6.776234920231319e-05,0.31460077792674773,0.007893523887734068,1.287721390295003,0.02713000313816251,0.0,0.0,0.0,0.0,0.0,0.0
0,22,0.36751360856006754,-0.015774537985340373,0.5235012156631429,0.31197285166039135,-0.015842300334542685,0.20890043773639516,0.05554075689967622,6.776234920231319e-05,0.31460077792674773,0.007893523887734068,1.287721390295003,0.02713000313816251,0.0,0.0,0.0,0.0,0.0,0.0
0,23,0.426845435889144,-0.046127684181909795,0.49625381611951336,0.37130467898946773,-0.04619544653111211,0.18165303819276563,0.05554075689967622,6.776234920231319e-05,0.31460077792674773,0.007893523887734068,1.287721390295003,0.02713000313816251,0.0,0.0,0.0,0.0,0.0,0.0
0,24,0.1114457663826244,0.0015848376580674785,0.5067891872873358,0.05590500948294819,0.0015170753088651653,0.19218840936058806,0.05554075689967622,6.776234920231319e-05,0.31460077792674773,0.007893523887734068,1.287721390295003,0.02713000313816251,0.0,0.0,0.0,0.0,0.0,0.0
0,25,0.09621349782207826,0.0007598879757845867,0.6459559677910306,0.04067274092240204,0.0006921256265822735,0.33135518986428286,0.05554075689967622,6.776234920231319e-05,0.31460077792674773,0.007893523887734068,1.287721390295003,0.02713000313816251,0.0,0.0,0.0,0.0,0.0,0.0
0,26,0.13868757701500042,-0.07842093538177977,0.7902693414241211,0.0831468201153242,-0.07848869773098209,0.47566856349737335,0.05554075689967622,6.776234920231319e-05,0.31460077792674773,0.007893523887734068,1.287721390295003,0.02713000313816251,0.0,0.0,0.0,0.0,0.0,0.0
1,0,-0.0003642525832719,-0.0014493129596628,0.1224123685661596,-0.0559050094829481,-0.0015170753088651,-0.192188409360588,0.0555407568996762,6.776234920231319e-05,0.3146007779267477,0.007893523887734,1.287721390295003,0.0271300031381625,0.0,0.0,0.0,0.0,0.0,0.0
1,1,0.027227254002736,-0.0146149452378418,0.0608332453687273,-0.0283135028969401,-0.0146827075870441,-0.2537675325580203,0.0555407568996762,6.776234920231319e-05,0.3146007779267477,0.007893523887734,1.287721390295003,0.0271300031381625,0.0,0.0,0.0,0.0,0.0,0.0
1,2,-0.083902187220396,0.0221250307247471,0.0343677686094261,-0.1394429441200723,0.0220572683755448,-0.2802330093173216,0.0555407568996762,6.776234920231319e-05,0.3146007779267477,0.007893523887734,1.287721390295003,0.0271300031381625,0.0,0.0,0.0,0.0,0.0,0.0
1,3,-0.20029889497781,0.0506821402149293,0.0283429929941528,-0.2558396518774862,0.050614377865727,-0.2862577849325948,0.0555407568996762,6.776234920231319e-05,0.3146007779267477,0.007893523887734,1.287721390295003,0.0271300031381625,0.0,0.0,0.0,0.0,0.0,0.0
1,4,0.0643003907578741,-0.083505831719866,0.093493303236641,0.0087596338581979,-0.0835735940690684,-0.2211074746901067,0.0555407568996762,6.776234920231319e-05,0.3146007779267477,0.007893523887734,1.287721390295003,0.0271300031381625,0.0,0.0,0.0,0.0,0.0,0.0
1,5,0.1677310828595359,-0.0976655240148239,0.2147434374460392,0.1121903259598597,-0.0977332863640262,-0.0998573404807084,0.0555407568996762,6.776234920231319e-05,0.3146007779267477,0.007893523887734,1.287721390295003,0.0271300031381625,0.0,0.0,0.0,0.0,0.0,0.0
1,6,0.0632568759747095,-0.1210832050580406,0.0700480598050288,0.0077161190750332,-0.1211509674072429,-0.2445527181217189,0.0555407568996762,6.776234920231319e-05,0.3146007779267477,0.007893523887734,1.287721390295003,0.0271300031381625,0.0,0.0,0.0,0.0,0.0,0.0
1,7,0.144400550648651,-0.1919529572698305,0.0624861630731799,0.0888597937489747,-0.1920207196190328,-0.2521146148535677,0.0555407568996762,6.776234920231319e-05,0.3146007779267477,0.007893523887734,1.287721390295003,0.0271300031381625,0.0,0.0,0.0,0.0,0.0,0.0
1,8,0.1036922068647358,0.0037882787222463,0.0924799070320468,0.0481514499650596,0.003720516373044,-0.2221208708947009,0.0555407568996762,6.776234920231319e-05,0.3146007779267477,0.007893523887734,1.287721390295003,0.0271300031381625,0.0,0.0,0.0,0.0,0.0,0.0
1,9,0.1524251106432502,-0.0664099555993575,0.2277474640723565,0.096884353743574,-0.0664777179485598,-0.0868533138543911,0.0555407568996762,6.776234920231319e-05,0.3146007779267477,0.007893523887734,1.287721390295003,0.0271300031381625,0.0,0.0,0.0,0.0,0.0,0.0
1,10,0.1336154487943509,0.0295029597213413,0.0765955229796618,0.0780746918946747,0.029435197372139,-0.2380052549470859,0.0555407568996762,6.776234920231319e-05,0.3146007779267477,0.007893523887734,1.287721390295003,0.0271300031381625,0.0,0.0,0.0,0.0,0.0,0.0
1,11,0.2308806227668667,-0.0173376651834925,0.0735227732410126,0.1753398658671905,-0.0174054275326948,-0.2410780046857351,0.0555407568996762,6.776234920231319e-05,0.3146007779267477,0.007893523887734,1.287721390295003,0.0271300031381625,0.0,0.0,0.0,0.0,0.0,0.0
1,12,-0.0003642525832719,-0.0014493129596628,0.1224123685661596,-0.0559050094829481,-0.0015170753088651,-0.192188409360588,0.0555407568996762,6.776234920231319e-05,0.3146007779267477,0.007893523887734,1.287721390295003,0.0271300031381625,0.0,0.0,0.0,0.0,0.0,0.0
1,13,0.1024442005700156,-0.0075931873399931,0.2820766249547839,0.0469034436703393,-0.0076609496891954,-0.0325241529719638,0.0555407568996762,6.776234920231319e-05,0.3146007779267477,0.007893523887734,1.287721390295003,0.0271300031381625,0.0,0.0,0.0,0.0,0.0,0.0
1,14,0.1242202835766621,-0.0510670613276654,0.4822211339712935,0.0686795266769858,-0.0511348236768677,0.1676203560445457,0.0555407568996762,6.776234920231319e-05,0.3146007779267477,0.007893523887734,1.287721390295003,0.0271300031381625,0.0,0.0,0.0,0.0,0.0,0.0
1,15,0.1451958067379911,-0.1139391790174811,0.5270477347681928,0.0896550498383148,-0.1140069413666834,0.212446956841445,0.0555407568996762,6.776234920231319e-05,0.3146007779267477,0.007893523887734,1.287721390295003,0.0271300031381625,0.0,0.0,0.0,0.0,0.0,0.0
1,16,0.1671050753724562,-0.1802561108489079,0.3920438514888251,0.11156431847278,-0.1803238731981102,0.0774430735620773,0.0555407568996762,6.776234920231319e-05,0.3146007779267477,0.007893523887734,1.287721390295003,0.0271300031381625,0.0,0.0,0.0,0.0,0.0,0.0
1,17,0.2991872851414466,-0.1685337429530939,0.5107909607334788,0.2436465282417704,-0.1686015053022962,0.1961901828067311,0.0555407568996762,6.776234920231319e-05,0.3146007779267477,0.007893523887734,1.287721390295003,0.0271300031381625,0.0,0.0,0.0,0.0,0.0,0.0
1,18,0.3662716650549531,-0.1538762271932743,0.4891381733030646,0.3107309081552769,-0.1539439895424766,0.1745373953763168,0.0555407568996762,6.776234920231319e-05,0.3146007779267477,0.007893523887734,1.287721390295003,0.0271300031381625,0.0,0.0,0.0,0.0,0.0,0.0
1,19,0.155576038565371,0.0288852492641249,0.477699556775862,0.1000352816656948,0.0288174869149226,0.1630987788491143,0.0555407568996762,6.776234920231319e-05,0.3146007779267477,0.007893523887734,1.287721390295003,0.0271300031381625,0.0,0.0,0.0,0.0,0.0,0.0
1,20,0.2132418065740635,0.0566758631737274,0.5256822721910303,0.1577010496743873,0.0566081008245251,0.2110814942642825,0.0555407568996762,6.776234920231319e-05,0.3146007779267477,0.007893523887734,1.287721390295003,0.0271300031381625,0.0,0.0,0.0,0.0,0.0,0.0
1,21,0.2797498992350831,0.0611128813850562,0.3890770509141205,0.2242091423354069,0.0610451190358539,0.0744762729873728,0.0555407568996762,6.776234920231319e-05,0.3146007779267477,0.007893523887734,1.287721390295003,0.0271300031381625,0.0,0.0,0.0,0.0,0.0,0.0
1,22,0.3675136085600675,-0.0157745379853403,0.5235012156631429,0.3119728516603913,-0.0158423003345426,0.2089004377363951,0.0555407568996762,6.776234920231319e-05,0.3146007779267477,0.007893523887734,1.287721390295003,0.0271300031381625,0.0,0.0,0.0,0.0,0.0,0.0
1,23,0.426845435889144,-0.0461276841819097,0.4962538161195133,0.3713046789894677,-0.0461954465311121,0.1816530381927656,0.0555407568996762,6.776234920231319e-05,0.3146007779267477,0.007893523887734,1.287721390295003,0.0271300031381625,0.0,0.0,0.0,0.0,0.0,0.0
1,24,0.1114457663826244,0.0015848376580674,0.5067891872873358,0.0559050094829481,0.0015170753088651,0.192188409360588,0.0555407568996762,6.776234920231319e-05,0.3146007779267477,0.007893523887734,1.287721390295003,0.0271300031381625,0.0,0.0,0.0,0.0,0.0,0.0
1,25,0.0962134978220782,0.0007598879757845,0.6459559677910306,0.040672740922402,0.0006921256265822,0.3313551898642828,0.0555407568996762,6.776234920231319e-05,0.3146007779267477,0.007893523887734,1.287721390295003,0.0271300031381625,0.0,0.0,0.0,0.0,0.0,0.0
1,26,0.1386875770150004,-0.0784209353817797,0.7902693414241211,0.0831468201153242,-0.078488697730982,0.4756685634973733,0.0555407568996762,6.776234920231319e-05,0.3146007779267477,0.007893523887734,1.287721390295003,0.0271300031381625,0.0,0.0,0.0,0.0,0.0,0.0
2,0,-0.0003642525832719,-0.0014493129596628,0.1224123685661596,-0.0559050094829481,-0.0015170753088651,-0.192188409360588,0.0555407568996762,6.776234920231319e-05,0.3146007779267477,0.007893523887734,1.287721390295003,0.0271300031381625,0.0,0.0,0.0,0.0,0.0,0.0
2,1,0.027227254002736,-0.0146149452378418,0.0608332453687273,-0.0283135028969401,-0.0146827075870441,-0.2537675325580203,0.0555407568996762,6.776234920231319e-05,0.3146007779267477,0.007893523887734,1.287721390295003,0.0271300031381625,0.0,0.0,0.0,0.0,0.0,0.0
2,2,-0.083902187220396,0.0221250307247471,0.0343677686094261,-0.1394429441200723,0.0220572683755448,-0.2802330093173216,0.0555407568996762,6.776234920231319e-05,0.3146007779267477,0.007893523887734,1.287721390295003,0.0271300031381625,0.0,0.0,0.0,0.0,0.0,0.0
2,3,-0.20029889497781,0.0506821402149293,0.0283429929941528,-0.2558396518774862,0.050614377865727,-0.2862577849325948,0.0555407568996762,6.776234920231319e-05,0.3146007779267477,0.007893523887734,1.287721390295003,0.0271300031381625,0.0,0.0,0.0,0.0,0.0,0.0
2,4,0.0643003907578741,-0.083505831719866,0.093493303236641,0.0087596338581979,-0.0835735940690684,-0.2211074746901067,0.0555407568996762,6.776234920231319e-05,0.3146007779267477,0.007893523887734,1.287721390295003,0.0271300031381625,0.0,0.0,0.0,0.0,0.0,0.0
2,5,0.1677310828595359,-0.0976655240148239,0.2147434374460392,0.1121903259598597,-0.0977332863640262,-0.0998573404807084,0.0555407568996762,6.776234920231319e-05,0.3146007779267477,0.007893523887734,1.287721390295003,0.0271300031381625,0.0,0.0,0.0,0.0,0.0,0.0
2,6,0.0632568759747095,-0.1210832050580406,0.0700480598050288,0.0077161190750332,-0.1211509674072429,-0.2445527181217189,0.0555407568996762,6.776234920231319e-05,0.3146007779267477,0.007893523887734,1.287721390295003,0.0271300031381625,0.0,0.0,0.0,0.0,0.0,0.0
2,7,0.144400550648651,-0.1919529572698305,0.0624861630731799,0.0888597937489747,-0.1920207196190328,-0.2521146148535677,0.0555407568996762,6.776234920231319e-05,0.3146007779267477,0.007893523887734,1.287721390295003,0.0271300031381625,0.0,0.0,0.0,0.0,0.0,0.0
2,8,0.1036922068647358,0.0037882787222463,0.0924799070320468,0.0481514499650596,0.003720516373044,-0.2221208708947009,0.0555407568996762,6.776234920231319e-05,0.3146007779267477,0.007893523887734,1.287721390295003,0.0271300031381625,0.0,0.0,0.0,0.0,0.0,0.0
2,9,0.1524251106432502,-0.0664099555993575,0.2277474640723565,0.096884353743574,-0.0664777179485598,-0.0868533138543911,0.0555407568996762,6.776234920231319e-05,0.3146007779267477,0.007893523887734,1.287721390295003,0.0271300031381625,0.0,0.0,0.0,0.0,0.0,0.0
2,10,0.1336154487943509,0.0295029597213413,0.0765955229796618,0.0780746918946747,0.029435197372139,-0.2380052549470859,0.0555407568996762,6.776234920231319e-05,0.3146007779267477,0.007893523887734,1.287721390295003,0.0271300031381625,0.0,0.0,0.0,0.0,0.0,0.0
2,11,0.2308806227668667,-0.0173376651834925,0.0735227732410126,0.1753398658671905,-0.0174054275326948,-0.2410780046857351,0.0555407568996762,6.776234920231319e-05,0.3146007779267477,0.007893523887734,1.287721390295003,0.0271300031381625,0.0,0.0,0.0,0.0,0.0,0.0
2,12,-0.0003642525832719,-0.0014493129596628,0.1224123685661596,-0.0559050094829481,-0.0015170753088651,-0.192188409360588,0.0555407568996762,6.776234920231319e-05,0.3146007779267477,0.007893523887734,1.287721390295003,0.0271300031381625,0.0,0.0,0.0,0.0,0.0,0.0
2,13,0.1024442005700156,-0.0075931873399931,0.2820766249547839,0.0469034436703393,-0.0076609496891954,-0.0325241529719638,0.0555407568996762,6.776234920231319e-05,0.3146007779267477,0.007893523887734,1.287721390295003,0.0271300031381625,0.0,0.0,0.0,0.0,0.0,0.0
2,14,0.1242202835766621,-0.0510670613276654,0.4822211339712935,0.0686795266769858,-0.0511348236768677,0.1676203560445457,0.0555407568996762,6.776234920231319e-05,0.3146007779267477,0.007893523887734,1.287721390295003,0.0271300031381625,0.0,0.0,0.0,0.0,0.0,0.0
2,15,0.1451958067379911,-0.1139391790174811,0.5270477347681928,0.0896550498383148,-0.1140069413666834,0.212446956841445,0.0555407568996762,6.776234920231319e-05,0.3146007779267477,0.007893523887734,1.287721390295003,0.0271300031381625,0.0,0.0,0.0,0.0,0.0,0.0
2,16,0.1671050753724562,-0.1802561108489079,0.3920438514888251,0.11156431847278,-0.1803238731981102,0.0774430735620773,0.0555407568996762,6.776234920231319e-05,0.3146007779267477,0.007893523887734,1.287721390295003,0.0271300031381625,0.0,0.0,0.0,0.0,0.0,0.0
2,17,0.2991872851414466,-0.1685337429530939,0.5107909607334788,0.2436465282417704,-0.1686015053022962,0.1961901828067311,0.0555407568996762,6.776234920231319e-05,0.3146007779267477,0.007893523887734,1.287721390295003,0.0271300031381625,0.0,0.0,0.0,0.0,0.0,0.0
2,18,0.3662716650549531,-0.1538762271932743,0.4891381733030646,0.3107309081552769,-0.1539439895424766,0.1745373953763168,0.0555407568996762,6.776234920231319e-05,0.3146007779267477,0.007893523887734,1.287721390295003,0.0271300031381625,0.0,0.0,0.0,0.0,0.0,0.0
2,19,0.155576038565371,0.0288852492641249,0.477699556775862,0.1000352816656948,0.0288174869149226,0.1630987788491143,0.0555407568996762,6.776234920231319e-05,0.3146007779267477,0.007893523887734,1.287721390295003,0.0271300031381625,0.0,0.0,0.0,0.0,0.0,0.0
2,20,0.2132418065740635,0.0566758631737274,0.5256822721910303,0.1577010496743873,0.0566081008245251,0.2110814942642825,0.0555407568996762,6.776234920231319e-05,0.3146007779267477,0.007893523887734,1.287721390295003,0.0271300031381625,0.0,0.0,0.0,0.0,0.0,0.0
2,21,0.2797498992350831,0.0611128813850562,0.3890770509141205,0.2242091423354069,0.0610451190358539,0.0744762729873728,0.0555407568996762,6.776234920231319e-05,0.3146007779267477,0.007893523887734,1.287721390295003,0.0271300031381625,0.0,0.0,0.0,0.0,0.0,0.0
2,22,0.3675136085600675,-0.0157745379853403,0.5235012156631429,0.3119728516603913,-0.0158423003345426,0.2089004377363951,0.0555407568996762,6.776234920231319e-05,0.3146007779267477,0.007893523887734,1.287721390295003,0.0271300031381625,0.0,0.0,0.0,0.0,0.0,0.0
2,23,0.426845435889144,-0.0461276841819097,0.4962538161195133,0.3713046789894677,-0.0461954465311121,0.1816530381927656,0.0555407568996762,6.776234920231319e-05,0.3146007779267477,0.007893523887734,1.287721390295003,0.0271300031381625,0.0,0.0,0.0,0.0,0.0,0.0
2,24,0.1114457663826244,0.0015848376580674,0.5067891872873358,0.0559050094829481,0.0015170753088651,0.192188409360588,0.0555407568996762,6.776234920231319e-05,0.3146007779267477,0.007893523887734,1.287721390295003,0.0271300031381625,0.0,0.0,0.0,0.0,0.0,0.0
2,25,0.0962134978220782,0.0007598879757845,0.6459559677910306,0.040672740922402,0.0006921256265822,0.3313551898642828,0.0555407568996762,6.776234920231319e-05,0.3146007779267477,0.007893523887734,1.287721390295003,0.0271300031381625,0.0,0.0,0.0,0.0,0.0,0.0
2,26,0.1386875770150004,-0.0784209353817797,0.7902693414241211,0.0831468201153242,-0.078488697730982,0.4756685634973733,0.0555407568996762,6.776234920231319e-05,0.3146007779267477,0.007893523887734,1.287721390295003,0.0271300031381625,0.0,0.0,0.0,0.0,0.0,0.0
3,0,-0.0003642525832719,-0.0014493129596628,0.1224123685661596,-0.0559050094829481,-0.0015170753088651,-0.192188409360588,0.0555407568996762,6.776234920231319e-05,0.3146007779267477,0.007893523887734,1.287721390295003,0.0271300031381625,0.0,0.0,0.0,0.0,0.0,0.0
3,1,0.027227254002736,-0.0146149452378418,0.0608332453687273,-0.0283135028969401,-0.0146827075870441,-0.2537675325580203,0.0555407568996762,6.776234920231319e-05,0.3146007779267477,0.007893523887734,1.287721390295003,0.0271300031381625,0.0,0.0,0.0,0.0,0.0,0.0
3,2,-0.083902187220396,0.0221250307247471,0.0343677686094261,-0.1394429441200723,0.0220572683755448,-0.2802330093173216,0.0555407568996762,6.776234920231319e-05,0.3146007779267477,0.007893523887734,1.287721390295003,0.0271300031381625,0.0,0.0,0.0,0.0,0.0,0.0
3,3,-0.20029889497781,0.0506821402149293,0.0283429929941528,-0.2558396518774862,0.050614377865727,-0.2862577849325948,0.0555407568996762,6.776234920231319e-05,0.3146007779267477,0.007893523887734,1.287721390295003,0.0271300031381625,0.0,0.0,0.0,0.0,0.0,0.0
3,4,0.0643003907578741,-0.083505831719866,0.093493303236641,0.0087596338581979,-0.0835735940690684,-0.2211074746901067,0.0555407568996762,6.776234920231319e-05,0.3146007779267477,0.007893523887734,1.287721390295003,0.0271300031381625,0.0,0.0,0.0,0.0,0.0,0.0
3,5,0.1677310828595359,-0.0976655240148239,0.2147434374460392,0.1121903259598597,-0.0977332863640262,-0.0998573404807084,0.0555407568996762,6.776234920231319e-05,0.3146007779267477,0.007893523887734,1.287721390295003,0.0271300031381625,0.0,0.0,0.0,0.0,0.0,0.0
3,6,0.0632568759747095,-0.1210832050580406,0.0700480598050288,0.0077161190750332,-0.1211509674072429,-0.2445527181217189,0.0555407568996762,6.776234920231319e-05,0.3146007779267477,0.007893523887734,1.287721390295003,0.0271300031381625,0.0,0.0,0.0,0.0,0.0,0.0
3,7,0.144400550648651,-0.1919529572698305,0.0624861630731799,0.0888597937489747,-0.1920207196190328,-0.2521146148535677,0.0555407568996762,6.776234920231319e-05,0.3146007779267477,0.007893523887734,1.287721390295003,0.0271300031381625,0.0,0.0,0.0,0.0,0.0,0.0
3,8,0.1036922068647358,0.0037882787222463,0.0924799070320468,0.0481514499650596,0.003720516373044,-0.2221208708947009,0.0555407568996762,6.776234920231319e-05,0.3146007779267477,0.007893523887734,1.287721390295003,0.0271300031381625,0.0,0.0,0.0,0.0,0.0,0.0
3,9,0.1524251106432502,-0.0664099555993575,0.2277474640723565,0.096884353743574,-0.0664777179485598,-0.0868533138543911,0.0555407568996762,6.776234920231319e-05,0.3146007779267477,0.007893523887734,1.287721390295003,0.0271300031381625,0.0,0.0,0.0,0.0,0.0,0.0
3,10,0.1336154487943509,0.0295029597213413,0.0765955229796618,0.0780746918946747,0.029435197372139,-0.2380052549470859,0.0555407568996762,6.776234920231319e-05,0.3146007779267477,0.007893523887734,1.287721390295003,0.0271300031381625,0.0,0.0,0.0,0.0,0.0,0.0
3,11,0.2308806227668667,-0.0173376651834925,0.0735227732410126,0.1753398658671905,-0.0174054275326948,-0.2410780046857351,0.0555407568996762,6.776234920231319e-05,0.3146007779267477,0.007893523887734,1.287721390295003,0.0271300031381625,0.0,0.0,0.0,0.0,0.0,0.0
3,12,-0.0003642525832719,-0.0014493129596628,0.1224123685661596,-0.0559050094829481,-0.0015170753088651,-0.192188409360588,0.0555407568996762,6.776234920231319e-05,0.3146007779267477,0.007893523887734,1.287721390295003,0.0271300031381625,0.0,0.0,0.0,0.0,0.0,0.0
3,13,0.1024442005700156,-0.0075931873399931,0.2820766249547839,0.0469034436703393,-0.0076609496891954,-0.0325241529719638,0.0555407568996762,6.776234920231319e-05,0.3146007779267477,0.007893523887734,1.287721390295003,0.0271300031381625,0.0,0.0,0.0,0.0,0.0,0.0
3,14,0.1242202835766621,-0.0510670613276654,0.4822211339712935,0.0686795266769858,-0.0511348236768677,0.1676203560445457,0.0555407568996762,6.776234920231319e-05,0.3146007779267477,0.007893523887734,1.287721390295003,0.0271300031381625,0.0,0.0,0.0,0.0,0.0,0.0
3,15,0.1451958067379911,-0.1139391790174811,0.5270477347681928,0.0896550498383148,-0.1140069413666834,0.212446956841445,0.0555407568996762,6.776234920231319e-05,0.3146007779267477,0.007893523887734,1.287721390295003,0.0271300031381625,0.0,0.0,0.0,0.0,0.0,0.0
3,16,0.1671050753724562,-0.1802561108489079,0.3920438514888251,0.11156431847278,-0.1803238731981102,0.0774430735620773,0.0555407568996762,6.776234920231319e-05,0.3146007779267477,0.007893523887734,1.287721390295003,0.0271300031381625,0.0,0.0,0.0,0.0,0.0,0.0
3,17,0.2991872851414466,-0.1685337429530939,0.5107909607334788,0.2436465282417704,-0.1686015053022962,0.1961901828067311,0.0555407568996762,6.776234920231319e-05,0.3146007779267477,0.007893523887734,1.287721390295003,0.0271300031381625,0.0,0.0,0.0,0.0,0.0,0.0
3,18,0.3662716650549531,-0.1538762271932743,0.4891381733030646,0.3107309081552769,-0.1539439895424766,0.1745373953763168,0.0555407568996762,6.776234920231319e-05,0.3146007779267477,0.007893523887734,1.287721390295003,0.0271300031381625,0.0,0.0,0.0,0.0,0.0,0.0
3,19,0.155576038565371,0.0288852492641249,0.477699556775862,0.1000352816656948,0.0288174869149226,0.1630987788491143,0.0555407568996762,6.776234920231319e-05,0.3146007779267477,0.007893523887734,1.287721390295003,0.0271300031381625,0.0,0.0,0.0,0.0,0.0,0.0
3,20,0.2132418065740635,0.0566758631737274,0.5256822721910303,0.1577010496743873,0.0566081008245251,0.2110814942642825,0.0555407568996762,6.776234920231319e-05,0.3146007779267477,0.007893523887734,1.287721390295003,0.0271300031381625,0.0,0.0,0.0,0.0,0.0,0.0
3,21,0.2797498992350831,0.0611128813850562,0.3890770509141205,0.2242091423354069,0.0610451190358539,0.0744762729873728,0.0555407568996762,6.776234920231319e-05,0.3146007779267477,0.007893523887734,1.287721390295003,0.0271300031381625,0.0,0.0,0.0,0.0,0.0,0.0
3,22,0.3675136085600675,-0.0157745379853403,0.5235012156631429,0.3119728516603913,-0.0158423003345426,0.2089004377363951,0.0555407568996762,6.776234920231319e-05,0.3146007779267477,0.007893523887734,1.287721390295003,0.0271300031381625,0.0,0.0,0.0,0.0,0.0,0.0
3,23,0.426845435889144,-0.0461276841819097,0.4962538161195133,0.3713046789894677,-0.0461954465311121,0.1816530381927656,0.0555407568996762,6.776234920231319e-05,0.3146007779267477,0.007893523887734,1.287721390295003,0.0271300031381625,0.0,0.0,0.0,0.0,0.0,0.0
3,24,0.1114457663826244,0.0015848376580674,0.5067891872873358,0.0559050094829481,0.0015170753088651,0.192188409360588,0.0555407568996762,6.776234920231319e-05,0.3146007779267477,0.007893523887734,1.287721390295003,0.0271300031381625,0.0,0.0,0.0,0.0,0.0,0.0
3,25,0.0962134978220782,0.0007598879757845,0.6459559677910306,0.040672740922402,0.0006921256265822,0.3313551898642828,0.0555407568996762,6.776234920231319e-05,0.3146007779267477,0.007893523887734,1.287721390295003,0.0271300031381625,0.0,0.0,0.0,0.0,0.0,0.0
3,26,0.1386875770150004,-0.0784209353817797,0.7902693414241211,0.0831468201153242,-0.078488697730982,0.4756685634973733,0.0555407568996762,6.776234920231319e-05,0.3146007779267477,0.007893523887734,1.287721390295003,0.0271300031381625,0.0,0.0,0.0,0.0,0.0,0.0
4,0,-0.0003642525832719,-0.0014493129596628,0.1224123685661596,-0.0559050094829481,-0.0015170753088651,-0.192188409360588,0.0555407568996762,6.776234920231319e-05,0.3146007779267477,0.007893523887734,1.287721390295003,0.0271300031381625,0.0,0.0,0.0,0.0,0.0,0.0
4,1,0.027227254002736,-0.0146149452378418,0.0608332453687273,-0.0283135028969401,-0.0146827075870441,-0.2537675325580203,0.0555407568996762,6.776234920231319e-05,0.3146007779267477,0.007893523887734,1.287721390295003,0.0271300031381625,0.0,0.0,0.0,0.0,0.0,0.0
4,2,-0.083902187220396,0.0221250307247471,0.0343677686094261,-0.1394429441200723,0.0220572683755448,-0.2802330093173216,0.0555407568996762,6.776234920231319e-05,0.3146007779267477,0.007893523887734,1.287721390295003,0.0271300031381625,0.0,0.0,0.0,0.0,0.0,0.0
4,3,-0.20029889497781,0.0506821402149293,0.0283429929941528,-0.2558396518774862,0.050614377865727,-0.2862577849325948,0.0555407568996762,6.776234920231319e-05,0.3146007779267477,0.007893523887734,1.287721390295003,0.0271300031381625,0.0,0.0,0.0,0.0,0.0,0.0
4,4,0.0643003907578741,-0.083505831719866,0.093493303236641,0.0087596338581979,-0.0835735940690684,-0.2211074746901067,0.0555407568996762,6.776234920231319e-05,0.3146007779267477,0.007893523887734,1.287721390295003,0.0271300031381625,0.0,0.0,0.0,0.0,0.0,0.0
4,5,0.1677310828595359,-0.0976655240148239,0.2147434374460392,0.1121903259598597,-0.0977332863640262,-0.0998573404807084,0.0555407568996762,6.776234920231319e-05,0.3146007779267477,0.007893523887734,1.287721390295003,0.0271300031381625,0.0,0.0,0.0,0.0,0.0,0.0
4,6,0.0632568759747095,-0.1210832050580406,0.0700480598050288,0.0077161190750332,-0.1211509674072429,-0.2445527181217189,0.0555407568996762,6.776234920231319e-05,0.3146007779267477,0.007893523887734,1.287721390295003,0.0271300031381625,0.0,0.0,0.0,0.0,0.0,0.0
4,7,0.144400550648651,-0.1919529572698305,0.0624861630731799,0.0888597937489747,-0.1920207196190328,-0.2521146148535677,0.0555407568996762,6.776234920231319e-05,0.3146007779267477,0.007893523887734,1.287721390295003,0.0271300031381625,0.0,0.0,0.0,0.0,0.0,0.0
4,8,0.1036922068647358,0.0037882787222463,0.0924799070320468,0.0481514499650596,0.003720516373044,-0.2221208708947009,0.0555407568996762,6.776234920231319e-05,0.3146007779267477,0.007893523887734,1.287721390295003,0.0271300031381625,0.0,0.0,0.0,0.0,0.0,0.0
4,9,0.1524251106432502,-0.0664099555993575,0.2277474640723565,0.096884353743574,-0.0664777179485598,-0.0868533138543911,0.0555407568996762,6.776234920231319e-05,0.3146007779267477,0.007893523887734,1.287721390295003,0.0271300031381625,0.0,0.0,0.0,0.0,0.0,0.0
4,10,0.1336154487943509,0.0295029597213413,0.0765955229796618,0.0780746918946747,0.029435197372139,-0.2380052549470859,0.0555407568996762,6.776234920231319e-05,0.3146007779267477,0.007893523887734,1.287721390295003,0.0271300031381625,0.0,0.0,0.0,0.0,0.0,0.0
4,11,0.2308806227668667,-0.0173376651834925,0.0735227732410126,0.1753398658671905,-0.0174054275326948,-0.2410780046857351,0.0555407568996762,6.776234920231319e-05,0.3146007779267477,0.007893523887734,1.287721390295003,0.0271300031381625,0.0,0.0,0.0,0.0,0.0,0.0
4,12,-0.0003642525832719,-0.0014493129596628,0.1224123685661596,-0.0559050094829481,-0.0015170753088651,-0.192188409360588,0.0555407568996762,6.776234920231319e-05,0.3146007779267477,0.007893523887734,1.287721390295003,0.0271300031381625,0.0,0.0,0.0,0.0,0.0,0.0
4,13,0.1024442005700156,-0.0075931873399931,0.2820766249547839,0.0469034436703393,-0.0076609496891954,-0.0325241529719638,0.0555407568996762,6.776234920231319e-05,0.3146007779267477,0.007893523887734,1.287721390295003,0.0271300031381625,0.0,0.0,0.0,0.0,0.0,0.0
4,14,0.1242202835766621,-0.0510670613276654,0.4822211339712935,0.0686795266769858,-0.0511348236768677,0.1676203560445457,0.0555407568996762,6.776234920231319e-05,0.3146007779267477,0.007893523887734,1.287721390295003,0.0271300031381625,0.0,0.0,0.0,0.0,0.0,0.0
4,15,0.1451958067379911,-0.1139391790174811,0.5270477347681928,0.0896550498383148,-0.1140069413666834,0.212446956841445,0.0555407568996762,6.776234920231319e-05,0.3146007779267477,0.007893523887734,1.287721390295003,0.0271300031381625,0.0,0.0,0.0,0.0,0.0,0.0
4,16,0.1671050753724562,-0.1802561108489079,0.3920438514888251,0.11156431847278,-0.1803238731981102,0.0774430735620773,0.0555407568996762,6.776234920231319e-05,0.3146007779267477,0.007893523887734,1.287721390295003,0.0271300031381625,0.0,0.0,0.0,0.0,0.0,0.0
4,17,0.2991872851414466,-0.1685337429530939,0.5107909607334788,0.2436465282417704,-0.1686015053022962,0.1961901828067311,0.0555407568996762,6.776234920231319e-05,0.3146007779267477,0.007893523887734,1.287721390295003,0.0271300031381625,0.0,0.0,0.0,0.0,0.0,0.0
4,18,0.3662716650549531,-0.1538762271932743,0.4891381733030646,0.3107309081552769,-0.1539439895424766,0.1745373953763168,0.0555407568996762,6.776234920231319e-05,0.3146007779267477,0.007893523887734,1.287721390295003,0.0271300031381625,0.0,0.0,0.0,0.0,0.0,0.0
4,19,0.155576038565371,0.0288852492641249,0.477699556775862,0.1000352816656948,0.0288174869149226,0.1630987788491143,0.0555407568996762,6.776234920231319e-05,0.3146007779267477,0.007893523887734,1.287721390295003,0.0271300031381625,0.0,0.0,0.0,0.0,0.0,0.0
4,20,0.2132418065740635,0.0566758631737274,0.5256822721910303,0.1577010496743873,0.0566081008245251,0.2110814942642825,0.0555407568996762,6.776234920231319e-05,0.3146007779267477,0.007893523887734,1.287721390295003,0.0271300031381625,0.0,0.0,0.0,0.0,0.0,0.0
4,21,0.2797498992350831,0.0611128813850562,0.3890770509141205,0.2242091423354069,0.0610451190358539,0.0744762729873728,0.0555407568996762,6.776234920231319e-05,0.3146007779267477,0.007893523887734,1.287721390295003,0.0271300031381625,0.0,0.0,0.0,0.0,0.0,0.0
4,22,0.3675136085600675,-0.0157745379853403,0.5235012156631429,0.3119728516603913,-0.0158423003345426,0.2089004377363951,0.0555407568996762,6.776234920231319e-05,0.3146007779267477,0.007893523887734,1.287721390295003,0.0271300031381625,0.0,0.0,0.0,0.0,0.0,0.0
4,23,0.426845435889144,-0.0461276841819097,0.4962538161195133,0.3713046789894677,-0.0461954465311121,0.1816530381927656,0.0555407568996762,6.776234920231319e-05,0.3146007779267477,0.007893523887734,1.287721390295003,0.0271300031381625,0.0,0.0,0.0,0.0,0.0,0.0
4,24,0.1114457663826244,0.0015848376580674,0.5067891872873358,0.0559050094829481,0.0015170753088651,0.192188409360588,0.0555407568996762,6.776234920231319e-05,0.3146007779267477,0.007893523887734,1.287721390295003,0.0271300031381625,0.0,0.0,0.0,0.0,0.0,0.0
4,25,0.0962134978220782,0.0007598879757845,0.6459559677910306,0.040672740922402,0.0006921256265822,0.3313551898642828,0.0555407568996762,6.776234920231319e-05,0.3146007779267477,0.007893523887734,1.287721390295003,0.0271300031381625,0.0,0.0,0.0,0.0,0.0,0.0
4,26,0.1386875770150004,-0.0784209353817797,0.7902693414241211,0.0831468201153242,-0.078488697730982,0.4756685634973733,0.0555407568996762,6.776234920231319e-05,0.3146007779267477,0.007893523887734,1.287721390295003,0.0271300031381625,0.0,0.0,0.0,0.0,0.0,0.0
5,0,-0.0003642525832719,-0.0014493129596628,0.1224123685661596,-0.0559050094829481,-0.0015170753088651,-0.192188409360588,0.0555407568996762,6.776234920231319e-05,0.3146007779267477,0.007893523887734,1.287721390295003,0.0271300031381625,0.0,0.0,0.0,0.0,0.0,0.0
5,1,0.027227254002736,-0.0146149452378418,0.0608332453687273,-0.0283135028969401,-0.0146827075870441,-0.2537675325580203,0.0555407568996762,6.776234920231319e-05,0.3146007779267477,0.007893523887734,1.287721390295003,0.0271300031381625,0.0,0.0,0.0,0.0,0.0,0.0
5,2,-0.083902187220396,0.0221250307247471,0.0343677686094261,-0.1394429441200723,0.0220572683755448,-0.2802330093173216,0.0555407568996762,6.776234920231319e-05,0.3146007779267477,0.007893523887734,1.287721390295003,0.0271300031381625,0.0,0.0,0.0,0.0,0.0,0.0
5,3,-0.20029889497781,0.0506821402149293,0.0283429929941528,-0.2558396518774862,0.050614377865727,-0.2862577849325948,0.0555407568996762,6.776234920231319e-05,0.3146007779267477,0.007893523887734,1.287721390295003,0.0271300031381625,0.0,0.0,0.0,0.0,0.0,0.0
5,4,0.0643003907578741,-0.083505831719866,0.093493303236641,0.0087596338581979,-0.0835735940690684,-0.2211074746901067,0.0555407568996762,6.776234920231319e-05,0.3146007779267477,0.007893523887734,1.287721390295003,0.0271300031381625,0.0,0.0,0.0,0.0,0.0,0.0
5,5,0.1677310828595359,-0.0976655240148239,0.2147434374460392,0.1121903259598597,-0.0977332863640262,-0.0998573404807084,0.0555407568996762,6.776234920231319e-05,0.3146007779267477,0.007893523887734,1.287721390295003,0.0271300031381625,0.0,0.0,0.0,0.0,0.0,0.0
5,6,0.0632568759747095,-0.1210832050580406,0.0700480598050288,0.0077161190750332,-0.1211509674072429,-0.2445527181217189,0.0555407568996762,6.776234920231319e-05,0.3146007779267477,0.007893523887734,1.287721390295003,0.0271300031381625,0.0,0.0,0.0,0.0,0.0,0.0
5,7,0.144400550648651,-0.1919529572698305,0.0624861630731799,0.0888597937489747,-0.1920207196190328,-0.2521146148535677,0.0555407568996762,6.776234920231319e-05,0.3146007779267477,0.007893523887734,1.287721390295003,0.0271300031381625,0.0,0.0,0.0,0.0,0.0,0.0
5,8,0.1036922068647358,0.0037882787222463,0.0924799070320468,0.0481514499650596,0.003720516373044,-0.2221208708947009,0.0555407568996762,6.776234920231319e-05,0.3146007779267477,0.007893523887734,1.287721390295003,0.0271300031381625,0.0,0.0,0.0,0.0,0.0,0.0
5,9,0.1524251106432502,-0.0664099555993575,0.2277474640723565,0.096884353743574,-0.0664777179485598,-0.0868533138543911,0.0555407568996762,6.776234920231319e-05,0.3146007779267477,0.007893523887734,1.287721390295003,0.0271300031381625,0.0,0.0,0.0,0.0,0.0,0.0
5,10,0.1336154487943509,0.0295029597213413,0.0765955229796618,0.0780746918946747,0.029435197372139,-0.2380052549470859,0.0555407568996762,6.776234920231319e-05,0.3146007779267477,0.007893523887734,1.287721390295003,0.0271300031381625,0.0,0.0,0.0,0.0,0.0,0.0
5,11,0.2308806227668667,-0.0173376651834925,0.0735227732410126,0.1753398658671905,-0.0174054275326948,-0.2410780046857351,0.0555407568996762,6.776234920231319e-05,0.3146007779267477,0.007893523887734,1.287721390295003,0.0271300031381625,0.0,0.0,0.0,0.0,0.0,0.0
5,12,-0.0003642525832719,-0.0014493129596628,0.1224123685661596,-0.0559050094829481,-0.0015170753088651,-0.192188409360588,0.0555407568996762,6.776234920231319e-05,0.3146007779267477,0.007893523887734,1.287721390295003,0.0271300031381625,0.0,0.0,0.0,0.0,0.0,0.0
5,13,0.1024442005700156,-0.0075931873399931,0.2820766249547839,0.0469034436703393,-0.0076609496891954,-0.0325241529719638,0.0555407568996762,6.776234920231319e-05,0.3146007779267477,0.007893523887734,1.287721390295003,0.0271300031381625,0.0,0.0,0.0,0.0,0.0,0.0
5,14,0.1242202835766621,-0.0510670613276654,0.4822211339712935,0.0686795266769858,-0.0511348236768677,0.1676203560445457,0.0555407568996762,6.776234920231319e-05,0.3146007779267477,0.007893523887734,1.287721390295003,0.0271300031381625,0.0,0.0,0.0,0.0,0.0,0.0
5,15,0.1451958067379911,-0.1139391790174811,0.5270477347681928,0.0896550498383148,-0.1140069413666834,0.212446956841445,0.0555407568996762,6.776234920231319e-05,0.3146007779267477,0.007893523887734,1.287721390295003,0.0271300031381625,0.0,0.0,0.0,0.0,0.0,0.0
5,16,0.1671050753724562,-0.1802561108489079,0.3920438514888251,0.11156431847278,-0.1803238731981102,0.0774430735620773,0.0555407568996762,6.776234920231319e-05,0.3146007779267477,0.007893523887734,1.287721390295003,0.0271300031381625,0.0,0.0,0.0,0.0,0.0,0.0
5,17,0.2991872851414466,-0.1685337429530939,0.5107909607334788,0.2436465282417704,-0.1686015053022962,0.1961901828067311,0.0555407568996762,6.776234920231319e-05,0.3146007779267477,0.007893523887734,1.287721390295003,0.0271300031381625,0.0,0.0,0.0,0.0,0.0,0.0
5,18,0.3662716650549531,-0.1538762271932743,0.4891381733030646,0.3107309081552769,-0.1539439895424766,0.1745373953763168,0.0555407568996762,6.776234920231319e-05,0.3146007779267477,0.007893523887734,1.287721390295003,0.0271300031381625,0.0,0.0,0.0,0.0,0.0,0.0
5,19,0.155576038565371,0.0288852492641249,0.477699556775862,0.1000352816656948,0.0288174869149226,0.1630987788491143,0.0555407568996762,6.776234920231319e-05,0.3146007779267477,0.007893523887734,1.287721390295003,0.0271300031381625,0.0,0.0,0.0,0.0,0.0,0.0
5,20,0.2132418065740635,0.0566758631737274,0.5256822721910303,0.1577010496743873,0.0566081008245251,0.2110814942642825,0.0555407568996762,6.776234920231319e-05,0.3146007779267477,0.007893523887734,1.287721390295003,0.0271300031381625,0.0,0.0,0.0,0.0,0.0,0.0
5,21,0.2797498992350831,0.0611128813850562,0.3890770509141205,0.2242091423354069,0.0610451190358539,0.0744762729873728,0.0555407568996762,6.776234920231319e-05,0.3146007779267477,0.007893523887734,1.287721390295003,0.0271300031381625,0.0,0.0,0.0,0.0,0.0,0.0
5,22,0.3675136085600675,-0.0157745379853403,0.5235012156631429,0.3119728516603913,-0.0158423003345426,0.2089004377363951,0.0555407568996762,6.776234920231319e-05,0.3146007779267477,0.007893523887734,1.287721390295003,0.0271300031381625,0.0,0.0,0.0,0.0,0.0,0.0
5,23,0.426845435889144,-0.0461276841819097,0.4962538161195133,0.3713046789894677,-0.0461954465311121,0.1816530381927656,0.0555407568996762,6.776234920231319e-05,0.3146007779267477,0.007893523887734,1.287721390295003,0.0271300031381625,0.0,0.0,0.0,0.0,0.0,0.0
5,24,0.1114457663826244,0.0015848376580674,0.5067891872873358,0.0559050094829481,0.0015170753088651,0.192188409360588,0.0555407568996762,6.776234920231319e-05,0.3146007779267477,0.007893523887734,1.287721390295003,0.0271300031381625,0.0,0.0,0.0,0.0,0.0,0.0
5,25,0.0962134978220782,0.0007598879757845,0.6459559677910306,0.040672740922402,0.0006921256265822,0.3313551898642828,0.0555407568996762,6.776234920231319e-05,0.3146007779267477,0.007893523887734,1.287721390295003,0.0271300031381625,0.0,0.0,0.0,0.0,0.0,0.0
5,26,0.1386875770150004,-0.0784209353817797,0.7902693414241211,0.0831468201153242,-0.078488697730982,0.4756685634973733,0.0555407568996762,6.776234920231319e-05,0.3146007779267477,0.007893523887734,1.287721390295003,0.0271300031381625,0.0,0.0,0.0,0.0,0.0,0.0
6,0,-0.0003642525832719,-0.0014493129596628,0.1224123685661596,-0.0559050094829481,-0.0015170753088651,-0.192188409360588,0.0555407568996762,6.776234920231319e-05,0.3146007779267477,0.007893523887734,1.287721390295003,0.0271300031381625,0.0,0.0,0.0,0.0,0.0,0.0
6,1,0.027227254002736,-0.0146149452378418,0.0608332453687273,-0.0283135028969401,-0.0146827075870441,-0.2537675325580203,0.0555407568996762,6.776234920231319e-05,0.3146007779267477,0.007893523887734,1.287721390295003,0.0271300031381625,0.0,0.0,0.0,0.0,0.0,0.0
6,2,-0.083902187220396,0.0221250307247471,0.0343677686094261,-0.1394429441200723,0.0220572683755448,-0.2802330093173216,0.0555407568996762,6.776234920231319e-05,0.3146007779267477,0.007893523887734,1.287721390295003,0.0271300031381625,0.0,0.0,0.0,0.0,0.0,0.0
6,3,-0.20029889497781,0.0506821402149293,0.0283429929941528,-0.2558396518774862,0.050614377865727,-0.2862577849325948,0.0555407568996762,6.776234920231319e-05,0.3146007779267477,0.007893523887734,1.287721390295003,0.0271300031381625,0.0,0.0,0.0,0.0,0.0,0.0
6,4,0.0643003907578741,-0.083505831719866,0.093493303236641,0.0087596338581979,-0.0835735940690684,-0.2211074746901067,0.0555407568996762,6.776234920231319e-05,0.3146007779267477,0.007893523887734,1.287721390295003,0.0271300031381625,0.0,0.0,0.0,0.0,0.0,0.0
6,5,0.1677310828595359,-0.0976655240148239,0.2147434374460392,0.1121903259598597,-0.0977332863640262,-0.0998573404807084,0.0555407568996762,6.776234920231319e-05,0.3146007779267477,0.007893523887734,1.287721390295003,0.0271300031381625,0.0,0.0,0.0,0.0,0.0,0.0
6,6,0.0632568759747095,-0.1210832050580406,0.0700480598050288,0.0077161190750332,-0.1211509674072429,-0.2445527181217189,0.0555407568996762,6.776234920231319e-05,0.3146007779267477,0.007893523887734,1.287721390295003,0.0271300031381625,0.0,0.0,0.0,0.0,0.0,0.0
6,7,0.144400550648651,-0.1919529572698305,0.0624861630731799,0.0888597937489747,-0.1920207196190328,-0.2521146148535677,0.0555407568996762,6.776234920231319e-05,0.3146007779267477,0.007893523887734,1.287721390295003,0.0271300031381625,0.0,0.0,0.0,0.0,0.0,0.0
6,8,0.1036922068647358,0.0037882787222463,0.0924799070320468,0.0481514499650596,0.003720516373044,-0.2221208708947009,0.0555407568996762,6.776234920231319e-05,0.3146007779267477,0.007893523887734,1.287721390295003,0.0271300031381625,0.0,0.0,0.0,0.0,0.0,0.0
6,9,0.1524251106432502,-0.0664099555993575,0.2277474640723565,0.096884353743574,-0.0664777179485598,-0.0868533138543911,0.0555407568996762,6.776234920231319e-05,0.3146007779267477,0.007893523887734,1.287721390295003,0.0271300031381625,0.0,0.0,0.0,0.0,0.0,0.0
6,10,0.1336154487943509,0.0295029597213413,0.0765955229796618,0.0780746918946747,0.029435197372139,-0.2380052549470859,0.0555407568996762,6.776234920231319e-05,0.3146007779267477,0.007893523887734,1.287721390295003,0.0271300031381625,0.0,0.0,0.0,0.0,0.0,0.0
6,11,0.2308806227668667,-0.0173376651834925,0.0735227732410126,0.1753398658671905,-0.0174054275326948,-0.2410780046857351,0.0555407568996762,6.776234920231319e-05,0.3146007779267477,0.007893523887734,1.287721390295003,0.0271300031381625,0.0,0.0,0.0,0.0,0.0,0.0
6,12,-0.0003642525832719,-0.0014493129596628,0.1224123685661596,-0.0559050094829481,-0.0015170753088651,-0.192188409360588,0.0555407568996762,6.776234920231319e-05,0.3146007779267477,0.007893523887734,1.287721390295003,0.0271300031381625,0.0,0.0,0.0,0.0,0.0,0.0
6,13,0.1024442005700156,-0.0075931873399931,0.2820766249547839,0.0469034436703393,-0.0076609496891954,-0.0325241529719638,0.0555407568996762,6.776234920231319e-05,0.3146007779267477,0.007893523887734,1.287721390295003,0.0271300031381625,0.0,0.0,0.0,0.0,0.0,0.0
6,14,0.1242202835766621,-0.0510670613276654,0.4822211339712935,0.0686795266769858,-0.0511348236768677,0.1676203560445457,0.0555407568996762,6.776234920231319e-05,0.3146007779267477,0.007893523887734,1.287721390295003,0.0271300031381625,0.0,0.0,0.0,0.0,0.0,0.0
6,15,0.1451958067379911,-0.1139391790174811,0.5270477347681928,0.0896550498383148,-0.1140069413666834,0.212446956841445,0.0555407568996762,6.776234920231319e-05,0.3146007779267477,0.007893523887734,1.287721390295003,0.0271300031381625,0.0,0.0,0.0,0.0,0.0,0.0
6,16,0.1671050753724562,-0.1802561108489079,0.3920438514888251,0.11156431847278,-0.1803238731981102,0.0774430735620773,0.0555407568996762,6.776234920231319e-05,0.3146007779267477,0.007893523887734,1.287721390295003,0.0271300031381625,0.0,0.0,0.0,0.0,0.0,0.0
6,17,0.2991872851414466,-0.1685337429530939,0.5107909607334788,0.2436465282417704,-0.1686015053022962,0.1961901828067311,0.0555407568996762,6.776234920231319e-05,0.3146007779267477,0.007893523887734,1.287721390295003,0.0271300031381625,0.0,0.0,0.0,0.0,0.0,0.0
6,18,0.3662716650549531,-0.1538762271932743,0.4891381733030646,0.3107309081552769,-0.1539439895424766,0.1745373953763168,0.0555407568996762,6.776234920231319e-05,0.3146007779267477,0.007893523887734,1.287721390295003,0.0271300031381625,0.0,0.0,0.0,0.0,0.0,0.0
6,19,0.155576038565371,0.0288852492641249,0.477699556775862,0.1000352816656948,0.0288174869149226,0.1630987788491143,0.0555407568996762,6.776234920231319e-05,0.3146007779267477,0.007893523887734,1.287721390295003,0.0271300031381625,0.0,0.0,0.0,0.0,0.0,0.0
6,20,0.2132418065740635,0.0566758631737274,0.5256822721910303,0.1577010496743873,0.0566081008245251,0.2110814942642825,0.0555407568996762,6.776234920231319e-05,0.3146007779267477,0.007893523887734,1.287721390295003,0.0271300031381625,0.0,0.0,0.0,0.0,0.0,0.0
6,21,0.2797498992350831,0.0611128813850562,0.3890770509141205,0.2242091423354069,0.0610451190358539,0.0744762729873728,0.0555407568996762,6.776234920231319e-05,0.3146007779267477,0.007893523887734,1.287721390295003,0.0271300031381625,0.0,0.0,0.0,0.0,0.0,0.0
6,22,0.3675136085600675,-0.0157745379853403,0.5235012156631429,0.3119728516603913,-0.0158423003345426,0.2089004377363951,0.0555407568996762,6.776234920231319e-05,0.3146007779267477,0.007893523887734,1.287721390295003,0.0271300031381625,0.0,0.0,0.0,0.0,0.0,0.0
6,23,0.426845435889144,-0.0461276841819097,0.4962538161195133,0.3713046789894677,-0.0461954465311121,0.1816530381927656,0.0555407568996762,6.776234920231319e-05,0.3146007779267477,0.007893523887734,1.287721390295003,0.0271300031381625,0.0,0.0,0.0,0.0,0.0,0.0
6,24,0.1114457663826244,0.0015848376580674,0.5067891872873358,0.0559050094829481,0.0015170753088651,0.192188409360588,0.0555407568996762,6.776234920231319e-05,0.3146007779267477,0.007893523887734,1.287721390295003,0.0271300031381625,0.0,0.0,0.0,0.0,0.0,0.0
6,25,0.0962134978220782,0.0007598879757845,0.6459559677910306,0.040672740922402,0.0006921256265822,0.3313551898642828,0.0555407568996762,6.776234920231319e-05,0.3146007779267477,0.007893523887734,1.287721390295003,0.0271300031381625,0.0,0.0,0.0,0.0,0.0,0.0
6,26,0.1386875770150004,-0.0784209353817797,0.7902693414241211,0.0831468201153242,-0.078488697730982,0.4756685634973733,0.0555407568996762,6.776234920231319e-05,0.3146007779267477,0.007893523887734,1.287721390295003,0.0271300031381625,0.0,0.0,0.0,0.0,0.0,0.0
7,0,-0.0003642525832719,-0.0014493129596628,0.1224123685661596,-0.0559050094829481,-0.0015170753088651,-0.192188409360588,0.0555407568996762,6.776234920231319e-05,0.3146007779267477,0.007893523887734,1.287721390295003,0.0271300031381625,0.0,0.0,0.0,0.0,0.0,0.0
7,1,0.027227254002736,-0.0146149452378418,0.0608332453687273,-0.0283135028969401,-0.0146827075870441,-0.2537675325580203,0.0555407568996762,6.776234920231319e-05,0.3146007779267477,0.007893523887734,1.287721390295003,0.0271300031381625,0.0,0.0,0.0,0.0,0.0,0.0
7,2,-0.083902187220396,0.0221250307247471,0.0343677686094261,-0.1394429441200723,0.0220572683755448,-0.2802330093173216,0.0555407568996762,6.776234920231319e-05,0.3146007779267477,0.007893523887734,1.287721390295003,0.0271300031381625,0.0,0.0,0.0,0.0,0.0,0.0
7,3,-0.20029889497781,0.0506821402149293,0.0283429929941528,-0.2558396518774862,0.050614377865727,-0.2862577849325948,0.0555407568996762,6.776234920231319e-05,0.3146007779267477,0.007893523887734,1.287721390295003,0.0271300031381625,0.0,0.0,0.0,0.0,0.0,0.0
7,4,0.0643003907578741,-0.083505831719866,0.093493303236641,0.0087596338581979,-0.0835735940690684,-0.2211074746901067,0.0555407568996762,6.776234920231319e-05,0.3146007779267477,0.007893523887734,1.287721390295003,0.0271300031381625,0.0,0.0,0.0,0.0,0.0,0.0
7,5,0.1677310828595359,-0.0976655240148239,0.2147434374460392,0.1121903259598597,-0.0977332863640262,-0.0998573404807084,0.0555407568996762,6.776234920231319e-05,0.3146007779267477,0.007893523887734,1.287721390295003,0.0271300031381625,0.0,0.0,0.0,0.0,0.0,0.0
7,6,0.0632568759747095,-0.1210832050580406,0.0700480598050288,0.0077161190750332,-0.1211509674072429,-0.2445527181217189,0.0555407568996762,6.776234920231319e-05,0.3146007779267477,0.007893523887734,1.287721390295003,0.0271300031381625,0.0,0.0,0.0,0.0,0.0,0.0
7,7,0.144400550648651,-0.1919529572698305,0.0624861630731799,0.0888597937489747,-0.1920207196190328,-0.2521146148535677,0.0555407568996762,6.776234920231319e-05,0.3146007779267477,0.007893523887734,1.287721390295003,0.0271300031381625,0.0,0.0,0.0,0.0,0.0,0.0
7,8,0.1036922068647358,0.0037882787222463,0.0924799070320468,0.0481514499650596,0.003720516373044,-0.2221208708947009,0.0555407568996762,6.776234920231319e-05,0.3146007779267477,0.007893523887734,1.287721390295003,0.0271300031381625,0.0,0.0,0.0,0.0,0.0,0.0
7,9,0.1524251106432502,-0.0664099555993575,0.2277474640723565,0.096884353743574,-0.0664777179485598,-0.0868533138543911,0.0555407568996762,6.776234920231319e-05,0.3146007779267477,0.007893523887734,1.287721390295003,0.0271300031381625,0.0,0.0,0.0,0.0,0.0,0.0
7,10,0.1336154487943509,0.0295029597213413,0.0765955229796618,0.0780746918946747,0.029435197372139,-0.2380052549470859,0.0555407568996762,6.776234920231319e-05,0.3146007779267477,0.007893523887734,1.287721390295003,0.0271300031381625,0.0,0.0,0.0,0.0,0.0,0.0
7,11,0.2308806227668667,-0.0173376651834925,0.0735227732410126,0.1753398658671905,-0.0174054275326948,-0.2410780046857351,0.0555407568996762,6.776234920231319e-05,0.3146007779267477,0.007893523887734,1.287721390295003,0.0271300031381625,0.0,0.0,0.0,0.0,0.0,0.0
7,12,-0.0003642525832719,-0.0014493129596628,0.1224123685661596,-0.0559050094829481,-0.0015170753088651,-0.192188409360588,0.0555407568996762,6.776234920231319e-05,0.3146007779267477,0.007893523887734,1.287721390295003,0.0271300031381625,0.0,0.0,0.0,0.0,0.0,0.0
7,13,0.1024442005700156,-0.0075931873399931,0.2820766249547839,0.0469034436703393,-0.0076609496891954,-0.0325241529719638,0.0555407568996762,6.776234920231319e-05,0.3146007779267477,0.007893523887734,1.287721390295003,0.0271300031381625,0.0,0.0,0.0,0.0,0.0,0.0
7,14,0.1242202835766621,-0.0510670613276654,0.4822211339712935,0.0686795266769858,-0.0511348236768677,0.1676203560445457,0.0555407568996762,6.776234920231319e-05,0.3146007779267477,0.007893523887734,1.287721390295003,0.0271300031381625,0.0,0.0,0.0,0.0,0.0,0.0
7,15,0.1451958067379911,-0.1139391790174811,0.5270477347681928,0.0896550498383148,-0.1140069413666834,0.212446956841445,0.0555407568996762,6.776234920231319e-05,0.3146007779267477,0.007893523887734,1.287721390295003,0.0271300031381625,0.0,0.0,0.0,0.0,0.0,0.0
7,16,0.1671050753724562,-0.1802561108489079,0.3920438514888251,0.11156431847278,-0.1803238731981102,0.0774430735620773,0.0555407568996762,6.776234920231319e-05,0.3146007779267477,0.007893523887734,1.287721390295003,0.0271300031381625,0.0,0.0,0.0,0.0,0.0,0.0
7,17,0.2991872851414466,-0.1685337429530939,0.5107909607334788,0.2436465282417704,-0.1686015053022962,0.1961901828067311,0.0555407568996762,6.776234920231319e-05,0.3146007779267477,0.007893523887734,1.287721390295003,0.0271300031381625,0.0,0.0,0.0,0.0,0.0,0.0
7,18,0.3662716650549531,-0.1538762271932743,0.4891381733030646,0.3107309081552769,-0.1539439895424766,0.1745373953763168,0.0555407568996762,6.776234920231319e-05,0.3146007779267477,0.007893523887734,1.287721390295003,0.0271300031381625,0.0,0.0,0.0,0.0,0.0,0.0
7,19,0.155576038565371,0.0288852492641249,0.477699556775862,0.1000352816656948,0.0288174869149226,0.1630987788491143,0.0555407568996762,6.776234920231319e-05,0.3146007779267477,0.007893523887734,1.287721390295003,0.0271300031381625,0.0,0.0,0.0,0.0,0.0,0.0
7,20,0.2132418065740635,0.0566758631737274,0.5256822721910303,0.1577010496743873,0.0566081008245251,0.2110814942642825,0.0555407568996762,6.776234920231319e-05,0.3146007779267477,0.007893523887734,1.287721390295003,0.0271300031381625,0.0,0.0,0.0,0.0,0.0,0.0
7,21,0.2797498992350831,0.0611128813850562,0.3890770509141205,0.2242091423354069,0.0610451190358539,0.0744762729873728,0.0555407568996762,6.776234920231319e-05,0.3146007779267477,0.007893523887734,1.287721390295003,0.0271300031381625,0.0,0.0,0.0,0.0,0.0,0.0
7,22,0.3675136085600675,-0.0157745379853403,0.5235012156631429,0.3119728516603913,-0.0158423003345426,0.2089004377363951,0.0555407568996762,6.776234920231319e-05,0.3146007779267477,0.007893523887734,1.287721390295003,0.0271300031381625,0.0,0.0,0.0,0.0,0.0,0.0
7,23,0.426845435889144,-0.0461276841819097,0.4962538161195133,0.3713046789894677,-0.0461954465311121,0.1816530381927656,0.0555407568996762,6.776234920231319e-05,0.3146007779267477,0.007893523887734,1.287721390295003,0.0271300031381625,0.0,0.0,0.0,0.0,0.0,0.0
7,24,0.1114457663826244,0.0015848376580674,0.5067891872873358,0.0559050094829481,0.0015170753088651,0.192188409360588,0.0555407568996762,6.776234920231319e-05,0.3146007779267477,0.007893523887734,1.287721390295003,0.0271300031381625,0.0,0.0,0.0,0.0,0.0,0.0
7,25,0.0962134978220782,0.0007598879757845,0.6459559677910306,0.040672740922402,0.0006921256265822,0.3313551898642828,0.0555407568996762,6.776234920231319e-05,0.3146007779267477,0.007893523887734,1.287721390295003,0.0271300031381625,0.0,0.0,0.0,0.0,0.0,0.0
7,26,0.1386875770150004,-0.0784209353817797,0.7902693414241211,0.0831468201153242,-0.078488697730982,0.4756685634973733,0.0555407568996762,6.776234920231319e-05,0.3146007779267477,0.007893523887734,1.287721390295003,0.0271300031381625,0.0,0.0,0.0,0.0,0.0,0.0
8,0,-0.0003642525832719,-0.0014493129596628,0.1224123685661596,-0.0559050094829481,-0.0015170753088651,-0.192188409360588,0.0555407568996762,6.776234920231319e-05,0.3146007779267477,0.007893523887734,1.287721390295003,0.0271300031381625,0.0,0.0,0.0,0.0,0.0,0.0
8,1,0.027227254002736,-0.0146149452378418,0.0608332453687273,-0.0283135028969401,-0.0146827075870441,-0.2537675325580203,0.0555407568996762,6.776234920231319e-05,0.3146007779267477,0.007893523887734,1.287721390295003,0.0271300031381625,0.0,0.0,0.0,0.0,0.0,0.0
8,2,-0.083902187220396,0.0221250307247471,0.0343677686094261,-0.1394429441200723,0.0220572683755448,-0.2802330093173216,0.0555407568996762,6.776234920231319e-05,0.3146007779267477,0.007893523887734,1.287721390295003,0.0271300031381625,0.0,0.0,0.0,0.0,0.0,0.0
8,3,-0.20029889497781,0.0506821402149293,0.0283429929941528,-0.2558396518774862,0.050614377865727,-0.2862577849325948,0.0555407568996762,6.776234920231319e-05,0.3146007779267477,0.007893523887734,1.287721390295003,0.0271300031381625,0.0,0.0,0.0,0.0,0.0,0.0
8,4,0.0643003907578741,-0.083505831719866,0.093493303236641,0.0087596338581979,-0.0835735940690684,-0.2211074746901067,0.0555407568996762,6.776234920231319e-05,0.3146007779267477,0.007893523887734,1.287721390295003,0.0271300031381625,0.0,0.0,0.0,0.0,0.0,0.0
8,5,0.1677310828595359,-0.0976655240148239,0.2147434374460392,0.1121903259598597,-0.0977332863640262,-0.0998573404807084,0.0555407568996762,6.776234920231319e-05,0.3146007779267477,0.007893523887734,1.287721390295003,0.0271300031381625,0.0,0.0,0.0,0.0,0.0,0.0
8,6,0.0632568759747095,-0.1210832050580406,0.0700480598050288,0.0077161190750332,-0.1211509674072429,-0.2445527181217189,0.0555407568996762,6.776234920231319e-05,0.3146007779267477,0.007893523887734,1.287721390295003,0.0271300031381625,0.0,0.0,0.0,0.0,0.0,0.0
8,7,0.144400550648651,-0.1919529572698305,0.0624861630731799,0.0888597937489747,-0.1920207196190328,-0.2521146148535677,0.0555407568996762,6.776234920231319e-05,0.3146007779267477,0.007893523887734,1.287721390295003,0.0271300031381625,0.0,0.0,0.0,0.0,0.0,0.0
8,8,0.1036922068647358,0.0037882787222463,0.0924799070320468,0.0481514499650596,0.003720516373044,-0.2221208708947009,0.0555407568996762,6.776234920231319e-05,0.3146007779267477,0.007893523887734,1.287721390295003,0.0271300031381625,0.0,0.0,0.0,0.0,0.0,0.0
8,9,0.1524251106432502,-0.0664099555993575,0.2277474640723565,0.096884353743574,-0.0664777179485598,-0.0868533138543911,0.0555407568996762,6.776234920231319e-05,0.3146007779267477,0.007893523887734,1.287721390295003,0.0271300031381625,0.0,0.0,0.0,0.0,0.0,0.0
8,10,0.1336154487943509,0.0295029597213413,0.0765955229796618,0.0780746918946747,0.029435197372139,-0.2380052549470859,0.0555407568996762,6.776234920231319e-05,0.3146007779267477,0.007893523887734,1.287721390295003,0.0271300031381625,0.0,0.0,0.0,0.0,0.0,0.0
8,11,0.2308806227668667,-0.0173376651834925,0.0735227732410126,0.1753398658671905,-0.0174054275326948,-0.2410780046857351,0.0555407568996762,6.776234920231319e-05,0.3146007779267477,0.007893523887734,1.287721390295003,0.0271300031381625,0.0,0.0,0.0,0.0,0.0,0.0
8,12,-0.0003642525832719,-0.0014493129596628,0.1224123685661596,-0.0559050094829481,-0.0015170753088651,-0.192188409360588,0.0555407568996762,6.776234920231319e-05,0.3146007779267477,0.007893523887734,1.287721390295003,0.0271300031381625,0.0,0.0,0.0,0.0,0.0,0.0
8,13,0.1024442005700156,-0.0075931873399931,0.2820766249547839,0.0469034436703393,-0.0076609496891954,-0.0325241529719638,0.0555407568996762,6.776234920231319e-05,0.3146007779267477,0.007893523887734,1.287721390295003,0.0271300031381625,0.0,0.0,0.0,0.0,0.0,0.0
8,14,0.1242202835766621,-0.0510670613276654,0.4822211339712935,0.0686795266769858,-0.0511348236768677,0.1676203560445457,0.0555407568996762,6.776234920231319e-05,0.3146007779267477,0.007893523887734,1.287721390295003,0.0271300031381625,0.0,0.0,0.0,0.0,0.0,0.0
8,15,0.1451958067379911,-0.1139391790174811,0.5270477347681928,0.0896550498383148,-0.1140069413666834,0.212446956841445,0.0555407568996762,6.776234920231319e-05,0.3146007779267477,0.007893523887734,1.287721390295003,0.0271300031381625,0.0,0.0,0.0,0.0,0.0,0.0
8,16,0.1671050753724562,-0.1802561108489079,0.3920438514888251,0.11156431847278,-0.1803238731981102,0.0774430735620773,0.0555407568996762,6.776234920231319e-05,0.3146007779267477,0.007893523887734,1.287721390295003,0.0271300031381625,0.0,0.0,0.0,0.0,0.0,0.0
8,17,0.2991872851414466,-0.1685337429530939,0.5107909607334788,0.2436465282417704,-0.1686015053022962,0.1961901828067311,0.0555407568996762,6.776234920231319e-05,0.3146007779267477,0.007893523887734,1.287721390295003,0.0271300031381625,0.0,0.0,0.0,0.0,0.0,0.0
8,18,0.3662716650549531,-0.1538762271932743,0.4891381733030646,0.3107309081552769,-0.1539439895424766,0.1745373953763168,0.0555407568996762,6.776234920231319e-05,0.3146007779267477,0.007893523887734,1.287721390295003,0.0271300031381625,0.0,0.0,0.0,0.0,0.0,0.0
8,19,0.155576038565371,0.0288852492641249,0.477699556775862,0.1000352816656948,0.0288174869149226,0.1630987788491143,0.0555407568996762,6.776234920231319e-05,0.3146007779267477,0.007893523887734,1.287721390295003,0.0271300031381625,0.0,0.0,0.0,0.0,0.0,0.0
8,20,0.2132418065740635,0.0566758631737274,0.5256822721910303,0.1577010496743873,0.0566081008245251,0.2110814942642825,0.0555407568996762,6.776234920231319e-05,0.3146007779267477,0.007893523887734,1.287721390295003,0.0271300031381625,0.0,0.0,0.0,0.0,0.0,0.0
8,21,0.2797498992350831,0.0611128813850562,0.3890770509141205,0.2242091423354069,0.0610451190358539,0.0744762729873728,0.0555407568996762,6.776234920231319e-05,0.3146007779267477,0.007893523887734,1.287721390295003,0.0271300031381625,0.0,0.0,0.0,0.0,0.0,0.0
8,22,0.3675136085600675,-0.0157745379853403,0.5235012156631429,0.3119728516603913,-0.0158423003345426,0.2089004377363951,0.0555407568996762,6.776234920231319e-05,0.3146007779267477,0.007893523887734,1.287721390295003,0.0271300031381625,0.0,0.0,0.0,0.0,0.0,0.0
8,23,0.426845435889144,-0.0461276841819097,0.4962538161195133,0.3713046789894677,-0.0461954465311121,0.1816530381927656,0.0555407568996762,6.776234920231319e-05,0.3146007779267477,0.007893523887734,1.287721390295003,0.0271300031381625,0.0,0.0,0.0,0.0,0.0,0.0
8,24,0.1114457663826244,0.0015848376580674,0.5067891872873358,0.0559050094829481,0.0015170753088651,0.192188409360588,0.0555407568996762,6.776234920231319e-05,0.3146007779267477,0.007893523887734,1.287721390295003,0.0271300031381625,0.0,0.0,0.0,0.0,0.0,0.0
8,25,0.0962134978220782,0.0007598879757845,0.6459559677910306,0.040672740922402,0.0006921256265822,0.3313551898642828,0.0555407568996762,6.776234920231319e-05,0.3146007779267477,0.007893523887734,1.287721390295003,0.0271300031381625,0.0,0.0,0.0,0.0,0.0,0.0
8,26,0.1386875770150004,-0.0784209353817797,0.7902693414241211,0.0831468201153242,-0.078488697730982,0.4756685634973733,0.0555407568996762,6.776234920231319e-05,0.3146007779267477,0.007893523887734,1.287721390295003,0.0271300031381625,0.0,0.0,0.0,0.0,0.0,0.0
9,0,-0.0003642525832719,-0.0014493129596628,0.1224123685661596,-0.0559050094829481,-0.0015170753088651,-0.192188409360588,0.0555407568996762,6.776234920231319e-05,0.3146007779267477,0.007893523887734,1.287721390295003,0.0271300031381625,0.0,0.0,0.0,0.0,0.0,0.0
9,1,0.027227254002736,-0.0146149452378418,0.0608332453687273,-0.0283135028969401,-0.0146827075870441,-0.2537675325580203,0.0555407568996762,6.776234920231319e-05,0.3146007779267477,0.007893523887734,1.287721390295003,0.0271300031381625,0.0,0.0,0.0,0.0,0.0,0.0
9,2,-0.083902187220396,0.0221250307247471,0.0343677686094261,-0.1394429441200723,0.0220572683755448,-0.2802330093173216,0.0555407568996762,6.776234920231319e-05,0.3146007779267477,0.007893523887734,1.287721390295003,0.0271300031381625,0.0,0.0,0.0,0.0,0.0,0.0
9,3,-0.20029889497781,0.0506821402149293,0.0283429929941528,-0.2558396518774862,0.050614377865727,-0.2862577849325948,0.0555407568996762,6.776234920231319e-05,0.3146007779267477,0.007893523887734,1.287721390295003,0.0271300031381625,0.0,0.0,0.0,0.0,0.0,0.0
9,4,0.0643003907578741,-0.083505831719866,0.093493303236641,0.0087596338581979,-0.0835735940690684,-0.2211074746901067,0.0555407568996762,6.776234920231319e-05,0.3146007779267477,0.007893523887734,1.287721390295003,0.0271300031381625,0.0,0.0,0.0,0.0,0.0,0.0
9,5,0.1677310828595359,-0.0976655240148239,0.2147434374460392,0.1121903259598597,-0.0977332863640262,-0.0998573404807084,0.0555407568996762,6.776234920231319e-05,0.3146007779267477,0.007893523887734,1.287721390295003,0.0271300031381625,0.0,0.0,0.0,0.0,0.0,0.0
9,6,0.0632568759747095,-0.1210832050580406,0.0700480598050288,0.0077161190750332,-0.1211509674072429,-0.2445527181217189,0.0555407568996762,6.776234920231319e-05,0.3146007779267477,0.007893523887734,1.287721390295003,0.0271300031381625,0.0,0.0,0.0,0.0,0.0,0.0
9,7,0.144400550648651,-0.1919529572698305,0.0624861630731799,0.0888597937489747,-0.1920207196190328,-0.2521146148535677,0.0555407568996762,6.776234920231319e-05,0.3146007779267477,0.007893523887734,1.287721390295003,0.0271300031381625,0.0,0.0,0.0,0.0,0.0,0.0
9,8,0.1036922068647358,0.0037882787222463,0.0924799070320468,0.0481514499650596,0.003720516373044,-0.2221208708947009,0.0555407568996762,6.776234920231319e-05,0.3146007779267477,0.007893523887734,1.287721390295003,0.0271300031381625,0.0,0.0,0.0,0.0,0.0,0.0
9,9,0.1524251106432502,-0.0664099555993575,0.2277474640723565,0.096884353743574,-0.0664777179485598,-0.0868533138543911,0.0555407568996762,6.776234920231319e-05,0.3146007779267477,0.007893523887734,1.287721390295003,0.0271300031381625,0.0,0.0,0.0,0.0,0.0,0.0
9,10,0.1336154487943509,0.0295029597213413,0.0765955229796618,0.0780746918946747,0.029435197372139,-0.2380052549470859,0.0555407568996762,6.776234920231319e-05,0.3146007779267477,0.007893523887734,1.287721390295003,0.0271300031381625,0.0,0.0,0.0,0.0,0.0,0.0
9,11,0.2308806227668667,-0.0173376651834925,0.0735227732410126,0.1753398658671905,-0.0174054275326948,-0.2410780046857351,0.0555407568996762,6.776234920231319e-05,0.3146007779267477,0.007893523887734,1.287721390295003,0.0271300031381625,0.0,0.0,0.0,0.0,0.0,0.0
9,12,-0.0003642525832719,-0.0014493129596628,0.1224123685661596,-0.0559050094829481,-0.0015170753088651,-0.192188409360588,0.0555407568996762,6.776234920231319e-05,0.3146007779267477,0.007893523887734,1.287721390295003,0.0271300031381625,0.0,0.0,0.0,0.0,0.0,0.0
9,13,0.1024442005700156,-0.0075931873399931,0.2820766249547839,0.0469034436703393,-0.0076609496891954,-0.0325241529719638,0.0555407568996762,6.776234920231319e-05,0.3146007779267477,0.007893523887734,1.287721390295003,0.0271300031381625,0.0,0.0,0.0,0.0,0.0,0.0
9,14,0.1242202835766621,-0.0510670613276654,0.4822211339712935,0.0686795266769858,-0.0511348236768677,0.1676203560445457,0.0555407568996762,6.776234920231319e-05,0.3146007779267477,0.007893523887734,1.287721390295003,0.0271300031381625,0.0,0.0,0.0,0.0,0.0,0.0
9,15,0.1451958067379911,-0.1139391790174811,0.5270477347681928,0.0896550498383148,-0.1140069413666834,0.212446956841445,0.0555407568996762,6.776234920231319e-05,0.3146007779267477,0.007893523887734,1.287721390295003,0.0271300031381625,0.0,0.0,0.0,0.0,0.0,0.0
9,16,0.1671050753724562,-0.1802561108489079,0.3920438514888251,0.11156431847278,-0.1803238731981102,0.0774430735620773,0.0555407568996762,6.776234920231319e-05,0.3146007779267477,0.007893523887734,1.287721390295003,0.0271300031381625,0.0,0.0,0.0,0.0,0.0,0.0
9,17,0.2991872851414466,-0.1685337429530939,0.5107909607334788,0.2436465282417704,-0.1686015053022962,0.1961901828067311,0.0555407568996762,6.776234920231319e-05,0.3146007779267477,0.007893523887734,1.287721390295003,0.0271300031381625,0.0,0.0,0.0,0.0,0.0,0.0
9,18,0.3662716650549531,-0.1538762271932743,0.4891381733030646,0.3107309081552769,-0.1539439895424766,0.1745373953763168,0.0555407568996762,6.776234920231319e-05,0.3146007779267477,0.007893523887734,1.287721390295003,0.0271300031381625,0.0,0.0,0.0,0.0,0.0,0.0
9,19,0.155576038565371,0.0288852492641249,0.477699556775862,0.1000352816656948,0.0288174869149226,0.1630987788491143,0.0555407568996762,6.776234920231319e-05,0.3146007779267477,0.007893523887734,1.287721390295003,0.0271300031381625,0.0,0.0,0.0,0.0,0.0,0.0
9,20,0.2132418065740635,0.0566758631737274,0.5256822721910303,0.1577010496743873,0.0566081008245251,0.2110814942642825,0.0555407568996762,6.776234920231319e-05,0.3146007779267477,0.007893523887734,1.287721390295003,0.0271300031381625,0.0,0.0,0.0,0.0,0.0,0.0
9,21,0.2797498992350831,0.0611128813850562,0.3890770509141205,0.2242091423354069,0.0610451190358539,0.0744762729873728,0.0555407568996762,6.776234920231319e-05,0.3146007779267477,0.007893523887734,1.287721390295003,0.0271300031381625,0.0,0.0,0.0,0.0,0.0,0.0
9,22,0.3675136085600675,-0.0157745379853403,0.5235012156631429,0.3119728516603913,-0.0158423003345426,0.2089004377363951,0.0555407568996762,6.776234920231319e-05,0.3146007779267477,0.007893523887734,1.287721390295003,0.0271300031381625,0.0,0.0,0.0,0.0,0.0,0.0
9,23,0.426845435889144,-0.0461276841819097,0.4962538161195133,0.3713046789894677,-0.0461954465311121,0.1816530381927656,0.0555407568996762,6.776234920231319e-05,0.3146007779267477,0.007893523887734,1.287721390295003,0.0271300031381625,0.0,0.0,0.0,0.0,0.0,0.0
9,24,0.1114457663826244,0.0015848376580674,0.5067891872873358,0.0559050094829481,0.0015170753088651,0.192188409360588,0.0555407568996762,6.776234920231319e-05,0.3146007779267477,0.007893523887734,1.287721390295003,0.0271300031381625,0.0,0.0,0.0,0.0,0.0,0.0
9,25,0.0962134978220782,0.0007598879757845,0.6459559677910306,0.040672740922402,0.0006921256265822,0.3313551898642828,0.0555407568996762,6.776234920231319e-05,0.3146007779267477,0.007893523887734,1.287721390295003,0.0271300031381625,0.0,0.0,0.0,0.0,0.0,0.0
9,26,0.1386875770150004,-0.0784209353817797,0.7902693414241211,0.0831468201153242,-0.078488697730982,0.4756685634973733,0.0555407568996762,6.776234920231319e-05,0.3146007779267477,0.007893523887734,1.287721390295003,0.0271300031381625,0.0,0.0,0.0,0.0,0.0,0.0
10,0,-0.0003642525832719,-0.0014493129596628,0.1224123685661596,-0.0559050094829481,-0.0015170753088651,-0.192188409360588,0.0555407568996762,6.776234920231319e-05,0.3146007779267477,0.007893523887734,1.287721390295003,0.0271300031381625,0.0,0.0,0.0,0.0,0.0,0.0
10,1,0.027227254002736,-0.0146149452378418,0.0608332453687273,-0.0283135028969401,-0.0146827075870441,-0.2537675325580203,0.0555407568996762,6.776234920231319e-05,0.3146007779267477,0.007893523887734,1.287721390295003,0.0271300031381625,0.0,0.0,0.0,0.0,0.0,0.0
10,2,-0.083902187220396,0.0221250307247471,0.0343677686094261,-0.1394429441200723,0.0220572683755448,-0.2802330093173216,0.0555407568996762,6.776234920231319e-05,0.3146007779267477,0.007893523887734,1.287721390295003,0.0271300031381625,0.0,0.0,0.0,0.0,0.0,0.0
10,3,-0.20029889497781,0.0506821402149293,0.0283429929941528,-0.2558396518774862,0.050614377865727,-0.2862577849325948,0.0555407568996762,6.776234920231319e-05,0.3146007779267477,0.007893523887734,1.287721390295003,0.0271300031381625,0.0,0.0,0.0,0.0,0.0,0.0
10,4,0.0643003907578741,-0.083505831719866,0.093493303236641,0.0087596338581979,-0.0835735940690684,-0.2211074746901067,0.0555407568996762,6.776234920231319e-05,0.3146007779267477,0.007893523887734,1.287721390295003,0.0271300031381625,0.0,0.0,0.0,0.0,0.0,0.0
10,5,0.1677310828595359,-0.0976655240148239,0.2147434374460392,0.1121903259598597,-0.0977332863640262,-0.0998573404807084,0.0555407568996762,6.776234920231319e-05,0.3146007779267477,0.007893523887734,1.287721390295003,0.0271300031381625,0.0,0.0,0.0,0.0,0.0,0.0
10,6,0.0632568759747095,-0.1210832050580406,0.0700480598050288,0.0077161190750332,-0.1211509674072429,-0.2445527181217189,0.0555407568996762,6.776234920231319e-05,0.3146007779267477,0.007893523887734,1.287721390295003,0.0271300031381625,0.0,0.0,0.0,0.0,0.0,0.0
10,7,0.144400550648651,-0.1919529572698305,0.0624861630731799,0.0888597937489747,-0.1920207196190328,-0.2521146148535677,0.0555407568996762,6.776234920231319e-05,0.3146007779267477,0.007893523887734,1.287721390295003,0.0271300031381625,0.0,0.0,0.0,0.0,0.0,0.0
10,8,0.1036922068647358,0.0037882787222463,0.0924799070320468,0.0481514499650596,0.003720516373044,-0.2221208708947009,0.0555407568996762,6.776234920231319e-05,0.3146007779267477,0.007893523887734,1.287721390295003,0.0271300031381625,0.0,0.0,0.0,0.0,0.0,0.0
10,9,0.1524251106432502,-0.0664099555993575,0.2277474640723565,0.096884353743574,-0.0664777179485598,-0.0868533138543911,0.0555407568996762,6.776234920231319e-05,0.3146007779267477,0.007893523887734,1.287721390295003,0.0271300031381625,0.0,0.0,0.0,0.0,0.0,0.0
10,10,0.1336154487943509,0.0295029597213413,0.0765955229796618,0.0780746918946747,0.029435197372139,-0.2380052549470859,0.0555407568996762,6.776234920231319e-05,0.3146007779267477,0.007893523887734,1.287721390295003,0.0271300031381625,0.0,0.0,0.0,0.0,0.0,0.0
10,11,0.2308806227668667,-0.0173376651834925,0.0735227732410126,0.1753398658671905,-0.0174054275326948,-0.2410780046857351,0.0555407568996762,6.776234920231319e-05,0.3146007779267477,0.007893523887734,1.287721390295003,0.0271300031381625,0.0,0.0,0.0,0.0,0.0,0.0
10,12,-0.0003642525832719,-0.0014493129596628,0.1224123685661596,-0.0559050094829481,-0.0015170753088651,-0.192188409360588,0.0555407568996762,6.776234920231319e-05,0.3146007779267477,0.007893523887734,1.287721390295003,0.0271300031381625,0.0,0.0,0.0,0.0,0.0,0.0
10,13,0.1024442005700156,-0.0075931873399931,0.2820766249547839,0.0469034436703393,-0.0076609496891954,-0.0325241529719638,0.0555407568996762,6.776234920231319e-05,0.3146007779267477,0.007893523887734,1.287721390295003,0.0271300031381625,0.0,0.0,0.0,0.0,0.0,0.0
10,14,0.1242202835766621,-0.0510670613276654,0.4822211339712935,0.0686795266769858,-0.0511348236768677,0.1676203560445457,0.0555407568996762,6.776234920231319e-05,0.3146007779267477,0.007893523887734,1.287721390295003,0.0271300031381625,0.0,0.0,0.0,0.0,0.0,0.0
10,15,0.1451958067379911,-0.1139391790174811,0.5270477347681928,0.0896550498383148,-0.1140069413666834,0.212446956841445,0.0555407568996762,6.776234920231319e-05,0.3146007779267477,0.007893523887734,1.287721390295003,0.0271300031381625,0.0,0.0,0.0,0.0,0.0,0.0
10,16,0.1671050753724562,-0.1802561108489079,0.3920438514888251,0.11156431847278,-0.1803238731981102,0.0774430735620773,0.0555407568996762,6.776234920231319e-05,0.3146007779267477,0.007893523887734,1.287721390295003,0.0271300031381625,0.0,0.0,0.0,0.0,0.0,0.0
10,17,0.2991872851414466,-0.1685337429530939,0.5107909607334788,0.2436465282417704,-0.1686015053022962,0.1961901828067311,0.0555407568996762,6.776234920231319e-05,0.3146007779267477,0.007893523887734,1.287721390295003,0.0271300031381625,0.0,0.0,0.0,0.0,0.0,0.0
10,18,0.3662716650549531,-0.1538762271932743,0.4891381733030646,0.3107309081552769,-0.1539439895424766,0.1745373953763168,0.0555407568996762,6.776234920231319e-05,0.3146007779267477,0.007893523887734,1.287721390295003,0.0271300031381625,0.0,0.0,0.0,0.0,0.0,0.0
10,19,0.155576038565371,0.0288852492641249,0.477699556775862,0.1000352816656948,0.0288174869149226,0.1630987788491143,0.0555407568996762,6.776234920231319e-05,0.3146007779267477,0.007893523887734,1.287721390295003,0.0271300031381625,0.0,0.0,0.0,0.0,0.0,0.0
10,20,0.2132418065740635,0.0566758631737274,0.5256822721910303,0.1577010496743873,0.0566081008245251,0.2110814942642825,0.0555407568996762,6.776234920231319e-05,0.3146007779267477,0.007893523887734,1.287721390295003,0.0271300031381625,0.0,0.0,0.0,0.0,0.0,0.0
10,21,0.2797498992350831,0.0611128813850562,0.3890770509141205,0.2242091423354069,0.0610451190358539,0.0744762729873728,0.0555407568996762,6.776234920231319e-05,0.3146007779267477,0.007893523887734,1.287721390295003,0.0271300031381625,0.0,0.0,0.0,0.0,0.0,0.0
10,22,0.3675136085600675,-0.0157745379853403,0.5235012156631429,0.3119728516603913,-0.0158423003345426,0.2089004377363951,0.0555407568996762,6.776234920231319e-05,0.3146007779267477,0.007893523887734,1.287721390295003,0.0271300031381625,0.0,0.0,0.0,0.0,0.0,0.0
10,23,0.426845435889144,-0.0461276841819097,0.4962538161195133,0.3713046789894677,-0.0461954465311121,0.1816530381927656,0.0555407568996762,6.776234920231319e-05,0.3146007779267477,0.007893523887734,1.287721390295003,0.0271300031381625,0.0,0.0,0.0,0.0,0.0,0.0
10,24,0.1114457663826244,0.0015848376580674,0.5067891872873358,0.0559050094829481,0.0015170753088651,0.192188409360588,0.0555407568996762,6.776234920231319e-05,0.3146007779267477,0.007893523887734,1.287721390295003,0.0271300031381625,0.0,0.0,0.0,0.0,0.0,0.0
10,25,0.0962134978220782,0.0007598879757845,0.6459559677910306,0.040672740922402,0.0006921256265822,0.3313551898642828,0.0555407568996762,6.776234920231319e-05,0.3146007779267477,0.007893523887734,1.287721390295003,0.0271300031381625,0.0,0.0,0.0,0.0,0.0,0.0
10,26,0.1386875770150004,-0.0784209353817797,0.7902693414241211,0.0831468201153242,-0.078488697730982,0.4756685634973733,0.0555407568996762,6.776234920231319e-05,0.3146007779267477,0.007893523887734,1.287721390295003,0.0271300031381625,0.0,0.0,0.0,0.0,0.0,0.0
11,0,-0.0003642525832719,-0.0014493129596628,0.1224123685661596,-0.0559050094829481,-0.0015170753088651,-0.192188409360588,0.0555407568996762,6.776234920231319e-05,0.3146007779267477,0.007893523887734,1.287721390295003,0.0271300031381625,0.0,0.0,0.0,0.0,0.0,0.0
11,1,0.027227254002736,-0.0146149452378418,0.0608332453687273,-0.0283135028969401,-0.0146827075870441,-0.2537675325580203,0.0555407568996762,6.776234920231319e-05,0.3146007779267477,0.007893523887734,1.287721390295003,0.0271300031381625,0.0,0.0,0.0,0.0,0.0,0.0
11,2,-0.083902187220396,0.0221250307247471,0.0343677686094261,-0.1394429441200723,0.0220572683755448,-0.2802330093173216,0.0555407568996762,6.776234920231319e-05,0.3146007779267477,0.007893523887734,1.287721390295003,0.0271300031381625,0.0,0.0,0.0,0.0,0.0,0.0
11,3,-0.20029889497781,0.0506821402149293,0.0283429929941528,-0.2558396518774862,0.050614377865727,-0.2862577849325948,0.0555407568996762,6.776234920231319e-05,0.3146007779267477,0.007893523887734,1.287721390295003,0.0271300031381625,0.0,0.0,0.0,0.0,0.0,0.0
11,4,0.0643003907578741,-0.083505831719866,0.093493303236641,0.0087596338581979,-0.0835735940690684,-0.2211074746901067,0.0555407568996762,6.776234920231319e-05,0.3146007779267477,0.007893523887734,1.287721390295003,0.0271300031381625,0.0,0.0,0.0,0.0,0.0,0.0
11,5,0.1677310828595359,-0.0976655240148239,0.2147434374460392,0.1121903259598597,-0.0977332863640262,-0.0998573404807084,0.0555407568996762,6.776234920231319e-05,0.3146007779267477,0.007893523887734,1.287721390295003,0.0271300031381625,0.0,0.0,0.0,0.0,0.0,0.0
11,6,0.0632568759747095,-0.1210832050580406,0.0700480598050288,0.0077161190750332,-0.1211509674072429,-0.2445527181217189,0.0555407568996762,6.776234920231319e-05,0.3146007779267477,0.007893523887734,1.287721390295003,0.0271300031381625,0.0,0.0,0.0,0.0,0.0,0.0
11,7,0.144400550648651,-0.1919529572698305,0.0624861630731799,0.0888597937489747,-0.1920207196190328,-0.2521146148535677,0.0555407568996762,6.776234920231319e-05,0.3146007779267477,0.007893523887734,1.287721390295003,0.0271300031381625,0.0,0.0,0.0,0.0,0.0,0.0
11,8,0.1036922068647358,0.0037882787222463,0.0924799070320468,0.0481514499650596,0.003720516373044,-0.2221208708947009,0.0555407568996762,6.776234920231319e-05,0.3146007779267477,0.007893523887734,1.287721390295003,0.0271300031381625,0.0,0.0,0.0,0.0,0.0,0.0
11,9,0.1524251106432502,-0.0664099555993575,0.2277474640723565,0.096884353743574,-0.0664777179485598,-0.0868533138543911,0.0555407568996762,6.776234920231319e-05,0.3146007779267477,0.007893523887734,1.287721390295003,0.0271300031381625,0.0,0.0,0.0,0.0,0.0,0.0
11,10,0.1336154487943509,0.0295029597213413,0.0765955229796618,0.0780746918946747,0.029435197372139,-0.2380052549470859,0.0555407568996762,6.776234920231319e-05,0.3146007779267477,0.007893523887734,1.287721390295003,0.0271300031381625,0.0,0.0,0.0,0.0,0.0,0.0
11,11,0.2308806227668667,-0.0173376651834925,0.0735227732410126,0.1753398658671905,-0.0174054275326948,-0.2410780046857351,0.0555407568996762,6.776234920231319e-05,0.3146007779267477,0.007893523887734,1.287721390295003,0.0271300031381625,0.0,0.0,0.0,0.0,0.0,0.0
11,12,-0.0003642525832719,-0.0014493129596628,0.1224123685661596,-0.0559050094829481,-0.0015170753088651,-0.192188409360588,0.0555407568996762,6.776234920231319e-05,0.3146007779267477,0.007893523887734,1.287721390295003,0.0271300031381625,0.0,0.0,0.0,0.0,0.0,0.0
11,13,0.1024442005700156,-0.0075931873399931,0.2820766249547839,0.0469034436703393,-0.0076609496891954,-0.0325241529719638,0.0555407568996762,6.776234920231319e-05,0.3146007779267477,0.007893523887734,1.287721390295003,0.0271300031381625,0.0,0.0,0.0,0.0,0.0,0.0
11,14,0.1242202835766621,-0.0510670613276654,0.4822211339712935,0.0686795266769858,-0.0511348236768677,0.1676203560445457,0.0555407568996762,6.776234920231319e-05,0.3146007779267477,0.007893523887734,1.287721390295003,0.0271300031381625,0.0,0.0,0.0,0.0,0.0,0.0
11,15,0.1451958067379911,-0.1139391790174811,0.5270477347681928,0.0896550498383148,-0.1140069413666834,0.212446956841445,0.0555407568996762,6.776234920231319e-05,0.3146007779267477,0.007893523887734,1.287721390295003,0.0271300031381625,0.0,0.0,0.0,0.0,0.0,0.0
11,16,0.1671050753724562,-0.1802561108489079,0.3920438514888251,0.11156431847278,-0.1803238731981102,0.0774430735620773,0.0555407568996762,6.776234920231319e-05,0.3146007779267477,0.007893523887734,1.287721390295003,0.0271300031381625,0.0,0.0,0.0,0.0,0.0,0.0
11,17,0.2991872851414466,-0.1685337429530939,0.5107909607334788,0.2436465282417704,-0.1686015053022962,0.1961901828067311,0.0555407568996762,6.776234920231319e-05,0.3146007779267477,0.007893523887734,1.287721390295003,0.0271300031381625,0.0,0.0,0.0,0.0,0.0,0.0
11,18,0.3662716650549531,-0.1538762271932743,0.4891381733030646,0.3107309081552769,-0.1539439895424766,0.1745373953763168,0.0555407568996762,6.776234920231319e-05,0.3146007779267477,0.007893523887734,1.287721390295003,0.0271300031381625,0.0,0.0,0.0,0.0,0.0,0.0
11,19,0.155576038565371,0.0288852492641249,0.477699556775862,0.1000352816656948,0.0288174869149226,0.1630987788491143,0.0555407568996762,6.776234920231319e-05,0.3146007779267477,0.007893523887734,1.287721390295003,0.0271300031381625,0.0,0.0,0.0,0.0,0.0,0.0
11,20,0.2132418065740635,0.0566758631737274,0.5256822721910303,0.1577010496743873,0.0566081008245251,0.2110814942642825,0.0555407568996762,6.776234920231319e-05,0.3146007779267477,0.007893523887734,1.287721390295003,0.0271300031381625,0.0,0.0,0.0,0.0,0.0,0.0
11,21,0.2797498992350831,0.0611128813850562,0.3890770509141205,0.2242091423354069,0.0610451190358539,0.0744762729873728,0.0555407568996762,6.776234920231319e-05,0.3146007779267477,0.007893523887734,1.287721390295003,0.0271300031381625,0.0,0.0,0.0,0.0,0.0,0.0
11,22,0.3675136085600675,-0.0157745379853403,0.5235012156631429,0.3119728516603913,-0.0158423003345426,0.2089004377363951,0.0555407568996762,6.776234920231319e-05,0.3146007779267477,0.007893523887734,1.287721390295003,0.0271300031381625,0.0,0.0,0.0,0.0,0.0,0.0
11,23,0.426845435889144,-0.0461276841819097,0.4962538161195133,0.3713046789894677,-0.0461954465311121,0.1816530381927656,0.0555407568996762,6.776234920231319e-05,0.3146007779267477,0.007893523887734,1.287721390295003,0.0271300031381625,0.0,0.0,0.0,0.0,0.0,0.0
11,24,0.1114457663826244,0.0015848376580674,0.5067891872873358,0.0559050094829481,0.0015170753088651,0.192188409360588,0.0555407568996762,6.776234920231319e-05,0.3146007779267477,0.007893523887734,1.287721390295003,0.0271300031381625,0.0,0.0,0.0,0.0,0.0,0.0
11,25,0.0962134978220782,0.0007598879757845,0.6459559677910306,0.040672740922402,0.0006921256265822,0.3313551898642828,0.0555407568996762,6.776234920231319e-05,0.3146007779267477,0.007893523887734,1.287721390295003,0.0271300031381625,0.0,0.0,0.0,0.0,0.0,0.0
11,26,0.1386875770150004,-0.0784209353817797,0.7902693414241211,0.0831468201153242,-0.078488697730982,0.4756685634973733,0.0555407568996762,6.776234920231319e-05,0.3146007779267477,0.007893523887734,1.287721390295003,0.0271300031381625,0.0,0.0,0.0,0.0,0.0,0.0
12,0,-0.0003642525832719,-0.0014493129596628,0.1224123685661596,-0.0559050094829481,-0.0015170753088651,-0.192188409360588,0.0555407568996762,6.776234920231319e-05,0.3146007779267477,0.007893523887734,1.287721390295003,0.0271300031381625,0.0,0.0,0.0,0.0,0.0,0.0
12,1,0.027227254002736,-0.0146149452378418,0.0608332453687273,-0.0283135028969401,-0.0146827075870441,-0.2537675325580203,0.0555407568996762,6.776234920231319e-05,0.3146007779267477,0.007893523887734,1.287721390295003,0.0271300031381625,0.0,0.0,0.0,0.0,0.0,0.0
12,2,-0.083902187220396,0.0221250307247471,0.0343677686094261,-0.1394429441200723,0.0220572683755448,-0.2802330093173216,0.0555407568996762,6.776234920231319e-05,0.3146007779267477,0.007893523887734,1.287721390295003,0.0271300031381625,0.0,0.0,0.0,0.0,0.0,0.0
12,3,-0.20029889497781,0.0506821402149293,0.0283429929941528,-0.2558396518774862,0.050614377865727,-0.2862577849325948,0.0555407568996762,6.776234920231319e-05,0.3146007779267477,0.007893523887734,1.287721390295003,0.0271300031381625,0.0,0.0,0.0,0.0,0.0,0.0
12,4,0.0643003907578741,-0.083505831719866,0.093493303236641,0.0087596338581979,-0.0835735940690684,-0.2211074746901067,0.0555407568996762,6.776234920231319e-05,0.3146007779267477,0.007893523887734,1.287721390295003,0.0271300031381625,0.0,0.0,0.0,0.0,0.0,0.0
12,5,0.1677310828595359,-0.0976655240148239,0.2147434374460392,0.1121903259598597,-0.0977332863640262,-0.0998573404807084,0.0555407568996762,6.776234920231319e-05,0.3146007779267477,0.007893523887734,1.287721390295003,0.0271300031381625,0.0,0.0,0.0,0.0,0.0,0.0
12,6,0.0632568759747095,-0.1210832050580406,0.0700480598050288,0.0077161190750332,-0.1211509674072429,-0.2445527181217189,0.0555407568996762,6.776234920231319e-05,0.3146007779267477,0.007893523887734,1.287721390295003,0.0271300031381625,0.0,0.0,0.0,0.0,0.0,0.0
12,7,0.144400550648651,-0.1919529572698305,0.0624861630731799,0.0888597937489747,-0.1920207196190328,-0.2521146148535677,0.0555407568996762,6.776234920231319e-05,0.3146007779267477,0.007893523887734,1.287721390295003,0.0271300031381625,0.0,0.0,0.0,0.0,0.0,0.0
12,8,0.1036922068647358,0.0037882787222463,0.0924799070320468,0.0481514499650596,0.003720516373044,-0.2221208708947009,0.0555407568996762,6.776234920231319e-05,0.3146007779267477,0.007893523887734,1.287721390295003,0.0271300031381625,0.0,0.0,0.0,0.0,0.0,0.0
12,9,0.1524251106432502,-0.0664099555993575,0.2277474640723565,0.096884353743574,-0.0664777179485598,-0.0868533138543911,0.0555407568996762,6.776234920231319e-05,0.3146007779267477,0.007893523887734,1.287721390295003,0.0271300031381625,0.0,0.0,0.0,0.0,0.0,0.0
12,10,0.1336154487943509,0.0295029597213413,0.0765955229796618,0.0780746918946747,0.029435197372139,-0.2380052549470859,0.0555407568996762,6.776234920231319e-05,0.3146007779267477,0.007893523887734,1.287721390295003,0.0271300031381625,0.0,0.0,0.0,0.0,0.0,0.0
12,11,0.2308806227668667,-0.0173376651834925,0.0735227732410126,0.1753398658671905,-0.0174054275326948,-0.2410780046857351,0.0555407568996762,6.776234920231319e-05,0.3146007779267477,0.007893523887734,1.287721390295003,0.0271300031381625,0.0,0.0,0.0,0.0,0.0,0.0
12,12,-0.0003642525832719,-0.0014493129596628,0.1224123685661596,-0.0559050094829481,-0.0015170753088651,-0.192188409360588,0.0555407568996762,6.776234920231319e-05,0.3146007779267477,0.007893523887734,1.287721390295003,0.0271300031381625,0.0,0.0,0.0,0.0,0.0,0.0
12,13,0.1024442005700156,-0.0075931873399931,0.2820766249547839,0.0469034436703393,-0.0076609496891954,-0.0325241529719638,0.0555407568996762,6.776234920231319e-05,0.3146007779267477,0.007893523887734,1.287721390295003,0.0271300031381625,0.0,0.0,0.0,0.0,0.0,0.0
12,14,0.1242202835766621,-0.0510670613276654,0.4822211339712935,0.0686795266769858,-0.0511348236768677,0.1676203560445457,0.0555407568996762,6.776234920231319e-05,0.3146007779267477,0.007893523887734,1.287721390295003,0.0271300031381625,0.0,0.0,0.0,0.0,0.0,0.0
12,15,0.1451958067379911,-0.1139391790174811,0.5270477347681928,0.0896550498383148,-0.1140069413666834,0.212446956841445,0.0555407568996762,6.776234920231319e-05,0.3146007779267477,0.007893523887734,1.287721390295003,0.0271300031381625,0.0,0.0,0.0,0.0,0.0,0.0
12,16,0.1671050753724562,-0.1802561108489079,0.3920438514888251,0.11156431847278,-0.1803238731981102,0.0774430735620773,0.0555407568996762,6.776234920231319e-05,0.3146007779267477,0.007893523887734,1.287721390295003,0.0271300031381625,0.0,0.0,0.0,0.0,0.0,0.0
12,17,0.2991872851414466,-0.1685337429530939,0.5107909607334788,0.2436465282417704,-0.1686015053022962,0.1961901828067311,0.0555407568996762,6.776234920231319e-05,0.3146007779267477,0.007893523887734,1.287721390295003,0.0271300031381625,0.0,0.0,0.0,0.0,0.0,0.0
12,18,0.3662716650549531,-0.1538762271932743,0.4891381733030646,0.3107309081552769,-0.1539439895424766,0.1745373953763168,0.0555407568996762,6.776234920231319e-05,0.3146007779267477,0.007893523887734,1.287721390295003,0.0271300031381625,0.0,0.0,0.0,0.0,0.0,0.0
12,19,0.155576038565371,0.0288852492641249,0.477699556775862,0.1000352816656948,0.0288174869149226,0.1630987788491143,0.0555407568996762,6.776234920231319e-05,0.3146007779267477,0.007893523887734,1.287721390295003,0.0271300031381625,0.0,0.0,0.0,0.0,0.0,0.0
12,20,0.2132418065740635,0.0566758631737274,0.5256822721910303,0.1577010496743873,0.0566081008245251,0.2110814942642825,0.0555407568996762,6.776234920231319e-05,0.3146007779267477,0.007893523887734,1.287721390295003,0.0271300031381625,0.0,0.0,0.0,0.0,0.0,0.0
12,21,0.2797498992350831,0.0611128813850562,0.3890770509141205,0.2242091423354069,0.0610451190358539,0.0744762729873728,0.0555407568996762,6.776234920231319e-05,0.3146007779267477,0.007893523887734,1.287721390295003,0.0271300031381625,0.0,0.0,0.0,0.0,0.0,0.0
12,22,0.3675136085600675,-0.0157745379853403,0.5235012156631429,0.3119728516603913,-0.0158423003345426,0.2089004377363951,0.0555407568996762,6.776234920231319e-05,0.3146007779267477,0.007893523887734,1.287721390295003,0.0271300031381625,0.0,0.0,0.0,0.0,0.0,0.0
12,23,0.426845435889144,-0.0461276841819097,0.4962538161195133,0.3713046789894677,-0.0461954465311121,0.1816530381927656,0.0555407568996762,6.776234920231319e-05,0.3146007779267477,0.007893523887734,1.287721390295003,0.0271300031381625,0.0,0.0,0.0,0.0,0.0,0.0
12,24,0.1114457663826244,0.0015848376580674,0.5067891872873358,0.0559050094829481,0.0015170753088651,0.192188409360588,0.0555407568996762,6.776234920231319e-05,0.3146007779267477,0.007893523887734,1.287721390295003,0.0271300031381625,0.0,0.0,0.0,0.0,0.0,0.0
12,25,0.0962134978220782,0.0007598879757845,0.6459559677910306,0.040672740922402,0.0006921256265822,0.3313551898642828,0.0555407568996762,6.776234920231319e-05,0.3146007779267477,0.007893523887734,1.287721390295003,0.0271300031381625,0.0,0.0,0.0,0.0,0.0,0.0
12,26,0.1386875770150004,-0.0784209353817797,0.7902693414241211,0.0831468201153242,-0.078488697730982,0.4756685634973733,0.0555407568996762,6.776234920231319e-05,0.3146007779267477,0.007893523887734,1.287721390295003,0.0271300031381625,0.0,0.0,0.0,0.0,0.0,0.0
13,0,-0.0003642525832719,-0.0014493129596628,0.1224123685661596,-0.0559050094829481,-0.0015170753088651,-0.192188409360588,0.0555407568996762,6.776234920231319e-05,0.3146007779267477,0.007893523887734,1.287721390295003,0.0271300031381625,0.0,0.0,0.0,0.0,0.0,0.0
13,1,0.027227254002736,-0.0146149452378418,0.0608332453687273,-0.0283135028969401,-0.0146827075870441,-0.2537675325580203,0.0555407568996762,6.776234920231319e-05,0.3146007779267477,0.007893523887734,1.287721390295003,0.0271300031381625,0.0,0.0,0.0,0.0,0.0,0.0
13,2,-0.083902187220396,0.0221250307247471,0.0343677686094261,-0.1394429441200723,0.0220572683755448,-0.2802330093173216,0.0555407568996762,6.776234920231319e-05,0.3146007779267477,0.007893523887734,1.287721390295003,0.0271300031381625,0.0,0.0,0.0,0.0,0.0,0.0
13,3,-0.20029889497781,0.0506821402149293,0.0283429929941528,-0.2558396518774862,0.050614377865727,-0.2862577849325948,0.0555407568996762,6.776234920231319e-05,0.3146007779267477,0.007893523887734,1.287721390295003,0.0271300031381625,0.0,0.0,0.0,0.0,0.0,0.0
13,4,0.0643003907578741,-0.083505831719866,0.093493303236641,0.0087596338581979,-0.0835735940690684,-0.2211074746901067,0.0555407568996762,6.776234920231319e-05,0.3146007779267477,0.007893523887734,1.287721390295003,0.0271300031381625,0.0,0.0,0.0,0.0,0.0,0.0
13,5,0.1677310828595359,-0.0976655240148239,0.2147434374460392,0.1121903259598597,-0.0977332863640262,-0.0998573404807084,0.0555407568996762,6.776234920231319e-05,0.3146007779267477,0.007893523887734,1.287721390295003,0.0271300031381625,0.0,0.0,0.0,0.0,0.0,0.0
13,6,0.0632568759747095,-0.1210832050580406,0.0700480598050288,0.0077161190750332,-0.1211509674072429,-0.2445527181217189,0.0555407568996762,6.776234920231319e-05,0.3146007779267477,0.007893523887734,1.287721390295003,0.0271300031381625,0.0,0.0,0.0,0.0,0.0,0.0
13,7,0.144400550648651,-0.1919529572698305,0.0624861630731799,0.0888597937489747,-0.1920207196190328,-0.2521146148535677,0.0555407568996762,6.776234920231319e-05,0.3146007779267477,0.007893523887734,1.287721390295003,0.0271300031381625,0.0,0.0,0.0,0.0,0.0,0.0
13,8,0.1036922068647358,0.0037882787222463,0.0924799070320468,0.0481514499650596,0.003720516373044,-0.2221208708947009,0.0555407568996762,6.776234920231319e-05,0.3146007779267477,0.007893523887734,1.287721390295003,0.0271300031381625,0.0,0.0,0.0,0.0,0.0,0.0
13,9,0.1524251106432502,-0.0664099555993575,0.2277474640723565,0.096884353743574,-0.0664777179485598,-0.0868533138543911,0.0555407568996762,6.776234920231319e-05,0.3146007779267477,0.007893523887734,1.287721390295003,0.0271300031381625,0.0,0.0,0.0,0.0,0.0,0.0
13,10,0.1336154487943509,0.0295029597213413,0.0765955229796618,0.0780746918946747,0.029435197372139,-0.2380052549470859,0.0555407568996762,6.776234920231319e-05,0.3146007779267477,0.007893523887734,1.287721390295003,0.0271300031381625,0.0,0.0,0.0,0.0,0.0,0.0
13,11,0.2308806227668667,-0.0173376651834925,0.0735227732410126,0.1753398658671905,-0.0174054275326948,-0.2410780046857351,0.0555407568996762,6.776234920231319e-05,0.3146007779267477,0.007893523887734,1.287721390295003,0.0271300031381625,0.0,0.0,0.0,0.0,0.0,0.0
13,12,-0.0003642525832719,-0.0014493129596628,0.1224123685661596,-0.0559050094829481,-0.0015170753088651,-0.192188409360588,0.0555407568996762,6.776234920231319e-05,0.3146007779267477,0.007893523887734,1.287721390295003,0.0271300031381625,0.0,0.0,0.0,0.0,0.0,0.0
13,13,0.1024442005700156,-0.0075931873399931,0.2820766249547839,0.0469034436703393,-0.0076609496891954,-0.0325241529719638,0.0555407568996762,6.776234920231319e-05,0.3146007779267477,0.007893523887734,1.287721390295003,0.0271300031381625,0.0,0.0,0.0,0.0,0.0,0.0
13,14,0.1242202835766621,-0.0510670613276654,0.4822211339712935,0.0686795266769858,-0.0511348236768677,0.1676203560445457,0.0555407568996762,6.776234920231319e-05,0.3146007779267477,0.007893523887734,1.287721390295003,0.0271300031381625,0.0,0.0,0.0,0.0,0.0,0.0
13,15,0.1451958067379911,-0.1139391790174811,0.5270477347681928,0.0896550498383148,-0.1140069413666834,0.212446956841445,0.0555407568996762,6.776234920231319e-05,0.3146007779267477,0.007893523887734,1.287721390295003,0.0271300031381625,0.0,0.0,0.0,0.0,0.0,0.0
13,16,0.1671050753724562,-0.1802561108489079,0.3920438514888251,0.11156431847278,-0.1803238731981102,0.0774430735620773,0.0555407568996762,6.776234920231319e-05,0.3146007779267477,0.007893523887734,1.287721390295003,0.0271300031381625,0.0,0.0,0.0,0.0,0.0,0.0
13,17,0.2991872851414466,-0.1685337429530939,0.5107909607334788,0.2436465282417704,-0.1686015053022962,0.1961901828067311,0.0555407568996762,6.776234920231319e-05,0.3146007779267477,0.007893523887734,1.287721390295003,0.0271300031381625,0.0,0.0,0.0,0.0,0.0,0.0
13,18,0.3662716650549531,-0.1538762271932743,0.4891381733030646,0.3107309081552769,-0.1539439895424766,0.1745373953763168,0.0555407568996762,6.776234920231319e-05,0.3146007779267477,0.007893523887734,1.287721390295003,0.0271300031381625,0.0,0.0,0.0,0.0,0.0,0.0
13,19,0.155576038565371,0.0288852492641249,0.477699556775862,0.1000352816656948,0.0288174869149226,0.1630987788491143,0.0555407568996762,6.776234920231319e-05,0.3146007779267477,0.007893523887734,1.287721390295003,0.0271300031381625,0.0,0.0,0.0,0.0,0.0,0.0
13,20,0.2132418065740635,0.0566758631737274,0.5256822721910303,0.1577010496743873,0.0566081008245251,0.2110814942642825,0.0555407568996762,6.776234920231319e-05,0.3146007779267477,0.007893523887734,1.287721390295003,0.0271300031381625,0.0,0.0,0.0,0.0,0.0,0.0
13,21,0.2797498992350831,0.0611128813850562,0.3890770509141205,0.2242091423354069,0.0610451190358539,0.0744762729873728,0.0555407568996762,6.776234920231319e-05,0.3146007779267477,0.007893523887734,1.287721390295003,0.0271300031381625,0.0,0.0,0.0,0.0,0.0,0.0
13,22,0.3675136085600675,-0.0157745379853403,0.5235012156631429,0.3119728516603913,-0.0158423003345426,0.2089004377363951,0.0555407568996762,6.776234920231319e-05,0.3146007779267477,0.007893523887734,1.287721390295003,0.0271300031381625,0.0,0.0,0.0,0.0,0.0,0.0
13,23,0.426845435889144,-0.0461276841819097,0.4962538161195133,0.3713046789894677,-0.0461954465311121,0.1816530381927656,0.0555407568996762,6.776234920231319e-05,0.3146007779267477,0.007893523887734,1.287721390295003,0.0271300031381625,0.0,0.0,0.0,0.0,0.0,0.0
13,24,0.1114457663826244,0.0015848376580674,0.5067891872873358,0.0559050094829481,0.0015170753088651,0.192188409360588,0.0555407568996762,6.776234920231319e-05,0.3146007779267477,0.007893523887734,1.287721390295003,0.0271300031381625,0.0,0.0,0.0,0.0,0.0,0.0
13,25,0.0962134978220782,0.0007598879757845,0.6459559677910306,0.040672740922402,0.0006921256265822,0.3313551898642828,0.0555407568996762,6.776234920231319e-05,0.3146007779267477,0.007893523887734,1.287721390295003,0.0271300031381625,0.0,0.0,0.0,0.0,0.0,0.0
13,26,0.1386875770150004,-0.0784209353817797,0.7902693414241211,0.0831468201153242,-0.078488697730982,0.4756685634973733,0.0555407568996762,6.776234920231319e-05,0.3146007779267477,0.007893523887734,1.287721390295003,0.0271300031381625,0.0,0.0,0.0,0.0,0.0,0.0
14,0,-0.0003642525832719,-0.0014493129596628,0.1224123685661596,-0.0559050094829481,-0.0015170753088651,-0.192188409360588,0.0555407568996762,6.776234920231319e-05,0.3146007779267477,0.007893523887734,1.287721390295003,0.0271300031381625,0.0,0.0,0.0,0.0,0.0,0.0
14,1,0.027227254002736,-0.0146149452378418,0.0608332453687273,-0.0283135028969401,-0.0146827075870441,-0.2537675325580203,0.0555407568996762,6.776234920231319e-05,0.3146007779267477,0.007893523887734,1.287721390295003,0.0271300031381625,0.0,0.0,0.0,0.0,0.0,0.0
14,2,-0.083902187220396,0.0221250307247471,0.0343677686094261,-0.1394429441200723,0.0220572683755448,-0.2802330093173216,0.0555407568996762,6.776234920231319e-05,0.3146007779267477,0.007893523887734,1.287721390295003,0.0271300031381625,0.0,0.0,0.0,0.0,0.0,0.0
14,3,-0.20029889497781,0.0506821402149293,0.0283429929941528,-0.2558396518774862,0.050614377865727,-0.2862577849325948,0.0555407568996762,6.776234920231319e-05,0.3146007779267477,0.007893523887734,1.287721390295003,0.0271300031381625,0.0,0.0,0.0,0.0,0.0,0.0
14,4,0.0643003907578741,-0.083505831719866,0.093493303236641,0.0087596338581979,-0.0835735940690684,-0.2211074746901067,0.0555407568996762,6.776234920231319e-05,0.3146007779267477,0.007893523887734,1.287721390295003,0.0271300031381625,0.0,0.0,0.0,0.0,0.0,0.0
14,5,0.1677310828595359,-0.0976655240148239,0.2147434374460392,0.1121903259598597,-0.0977332863640262,-0.0998573404807084,0.0555407568996762,6.776234920231319e-05,0.3146007779267477,0.007893523887734,1.287721390295003,0.0271300031381625,0.0,0.0,0.0,0.0,0.0,0.0
14,6,0.0632568759747095,-0.1210832050580406,0.0700480598050288,0.0077161190750332,-0.1211509674072429,-0.2445527181217189,0.0555407568996762,6.776234920231319e-05,0.3146007779267477,0.007893523887734,1.287721390295003,0.0271300031381625,0.0,0.0,0.0,0.0,0.0,0.0
14,7,0.144400550648651,-0.1919529572698305,0.0624861630731799,0.0888597937489747,-0.1920207196190328,-0.2521146148535677,0.0555407568996762,6.776234920231319e-05,0.3146007779267477,0.007893523887734,1.287721390295003,0.0271300031381625,0.0,0.0,0.0,0.0,0.0,0.0
14,8,0.1036922068647358,0.0037882787222463,0.0924799070320468,0.0481514499650596,0.003720516373044,-0.2221208708947009,0.0555407568996762,6.776234920231319e-05,0.3146007779267477,0.007893523887734,1.287721390295003,0.0271300031381625,0.0,0.0,0.0,0.0,0.0,0.0
14,9,0.1524251106432502,-0.0664099555993575,0.2277474640723565,0.096884353743574,-0.0664777179485598,-0.0868533138543911,0.0555407568996762,6.776234920231319e-05,0.3146007779267477,0.007893523887734,1.287721390295003,0.0271300031381625,0.0,0.0,0.0,0.0,0.0,0.0
14,10,0.1336154487943509,0.0295029597213413,0.0765955229796618,0.0780746918946747,0.029435197372139,-0.2380052549470859,0.0555407568996762,6.776234920231319e-05,0.3146007779267477,0.007893523887734,1.287721390295003,0.0271300031381625,0.0,0.0,0.0,0.0,0.0,0.0
14,11,0.2308806227668667,-0.0173376651834925,0.0735227732410126,0.1753398658671905,-0.0174054275326948,-0.2410780046857351,0.0555407568996762,6.776234920231319e-05,0.3146007779267477,0.007893523887734,1.287721390295003,0.0271300031381625,0.0,0.0,0.0,0.0,0.0,0.0
14,12,-0.0003642525832719,-0.0014493129596628,0.1224123685661596,-0.0559050094829481,-0.0015170753088651,-0.192188409360588,0.0555407568996762,6.776234920231319e-05,0.3146007779267477,0.007893523887734,1.287721390295003,0.0271300031381625,0.0,0.0,0.0,0.0,0.0,0.0
14,13,0.1024442005700156,-0.0075931873399931,0.2820766249547839,0.0469034436703393,-0.0076609496891954,-0.0325241529719638,0.0555407568996762,6.776234920231319e-05,0.3146007779267477,0.007893523887734,1.287721390295003,0.0271300031381625,0.0,0.0,0.0,0.0,0.0,0.0
14,14,0.1242202835766621,-0.0510670613276654,0.4822211339712935,0.0686795266769858,-0.0511348236768677,0.1676203560445457,0.0555407568996762,6.776234920231319e-05,0.3146007779267477,0.007893523887734,1.287721390295003,0.0271300031381625,0.0,0.0,0.0,0.0,0.0,0.0
14,15,0.1451958067379911,-0.1139391790174811,0.5270477347681928,0.0896550498383148,-0.1140069413666834,0.212446956841445,0.0555407568996762,6.776234920231319e-05,0.3146007779267477,0.007893523887734,1.287721390295003,0.0271300031381625,0.0,0.0,0.0,0.0,0.0,0.0
14,16,0.1671050753724562,-0.1802561108489079,0.3920438514888251,0.11156431847278,-0.1803238731981102,0.0774430735620773,0.0555407568996762,6.776234920231319e-05,0.3146007779267477,0.007893523887734,1.287721390295003,0.0271300031381625,0.0,0.0,0.0,0.0,0.0,0.0
14,17,0.2991872851414466,-0.1685337429530939,0.5107909607334788,0.2436465282417704,-0.1686015053022962,0.1961901828067311,0.0555407568996762,6.776234920231319e-05,0.3146007779267477,0.007893523887734,1.287721390295003,0.0271300031381625,0.0,0.0,0.0,0.0,0.0,0.0
14,18,0.3662716650549531,-0.1538762271932743,0.4891381733030646,0.3107309081552769,-0.1539439895424766,0.1745373953763168,0.0555407568996762,6.776234920231319e-05,0.3146007779267477,0.007893523887734,1.287721390295003,0.0271300031381625,0.0,0.0,0.0,0.0,0.0,0.0
14,19,0.155576038565371,0.0288852492641249,0.477699556775862,0.1000352816656948,0.0288174869149226,0.1630987788491143,0.0555407568996762,6.776234920231319e-05,0.3146007779267477,0.007893523887734,1.287721390295003,0.0271300031381625,0.0,0.0,0.0,0.0,0.0,0.0
14,20,0.2132418065740635,0.0566758631737274,0.5256822721910303,0.1577010496743873,0.0566081008245251,0.2110814942642825,0.0555407568996762,6.776234920231319e-05,0.3146007779267477,0.007893523887734,1.287721390295003,0.0271300031381625,0.0,0.0,0.0,0.0,0.0,0.0
14,21,0.2797498992350831,0.0611128813850562,0.3890770509141205,0.2242091423354069,0.0610451190358539,0.0744762729873728,0.0555407568996762,6.776234920231319e-05,0.3146007779267477,0.007893523887734,1.287721390295003,0.0271300031381625,0.0,0.0,0.0,0.0,0.0,0.0
14,22,0.3675136085600675,-0.0157745379853403,0.5235012156631429,0.3119728516603913,-0.0158423003345426,0.2089004377363951,0.0555407568996762,6.776234920231319e-05,0.3146007779267477,0.007893523887734,1.287721390295003,0.0271300031381625,0.0,0.0,0.0,0.0,0.0,0.0
14,23,0.426845435889144,-0.0461276841819097,0.4962538161195133,0.3713046789894677,-0.0461954465311121,0.1816530381927656,0.0555407568996762,6.776234920231319e-05,0.3146007779267477,0.007893523887734,1.287721390295003,0.0271300031381625,0.0,0.0,0.0,0.0,0.0,0.0
14,24,0.1114457663826244,0.0015848376580674,0.5067891872873358,0.0559050094829481,0.0015170753088651,0.192188409360588,0.0555407568996762,6.776234920231319e-05,0.3146007779267477,0.007893523887734,1.287721390295003,0.0271300031381625,0.0,0.0,0.0,0.0,0.0,0.0
14,25,0.0962134978220782,0.0007598879757845,0.6459559677910306,0.040672740922402,0.0006921256265822,0.3313551898642828,0.0555407568996762,6.776234920231319e-05,0.3146007779267477,0.007893523887734,1.287721390295003,0.0271300031381625,0.0,0.0,0.0,0.0,0.0,0.0
14,26,0.1386875770150004,-0.0784209353817797,0.7902693414241211,0.0831468201153242,-0.078488697730982,0.4756685634973733,0.0555407568996762,6.776234920231319e-05,0.3146007779267477,0.007893523887734,1.287721390295003,0.0271300031381625,0.0,0.0,0.0,0.0,0.0,0.0
15,0,-0.0003642525832719,-0.0014493129596628,0.1224123685661596,-0.0559050094829481,-0.0015170753088651,-0.192188409360588,0.0555407568996762,6.776234920231319e-05,0.3146007779267477,0.007893523887734,1.287721390295003,0.0271300031381625,0.0,0.0,0.0,0.0,0.0,0.0
15,1,0.027227254002736,-0.0146149452378418,0.0608332453687273,-0.0283135028969401,-0.0146827075870441,-0.2537675325580203,0.0555407568996762,6.776234920231319e-05,0.3146007779267477,0.007893523887734,1.287721390295003,0.0271300031381625,0.0,0.0,0.0,0.0,0.0,0.0
15,2,-0.083902187220396,0.0221250307247471,0.0343677686094261,-0.1394429441200723,0.0220572683755448,-0.2802330093173216,0.0555407568996762,6.776234920231319e-05,0.3146007779267477,0.007893523887734,1.287721390295003,0.0271300031381625,0.0,0.0,0.0,0.0,0.0,0.0
15,3,-0.20029889497781,0.0506821402149293,0.0283429929941528,-0.2558396518774862,0.050614377865727,-0.2862577849325948,0.0555407568996762,6.776234920231319e-05,0.3146007779267477,0.007893523887734,1.287721390295003,0.0271300031381625,0.0,0.0,0.0,0.0,0.0,0.0
15,4,0.0643003907578741,-0.083505831719866,0.093493303236641,0.0087596338581979,-0.0835735940690684,-0.2211074746901067,0.0555407568996762,6.776234920231319e-05,0.3146007779267477,0.007893523887734,1.287721390295003,0.0271300031381625,0.0,0.0,0.0,0.0,0.0,0.0
15,5,0.1677310828595359,-0.0976655240148239,0.2147434374460392,0.1121903259598597,-0.0977332863640262,-0.0998573404807084,0.0555407568996762,6.776234920231319e-05,0.3146007779267477,0.007893523887734,1.287721390295003,0.0271300031381625,0.0,0.0,0.0,0.0,0.0,0.0
15,6,0.0632568759747095,-0.1210832050580406,0.0700480598050288,0.0077161190750332,-0.1211509674072429,-0.2445527181217189,0.0555407568996762,6.776234920231319e-05,0.3146007779267477,0.007893523887734,1.287721390295003,0.0271300031381625,0.0,0.0,0.0,0.0,0.0,0.0
15,7,0.144400550648651,-0.1919529572698305,0.0624861630731799,0.0888597937489747,-0.1920207196190328,-0.2521146148535677,0.0555407568996762,6.776234920231319e-05,0.3146007779267477,0.007893523887734,1.287721390295003,0.0271300031381625,0.0,0.0,0.0,0.0,0.0,0.0
15,8,0.1036922068647358,0.0037882787222463,0.0924799070320468,0.0481514499650596,0.003720516373044,-0.2221208708947009,0.0555407568996762,6.776234920231319e-05,0.3146007779267477,0.007893523887734,1.287721390295003,0.0271300031381625,0.0,0.0,0.0,0.0,0.0,0.0
15,9,0.1524251106432502,-0.0664099555993575,0.2277474640723565,0.096884353743574,-0.0664777179485598,-0.0868533138543911,0.0555407568996762,6.776234920231319e-05,0.3146007779267477,0.007893523887734,1.287721390295003,0.0271300031381625,0.0,0.0,0.0,0.0,0.0,0.0
15,10,0.1336154487943509,0.0295029597213413,0.0765955229796618,0.0780746918946747,0.029435197372139,-0.2380052549470859,0.0555407568996762,6.776234920231319e-05,0.3146007779267477,0.007893523887734,1.287721390295003,0.0271300031381625,0.0,0.0,0.0,0.0,0.0,0.0
15,11,0.2308806227668667,-0.0173376651834925,0.0735227732410126,0.1753398658671905,-0.0174054275326948,-0.2410780046857351,0.0555407568996762,6.776234920231319e-05,0.3146007779267477,0.007893523887734,1.287721390295003,0.0271300031381625,0.0,0.0,0.0,0.0,0.0,0.0
15,12,-0.0003642525832719,-0.0014493129596628,0.1224123685661596,-0.0559050094829481,-0.0015170753088651,-0.192188409360588,0.0555407568996762,6.776234920231319e-05,0.3146007779267477,0.007893523887734,1.287721390295003,0.0271300031381625,0.0,0.0,0.0,0.0,0.0,0.0
15,13,0.1024442005700156,-0.0075931873399931,0.2820766249547839,0.0469034436703393,-0.0076609496891954,-0.0325241529719638,0.0555407568996762,6.776234920231319e-05,0.3146007779267477,0.007893523887734,1.287721390295003,0.0271300031381625,0.0,0.0,0.0,0.0,0.0,0.0
15,14,0.1242202835766621,-0.0510670613276654,0.4822211339712935,0.0686795266769858,-0.0511348236768677,0.1676203560445457,0.0555407568996762,6.776234920231319e-05,0.3146007779267477,0.007893523887734,1.287721390295003,0.0271300031381625,0.0,0.0,0.0,0.0,0.0,0.0
15,15,0.1451958067379911,-0.1139391790174811,0.5270477347681928,0.0896550498383148,-0.1140069413666834,0.212446956841445,0.0555407568996762,6.776234920231319e-05,0.3146007779267477,0.007893523887734,1.287721390295003,0.0271300031381625,0.0,0.0,0.0,0.0,0.0,0.0
15,16,0.1671050753724562,-0.1802561108489079,0.3920438514888251,0.11156431847278,-0.1803238731981102,0.0774430735620773,0.0555407568996762,6.776234920231319e-05,0.3146007779267477,0.007893523887734,1.287721390295003,0.0271300031381625,0.0,0.0,0.0,0.0,0.0,0.0
15,17,0.2991872851414466,-0.1685337429530939,0.5107909607334788,0.2436465282417704,-0.1686015053022962,0.1961901828067311,0.0555407568996762,6.776234920231319e-05,0.3146007779267477,0.007893523887734,1.287721390295003,0.0271300031381625,0.0,0.0,0.0,0.0,0.0,0.0
15,18,0.3662716650549531,-0.1538762271932743,0.4891381733030646,0.3107309081552769,-0.1539439895424766,0.1745373953763168,0.0555407568996762,6.776234920231319e-05,0.3146007779267477,0.007893523887734,1.287721390295003,0.0271300031381625,0.0,0.0,0.0,0.0,0.0,0.0
15,19,0.155576038565371,0.0288852492641249,0.477699556775862,0.1000352816656948,0.0288174869149226,0.1630987788491143,0.0555407568996762,6.776234920231319e-05,0.3146007779267477,0.007893523887734,1.287721390295003,0.0271300031381625,0.0,0.0,0.0,0.0,0.0,0.0
15,20,0.2132418065740635,0.0566758631737274,0.5256822721910303,0.1577010496743873,0.0566081008245251,0.2110814942642825,0.0555407568996762,6.776234920231319e-05,0.3146007779267477,0.007893523887734,1.287721390295003,0.0271300031381625,0.0,0.0,0.0,0.0,0.0,0.0
15,21,0.2797498992350831,0.0611128813850562,0.3890770509141205,0.2242091423354069,0.0610451190358539,0.0744762729873728,0.0555407568996762,6.776234920231319e-05,0.3146007779267477,0.007893523887734,1.287721390295003,0.0271300031381625,0.0,0.0,0.0,0.0,0.0,0.0
15,22,0.3675136085600675,-0.0157745379853403,0.5235012156631429,0.3119728516603913,-0.0158423003345426,0.2089004377363951,0.0555407568996762,6.776234920231319e-05,0.3146007779267477,0.007893523887734,1.287721390295003,0.0271300031381625,0.0,0.0,0.0,0.0,0.0,0.0
15,23,0.426845435889144,-0.0461276841819097,0.4962538161195133,0.3713046789894677,-0.0461954465311121,0.1816530381927656,0.0555407568996762,6.776234920231319e-05,0.3146007779267477,0.007893523887734,1.287721390295003,0.0271300031381625,0.0,0.0,0.0,0.0,0.0,0.0
15,24,0.1114457663826244,0.0015848376580674,0.5067891872873358,0.0559050094829481,0.0015170753088651,0.192188409360588,0.0555407568996762,6.776234920231319e-05,0.3146007779267477,0.007893523887734,1.287721390295003,0.0271300031381625,0.0,0.0,0.0,0.0,0.0,0.0
15,25,0.0962134978220782,0.0007598879757845,0.6459559677910306,0.040672740922402,0.0006921256265822,0.3313551898642828,0.0555407568996762,6.776234920231319e-05,0.3146007779267477,0.007893523887734,1.287721390295003,0.0271300031381625,0.0,0.0,0.0,0.0,0.0,0.0
15,26,0.1386875770150004,-0.0784209353817797,0.7902693414241211,0.0831468201153242,-0.078488697730982,0.4756685634973733,0.0555407568996762,6.776234920231319e-05,0.3146007779267477,0.007893523887734,1.287721390295003,0.0271300031381625,0.0,0.0,0.0,0.0,0.0,0.0
16,0,-0.0003642525832719,-0.0014493129596628,0.1224123685661596,-0.0559050094829481,-0.0015170753088651,-0.192188409360588,0.0555407568996762,6.776234920231319e-05,0.3146007779267477,0.007893523887734,1.287721390295003,0.0271300031381625,0.0,0.0,0.0,0.0,0.0,0.0
16,1,0.027227254002736,-0.0146149452378418,0.0608332453687273,-0.0283135028969401,-0.0146827075870441,-0.2537675325580203,0.0555407568996762,6.776234920231319e-05,0.3146007779267477,0.007893523887734,1.287721390295003,0.0271300031381625,0.0,0.0,0.0,0.0,0.0,0.0
16,2,-0.083902187220396,0.0221250307247471,0.0343677686094261,-0.1394429441200723,0.0220572683755448,-0.2802330093173216,0.0555407568996762,6.776234920231319e-05,0.3146007779267477,0.007893523887734,1.287721390295003,0.0271300031381625,0.0,0.0,0.0,0.0,0.0,0.0
16,3,-0.20029889497781,0.0506821402149293,0.0283429929941528,-0.2558396518774862,0.050614377865727,-0.2862577849325948,0.0555407568996762,6.776234920231319e-05,0.3146007779267477,0.007893523887734,1.287721390295003,0.0271300031381625,0.0,0.0,0.0,0.0,0.0,0.0
16,4,0.0643003907578741,-0.083505831719866,0.093493303236641,0.0087596338581979,-0.0835735940690684,-0.2211074746901067,0.0555407568996762,6.776234920231319e-05,0.3146007779267477,0.007893523887734,1.287721390295003,0.0271300031381625,0.0,0.0,0.0,0.0,0.0,0.0
16,5,0.1677310828595359,-0.0976655240148239,0.2147434374460392,0.1121903259598597,-0.0977332863640262,-0.0998573404807084,0.0555407568996762,6.776234920231319e-05,0.3146007779267477,0.007893523887734,1.287721390295003,0.0271300031381625,0.0,0.0,0.0,0.0,0.0,0.0
16,6,0.0632568759747095,-0.1210832050580406,0.0700480598050288,0.0077161190750332,-0.1211509674072429,-0.2445527181217189,0.0555407568996762,6.776234920231319e-05,0.3146007779267477,0.007893523887734,1.287721390295003,0.0271300031381625,0.0,0.0,0.0,0.0,0.0,0.0
16,7,0.144400550648651,-0.1919529572698305,0.0624861630731799,0.0888597937489747,-0.1920207196190328,-0.2521146148535677,0.0555407568996762,6.776234920231319e-05,0.3146007779267477,0.007893523887734,1.287721390295003,0.0271300031381625,0.0,0.0,0.0,0.0,0.0,0.0
16,8,0.1036922068647358,0.0037882787222463,0.0924799070320468,0.0481514499650596,0.003720516373044,-0.2221208708947009,0.0555407568996762,6.776234920231319e-05,0.3146007779267477,0.007893523887734,1.287721390295003,0.0271300031381625,0.0,0.0,0.0,0.0,0.0,0.0
16,9,0.1524251106432502,-0.0664099555993575,0.2277474640723565,0.096884353743574,-0.0664777179485598,-0.0868533138543911,0.0555407568996762,6.776234920231319e-05,0.3146007779267477,0.007893523887734,1.287721390295003,0.0271300031381625,0.0,0.0,0.0,0.0,0.0,0.0
16,10,0.1336154487943509,0.0295029597213413,0.0765955229796618,0.0780746918946747,0.029435197372139,-0.2380052549470859,0.0555407568996762,6.776234920231319e-05,0.3146007779267477,0.007893523887734,1.287721390295003,0.0271300031381625,0.0,0.0,0.0,0.0,0.0,0.0
16,11,0.2308806227668667,-0.0173376651834925,0.0735227732410126,0.1753398658671905,-0.0174054275326948,-0.2410780046857351,0.0555407568996762,6.776234920231319e-05,0.3146007779267477,0.007893523887734,1.287721390295003,0.0271300031381625,0.0,0.0,0.0,0.0,0.0,0.0
16,12,-0.0003642525832719,-0.0014493129596628,0.1224123685661596,-0.0559050094829481,-0.0015170753088651,-0.192188409360588,0.0555407568996762,6.776234920231319e-05,0.3146007779267477,0.007893523887734,1.287721390295003,0.0271300031381625,0.0,0.0,0.0,0.0,0.0,0.0
16,13,0.1024442005700156,-0.0075931873399931,0.2820766249547839,0.0469034436703393,-0.0076609496891954,-0.0325241529719638,0.0555407568996762,6.776234920231319e-05,0.3146007779267477,0.007893523887734,1.287721390295003,0.0271300031381625,0.0,0.0,0.0,0.0,0.0,0.0
16,14,0.1242202835766621,-0.0510670613276654,0.4822211339712935,0.0686795266769858,-0.0511348236768677,0.1676203560445457,0.0555407568996762,6.776234920231319e-05,0.3146007779267477,0.007893523887734,1.287721390295003,0.0271300031381625,0.0,0.0,0.0,0.0,0.0,0.0
16,15,0.1451958067379911,-0.1139391790174811,0.5270477347681928,0.0896550498383148,-0.1140069413666834,0.212446956841445,0.0555407568996762,6.776234920231319e-05,0.3146007779267477,0.007893523887734,1.287721390295003,0.0271300031381625,0.0,0.0,0.0,0.0,0.0,0.0
16,16,0.1671050753724562,-0.1802561108489079,0.3920438514888251,0.11156431847278,-0.1803238731981102,0.0774430735620773,0.0555407568996762,6.776234920231319e-05,0.3146007779267477,0.007893523887734,1.287721390295003,0.0271300031381625,0.0,0.0,0.0,0.0,0.0,0.0
16,17,0.2991872851414466,-0.1685337429530939,0.5107909607334788,0.2436465282417704,-0.1686015053022962,0.1961901828067311,0.0555407568996762,6.776234920231319e-05,0.3146007779267477,0.007893523887734,1.287721390295003,0.0271300031381625,0.0,0.0,0.0,0.0,0.0,0.0
16,18,0.3662716650549531,-0.1538762271932743,0.4891381733030646,0.3107309081552769,-0.1539439895424766,0.1745373953763168,0.0555407568996762,6.776234920231319e-05,0.3146007779267477,0.007893523887734,1.287721390295003,0.0271300031381625,0.0,0.0,0.0,0.0,0.0,0.0
16,19,0.155576038565371,0.0288852492641249,0.477699556775862,0.1000352816656948,0.0288174869149226,0.1630987788491143,0.0555407568996762,6.776234920231319e-05,0.3146007779267477,0.007893523887734,1.287721390295003,0.0271300031381625,0.0,0.0,0.0,0.0,0.0,0.0
16,20,0.2132418065740635,0.0566758631737274,0.5256822721910303,0.1577010496743873,0.0566081008245251,0.2110814942642825,0.0555407568996762,6.776234920231319e-05,0.3146007779267477,0.007893523887734,1.287721390295003,0.0271300031381625,0.0,0.0,0.0,0.0,0.0,0.0
16,21,0.2797498992350831,0.0611128813850562,0.3890770509141205,0.2242091423354069,0.0610451190358539,0.0744762729873728,0.0555407568996762,6.776234920231319e-05,0.3146007779267477,0.007893523887734,1.287721390295003,0.0271300031381625,0.0,0.0,0.0,0.0,0.0,0.0
16,22,0.3675136085600675,-0.0157745379853403,0.5235012156631429,0.3119728516603913,-0.0158423003345426,0.2089004377363951,0.0555407568996762,6.776234920231319e-05,0.3146007779267477,0.007893523887734,1.287721390295003,0.0271300031381625,0.0,0.0,0.0,0.0,0.0,0.0
16,23,0.426845435889144,-0.0461276841819097,0.4962538161195133,0.3713046789894677,-0.0461954465311121,0.1816530381927656,0.0555407568996762,6.776234920231319e-05,0.3146007779267477,0.007893523887734,1.287721390295003,0.0271300031381625,0.0,0.0,0.0,0.0,0.0,0.0
16,24,0.1114457663826244,0.0015848376580674,0.5067891872873358,0.0559050094829481,0.0015170753088651,0.192188409360588,0.0555407568996762,6.776234920231319e-05,0.3146007779267477,0.007893523887734,1.287721390295003,0.0271300031381625,0.0,0.0,0.0,0.0,0.0,0.0
16,25,0.0962134978220782,0.0007598879757845,0.6459559677910306,0.040672740922402,0.0006921256265822,0.3313551898642828,0.0555407568996762,6.776234920231319e-05,0.3146007779267477,0.007893523887734,1.287721390295003,0.0271300031381625,0.0,0.0,0.0,0.0,0.0,0.0
16,26,0.1386875770150004,-0.0784209353817797,0.7902693414241211,0.0831468201153242,-0.078488697730982,0.4756685634973733,0.0555407568996762,6.776234920231319e-05,0.3146007779267477,0.007893523887734,1.287721390295003,0.0271300031381625,0.0,0.0,0.0,0.0,0.0,0.0
17,0,-0.0003642525832719,-0.0014493129596628,0.1224123685661596,-0.0559050094829481,-0.0015170753088651,-0.192188409360588,0.0555407568996762,6.776234920231319e-05,0.3146007779267477,0.007893523887734,1.287721390295003,0.0271300031381625,0.0,0.0,0.0,0.0,0.0,0.0
17,1,0.027227254002736,-0.0146149452378418,0.0608332453687273,-0.0283135028969401,-0.0146827075870441,-0.2537675325580203,0.0555407568996762,6.776234920231319e-05,0.3146007779267477,0.007893523887734,1.287721390295003,0.0271300031381625,0.0,0.0,0.0,0.0,0.0,0.0
17,2,-0.083902187220396,0.0221250307247471,0.0343677686094261,-0.1394429441200723,0.0220572683755448,-0.2802330093173216,0.0555407568996762,6.776234920231319e-05,0.3146007779267477,0.007893523887734,1.287721390295003,0.0271300031381625,0.0,0.0,0.0,0.0,0.0,0.0
17,3,-0.20029889497781,0.0506821402149293,0.0283429929941528,-0.2558396518774862,0.050614377865727,-0.2862577849325948,0.0555407568996762,6.776234920231319e-05,0.3146007779267477,0.007893523887734,1.287721390295003,0.0271300031381625,0.0,0.0,0.0,0.0,0.0,0.0
17,4,0.0643003907578741,-0.083505831719866,0.093493303236641,0.0087596338581979,-0.0835735940690684,-0.2211074746901067,0.0555407568996762,6.776234920231319e-05,0.3146007779267477,0.007893523887734,1.287721390295003,0.0271300031381625,0.0,0.0,0.0,0.0,0.0,0.0
17,5,0.1677310828595359,-0.0976655240148239,0.2147434374460392,0.1121903259598597,-0.0977332863640262,-0.0998573404807084,0.0555407568996762,6.776234920231319e-05,0.3146007779267477,0.007893523887734,1.287721390295003,0.0271300031381625,0.0,0.0,0.0,0.0,0.0,0.0
17,6,0.0632568759747095,-0.1210832050580406,0.0700480598050288,0.0077161190750332,-0.1211509674072429,-0.2445527181217189,0.0555407568996762,6.776234920231319e-05,0.3146007779267477,0.007893523887734,1.287721390295003,0.0271300031381625,0.0,0.0,0.0,0.0,0.0,0.0
17,7,0.144400550648651,-0.1919529572698305,0.0624861630731799,0.0888597937489747,-0.1920207196190328,-0.2521146148535677,0.0555407568996762,6.776234920231319e-05,0.3146007779267477,0.007893523887734,1.287721390295003,0.0271300031381625,0.0,0.0,0.0,0.0,0.0,0.0
17,8,0.1036922068647358,0.0037882787222463,0.0924799070320468,0.0481514499650596,0.003720516373044,-0.2221208708947009,0.0555407568996762,6.776234920231319e-05,0.3146007779267477,0.007893523887734,1.287721390295003,0.0271300031381625,0.0,0.0,0.0,0.0,0.0,0.0
17,9,0.1524251106432502,-0.0664099555993575,0.2277474640723565,0.096884353743574,-0.0664777179485598,-0.0868533138543911,0.0555407568996762,6.776234920231319e-05,0.3146007779267477,0.007893523887734,1.287721390295003,0.0271300031381625,0.0,0.0,0.0,0.0,0.0,0.0
17,10,0.1336154487943509,0.0295029597213413,0.0765955229796618,0.0780746918946747,0.029435197372139,-0.2380052549470859,0.0555407568996762,6.776234920231319e-05,0.3146007779267477,0.007893523887734,1.287721390295003,0.0271300031381625,0.0,0.0,0.0,0.0,0.0,0.0
17,11,0.2308806227668667,-0.0173376651834925,0.0735227732410126,0.1753398658671905,-0.0174054275326948,-0.2410780046857351,0.0555407568996762,6.776234920231319e-05,0.3146007779267477,0.007893523887734,1.287721390295003,0.0271300031381625,0.0,0.0,0.0,0.0,0.0,0.0
17,12,-0.0003642525832719,-0.0014493129596628,0.1224123685661596,-0.0559050094829481,-0.0015170753088651,-0.192188409360588,0.0555407568996762,6.776234920231319e-05,0.3146007779267477,0.007893523887734,1.287721390295003,0.0271300031381625,0.0,0.0,0.0,0.0,0.0,0.0
17,13,0.1024442005700156,-0.0075931873399931,0.2820766249547839,0.0469034436703393,-0.0076609496891954,-0.0325241529719638,0.0555407568996762,6.776234920231319e-05,0.3146007779267477,0.007893523887734,1.287721390295003,0.0271300031381625,0.0,0.0,0.0,0.0,0.0,0.0
17,14,0.1242202835766621,-0.0510670613276654,0.4822211339712935,0.0686795266769858,-0.0511348236768677,0.1676203560445457,0.0555407568996762,6.776234920231319e-05,0.3146007779267477,0.007893523887734,1.287721390295003,0.0271300031381625,0.0,0.0,0.0,0.0,0.0,0.0
17,15,0.1451958067379911,-0.1139391790174811,0.5270477347681928,0.0896550498383148,-0.1140069413666834,0.212446956841445,0.0555407568996762,6.776234920231319e-05,0.3146007779267477,0.007893523887734,1.287721390295003,0.0271300031381625,0.0,0.0,0.0,0.0,0.0,0.0
17,16,0.1671050753724562,-0.1802561108489079,0.3920438514888251,0.11156431847278,-0.1803238731981102,0.0774430735620773,0.0555407568996762,6.776234920231319e-05,0.3146007779267477,0.007893523887734,1.287721390295003,0.0271300031381625,0.0,0.0,0.0,0.0,0.0,0.0
17,17,0.2991872851414466,-0.1685337429530939,0.5107909607334788,0.2436465282417704,-0.1686015053022962,0.1961901828067311,0.0555407568996762,6.776234920231319e-05,0.3146007779267477,0.007893523887734,1.287721390295003,0.0271300031381625,0.0,0.0,0.0,0.0,0.0,0.0
17,18,0.3662716650549531,-0.1538762271932743,0.4891381733030646,0.3107309081552769,-0.1539439895424766,0.1745373953763168,0.0555407568996762,6.776234920231319e-05,0.3146007779267477,0.007893523887734,1.287721390295003,0.0271300031381625,0.0,0.0,0.0,0.0,0.0,0.0
17,19,0.155576038565371,0.0288852492641249,0.477699556775862,0.1000352816656948,0.0288174869149226,0.1630987788491143,0.0555407568996762,6.776234920231319e-05,0.3146007779267477,0.007893523887734,1.287721390295003,0.0271300031381625,0.0,0.0,0.0,0.0,0.0,0.0
17,20,0.2132418065740635,0.0566758631737274,0.5256822721910303,0.1577010496743873,0.0566081008245251,0.2110814942642825,0.0555407568996762,6.776234920231319e-05,0.3146007779267477,0.007893523887734,1.287721390295003,0.0271300031381625,0.0,0.0,0.0,0.0,0.0,0.0
17,21,0.2797498992350831,0.0611128813850562,0.3890770509141205,0.2242091423354069,0.0610451190358539,0.0744762729873728,0.0555407568996762,6.776234920231319e-05,0.3146007779267477,0.007893523887734,1.287721390295003,0.0271300031381625,0.0,0.0,0.0,0.0,0.0,0.0
17,22,0.3675136085600675,-0.0157745379853403,0.5235012156631429,0.3119728516603913,-0.0158423003345426,0.2089004377363951,0.0555407568996762,6.776234920231319e-05,0.3146007779267477,0.007893523887734,1.287721390295003,0.0271300031381625,0.0,0.0,0.0,0.0,0.0,0.0
17,23,0.426845435889144,-0.0461276841819097,0.4962538161195133,0.3713046789894677,-0.0461954465311121,0.1816530381927656,0.0555407568996762,6.776234920231319e-05,0.3146007779267477,0.007893523887734,1.287721390295003,0.0271300031381625,0.0,0.0,0.0,0.0,0.0,0.0
17,24,0.1114457663826244,0.0015848376580674,0.5067891872873358,0.0559050094829481,0.0015170753088651,0.192188409360588,0.0555407568996762,6.776234920231319e-05,0.3146007779267477,0.007893523887734,1.287721390295003,0.0271300031381625,0.0,0.0,0.0,0.0,0.0,0.0
17,25,0.0962134978220782,0.0007598879757845,0.6459559677910306,0.040672740922402,0.0006921256265822,0.3313551898642828,0.0555407568996762,6.776234920231319e-05,0.3146007779267477,0.007893523887734,1.287721390295003,0.0271300031381625,0.0,0.0,0.0,0.0,0.0,0.0
17,26,0.1386875770150004,-0.0784209353817797,0.7902693414241211,0.0831468201153242,-0.078488697730982,0.4756685634973733,0.0555407568996762,6.776234920231319e-05,0.3146007779267477,0.007893523887734,1.287721390295003,0.0271300031381625,0.0,0.0,0.0,0.0,0.0,0.0
18,0,-0.0003642525832719,-0.0014493129596628,0.1224123685661596,-0.0559050094829481,-0.0015170753088651,-0.192188409360588,0.0555407568996762,6.776234920231319e-05,0.3146007779267477,0.007893523887734,1.287721390295003,0.0271300031381625,0.0,0.0,0.0,0.0,0.0,0.0
18,1,0.027227254002736,-0.0146149452378418,0.0608332453687273,-0.0283135028969401,-0.0146827075870441,-0.2537675325580203,0.0555407568996762,6.776234920231319e-05,0.3146007779267477,0.007893523887734,1.287721390295003,0.0271300031381625,0.0,0.0,0.0,0.0,0.0,0.0
18,2,-0.083902187220396,0.0221250307247471,0.0343677686094261,-0.1394429441200723,0.0220572683755448,-0.2802330093173216,0.0555407568996762,6.776234920231319e-05,0.3146007779267477,0.007893523887734,1.287721390295003,0.0271300031381625,0.0,0.0,0.0,0.0,0.0,0.0
18,3,-0.20029889497781,0.0506821402149293,0.0283429929941528,-0.2558396518774862,0.050614377865727,-0.2862577849325948,0.0555407568996762,6.776234920231319e-05,0.3146007779267477,0.007893523887734,1.287721390295003,0.0271300031381625,0.0,0.0,0.0,0.0,0.0,0.0
18,4,0.0643003907578741,-0.083505831719866,0.093493303236641,0.0087596338581979,-0.0835735940690684,-0.2211074746901067,0.0555407568996762,6.776234920231319e-05,0.3146007779267477,0.007893523887734,1.287721390295003,0.0271300031381625,0.0,0.0,0.0,0.0,0.0,0.0
18,5,0.1677310828595359,-0.0976655240148239,0.2147434374460392,0.1121903259598597,-0.0977332863640262,-0.0998573404807084,0.0555407568996762,6.776234920231319e-05,0.3146007779267477,0.007893523887734,1.287721390295003,0.0271300031381625,0.0,0.0,0.0,0.0,0.0,0.0
18,6,0.0632568759747095,-0.1210832050580406,0.0700480598050288,0.0077161190750332,-0.1211509674072429,-0.2445527181217189,0.0555407568996762,6.776234920231319e-05,0.3146007779267477,0.007893523887734,1.287721390295003,0.0271300031381625,0.0,0.0,0.0,0.0,0.0,0.0
18,7,0.144400550648651,-0.1919529572698305,0.0624861630731799,0.0888597937489747,-0.1920207196190328,-0.2521146148535677,0.0555407568996762,6.776234920231319e-05,0.3146007779267477,0.007893523887734,1.287721390295003,0.0271300031381625,0.0,0.0,0.0,0.0,0.0,0.0
18,8,0.1036922068647358,0.0037882787222463,0.0924799070320468,0.0481514499650596,0.003720516373044,-0.2221208708947009,0.0555407568996762,6.776234920231319e-05,0.3146007779267477,0.007893523887734,1.287721390295003,0.0271300031381625,0.0,0.0,0.0,0.0,0.0,0.0
18,9,0.1524251106432502,-0.0664099555993575,0.2277474640723565,0.096884353743574,-0.0664777179485598,-0.0868533138543911,0.0555407568996762,6.776234920231319e-05,0.3146007779267477,0.007893523887734,1.287721390295003,0.0271300031381625,0.0,0.0,0.0,0.0,0.0,0.0
18,10,0.1336154487943509,0.0295029597213413,0.0765955229796618,0.0780746918946747,0.029435197372139,-0.2380052549470859,0.0555407568996762,6.776234920231319e-05,0.3146007779267477,0.007893523887734,1.287721390295003,0.0271300031381625,0.0,0.0,0.0,0.0,0.0,0.0
18,11,0.2308806227668667,-0.0173376651834925,0.0735227732410126,0.1753398658671905,-0.0174054275326948,-0.2410780046857351,0.0555407568996762,6.776234920231319e-05,0.3146007779267477,0.007893523887734,1.287721390295003,0.0271300031381625,0.0,0.0,0.0,0.0,0.0,0.0
18,12,-0.0003642525832719,-0.0014493129596628,0.1224123685661596,-0.0559050094829481,-0.0015170753088651,-0.192188409360588,0.0555407568996762,6.776234920231319e-05,0.3146007779267477,0.007893523887734,1.287721390295003,0.0271300031381625,0.0,0.0,0.0,0.0,0.0,0.0
18,13,0.1024442005700156,-0.0075931873399931,0.2820766249547839,0.0469034436703393,-0.0076609496891954,-0.0325241529719638,0.0555407568996762,6.776234920231319e-05,0.3146007779267477,0.007893523887734,1.287721390295003,0.0271300031381625,0.0,0.0,0.0,0.0,0.0,0.0
18,14,0.1242202835766621,-0.0510670613276654,0.4822211339712935,0.0686795266769858,-0.0511348236768677,0.1676203560445457,0.0555407568996762,6.776234920231319e-05,0.3146007779267477,0.007893523887734,1.287721390295003,0.0271300031381625,0.0,0.0,0.0,0.0,0.0,0.0
18,15,0.1451958067379911,-0.1139391790174811,0.5270477347681928,0.0896550498383148,-0.1140069413666834,0.212446956841445,0.0555407568996762,6.776234920231319e-05,0.3146007779267477,0.007893523887734,1.287721390295003,0.0271300031381625,0.0,0.0,0.0,0.0,0.0,0.0
18,16,0.1671050753724562,-0.1802561108489079,0.3920438514888251,0.11156431847278,-0.1803238731981102,0.0774430735620773,0.0555407568996762,6.776234920231319e-05,0.3146007779267477,0.007893523887734,1.287721390295003,0.0271300031381625,0.0,0.0,0.0,0.0,0.0,0.0
18,17,0.2991872851414466,-0.1685337429530939,0.5107909607334788,0.2436465282417704,-0.1686015053022962,0.1961901828067311,0.0555407568996762,6.776234920231319e-05,0.3146007779267477,0.007893523887734,1.287721390295003,0.0271300031381625,0.0,0.0,0.0,0.0,0.0,0.0
18,18,0.3662716650549531,-0.1538762271932743,0.4891381733030646,0.3107309081552769,-0.1539439895424766,0.1745373953763168,0.0555407568996762,6.776234920231319e-05,0.3146007779267477,0.007893523887734,1.287721390295003,0.0271300031381625,0.0,0.0,0.0,0.0,0.0,0.0
18,19,0.155576038565371,0.0288852492641249,0.477699556775862,0.1000352816656948,0.0288174869149226,0.1630987788491143,0.0555407568996762,6.776234920231319e-05,0.3146007779267477,0.007893523887734,1.287721390295003,0.0271300031381625,0.0,0.0,0.0,0.0,0.0,0.0
18,20,0.2132418065740635,0.0566758631737274,0.5256822721910303,0.1577010496743873,0.0566081008245251,0.2110814942642825,0.0555407568996762,6.776234920231319e-05,0.3146007779267477,0.007893523887734,1.287721390295003,0.0271300031381625,0.0,0.0,0.0,0.0,0.0,0.0
18,21,0.2797498992350831,0.0611128813850562,0.3890770509141205,0.2242091423354069,0.0610451190358539,0.0744762729873728,0.0555407568996762,6.776234920231319e-05,0.3146007779267477,0.007893523887734,1.287721390295003,0.0271300031381625,0.0,0.0,0.0,0.0,0.0,0.0
18,22,0.3675136085600675,-0.0157745379853403,0.5235012156631429,0.3119728516603913,-0.0158423003345426,0.2089004377363951,0.0555407568996762,6.776234920231319e-05,0.3146007779267477,0.007893523887734,1.287721390295003,0.0271300031381625,0.0,0.0,0.0,0.0,0.0,0.0
18,23,0.426845435889144,-0.0461276841819097,0.4962538161195133,0.3713046789894677,-0.0461954465311121,0.1816530381927656,0.0555407568996762,6.776234920231319e-05,0.3146007779267477,0.007893523887734,1.287721390295003,0.0271300031381625,0.0,0.0,0.0,0.0,0.0,0.0
18,24,0.1114457663826244,0.0015848376580674,0.5067891872873358,0.0559050094829481,0.0015170753088651,0.192188409360588,0.0555407568996762,6.776234920231319e-05,0.3146007779267477,0.007893523887734,1.287721390295003,0.0271300031381625,0.0,0.0,0.0,0.0,0.0,0.0
18,25,0.0962134978220782,0.0007598879757845,0.6459559677910306,0.040672740922402,0.0006921256265822,0.3313551898642828,0.0555407568996762,6.776234920231319e-05,0.3146007779267477,0.007893523887734,1.287721390295003,0.0271300031381625,0.0,0.0,0.0,0.0,0.0,0.0
18,26,0.1386875770150004,-0.0784209353817797,0.7902693414241211,0.0831468201153242,-0.078488697730982,0.4756685634973733,0.0555407568996762,6.776234920231319e-05,0.3146007779267477,0.007893523887734,1.287721390295003,0.0271300031381625,0.0,0.0,0.0,0.0,0.0,0.0
19,0,-0.0003642525832719,-0.0014493129596628,0.1224123685661596,-0.0559050094829481,-0.0015170753088651,-0.192188409360588,0.0555407568996762,6.776234920231319e-05,0.3146007779267477,0.007893523887734,1.287721390295003,0.0271300031381625,0.0,0.0,0.0,0.0,0.0,0.0
19,1,0.027227254002736,-0.0146149452378418,0.0608332453687273,-0.0283135028969401,-0.0146827075870441,-0.2537675325580203,0.0555407568996762,6.776234920231319e-05,0.3146007779267477,0.007893523887734,1.287721390295003,0.0271300031381625,0.0,0.0,0.0,0.0,0.0,0.0
19,2,-0.083902187220396,0.0221250307247471,0.0343677686094261,-0.1394429441200723,0.0220572683755448,-0.2802330093173216,0.0555407568996762,6.776234920231319e-05,0.3146007779267477,0.007893523887734,1.287721390295003,0.0271300031381625,0.0,0.0,0.0,0.0,0.0,0.0
19,3,-0.20029889497781,0.0506821402149293,0.0283429929941528,-0.2558396518774862,0.050614377865727,-0.2862577849325948,0.0555407568996762,6.776234920231319e-05,0.3146007779267477,0.007893523887734,1.287721390295003,0.0271300031381625,0.0,0.0,0.0,0.0,0.0,0.0
19,4,0.0643003907578741,-0.083505831719866,0.093493303236641,0.0087596338581979,-0.0835735940690684,-0.2211074746901067,0.0555407568996762,6.776234920231319e-05,0.3146007779267477,0.007893523887734,1.287721390295003,0.0271300031381625,0.0,0.0,0.0,0.0,0.0,0.0
19,5,0.1677310828595359,-0.0976655240148239,0.2147434374460392,0.1121903259598597,-0.0977332863640262,-0.0998573404807084,0.0555407568996762,6.776234920231319e-05,0.3146007779267477,0.007893523887734,1.287721390295003,0.0271300031381625,0.0,0.0,0.0,0.0,0.0,0.0
19,6,0.0632568759747095,-0.1210832050580406,0.0700480598050288,0.0077161190750332,-0.1211509674072429,-0.2445527181217189,0.0555407568996762,6.776234920231319e-05,0.3146007779267477,0.007893523887734,1.287721390295003,0.0271300031381625,0.0,0.0,0.0,0.0,0.0,0.0
19,7,0.144400550648651,-0.1919529572698305,0.0624861630731799,0.0888597937489747,-0.1920207196190328,-0.2521146148535677,0.0555407568996762,6.776234920231319e-05,0.3146007779267477,0.007893523887734,1.287721390295003,0.0271300031381625,0.0,0.0,0.0,0.0,0.0,0.0
19,8,0.1036922068647358,0.0037882787222463,0.0924799070320468,0.0481514499650596,0.003720516373044,-0.2221208708947009,0.0555407568996762,6.776234920231319e-05,0.3146007779267477,0.007893523887734,1.287721390295003,0.0271300031381625,0.0,0.0,0.0,0.0,0.0,0.0
19,9,0.1524251106432502,-0.0664099555993575,0.2277474640723565,0.096884353743574,-0.0664777179485598,-0.0868533138543911,0.0555407568996762,6.776234920231319e-05,0.3146007779267477,0.007893523887734,1.287721390295003,0.0271300031381625,0.0,0.0,0.0,0.0,0.0,0.0
19,10,0.1336154487943509,0.0295029597213413,0.0765955229796618,0.0780746918946747,0.029435197372139,-0.2380052549470859,0.0555407568996762,6.776234920231319e-05,0.3146007779267477,0.007893523887734,1.287721390295003,0.0271300031381625,0.0,0.0,0.0,0.0,0.0,0.0
19,11,0.2308806227668667,-0.0173376651834925,0.0735227732410126,0.1753398658671905,-0.0174054275326948,-0.2410780046857351,0.0555407568996762,6.776234920231319e-05,0.3146007779267477,0.007893523887734,1.287721390295003,0.0271300031381625,0.0,0.0,0.0,0.0,0.0,0.0
19,12,-0.0003642525832719,-0.0014493129596628,0.1224123685661596,-0.0559050094829481,-0.0015170753088651,-0.192188409360588,0.0555407568996762,6.776234920231319e-05,0.3146007779267477,0.007893523887734,1.287721390295003,0.0271300031381625,0.0,0.0,0.0,0.0,0.0,0.0
19,13,0.1024442005700156,-0.0075931873399931,0.2820766249547839,0.0469034436703393,-0.0076609496891954,-0.0325241529719638,0.0555407568996762,6.776234920231319e-05,0.3146007779267477,0.007893523887734,1.287721390295003,0.0271300031381625,0.0,0.0,0.0,0.0,0.0,0.0
19,14,0.1242202835766621,-0.0510670613276654,0.4822211339712935,0.0686795266769858,-0.0511348236768677,0.1676203560445457,0.0555407568996762,6.776234920231319e-05,0.3146007779267477,0.007893523887734,1.287721390295003,0.0271300031381625,0.0,0.0,0.0,0.0,0.0,0.0
19,15,0.1451958067379911,-0.1139391790174811,0.5270477347681928,0.0896550498383148,-0.1140069413666834,0.212446956841445,0.0555407568996762,6.776234920231319e-05,0.3146007779267477,0.007893523887734,1.287721390295003,0.0271300031381625,0.0,0.0,0.0,0.0,0.0,0.0
19,16,0.1671050753724562,-0.1802561108489079,0.3920438514888251,0.11156431847278,-0.1803238731981102,0.0774430735620773,0.0555407568996762,6.776234920231319e-05,0.3146007779267477,0.007893523887734,1.287721390295003,0.0271300031381625,0.0,0.0,0.0,0.0,0.0,0.0
19,17,0.2991872851414466,-0.1685337429530939,0.5107909607334788,0.2436465282417704,-0.1686015053022962,0.1961901828067311,0.0555407568996762,6.776234920231319e-05,0.3146007779267477,0.007893523887734,1.287721390295003,0.0271300031381625,0.0,0.0,0.0,0.0,0.0,0.0
19,18,0.3662716650549531,-0.1538762271932743,0.4891381733030646,0.3107309081552769,-0.1539439895424766,0.1745373953763168,0.0555407568996762,6.776234920231319e-05,0.3146007779267477,0.007893523887734,1.287721390295003,0.0271300031381625,0.0,0.0,0.0,0.0,0.0,0.0
19,19,0.155576038565371,0.0288852492641249,0.477699556775862,0.1000352816656948,0.0288174869149226,0.1630987788491143,0.0555407568996762,6.776234920231319e-05,0.3146007779267477,0.007893523887734,1.287721390295003,0.0271300031381625,0.0,0.0,0.0,0.0,0.0,0.0
19,20,0.2132418065740635,0.0566758631737274,0.5256822721910303,0.1577010496743873,0.0566081008245251,0.2110814942642825,0.0555407568996762,6.776234920231319e-05,0.3146007779267477,0.007893523887734,1.287721390295003,0.0271300031381625,0.0,0.0,0.0,0.0,0.0,0.0
19,21,0.2797498992350831,0.0611128813850562,0.3890770509141205,0.2242091423354069,0.0610451190358539,0.0744762729873728,0.0555407568996762,6.776234920231319e-05,0.3146007779267477,0.007893523887734,1.287721390295003,0.0271300031381625,0.0,0.0,0.0,0.0,0.0,0.0
19,22,0.3675136085600675,-0.0157745379853403,0.5235012156631429,0.3119728516603913,-0.0158423003345426,0.2089004377363951,0.0555407568996762,6.776234920231319e-05,0.3146007779267477,0.007893523887734,1.287721390295003,0.0271300031381625,0.0,0.0,0.0,0.0,0.0,0.0
19,23,0.426845435889144,-0.0461276841819097,0.4962538161195133,0.3713046789894677,-0.0461954465311121,0.1816530381927656,0.0555407568996762,6.776234920231319e-05,0.3146007779267477,0.007893523887734,1.287721390295003,0.0271300031381625,0.0,0.0,0.0,0.0,0.0,0.0
19,24,0.1114457663826244,0.0015848376580674,0.5067891872873358,0.0559050094829481,0.0015170753088651,0.192188409360588,0.0555407568996762,6.776234920231319e-05,0.3146007779267477,0.007893523887734,1.287721390295003,0.0271300031381625,0.0,0.0,0.0,0.0,0.0,0.0
19,25,0.0962134978220782,0.0007598879757845,0.6459559677910306,0.040672740922402,0.0006921256265822,0.3313551898642828,0.0555407568996762,6.776234920231319e-05,0.3146007779267477,0.007893523887734,1.287721390295003,0.0271300031381625,0.0,0.0,0.0,0.0,0.0,0.0
19,26,0.1386875770150004,-0.0784209353817797,0.7902693414241211,0.0831468201153242,-0.078488697730982,0.4756685634973733,0.0555407568996762,6.776234920231319e-05,0.3146007779267477,0.007893523887734,1.287721390295003,0.0271300031381625,0.0,0.0,0.0,0.0,0.0,0.0
20,0,-0.0003642525832719,-0.0014493129596628,0.1224123685661596,-0.0559050094829481,-0.0015170753088651,-0.192188409360588,0.0555407568996762,6.776234920231319e-05,0.3146007779267477,0.007893523887734,1.287721390295003,0.0271300031381625,0.0,0.0,0.0,0.0,0.0,0.0
20,1,0.027227254002736,-0.0146149452378418,0.0608332453687273,-0.0283135028969401,-0.0146827075870441,-0.2537675325580203,0.0555407568996762,6.776234920231319e-05,0.3146007779267477,0.007893523887734,1.287721390295003,0.0271300031381625,0.0,0.0,0.0,0.0,0.0,0.0
20,2,-0.083902187220396,0.0221250307247471,0.0343677686094261,-0.1394429441200723,0.0220572683755448,-0.2802330093173216,0.0555407568996762,6.776234920231319e-05,0.3146007779267477,0.007893523887734,1.287721390295003,0.0271300031381625,0.0,0.0,0.0,0.0,0.0,0.0
20,3,-0.20029889497781,0.0506821402149293,0.0283429929941528,-0.2558396518774862,0.050614377865727,-0.2862577849325948,0.0555407568996762,6.776234920231319e-05,0.3146007779267477,0.007893523887734,1.287721390295003,0.0271300031381625,0.0,0.0,0.0,0.0,0.0,0.0
20,4,0.0643003907578741,-0.083505831719866,0.093493303236641,0.0087596338581979,-0.0835735940690684,-0.2211074746901067,0.0555407568996762,6.776234920231319e-05,0.3146007779267477,0.007893523887734,1.287721390295003,0.0271300031381625,0.0,0.0,0.0,0.0,0.0,0.0
20,5,0.1677310828595359,-0.0976655240148239,0.2147434374460392,0.1121903259598597,-0.0977332863640262,-0.0998573404807084,0.0555407568996762,6.776234920231319e-05,0.3146007779267477,0.007893523887734,1.287721390295003,0.0271300031381625,0.0,0.0,0.0,0.0,0.0,0.0
20,6,0.0632568759747095,-0.1210832050580406,0.0700480598050288,0.0077161190750332,-0.1211509674072429,-0.2445527181217189,0.0555407568996762,6.776234920231319e-05,0.3146007779267477,0.007893523887734,1.287721390295003,0.0271300031381625,0.0,0.0,0.0,0.0,0.0,0.0
20,7,0.144400550648651,-0.1919529572698305,0.0624861630731799,0.0888597937489747,-0.1920207196190328,-0.2521146148535677,0.0555407568996762,6.776234920231319e-05,0.3146007779267477,0.007893523887734,1.287721390295003,0.0271300031381625,0.0,0.0,0.0,0.0,0.0,0.0
20,8,0.1036922068647358,0.0037882787222463,0.0924799070320468,0.0481514499650596,0.003720516373044,-0.2221208708947009,0.0555407568996762,6.776234920231319e-05,0.3146007779267477,0.007893523887734,1.287721390295003,0.0271300031381625,0.0,0.0,0.0,0.0,0.0,0.0
20,9,0.1524251106432502,-0.0664099555993575,0.2277474640723565,0.096884353743574,-0.0664777179485598,-0.0868533138543911,0.0555407568996762,6.776234920231319e-05,0.3146007779267477,0.007893523887734,1.287721390295003,0.0271300031381625,0.0,0.0,0.0,0.0,0.0,0.0
20,10,0.1336154487943509,0.0295029597213413,0.0765955229796618,0.0780746918946747,0.029435197372139,-0.2380052549470859,0.0555407568996762,6.776234920231319e-05,0.3146007779267477,0.007893523887734,1.287721390295003,0.0271300031381625,0.0,0.0,0.0,0.0,0.0,0.0
20,11,0.2308806227668667,-0.0173376651834925,0.0735227732410126,0.1753398658671905,-0.0174054275326948,-0.2410780046857351,0.0555407568996762,6.776234920231319e-05,0.3146007779267477,0.007893523887734,1.287721390295003,0.0271300031381625,0.0,0.0,0.0,0.0,0.0,0.0
20,12,-0.0003642525832719,-0.0014493129596628,0.1224123685661596,-0.0559050094829481,-0.0015170753088651,-0.192188409360588,0.0555407568996762,6.776234920231319e-05,0.3146007779267477,0.007893523887734,1.287721390295003,0.0271300031381625,0.0,0.0,0.0,0.0,0.0,0.0
20,13,0.1024442005700156,-0.0075931873399931,0.2820766249547839,0.0469034436703393,-0.0076609496891954,-0.0325241529719638,0.0555407568996762,6.776234920231319e-05,0.3146007779267477,0.007893523887734,1.287721390295003,0.0271300031381625,0.0,0.0,0.0,0.0,0.0,0.0
20,14,0.1242202835766621,-0.0510670613276654,0.4822211339712935,0.0686795266769858,-0.0511348236768677,0.1676203560445457,0.0555407568996762,6.776234920231319e-05,0.3146007779267477,0.007893523887734,1.287721390295003,0.0271300031381625,0.0,0.0,0.0,0.0,0.0,0.0
20,15,0.1451958067379911,-0.1139391790174811,0.5270477347681928,0.0896550498383148,-0.1140069413666834,0.212446956841445,0.0555407568996762,6.776234920231319e-05,0.3146007779267477,0.007893523887734,1.287721390295003,0.0271300031381625,0.0,0.0,0.0,0.0,0.0,0.0
20,16,0.1671050753724562,-0.1802561108489079,0.3920438514888251,0.11156431847278,-0.1803238731981102,0.0774430735620773,0.0555407568996762,6.776234920231319e-05,0.3146007779267477,0.007893523887734,1.287721390295003,0.0271300031381625,0.0,0.0,0.0,0.0,0.0,0.0
20,17,0.2991872851414466,-0.1685337429530939,0.5107909607334788,0.2436465282417704,-0.1686015053022962,0.1961901828067311,0.0555407568996762,6.776234920231319e-05,0.3146007779267477,0.007893523887734,1.287721390295003,0.0271300031381625,0.0,0.0,0.0,0.0,0.0,0.0
20,18,0.3662716650549531,-0.1538762271932743,0.4891381733030646,0.3107309081552769,-0.1539439895424766,0.1745373953763168,0.0555407568996762,6.776234920231319e-05,0.3146007779267477,0.007893523887734,1.287721390295003,0.0271300031381625,0.0,0.0,0.0,0.0,0.0,0.0
20,19,0.155576038565371,0.0288852492641249,0.477699556775862,0.1000352816656948,0.0288174869149226,0.1630987788491143,0.0555407568996762,6.776234920231319e-05,0.3146007779267477,0.007893523887734,1.287721390295003,0.0271300031381625,0.0,0.0,0.0,0.0,0.0,0.0
20,20,0.2132418065740635,0.0566758631737274,0.5256822721910303,0.1577010496743873,0.0566081008245251,0.2110814942642825,0.0555407568996762,6.776234920231319e-05,0.3146007779267477,0.007893523887734,1.287721390295003,0.0271300031381625,0.0,0.0,0.0,0.0,0.0,0.0
20,21,0.2797498992350831,0.0611128813850562,0.3890770509141205,0.2242091423354069,0.0610451190358539,0.0744762729873728,0.0555407568996762,6.776234920231319e-05,0.3146007779267477,0.007893523887734,1.287721390295003,0.0271300031381625,0.0,0.0,0.0,0.0,0.0,0.0
20,22,0.3675136085600675,-0.0157745379853403,0.5235012156631429,0.3119728516603913,-0.0158423003345426,0.2089004377363951,0.0555407568996762,6.776234920231319e-05,0.3146007779267477,0.007893523887734,1.287721390295003,0.0271300031381625,0.0,0.0,0.0,0.0,0.0,0.0
20,23,0.426845435889144,-0.0461276841819097,0.4962538161195133,0.3713046789894677,-0.0461954465311121,0.1816530381927656,0.0555407568996762,6.776234920231319e-05,0.3146007779267477,0.007893523887734,1.287721390295003,0.0271300031381625,0.0,0.0,0.0,0.0,0.0,0.0
20,24,0.1114457663826244,0.0015848376580674,0.5067891872873358,0.0559050094829481,0.0015170753088651,0.192188409360588,0.0555407568996762,6.776234920231319e-05,0.3146007779267477,0.007893523887734,1.287721390295003,0.0271300031381625,0.0,0.0,0.0,0.0,0.0,0.0
20,25,0.0962134978220782,0.0007598879757845,0.6459559677910306,0.040672740922402,0.0006921256265822,0.3313551898642828,0.0555407568996762,6.776234920231319e-05,0.3146007779267477,0.007893523887734,1.287721390295003,0.0271300031381625,0.0,0.0,0.0,0.0,0.0,0.0
20,26,0.1386875770150004,-0.0784209353817797,0.7902693414241211,0.0831468201153242,-0.078488697730982,0.4756685634973733,0.0555407568996762,6.776234920231319e-05,0.3146007779267477,0.007893523887734,1.287721390295003,0.0271300031381625,0.0,0.0,0.0,0.0,0.0,0.0
21,0,-0.0003642525832719,-0.0014493129596628,0.1224123685661596,-0.0559050094829481,-0.0015170753088651,-0.192188409360588,0.0555407568996762,6.776234920231319e-05,0.3146007779267477,0.007893523887734,1.287721390295003,0.0271300031381625,0.0,0.0,0.0,0.0,0.0,0.0
21,1,0.027227254002736,-0.0146149452378418,0.0608332453687273,-0.0283135028969401,-0.0146827075870441,-0.2537675325580203,0.0555407568996762,6.776234920231319e-05,0.3146007779267477,0.007893523887734,1.287721390295003,0.0271300031381625,0.0,0.0,0.0,0.0,0.0,0.0
21,2,-0.083902187220396,0.0221250307247471,0.0343677686094261,-0.1394429441200723,0.0220572683755448,-0.2802330093173216,0.0555407568996762,6.776234920231319e-05,0.3146007779267477,0.007893523887734,1.287721390295003,0.0271300031381625,0.0,0.0,0.0,0.0,0.0,0.0
21,3,-0.20029889497781,0.0506821402149293,0.0283429929941528,-0.2558396518774862,0.050614377865727,-0.2862577849325948,0.0555407568996762,6.776234920231319e-05,0.3146007779267477,0.007893523887734,1.287721390295003,0.0271300031381625,0.0,0.0,0.0,0.0,0.0,0.0
21,4,0.0643003907578741,-0.083505831719866,0.093493303236641,0.0087596338581979,-0.0835735940690684,-0.2211074746901067,0.0555407568996762,6.776234920231319e-05,0.3146007779267477,0.007893523887734,1.287721390295003,0.0271300031381625,0.0,0.0,0.0,0.0,0.0,0.0
21,5,0.1677310828595359,-0.0976655240148239,0.2147434374460392,0.1121903259598597,-0.0977332863640262,-0.0998573404807084,0.0555407568996762,6.776234920231319e-05,0.3146007779267477,0.007893523887734,1.287721390295003,0.0271300031381625,0.0,0.0,0.0,0.0,0.0,0.0
21,6,0.0632568759747095,-0.1210832050580406,0.0700480598050288,0.0077161190750332,-0.1211509674072429,-0.2445527181217189,0.0555407568996762,6.776234920231319e-05,0.3146007779267477,0.007893523887734,1.287721390295003,0.0271300031381625,0.0,0.0,0.0,0.0,0.0,0.0
21,7,0.144400550648651,-0.1919529572698305,0.0624861630731799,0.0888597937489747,-0.1920207196190328,-0.2521146148535677,0.0555407568996762,6.776234920231319e-05,0.3146007779267477,0.007893523887734,1.287721390295003,0.0271300031381625,0.0,0.0,0.0,0.0,0.0,0.0
21,8,0.1036922068647358,0.0037882787222463,0.0924799070320468,0.0481514499650596,0.003720516373044,-0.2221208708947009,0.0555407568996762,6.776234920231319e-05,0.3146007779267477,0.007893523887734,1.287721390295003,0.0271300031381625,0.0,0.0,0.0,0.0,0.0,0.0
21,9,0.1524251106432502,-0.0664099555993575,0.2277474640723565,0.096884353743574,-0.0664777179485598,-0.0868533138543911,0.0555407568996762,6.776234920231319e-05,0.3146007779267477,0.007893523887734,1.287721390295003,0.0271300031381625,0.0,0.0,0.0,0.0,0.0,0.0
21,10,0.1336154487943509,0.0295029597213413,0.0765955229796618,0.0780746918946747,0.029435197372139,-0.2380052549470859,0.0555407568996762,6.776234920231319e-05,0.3146007779267477,0.007893523887734,1.287721390295003,0.0271300031381625,0.0,0.0,0.0,0.0,0.0,0.0
21,11,0.2308806227668667,-0.0173376651834925,0.0735227732410126,0.1753398658671905,-0.0174054275326948,-0.2410780046857351,0.0555407568996762,6.776234920231319e-05,0.3146007779267477,0.007893523887734,1.287721390295003,0.0271300031381625,0.0,0.0,0.0,0.0,0.0,0.0
21,12,-0.0003642525832719,-0.0014493129596628,0.1224123685661596,-0.0559050094829481,-0.0015170753088651,-0.192188409360588,0.0555407568996762,6.776234920231319e-05,0.3146007779267477,0.007893523887734,1.287721390295003,0.0271300031381625,0.0,0.0,0.0,0.0,0.0,0.0
21,13,0.1024442005700156,-0.0075931873399931,0.2820766249547839,0.0469034436703393,-0.0076609496891954,-0.0325241529719638,0.0555407568996762,6.776234920231319e-05,0.3146007779267477,0.007893523887734,1.287721390295003,0.0271300031381625,0.0,0.0,0.0,0.0,0.0,0.0
21,14,0.1242202835766621,-0.0510670613276654,0.4822211339712935,0.0686795266769858,-0.0511348236768677,0.1676203560445457,0.0555407568996762,6.776234920231319e-05,0.3146007779267477,0.007893523887734,1.287721390295003,0.0271300031381625,0.0,0.0,0.0,0.0,0.0,0.0
21,15,0.1451958067379911,-0.1139391790174811,0.5270477347681928,0.0896550498383148,-0.1140069413666834,0.212446956841445,0.0555407568996762,6.776234920231319e-05,0.3146007779267477,0.007893523887734,1.287721390295003,0.0271300031381625,0.0,0.0,0.0,0.0,0.0,0.0
21,16,0.1671050753724562,-0.1802561108489079,0.3920438514888251,0.11156431847278,-0.1803238731981102,0.0774430735620773,0.0555407568996762,6.776234920231319e-05,0.3146007779267477,0.007893523887734,1.287721390295003,0.0271300031381625,0.0,0.0,0.0,0.0,0.0,0.0
21,17,0.2991872851414466,-0.1685337429530939,0.5107909607334788,0.2436465282417704,-0.1686015053022962,0.1961901828067311,0.0555407568996762,6.776234920231319e-05,0.3146007779267477,0.007893523887734,1.287721390295003,0.0271300031381625,0.0,0.0,0.0,0.0,0.0,0.0
21,18,0.3662716650549531,-0.1538762271932743,0.4891381733030646,0.3107309081552769,-0.1539439895424766,0.1745373953763168,0.0555407568996762,6.776234920231319e-05,0.3146007779267477,0.007893523887734,1.287721390295003,0.0271300031381625,0.0,0.0,0.0,0.0,0.0,0.0
21,19,0.155576038565371,0.0288852492641249,0.477699556775862,0.1000352816656948,0.0288174869149226,0.1630987788491143,0.0555407568996762,6.776234920231319e-05,0.3146007779267477,0.007893523887734,1.287721390295003,0.0271300031381625,0.0,0.0,0.0,0.0,0.0,0.0
21,20,0.2132418065740635,0.0566758631737274,0.5256822721910303,0.1577010496743873,0.0566081008245251,0.2110814942642825,0.0555407568996762,6.776234920231319e-05,0.3146007779267477,0.007893523887734,1.287721390295003,0.0271300031381625,0.0,0.0,0.0,0.0,0.0,0.0
21,21,0.2797498992350831,0.0611128813850562,0.3890770509141205,0.2242091423354069,0.0610451190358539,0.0744762729873728,0.0555407568996762,6.776234920231319e-05,0.3146007779267477,0.007893523887734,1.287721390295003,0.0271300031381625,0.0,0.0,0.0,0.0,0.0,0.0
21,22,0.3675136085600675,-0.0157745379853403,0.5235012156631429,0.3119728516603913,-0.0158423003345426,0.2089004377363951,0.0555407568996762,6.776234920231319e-05,0.3146007779267477,0.007893523887734,1.287721390295003,0.0271300031381625,0.0,0.0,0.0,0.0,0.0,0.0
21,23,0.426845435889144,-0.0461276841819097,0.4962538161195133,0.3713046789894677,-0.0461954465311121,0.1816530381927656,0.0555407568996762,6.776234920231319e-05,0.3146007779267477,0.007893523887734,1.287721390295003,0.0271300031381625,0.0,0.0,0.0,0.0,0.0,0.0
21,24,0.1114457663826244,0.0015848376580674,0.5067891872873358,0.0559050094829481,0.0015170753088651,0.192188409360588,0.0555407568996762,6.776234920231319e-05,0.3146007779267477,0.007893523887734,1.287721390295003,0.0271300031381625,0.0,0.0,0.0,0.0,0.0,0.0
21,25,0.0962134978220782,0.0007598879757845,0.6459559677910306,0.040672740922402,0.0006921256265822,0.3313551898642828,0.0555407568996762,6.776234920231319e-05,0.3146007779267477,0.007893523887734,1.287721390295003,0.0271300031381625,0.0,0.0,0.0,0.0,0.0,0.0
21,26,0.1386875770150004,-0.0784209353817797,0.7902693414241211,0.0831468201153242,-0.078488697730982,0.4756685634973733,0.0555407568996762,6.776234920231319e-05,0.3146007779267477,0.007893523887734,1.287721390295003,0.0271300031381625,0.0,0.0,0.0,0.0,0.0,0.0
22,0,-0.0003642525832719,-0.0014493129596628,0.1224123685661596,-0.0559050094829481,-0.0015170753088651,-0.192188409360588,0.0555407568996762,6.776234920231319e-05,0.3146007779267477,0.007893523887734,1.287721390295003,0.0271300031381625,0.0,0.0,0.0,0.0,0.0,0.0
22,1,0.027227254002736,-0.0146149452378418,0.0608332453687273,-0.0283135028969401,-0.0146827075870441,-0.2537675325580203,0.0555407568996762,6.776234920231319e-05,0.3146007779267477,0.007893523887734,1.287721390295003,0.0271300031381625,0.0,0.0,0.0,0.0,0.0,0.0
22,2,-0.083902187220396,0.0221250307247471,0.0343677686094261,-0.1394429441200723,0.0220572683755448,-0.2802330093173216,0.0555407568996762,6.776234920231319e-05,0.3146007779267477,0.007893523887734,1.287721390295003,0.0271300031381625,0.0,0.0,0.0,0.0,0.0,0.0
22,3,-0.20029889497781,0.0506821402149293,0.0283429929941528,-0.2558396518774862,0.050614377865727,-0.2862577849325948,0.0555407568996762,6.776234920231319e-05,0.3146007779267477,0.007893523887734,1.287721390295003,0.0271300031381625,0.0,0.0,0.0,0.0,0.0,0.0
22,4,0.0643003907578741,-0.083505831719866,0.093493303236641,0.0087596338581979,-0.0835735940690684,-0.2211074746901067,0.0555407568996762,6.776234920231319e-05,0.3146007779267477,0.007893523887734,1.287721390295003,0.0271300031381625,0.0,0.0,0.0,0.0,0.0,0.0
22,5,0.1677310828595359,-0.0976655240148239,0.2147434374460392,0.1121903259598597,-0.0977332863640262,-0.0998573404807084,0.0555407568996762,6.776234920231319e-05,0.3146007779267477,0.007893523887734,1.287721390295003,0.0271300031381625,0.0,0.0,0.0,0.0,0.0,0.0
22,6,0.0632568759747095,-0.1210832050580406,0.0700480598050288,0.0077161190750332,-0.1211509674072429,-0.2445527181217189,0.0555407568996762,6.776234920231319e-05,0.3146007779267477,0.007893523887734,1.287721390295003,0.0271300031381625,0.0,0.0,0.0,0.0,0.0,0.0
22,7,0.144400550648651,-0.1919529572698305,0.0624861630731799,0.0888597937489747,-0.1920207196190328,-0.2521146148535677,0.0555407568996762,6.776234920231319e-05,0.3146007779267477,0.007893523887734,1.287721390295003,0.0271300031381625,0.0,0.0,0.0,0.0,0.0,0.0
22,8,0.1036922068647358,0.0037882787222463,0.0924799070320468,0.0481514499650596,0.003720516373044,-0.2221208708947009,0.0555407568996762,6.776234920231319e-05,0.3146007779267477,0.007893523887734,1.287721390295003,0.0271300031381625,0.0,0.0,0.0,0.0,0.0,0.0
22,9,0.1524251106432502,-0.0664099555993575,0.2277474640723565,0.096884353743574,-0.0664777179485598,-0.0868533138543911,0.0555407568996762,6.776234920231319e-05,0.3146007779267477,0.007893523887734,1.287721390295003,0.0271300031381625,0.0,0.0,0.0,0.0,0.0,0.0
22,10,0.1336154487943509,0.0295029597213413,0.0765955229796618,0.0780746918946747,0.029435197372139,-0.2380052549470859,0.0555407568996762,6.776234920231319e-05,0.3146007779267477,0.007893523887734,1.287721390295003,0.0271300031381625,0.0,0.0,0.0,0.0,0.0,0.0
22,11,0.2308806227668667,-0.0173376651834925,0.0735227732410126,0.1753398658671905,-0.0174054275326948,-0.2410780046857351,0.0555407568996762,6.776234920231319e-05,0.3146007779267477,0.007893523887734,1.287721390295003,0.0271300031381625,0.0,0.0,0.0,0.0,0.0,0.0
22,12,-0.0003642525832719,-0.0014493129596628,0.1224123685661596,-0.0559050094829481,-0.0015170753088651,-0.192188409360588,0.0555407568996762,6.776234920231319e-05,0.3146007779267477,0.007893523887734,1.287721390295003,0.0271300031381625,0.0,0.0,0.0,0.0,0.0,0.0
22,13,0.1024442005700156,-0.0075931873399931,0.2820766249547839,0.0469034436703393,-0.0076609496891954,-0.0325241529719638,0.0555407568996762,6.776234920231319e-05,0.3146007779267477,0.007893523887734,1.287721390295003,0.0271300031381625,0.0,0.0,0.0,0.0,0.0,0.0
22,14,0.1242202835766621,-0.0510670613276654,0.4822211339712935,0.0686795266769858,-0.0511348236768677,0.1676203560445457,0.0555407568996762,6.776234920231319e-05,0.3146007779267477,0.007893523887734,1.287721390295003,0.0271300031381625,0.0,0.0,0.0,0.0,0.0,0.0
22,15,0.1451958067379911,-0.1139391790174811,0.5270477347681928,0.0896550498383148,-0.1140069413666834,0.212446956841445,0.0555407568996762,6.776234920231319e-05,0.3146007779267477,0.007893523887734,1.287721390295003,0.0271300031381625,0.0,0.0,0.0,0.0,0.0,0.0
22,16,0.1671050753724562,-0.1802561108489079,0.3920438514888251,0.11156431847278,-0.1803238731981102,0.0774430735620773,0.0555407568996762,6.776234920231319e-05,0.3146007779267477,0.007893523887734,1.287721390295003,0.0271300031381625,0.0,0.0,0.0,0.0,0.0,0.0
22,17,0.2991872851414466,-0.1685337429530939,0.5107909607334788,0.2436465282417704,-0.1686015053022962,0.1961901828067311,0.0555407568996762,6.776234920231319e-05,0.3146007779267477,0.007893523887734,1.287721390295003,0.0271300031381625,0.0,0.0,0.0,0.0,0.0,0.0
22,18,0.3662716650549531,-0.1538762271932743,0.4891381733030646,0.3107309081552769,-0.1539439895424766,0.1745373953763168,0.0555407568996762,6.776234920231319e-05,0.3146007779267477,0.007893523887734,1.287721390295003,0.0271300031381625,0.0,0.0,0.0,0.0,0.0,0.0
22,19,0.155576038565371,0.0288852492641249,0.477699556775862,0.1000352816656948,0.0288174869149226,0.1630987788491143,0.0555407568996762,6.776234920231319e-05,0.3146007779267477,0.007893523887734,1.287721390295003,0.0271300031381625,0.0,0.0,0.0,0.0,0.0,0.0
22,20,0.2132418065740635,0.0566758631737274,0.5256822721910303,0.1577010496743873,0.0566081008245251,0.2110814942642825,0.0555407568996762,6.776234920231319e-05,0.3146007779267477,0.007893523887734,1.287721390295003,0.0271300031381625,0.0,0.0,0.0,0.0,0.0,0.0
22,21,0.2797498992350831,0.0611128813850562,0.3890770509141205,0.2242091423354069,0.0610451190358539,0.0744762729873728,0.0555407568996762,6.776234920231319e-05,0.3146007779267477,0.007893523887734,1.287721390295003,0.0271300031381625,0.0,0.0,0.0,0.0,0.0,0.0
22,22,0.3675136085600675,-0.0157745379853403,0.5235012156631429,0.3119728516603913,-0.0158423003345426,0.2089004377363951,0.0555407568996762,6.776234920231319e-05,0.3146007779267477,0.007893523887734,1.287721390295003,0.0271300031381625,0.0,0.0,0.0,0.0,0.0,0.0
22,23,0.426845435889144,-0.0461276841819097,0.4962538161195133,0.3713046789894677,-0.0461954465311121,0.1816530381927656,0.0555407568996762,6.776234920231319e-05,0.3146007779267477,0.007893523887734,1.287721390295003,0.0271300031381625,0.0,0.0,0.0,0.0,0.0,0.0
22,24,0.1114457663826244,0.0015848376580674,0.5067891872873358,0.0559050094829481,0.0015170753088651,0.192188409360588,0.0555407568996762,6.776234920231319e-05,0.3146007779267477,0.007893523887734,1.287721390295003,0.0271300031381625,0.0,0.0,0.0,0.0,0.0,0.0
22,25,0.0962134978220782,0.0007598879757845,0.6459559677910306,0.040672740922402,0.0006921256265822,0.3313551898642828,0.0555407568996762,6.776234920231319e-05,0.3146007779267477,0.007893523887734,1.287721390295003,0.0271300031381625,0.0,0.0,0.0,0.0,0.0,0.0
22,26,0.1386875770150004,-0.0784209353817797,0.7902693414241211,0.0831468201153242,-0.078488697730982,0.4756685634973733,0.0555407568996762,6.776234920231319e-05,0.3146007779267477,0.007893523887734,1.287721390295003,0.0271300031381625,0.0,0.0,0.0,0.0,0.0,0.0
23,0,-0.0003642525832719,-0.0014493129596628,0.1224123685661596,-0.0559050094829481,-0.0015170753088651,-0.192188409360588,0.0555407568996762,6.776234920231319e-05,0.3146007779267477,0.007893523887734,1.287721390295003,0.0271300031381625,0.0,0.0,0.0,0.0,0.0,0.0
23,1,0.027227254002736,-0.0146149452378418,0.0608332453687273,-0.0283135028969401,-0.0146827075870441,-0.2537675325580203,0.0555407568996762,6.776234920231319e-05,0.3146007779267477,0.007893523887734,1.287721390295003,0.0271300031381625,0.0,0.0,0.0,0.0,0.0,0.0
23,2,-0.083902187220396,0.0221250307247471,0.0343677686094261,-0.1394429441200723,0.0220572683755448,-0.2802330093173216,0.0555407568996762,6.776234920231319e-05,0.3146007779267477,0.007893523887734,1.287721390295003,0.0271300031381625,0.0,0.0,0.0,0.0,0.0,0.0
23,3,-0.20029889497781,0.0506821402149293,0.0283429929941528,-0.2558396518774862,0.050614377865727,-0.2862577849325948,0.0555407568996762,6.776234920231319e-05,0.3146007779267477,0.007893523887734,1.287721390295003,0.0271300031381625,0.0,0.0,0.0,0.0,0.0,0.0
23,4,0.0643003907578741,-0.083505831719866,0.093493303236641,0.0087596338581979,-0.0835735940690684,-0.2211074746901067,0.0555407568996762,6.776234920231319e-05,0.3146007779267477,0.007893523887734,1.287721390295003,0.0271300031381625,0.0,0.0,0.0,0.0,0.0,0.0
23,5,0.1677310828595359,-0.0976655240148239,0.2147434374460392,0.1121903259598597,-0.0977332863640262,-0.0998573404807084,0.0555407568996762,6.776234920231319e-05,0.3146007779267477,0.007893523887734,1.287721390295003,0.0271300031381625,0.0,0.0,0.0,0.0,0.0,0.0
23,6,0.0632568759747095,-0.1210832050580406,0.0700480598050288,0.0077161190750332,-0.1211509674072429,-0.2445527181217189,0.0555407568996762,6.776234920231319e-05,0.3146007779267477,0.007893523887734,1.287721390295003,0.0271300031381625,0.0,0.0,0.0,0.0,0.0,0.0
23,7,0.144400550648651,-0.1919529572698305,0.0624861630731799,0.0888597937489747,-0.1920207196190328,-0.2521146148535677,0.0555407568996762,6.776234920231319e-05,0.3146007779267477,0.007893523887734,1.287721390295003,0.0271300031381625,0.0,0.0,0.0,0.0,0.0,0.0
23,8,0.1036922068647358,0.0037882787222463,0.0924799070320468,0.0481514499650596,0.003720516373044,-0.2221208708947009,0.0555407568996762,6.776234920231319e-05,0.3146007779267477,0.007893523887734,1.287721390295003,0.0271300031381625,0.0,0.0,0.0,0.0,0.0,0.0
23,9,0.1524251106432502,-0.0664099555993575,0.2277474640723565,0.096884353743574,-0.0664777179485598,-0.0868533138543911,0.0555407568996762,6.776234920231319e-05,0.3146007779267477,0.007893523887734,1.287721390295003,0.0271300031381625,0.0,0.0,0.0,0.0,0.0,0.0
23,10,0.1336154487943509,0.0295029597213413,0.0765955229796618,0.0780746918946747,0.029435197372139,-0.2380052549470859,0.0555407568996762,6.776234920231319e-05,0.3146007779267477,0.007893523887734,1.287721390295003,0.0271300031381625,0.0,0.0,0.0,0.0,0.0,0.0
23,11,0.2308806227668667,-0.0173376651834925,0.0735227732410126,0.1753398658671905,-0.0174054275326948,-0.2410780046857351,0.0555407568996762,6.776234920231319e-05,0.3146007779267477,0.007893523887734,1.287721390295003,0.0271300031381625,0.0,0.0,0.0,0.0,0.0,0.0
23,12,-0.0003642525832719,-0.0014493129596628,0.1224123685661596,-0.0559050094829481,-0.0015170753088651,-0.192188409360588,0.0555407568996762,6.776234920231319e-05,0.3146007779267477,0.007893523887734,1.287721390295003,0.0271300031381625,0.0,0.0,0.0,0.0,0.0,0.0
23,13,0.1024442005700156,-0.0075931873399931,0.2820766249547839,0.0469034436703393,-0.0076609496891954,-0.0325241529719638,0.0555407568996762,6.776234920231319e-05,0.3146007779267477,0.007893523887734,1.287721390295003,0.0271300031381625,0.0,0.0,0.0,0.0,0.0,0.0
23,14,0.1242202835766621,-0.0510670613276654,0.4822211339712935,0.0686795266769858,-0.0511348236768677,0.1676203560445457,0.0555407568996762,6.776234920231319e-05,0.3146007779267477,0.007893523887734,1.287721390295003,0.0271300031381625,0.0,0.0,0.0,0.0,0.0,0.0
23,15,0.1451958067379911,-0.1139391790174811,0.5270477347681928,0.0896550498383148,-0.1140069413666834,0.212446956841445,0.0555407568996762,6.776234920231319e-05,0.3146007779267477,0.007893523887734,1.287721390295003,0.0271300031381625,0.0,0.0,0.0,0.0,0.0,0.0
23,16,0.1671050753724562,-0.1802561108489079,0.3920438514888251,0.11156431847278,-0.1803238731981102,0.0774430735620773,0.0555407568996762,6.776234920231319e-05,0.3146007779267477,0.007893523887734,1.287721390295003,0.0271300031381625,0.0,0.0,0.0,0.0,0.0,0.0
23,17,0.2991872851414466,-0.1685337429530939,0.5107909607334788,0.2436465282417704,-0.1686015053022962,0.1961901828067311,0.0555407568996762,6.776234920231319e-05,0.3146007779267477,0.007893523887734,1.287721390295003,0.0271300031381625,0.0,0.0,0.0,0.0,0.0,0.0
23,18,0.3662716650549531,-0.1538762271932743,0.4891381733030646,0.3107309081552769,-0.1539439895424766,0.1745373953763168,0.0555407568996762,6.776234920231319e-05,0.3146007779267477,0.007893523887734,1.287721390295003,0.0271300031381625,0.0,0.0,0.0,0.0,0.0,0.0
23,19,0.155576038565371,0.0288852492641249,0.477699556775862,0.1000352816656948,0.0288174869149226,0.1630987788491143,0.0555407568996762,6.776234920231319e-05,0.3146007779267477,0.007893523887734,1.287721390295003,0.0271300031381625,0.0,0.0,0.0,0.0,0.0,0.0
23,20,0.2132418065740635,0.0566758631737274,0.5256822721910303,0.1577010496743873,0.0566081008245251,0.2110814942642825,0.0555407568996762,6.776234920231319e-05,0.3146007779267477,0.007893523887734,1.287721390295003,0.0271300031381625,0.0,0.0,0.0,0.0,0.0,0.0
23,21,0.2797498992350831,0.0611128813850562,0.3890770509141205,0.2242091423354069,0.0610451190358539,0.0744762729873728,0.0555407568996762,6.776234920231319e-05,0.3146007779267477,0.007893523887734,1.287721390295003,0.0271300031381625,0.0,0.0,0.0,0.0,0.0,0.0
23,22,0.3675136085600675,-0.0157745379853403,0.5235012156631429,0.3119728516603913,-0.0158423003345426,0.2089004377363951,0.0555407568996762,6.776234920231319e-05,0.3146007779267477,0.007893523887734,1.287721390295003,0.0271300031381625,0.0,0.0,0.0,0.0,0.0,0.0
23,23,0.426845435889144,-0.0461276841819097,0.4962538161195133,0.3713046789894677,-0.0461954465311121,0.1816530381927656,0.0555407568996762,6.776234920231319e-05,0.3146007779267477,0.007893523887734,1.287721390295003,0.0271300031381625,0.0,0.0,0.0,0.0,0.0,0.0
23,24,0.1114457663826244,0.0015848376580674,0.5067891872873358,0.0559050094829481,0.0015170753088651,0.192188409360588,0.0555407568996762,6.776234920231319e-05,0.3146007779267477,0.007893523887734,1.287721390295003,0.0271300031381625,0.0,0.0,0.0,0.0,0.0,0.0
23,25,0.0962134978220782,0.0007598879757845,0.6459559677910306,0.040672740922402,0.0006921256265822,0.3313551898642828,0.0555407568996762,6.776234920231319e-05,0.3146007779267477,0.007893523887734,1.287721390295003,0.0271300031381625,0.0,0.0,0.0,0.0,0.0,0.0
23,26,0.1386875770150004,-0.0784209353817797,0.7902693414241211,0.0831468201153242,-0.078488697730982,0.4756685634973733,0.0555407568996762,6.776234920231319e-05,0.3146007779267477,0.007893523887734,1.287721390295003,0.0271300031381625,0.0,0.0,0.0,0.0,0.0,0.0
24,0,-0.0003642525832719,-0.0014493129596628,0.1224123685661596,-0.0559050094829481,-0.0015170753088651,-0.192188409360588,0.0555407568996762,6.776234920231319e-05,0.3146007779267477,0.007893523887734,1.287721390295003,0.0271300031381625,0.0,0.0,0.0,0.0,0.0,0.0
24,1,0.027227254002736,-0.0146149452378418,0.0608332453687273,-0.0283135028969401,-0.0146827075870441,-0.2537675325580203,0.0555407568996762,6.776234920231319e-05,0.3146007779267477,0.007893523887734,1.287721390295003,0.0271300031381625,0.0,0.0,0.0,0.0,0.0,0.0
24,2,-0.083902187220396,0.0221250307247471,0.0343677686094261,-0.1394429441200723,0.0220572683755448,-0.2802330093173216,0.0555407568996762,6.776234920231319e-05,0.3146007779267477,0.007893523887734,1.287721390295003,0.0271300031381625,0.0,0.0,0.0,0.0,0.0,0.0
24,3,-0.20029889497781,0.0506821402149293,0.0283429929941528,-0.2558396518774862,0.050614377865727,-0.2862577849325948,0.0555407568996762,6.776234920231319e-05,0.3146007779267477,0.007893523887734,1.287721390295003,0.0271300031381625,0.0,0.0,0.0,0.0,0.0,0.0
24,4,0.0643003907578741,-0.083505831719866,0.093493303236641,0.0087596338581979,-0.0835735940690684,-0.2211074746901067,0.0555407568996762,6.776234920231319e-05,0.3146007779267477,0.007893523887734,1.287721390295003,0.0271300031381625,0.0,0.0,0.0,0.0,0.0,0.0
24,5,0.1677310828595359,-0.0976655240148239,0.2147434374460392,0.1121903259598597,-0.0977332863640262,-0.0998573404807084,0.0555407568996762,6.776234920231319e-05,0.3146007779267477,0.007893523887734,1.287721390295003,0.0271300031381625,0.0,0.0,0.0,0.0,0.0,0.0
24,6,0.0632568759747095,-0.1210832050580406,0.0700480598050288,0.0077161190750332,-0.1211509674072429,-0.2445527181217189,0.0555407568996762,6.776234920231319e-05,0.3146007779267477,0.007893523887734,1.287721390295003,0.0271300031381625,0.0,0.0,0.0,0.0,0.0,0.0
24,7,0.144400550648651,-0.1919529572698305,0.0624861630731799,0.0888597937489747,-0.1920207196190328,-0.2521146148535677,0.0555407568996762,6.776234920231319e-05,0.3146007779267477,0.007893523887734,1.287721390295003,0.0271300031381625,0.0,0.0,0.0,0.0,0.0,0.0
24,8,0.1036922068647358,0.0037882787222463,0.0924799070320468,0.0481514499650596,0.003720516373044,-0.2221208708947009,0.0555407568996762,6.776234920231319e-05,0.3146007779267477,0.007893523887734,1.287721390295003,0.0271300031381625,0.0,0.0,0.0,0.0,0.0,0.0
24,9,0.1524251106432502,-0.0664099555993575,0.2277474640723565,0.096884353743574,-0.0664777179485598,-0.0868533138543911,0.0555407568996762,6.776234920231319e-05,0.3146007779267477,0.007893523887734,1.287721390295003,0.0271300031381625,0.0,0.0,0.0,0.0,0.0,0.0
24,10,0.1336154487943509,0.0295029597213413,0.0765955229796618,0.0780746918946747,0.029435197372139,-0.2380052549470859,0.0555407568996762,6.776234920231319e-05,0.3146007779267477,0.007893523887734,1.287721390295003,0.0271300031381625,0.0,0.0,0.0,0.0,0.0,0.0
24,11,0.2308806227668667,-0.0173376651834925,0.0735227732410126,0.1753398658671905,-0.0174054275326948,-0.2410780046857351,0.0555407568996762,6.776234920231319e-05,0.3146007779267477,0.007893523887734,1.287721390295003,0.0271300031381625,0.0,0.0,0.0,0.0,0.0,0.0
24,12,-0.0003642525832719,-0.0014493129596628,0.1224123685661596,-0.0559050094829481,-0.0015170753088651,-0.192188409360588,0.0555407568996762,6.776234920231319e-05,0.3146007779267477,0.007893523887734,1.287721390295003,0.0271300031381625,0.0,0.0,0.0,0.0,0.0,0.0
24,13,0.1024442005700156,-0.0075931873399931,0.2820766249547839,0.0469034436703393,-0.0076609496891954,-0.0325241529719638,0.0555407568996762,6.776234920231319e-05,0.3146007779267477,0.007893523887734,1.287721390295003,0.0271300031381625,0.0,0.0,0.0,0.0,0.0,0.0
24,14,0.1242202835766621,-0.0510670613276654,0.4822211339712935,0.0686795266769858,-0.0511348236768677,0.1676203560445457,0.0555407568996762,6.776234920231319e-05,0.3146007779267477,0.007893523887734,1.287721390295003,0.0271300031381625,0.0,0.0,0.0,0.0,0.0,0.0
24,15,0.1451958067379911,-0.1139391790174811,0.5270477347681928,0.0896550498383148,-0.1140069413666834,0.212446956841445,0.0555407568996762,6.776234920231319e-05,0.3146007779267477,0.007893523887734,1.287721390295003,0.0271300031381625,0.0,0.0,0.0,0.0,0.0,0.0
24,16,0.1671050753724562,-0.1802561108489079,0.3920438514888251,0.11156431847278,-0.1803238731981102,0.0774430735620773,0.0555407568996762,6.776234920231319e-05,0.3146007779267477,0.007893523887734,1.287721390295003,0.0271300031381625,0.0,0.0,0.0,0.0,0.0,0.0
24,17,0.2991872851414466,-0.1685337429530939,0.5107909607334788,0.2436465282417704,-0.1686015053022962,0.1961901828067311,0.0555407568996762,6.776234920231319e-05,0.3146007779267477,0.007893523887734,1.287721390295003,0.0271300031381625,0.0,0.0,0.0,0.0,0.0,0.0
24,18,0.3662716650549531,-0.1538762271932743,0.4891381733030646,0.3107309081552769,-0.1539439895424766,0.1745373953763168,0.0555407568996762,6.776234920231319e-05,0.3146007779267477,0.007893523887734,1.287721390295003,0.0271300031381625,0.0,0.0,0.0,0.0,0.0,0.0
24,19,0.155576038565371,0.0288852492641249,0.477699556775862,0.1000352816656948,0.0288174869149226,0.1630987788491143,0.0555407568996762,6.776234920231319e-05,0.3146007779267477,0.007893523887734,1.287721390295003,0.0271300031381625,0.0,0.0,0.0,0.0,0.0,0.0
24,20,0.2132418065740635,0.0566758631737274,0.5256822721910303,0.1577010496743873,0.0566081008245251,0.2110814942642825,0.0555407568996762,6.776234920231319e-05,0.3146007779267477,0.007893523887734,1.287721390295003,0.0271300031381625,0.0,0.0,0.0,0.0,0.0,0.0
24,21,0.2797498992350831,0.0611128813850562,0.3890770509141205,0.2242091423354069,0.0610451190358539,0.0744762729873728,0.0555407568996762,6.776234920231319e-05,0.3146007779267477,0.007893523887734,1.287721390295003,0.0271300031381625,0.0,0.0,0.0,0.0,0.0,0.0
24,22,0.3675136085600675,-0.0157745379853403,0.5235012156631429,0.3119728516603913,-0.0158423003345426,0.2089004377363951,0.0555407568996762,6.776234920231319e-05,0.3146007779267477,0.007893523887734,1.287721390295003,0.0271300031381625,0.0,0.0,0.0,0.0,0.0,0.0
24,23,0.426845435889144,-0.0461276841819097,0.4962538161195133,0.3713046789894677,-0.0461954465311121,0.1816530381927656,0.0555407568996762,6.776234920231319e-05,0.3146007779267477,0.007893523887734,1.287721390295003,0.0271300031381625,0.0,0.0,0.0,0.0,0.0,0.0
24,24,0.1114457663826244,0.0015848376580674,0.5067891872873358,0.0559050094829481,0.0015170753088651,0.192188409360588,0.0555407568996762,6.776234920231319e-05,0.3146007779267477,0.007893523887734,1.287721390295003,0.0271300031381625,0.0,0.0,0.0,0.0,0.0,0.0
24,25,0.0962134978220782,0.0007598879757845,0.6459559677910306,0.040672740922402,0.0006921256265822,0.3313551898642828,0.0555407568996762,6.776234920231319e-05,0.3146007779267477,0.007893523887734,1.287721390295003,0.0271300031381625,0.0,0.0,0.0,0.0,0.0,0.0
24,26,0.1386875770150004,-0.0784209353817797,0.7902693414241211,0.0831468201153242,-0.078488697730982,0.4756685634973733,0.0555407568996762,6.776234920231319e-05,0.3146007779267477,0.007893523887734,1.287721390295003,0.0271300031381625,0.0,0.0,0.0,0.0,0.0,0.0
25,0,-0.0003642525832719,-0.0014493129596628,0.1224123685661596,-0.0559050094829481,-0.0015170753088651,-0.192188409360588,0.0555407568996762,6.776234920231319e-05,0.3146007779267477,0.007893523887734,1.287721390295003,0.0271300031381625,0.0,0.0,0.0,0.0,0.0,0.0
25,1,0.027227254002736,-0.0146149452378418,0.0608332453687273,-0.0283135028969401,-0.0146827075870441,-0.2537675325580203,0.0555407568996762,6.776234920231319e-05,0.3146007779267477,0.007893523887734,1.287721390295003,0.0271300031381625,0.0,0.0,0.0,0.0,0.0,0.0
25,2,-0.083902187220396,0.0221250307247471,0.0343677686094261,-0.1394429441200723,0.0220572683755448,-0.2802330093173216,0.0555407568996762,6.776234920231319e-05,0.3146007779267477,0.007893523887734,1.287721390295003,0.0271300031381625,0.0,0.0,0.0,0.0,0.0,0.0
25,3,-0.20029889497781,0.0506821402149293,0.0283429929941528,-0.2558396518774862,0.050614377865727,-0.2862577849325948,0.0555407568996762,6.776234920231319e-05,0.3146007779267477,0.007893523887734,1.287721390295003,0.0271300031381625,0.0,0.0,0.0,0.0,0.0,0.0
25,4,0.0643003907578741,-0.083505831719866,0.093493303236641,0.0087596338581979,-0.0835735940690684,-0.2211074746901067,0.0555407568996762,6.776234920231319e-05,0.3146007779267477,0.007893523887734,1.287721390295003,0.0271300031381625,0.0,0.0,0.0,0.0,0.0,0.0
25,5,0.1677310828595359,-0.0976655240148239,0.2147434374460392,0.1121903259598597,-0.0977332863640262,-0.0998573404807084,0.0555407568996762,6.776234920231319e-05,0.3146007779267477,0.007893523887734,1.287721390295003,0.0271300031381625,0.0,0.0,0.0,0.0,0.0,0.0
25,6,0.0632568759747095,-0.1210832050580406,0.0700480598050288,0.0077161190750332,-0.1211509674072429,-0.2445527181217189,0.0555407568996762,6.776234920231319e-05,0.3146007779267477,0.007893523887734,1.287721390295003,0.0271300031381625,0.0,0.0,0.0,0.0,0.0,0.0
25,7,0.144400550648651,-0.1919529572698305,0.0624861630731799,0.0888597937489747,-0.1920207196190328,-0.2521146148535677,0.0555407568996762,6.776234920231319e-05,0.3146007779267477,0.007893523887734,1.287721390295003,0.0271300031381625,0.0,0.0,0.0,0.0,0.0,0.0
25,8,0.1036922068647358,0.0037882787222463,0.0924799070320468,0.0481514499650596,0.003720516373044,-0.2221208708947009,0.0555407568996762,6.776234920231319e-05,0.3146007779267477,0.007893523887734,1.287721390295003,0.0271300031381625,0.0,0.0,0.0,0.0,0.0,0.0
25,9,0.1524251106432502,-0.0664099555993575,0.2277474640723565,0.096884353743574,-0.0664777179485598,-0.0868533138543911,0.0555407568996762,6.776234920231319e-05,0.3146007779267477,0.007893523887734,1.287721390295003,0.0271300031381625,0.0,0.0,0.0,0.0,0.0,0.0
25,10,0.1336154487943509,0.0295029597213413,0.0765955229796618,0.0780746918946747,0.029435197372139,-0.2380052549470859,0.0555407568996762,6.776234920231319e-05,0.3146007779267477,0.007893523887734,1.287721390295003,0.0271300031381625,0.0,0.0,0.0,0.0,0.0,0.0
25,11,0.2308806227668667,-0.0173376651834925,0.0735227732410126,0.1753398658671905,-0.0174054275326948,-0.2410780046857351,0.0555407568996762,6.776234920231319e-05,0.3146007779267477,0.007893523887734,1.287721390295003,0.0271300031381625,0.0,0.0,0.0,0.0,0.0,0.0
25,12,-0.0003642525832719,-0.0014493129596628,0.1224123685661596,-0.0559050094829481,-0.0015170753088651,-0.192188409360588,0.0555407568996762,6.776234920231319e-05,0.3146007779267477,0.007893523887734,1.287721390295003,0.0271300031381625,0.0,0.0,0.0,0.0,0.0,0.0
25,13,0.1024442005700156,-0.0075931873399931,0.2820766249547839,0.0469034436703393,-0.0076609496891954,-0.0325241529719638,0.0555407568996762,6.776234920231319e-05,0.3146007779267477,0.007893523887734,1.287721390295003,0.0271300031381625,0.0,0.0,0.0,0.0,0.0,0.0
25,14,0.1242202835766621,-0.0510670613276654,0.4822211339712935,0.0686795266769858,-0.0511348236768677,0.1676203560445457,0.0555407568996762,6.776234920231319e-05,0.3146007779267477,0.007893523887734,1.287721390295003,0.0271300031381625,0.0,0.0,0.0,0.0,0.0,0.0
25,15,0.1451958067379911,-0.1139391790174811,0.5270477347681928,0.0896550498383148,-0.1140069413666834,0.212446956841445,0.0555407568996762,6.776234920231319e-05,0.3146007779267477,0.007893523887734,1.287721390295003,0.0271300031381625,0.0,0.0,0.0,0.0,0.0,0.0
25,16,0.1671050753724562,-0.1802561108489079,0.3920438514888251,0.11156431847278,-0.1803238731981102,0.0774430735620773,0.0555407568996762,6.776234920231319e-05,0.3146007779267477,0.007893523887734,1.287721390295003,0.0271300031381625,0.0,0.0,0.0,0.0,0.0,0.0
25,17,0.2991872851414466,-0.1685337429530939,0.5107909607334788,0.2436465282417704,-0.1686015053022962,0.1961901828067311,0.0555407568996762,6.776234920231319e-05,0.3146007779267477,0.007893523887734,1.287721390295003,0.0271300031381625,0.0,0.0,0.0,0.0,0.0,0.0
25,18,0.3662716650549531,-0.1538762271932743,0.4891381733030646,0.3107309081552769,-0.1539439895424766,0.1745373953763168,0.0555407568996762,6.776234920231319e-05,0.3146007779267477,0.007893523887734,1.287721390295003,0.0271300031381625,0.0,0.0,0.0,0.0,0.0,0.0
25,19,0.155576038565371,0.0288852492641249,0.477699556775862,0.1000352816656948,0.0288174869149226,0.1630987788491143,0.0555407568996762,6.776234920231319e-05,0.3146007779267477,0.007893523887734,1.287721390295003,0.0271300031381625,0.0,0.0,0.0,0.0,0.0,0.0
25,20,0.2132418065740635,0.0566758631737274,0.5256822721910303,0.1577010496743873,0.0566081008245251,0.2110814942642825,0.0555407568996762,6.776234920231319e-05,0.3146007779267477,0.007893523887734,1.287721390295003,0.0271300031381625,0.0,0.0,0.0,0.0,0.0,0.0
25,21,0.2797498992350831,0.0611128813850562,0.3890770509141205,0.2242091423354069,0.0610451190358539,0.0744762729873728,0.0555407568996762,6.776234920231319e-05,0.3146007779267477,0.007893523887734,1.287721390295003,0.0271300031381625,0.0,0.0,0.0,0.0,0.0,0.0
25,22,0.3675136085600675,-0.0157745379853403,0.5235012156631429,0.3119728516603913,-0.0158423003345426,0.2089004377363951,0.0555407568996762,6.776234920231319e-05,0.3146007779267477,0.007893523887734,1.287721390295003,0.0271300031381625,0.0,0.0,0.0,0.0,0.0,0.0
25,23,0.426845435889144,-0.0461276841819097,0.4962538161195133,0.3713046789894677,-0.0461954465311121,0.1816530381927656,0.0555407568996762,6.776234920231319e-05,0.3146007779267477,0.007893523887734,1.287721390295003,0.0271300031381625,0.0,0.0,0.0,0.0,0.0,0.0
25,24,0.1114457663826244,0.0015848376580674,0.5067891872873358,0.0559050094829481,0.0015170753088651,0.192188409360588,0.0555407568996762,6.776234920231319e-05,0.3146007779267477,0.007893523887734,1.287721390295003,0.0271300031381625,0.0,0.0,0.0,0.0,0.0,0.0
25,25,0.0962134978220782,0.0007598879757845,0.6459559677910306,0.040672740922402,0.0006921256265822,0.3313551898642828,0.0555407568996762,6.776234920231319e-05,0.3146007779267477,0.007893523887734,1.287721390295003,0.0271300031381625,0.0,0.0,0.0,0.0,0.0,0.0
25,26,0.1386875770150004,-0.0784209353817797,0.7902693414241211,0.0831468201153242,-0.078488697730982,0.4756685634973733,0.0555407568996762,6.776234920231319e-05,0.3146007779267477,0.007893523887734,1.287721390295003,0.0271300031381625,0.0,0.0,0.0,0.0,0.0,0.0
26,0,-0.0003642525832719,-0.0014493129596628,0.1224123685661596,-0.0559050094829481,-0.0015170753088651,-0.192188409360588,0.0555407568996762,6.776234920231319e-05,0.3146007779267477,0.007893523887734,1.287721390295003,0.0271300031381625,0.0,0.0,0.0,0.0,0.0,0.0
26,1,0.027227254002736,-0.0146149452378418,0.0608332453687273,-0.0283135028969401,-0.0146827075870441,-0.2537675325580203,0.0555407568996762,6.776234920231319e-05,0.3146007779267477,0.007893523887734,1.287721390295003,0.0271300031381625,0.0,0.0,0.0,0.0,0.0,0.0
26,2,-0.083902187220396,0.0221250307247471,0.0343677686094261,-0.1394429441200723,0.0220572683755448,-0.2802330093173216,0.0555407568996762,6.776234920231319e-05,0.3146007779267477,0.007893523887734,1.287721390295003,0.0271300031381625,0.0,0.0,0.0,0.0,0.0,0.0
26,3,-0.20029889497781,0.0506821402149293,0.0283429929941528,-0.2558396518774862,0.050614377865727,-0.2862577849325948,0.0555407568996762,6.776234920231319e-05,0.3146007779267477,0.007893523887734,1.287721390295003,0.0271300031381625,0.0,0.0,0.0,0.0,0.0,0.0
26,4,0.0643003907578741,-0.083505831719866,0.093493303236641,0.0087596338581979,-0.0835735940690684,-0.2211074746901067,0.0555407568996762,6.776234920231319e-05,0.3146007779267477,0.007893523887734,1.287721390295003,0.0271300031381625,0.0,0.0,0.0,0.0,0.0,0.0
26,5,0.1677310828595359,-0.0976655240148239,0.2147434374460392,0.1121903259598597,-0.0977332863640262,-0.0998573404807084,0.0555407568996762,6.776234920231319e-05,0.3146007779267477,0.007893523887734,1.287721390295003,0.0271300031381625,0.0,0.0,0.0,0.0,0.0,0.0
26,6,0.0632568759747095,-0.1210832050580406,0.0700480598050288,0.0077161190750332,-0.1211509674072429,-0.2445527181217189,0.0555407568996762,6.776234920231319e-05,0.3146007779267477,0.007893523887734,1.287721390295003,0.0271300031381625,0.0,0.0,0.0,0.0,0.0,0.0
26,7,0.144400550648651,-0.1919529572698305,0.0624861630731799,0.0888597937489747,-0.1920207196190328,-0.2521146148535677,0.0555407568996762,6.776234920231319e-05,0.3146007779267477,0.007893523887734,1.287721390295003,0.0271300031381625,0.0,0.0,0.0,0.0,0.0,0.0
26,8,0.1036922068647358,0.0037882787222463,0.0924799070320468,0.0481514499650596,0.003720516373044,-0.2221208708947009,0.0555407568996762,6.776234920231319e-05,0.3146007779267477,0.007893523887734,1.287721390295003,0.0271300031381625,0.0,0.0,0.0,0.0,0.0,0.0
26,9,0.1524251106432502,-0.0664099555993575,0.2277474640723565,0.096884353743574,-0.0664777179485598,-0.0868533138543911,0.0555407568996762,6.776234920231319e-05,0.3146007779267477,0.007893523887734,1.287721390295003,0.0271300031381625,0.0,0.0,0.0,0.0,0.0,0.0
26,10,0.1336154487943509,0.0295029597213413,0.0765955229796618,0.0780746918946747,0.029435197372139,-0.2380052549470859,0.0555407568996762,6.776234920231319e-05,0.3146007779267477,0.007893523887734,1.287721390295003,0.0271300031381625,0.0,0.0,0.0,0.0,0.0,0.0
26,11,0.2308806227668667,-0.0173376651834925,0.0735227732410126,0.1753398658671905,-0.0174054275326948,-0.2410780046857351,0.0555407568996762,6.776234920231319e-05,0.3146007779267477,0.007893523887734,1.287721390295003,0.0271300031381625,0.0,0.0,0.0,0.0,0.0,0.0
26,12,-0.0003642525832719,-0.0014493129596628,0.1224123685661596,-0.0559050094829481,-0.0015170753088651,-0.192188409360588,0.0555407568996762,6.776234920231319e-05,0.3146007779267477,0.007893523887734,1.287721390295003,0.0271300031381625,0.0,0.0,0.0,0.0,0.0,0.0
26,13,0.1024442005700156,-0.0075931873399931,0.2820766249547839,0.0469034436703393,-0.0076609496891954,-0.0325241529719638,0.0555407568996762,6.776234920231319e-05,0.3146007779267477,0.007893523887734,1.287721390295003,0.0271300031381625,0.0,0.0,0.0,0.0,0.0,0.0
26,14,0.1242202835766621,-0.0510670613276654,0.4822211339712935,0.0686795266769858,-0.0511348236768677,0.1676203560445457,0.0555407568996762,6.776234920231319e-05,0.3146007779267477,0.007893523887734,1.287721390295003,0.0271300031381625,0.0,0.0,0.0,0.0,0.0,0.0
26,15,0.1451958067379911,-0.1139391790174811,0.5270477347681928,0.0896550498383148,-0.1140069413666834,0.212446956841445,0.0555407568996762,6.776234920231319e-05,0.3146007779267477,0.007893523887734,1.287721390295003,0.0271300031381625,0.0,0.0,0.0,0.0,0.0,0.0
26,16,0.1671050753724562,-0.1802561108489079,0.3920438514888251,0.11156431847278,-0.1803238731981102,0.0774430735620773,0.0555407568996762,6.776234920231319e-05,0.3146007779267477,0.007893523887734,1.287721390295003,0.0271300031381625,0.0,0.0,0.0,0.0,0.0,0.0
26,17,0.2991872851414466,-0.1685337429530939,0.5107909607334788,0.2436465282417704,-0.1686015053022962,0.1961901828067311,0.0555407568996762,6.776234920231319e-05,0.3146007779267477,0.007893523887734,1.287721390295003,0.0271300031381625,0.0,0.0,0.0,0.0,0.0,0.0
26,18,0.3662716650549531,-0.1538762271932743,0.4891381733030646,0.3107309081552769,-0.1539439895424766,0.1745373953763168,0.0555407568996762,6.776234920231319e-05,0.3146007779267477,0.007893523887734,1.287721390295003,0.0271300031381625,0.0,0.0,0.0,0.0,0.0,0.0
26,19,0.155576038565371,0.0288852492641249,0.477699556775862,0.1000352816656948,0.0288174869149226,0.1630987788491143,0.0555407568996762,6.776234920231319e-05,0.3146007779267477,0.007893523887734,1.287721390295003,0.0271300031381625,0.0,0.0,0.0,0.0,0.0,0.0
26,20,0.2132418065740635,0.0566758631737274,0.5256822721910303,0.1577010496743873,0.0566081008245251,0.2110814942642825,0.0555407568996762,6.776234920231319e-05,0.3146007779267477,0.007893523887734,1.287721390295003,0.0271300031381625,0.0,0.0,0.0,0.0,0.0,0.0
26,21,0.2797498992350831,0.0611128813850562,0.3890770509141205,0.2242091423354069,0.0610451190358539,0.0744762729873728,0.0555407568996762,6.776234920231319e-05,0.3146007779267477,0.007893523887734,1.287721390295003,0.0271300031381625,0.0,0.0,0.0,0.0,0.0,0.0
26,22,0.3675136085600675,-0.0157745379853403,0.5235012156631429,0.3119728516603913,-0.0158423003345426,0.2089004377363951,0.0555407568996762,6.776234920231319e-05,0.3146007779267477,0.007893523887734,1.287721390295003,0.0271300031381625,0.0,0.0,0.0,0.0,0.0,0.0
26,23,0.426845435889144,-0.0461276841819097,0.4962538161195133,0.3713046789894677,-0.0461954465311121,0.1816530381927656,0.0555407568996762,6.776234920231319e-05,0.3146007779267477,0.007893523887734,1.287721390295003,0.0271300031381625,0.0,0.0,0.0,0.0,0.0,0.0
26,24,0.1114457663826244,0.0015848376580674,0.5067891872873358,0.0559050094829481,0.0015170753088651,0.192188409360588,0.0555407568996762,6.776234920231319e-05,0.3146007779267477,0.007893523887734,1.287721390295003,0.0271300031381625,0.0,0.0,0.0,0.0,0.0,0.0
26,25,0.0962134978220782,0.0007598879757845,0.6459559677910306,0.040672740922402,0.0006921256265822,0.3313551898642828,0.0555407568996762,6.776234920231319e-05,0.3146007779267477,0.007893523887734,1.287721390295003,0.0271300031381625,0.0,0.0,0.0,0.0,0.0,0.0
26,26,0.1386875770150004,-0.0784209353817797,0.7902693414241211,0.0831468201153242,-0.078488697730982,0.4756685634973733,0.0555407568996762,6.776234920231319e-05,0.3146007779267477,0.007893523887734,1.287721390295003,0.0271300031381625,0.0,0.0,0.0,0.0,0.0,0.0
27,0,-0.0003642525832719,-0.0014493129596628,0.1224123685661596,-0.0559050094829481,-0.0015170753088651,-0.192188409360588,0.0555407568996762,6.776234920231319e-05,0.3146007779267477,0.007893523887734,1.287721390295003,0.0271300031381625,0.0,0.0,0.0,0.0,0.0,0.0
27,1,0.027227254002736,-0.0146149452378418,0.0608332453687273,-0.0283135028969401,-0.0146827075870441,-0.2537675325580203,0.0555407568996762,6.776234920231319e-05,0.3146007779267477,0.007893523887734,1.287721390295003,0.0271300031381625,0.0,0.0,0.0,0.0,0.0,0.0
27,2,-0.083902187220396,0.0221250307247471,0.0343677686094261,-0.1394429441200723,0.0220572683755448,-0.2802330093173216,0.0555407568996762,6.776234920231319e-05,0.3146007779267477,0.007893523887734,1.287721390295003,0.0271300031381625,0.0,0.0,0.0,0.0,0.0,0.0
27,3,-0.20029889497781,0.0506821402149293,0.0283429929941528,-0.2558396518774862,0.050614377865727,-0.2862577849325948,0.0555407568996762,6.776234920231319e-05,0.3146007779267477,0.007893523887734,1.287721390295003,0.0271300031381625,0.0,0.0,0.0,0.0,0.0,0.0
27,4,0.0643003907578741,-0.083505831719866,0.093493303236641,0.0087596338581979,-0.0835735940690684,-0.2211074746901067,0.0555407568996762,6.776234920231319e-05,0.3146007779267477,0.007893523887734,1.287721390295003,0.0271300031381625,0.0,0.0,0.0,0.0,0.0,0.0
27,5,0.1677310828595359,-0.0976655240148239,0.2147434374460392,0.1121903259598597,-0.0977332863640262,-0.0998573404807084,0.0555407568996762,6.776234920231319e-05,0.3146007779267477,0.007893523887734,1.287721390295003,0.0271300031381625,0.0,0.0,0.0,0.0,0.0,0.0
27,6,0.0632568759747095,-0.1210832050580406,0.0700480598050288,0.0077161190750332,-0.1211509674072429,-0.2445527181217189,0.0555407568996762,6.776234920231319e-05,0.3146007779267477,0.007893523887734,1.287721390295003,0.0271300031381625,0.0,0.0,0.0,0.0,0.0,0.0
27,7,0.144400550648651,-0.1919529572698305,0.0624861630731799,0.0888597937489747,-0.1920207196190328,-0.2521146148535677,0.0555407568996762,6.776234920231319e-05,0.3146007779267477,0.007893523887734,1.287721390295003,0.0271300031381625,0.0,0.0,0.0,0.0,0.0,0.0
27,8,0.1036922068647358,0.0037882787222463,0.0924799070320468,0.0481514499650596,0.003720516373044,-0.2221208708947009,0.0555407568996762,6.776234920231319e-05,0.3146007779267477,0.007893523887734,1.287721390295003,0.0271300031381625,0.0,0.0,0.0,0.0,0.0,0.0
27,9,0.1524251106432502,-0.0664099555993575,0.2277474640723565,0.096884353743574,-0.0664777179485598,-0.0868533138543911,0.0555407568996762,6.776234920231319e-05,0.3146007779267477,0.007893523887734,1.287721390295003,0.0271300031381625,0.0,0.0,0.0,0.0,0.0,0.0
27,10,0.1336154487943509,0.0295029597213413,0.0765955229796618,0.0780746918946747,0.029435197372139,-0.2380052549470859,0.0555407568996762,6.776234920231319e-05,0.3146007779267477,0.007893523887734,1.287721390295003,0.0271300031381625,0.0,0.0,0.0,0.0,0.0,0.0
27,11,0.2308806227668667,-0.0173376651834925,0.0735227732410126,0.1753398658671905,-0.0174054275326948,-0.2410780046857351,0.0555407568996762,6.776234920231319e-05,0.3146007779267477,0.007893523887734,1.287721390295003,0.0271300031381625,0.0,0.0,0.0,0.0,0.0,0.0
27,12,-0.0003642525832719,-0.0014493129596628,0.1224123685661596,-0.0559050094829481,-0.0015170753088651,-0.192188409360588,0.0555407568996762,6.776234920231319e-05,0.3146007779267477,0.007893523887734,1.287721390295003,0.0271300031381625,0.0,0.0,0.0,0.0,0.0,0.0
27,13,0.1024442005700156,-0.0075931873399931,0.2820766249547839,0.0469034436703393,-0.0076609496891954,-0.0325241529719638,0.0555407568996762,6.776234920231319e-05,0.3146007779267477,0.007893523887734,1.287721390295003,0.0271300031381625,0.0,0.0,0.0,0.0,0.0,0.0
27,14,0.1242202835766621,-0.0510670613276654,0.4822211339712935,0.0686795266769858,-0.0511348236768677,0.1676203560445457,0.0555407568996762,6.776234920231319e-05,0.3146007779267477,0.007893523887734,1.287721390295003,0.0271300031381625,0.0,0.0,0.0,0.0,0.0,0.0
27,15,0.1451958067379911,-0.1139391790174811,0.5270477347681928,0.0896550498383148,-0.1140069413666834,0.212446956841445,0.0555407568996762,6.776234920231319e-05,0.3146007779267477,0.007893523887734,1.287721390295003,0.0271300031381625,0.0,0.0,0.0,0.0,0.0,0.0
27,16,0.1671050753724562,-0.1802561108489079,0.3920438514888251,0.11156431847278,-0.1803238731981102,0.0774430735620773,0.0555407568996762,6.776234920231319e-05,0.3146007779267477,0.007893523887734,1.287721390295003,0.0271300031381625,0.0,0.0,0.0,0.0,0.0,0.0
27,17,0.2991872851414466,-0.1685337429530939,0.5107909607334788,0.2436465282417704,-0.1686015053022962,0.1961901828067311,0.0555407568996762,6.776234920231319e-05,0.3146007779267477,0.007893523887734,1.287721390295003,0.0271300031381625,0.0,0.0,0.0,0.0,0.0,0.0
27,18,0.3662716650549531,-0.1538762271932743,0.4891381733030646,0.3107309081552769,-0.1539439895424766,0.1745373953763168,0.0555407568996762,6.776234920231319e-05,0.3146007779267477,0.007893523887734,1.287721390295003,0.0271300031381625,0.0,0.0,0.0,0.0,0.0,0.0
27,19,0.155576038565371,0.0288852492641249,0.477699556775862,0.1000352816656948,0.0288174869149226,0.1630987788491143,0.0555407568996762,6.776234920231319e-05,0.3146007779267477,0.007893523887734,1.287721390295003,0.0271300031381625,0.0,0.0,0.0,0.0,0.0,0.0
27,20,0.2132418065740635,0.0566758631737274,0.5256822721910303,0.1577010496743873,0.0566081008245251,0.2110814942642825,0.0555407568996762,6.776234920231319e-05,0.3146007779267477,0.007893523887734,1.287721390295003,0.0271300031381625,0.0,0.0,0.0,0.0,0.0,0.0
27,21,0.2797498992350831,0.0611128813850562,0.3890770509141205,0.2242091423354069,0.0610451190358539,0.0744762729873728,0.0555407568996762,6.776234920231319e-05,0.3146007779267477,0.007893523887734,1.287721390295003,0.0271300031381625,0.0,0.0,0.0,0.0,0.0,0.0
27,22,0.3675136085600675,-0.0157745379853403,0.5235012156631429,0.3119728516603913,-0.0158423003345426,0.2089004377363951,0.0555407568996762,6.776234920231319e-05,0.3146007779267477,0.007893523887734,1.287721390295003,0.0271300031381625,0.0,0.0,0.0,0.0,0.0,0.0
27,23,0.426845435889144,-0.0461276841819097,0.4962538161195133,0.3713046789894677,-0.0461954465311121,0.1816530381927656,0.0555407568996762,6.776234920231319e-05,0.3146007779267477,0.007893523887734,1.287721390295003,0.0271300031381625,0.0,0.0,0.0,0.0,0.0,0.0
27,24,0.1114457663826244,0.0015848376580674,0.5067891872873358,0.0559050094829481,0.0015170753088651,0.192188409360588,0.0555407568996762,6.776234920231319e-05,0.3146007779267477,0.007893523887734,1.287721390295003,0.0271300031381625,0.0,0.0,0.0,0.0,0.0,0.0
27,25,0.0962134978220782,0.0007598879757845,0.6459559677910306,0.040672740922402,0.0006921256265822,0.3313551898642828,0.0555407568996762,6.776234920231319e-05,0.3146007779267477,0.007893523887734,1.287721390295003,0.0271300031381625,0.0,0.0,0.0,0.0,0.0,0.0
27,26,0.1386875770150004,-0.0784209353817797,0.7902693414241211,0.0831468201153242,-0.078488697730982,0.4756685634973733,0.0555407568996762,6.776234920231319e-05,0.3146007779267477,0.007893523887734,1.287721390295003,0.0271300031381625,0.0,0.0,0.0,0.0,0.0,0.0
28,0,-0.0003642525832719,-0.0014493129596628,0.1224123685661596,-0.0559050094829481,-0.0015170753088651,-0.192188409360588,0.0555407568996762,6.776234920231319e-05,0.3146007779267477,0.007893523887734,1.287721390295003,0.0271300031381625,0.0,0.0,0.0,0.0,0.0,0.0
28,1,0.027227254002736,-0.0146149452378418,0.0608332453687273,-0.0283135028969401,-0.0146827075870441,-0.2537675325580203,0.0555407568996762,6.776234920231319e-05,0.3146007779267477,0.007893523887734,1.287721390295003,0.0271300031381625,0.0,0.0,0.0,0.0,0.0,0.0
28,2,-0.083902187220396,0.0221250307247471,0.0343677686094261,-0.1394429441200723,0.0220572683755448,-0.2802330093173216,0.0555407568996762,6.776234920231319e-05,0.3146007779267477,0.007893523887734,1.287721390295003,0.0271300031381625,0.0,0.0,0.0,0.0,0.0,0.0
28,3,-0.20029889497781,0.0506821402149293,0.0283429929941528,-0.2558396518774862,0.050614377865727,-0.2862577849325948,0.0555407568996762,6.776234920231319e-05,0.3146007779267477,0.007893523887734,1.287721390295003,0.0271300031381625,0.0,0.0,0.0,0.0,0.0,0.0
28,4,0.0643003907578741,-0.083505831719866,0.093493303236641,0.0087596338581979,-0.0835735940690684,-0.2211074746901067,0.0555407568996762,6.776234920231319e-05,0.3146007779267477,0.007893523887734,1.287721390295003,0.0271300031381625,0.0,0.0,0.0,0.0,0.0,0.0
28,5,0.1677310828595359,-0.0976655240148239,0.2147434374460392,0.1121903259598597,-0.0977332863640262,-0.0998573404807084,0.0555407568996762,6.776234920231319e-05,0.3146007779267477,0.007893523887734,1.287721390295003,0.0271300031381625,0.0,0.0,0.0,0.0,0.0,0.0
28,6,0.0632568759747095,-0.1210832050580406,0.0700480598050288,0.0077161190750332,-0.1211509674072429,-0.2445527181217189,0.0555407568996762,6.776234920231319e-05,0.3146007779267477,0.007893523887734,1.287721390295003,0.0271300031381625,0.0,0.0,0.0,0.0,0.0,0.0
28,7,0.144400550648651,-0.1919529572698305,0.0624861630731799,0.0888597937489747,-0.1920207196190328,-0.2521146148535677,0.0555407568996762,6.776234920231319e-05,0.3146007779267477,0.007893523887734,1.287721390295003,0.0271300031381625,0.0,0.0,0.0,0.0,0.0,0.0
28,8,0.1036922068647358,0.0037882787222463,0.0924799070320468,0.0481514499650596,0.003720516373044,-0.2221208708947009,0.0555407568996762,6.776234920231319e-05,0.3146007779267477,0.007893523887734,1.287721390295003,0.0271300031381625,0.0,0.0,0.0,0.0,0.0,0.0
28,9,0.1524251106432502,-0.0664099555993575,0.2277474640723565,0.096884353743574,-0.0664777179485598,-0.0868533138543911,0.0555407568996762,6.776234920231319e-05,0.3146007779267477,0.007893523887734,1.287721390295003,0.0271300031381625,0.0,0.0,0.0,0.0,0.0,0.0
28,10,0.1336154487943509,0.0295029597213413,0.0765955229796618,0.0780746918946747,0.029435197372139,-0.2380052549470859,0.0555407568996762,6.776234920231319e-05,0.3146007779267477,0.007893523887734,1.287721390295003,0.0271300031381625,0.0,0.0,0.0,0.0,0.0,0.0
28,11,0.2308806227668667,-0.0173376651834925,0.0735227732410126,0.1753398658671905,-0.0174054275326948,-0.2410780046857351,0.0555407568996762,6.776234920231319e-05,0.3146007779267477,0.007893523887734,1.287721390295003,0.0271300031381625,0.0,0.0,0.0,0.0,0.0,0.0
28,12,-0.0003642525832719,-0.0014493129596628,0.1224123685661596,-0.0559050094829481,-0.0015170753088651,-0.192188409360588,0.0555407568996762,6.776234920231319e-05,0.3146007779267477,0.007893523887734,1.287721390295003,0.0271300031381625,0.0,0.0,0.0,0.0,0.0,0.0
28,13,0.1024442005700156,-0.0075931873399931,0.2820766249547839,0.0469034436703393,-0.0076609496891954,-0.0325241529719638,0.0555407568996762,6.776234920231319e-05,0.3146007779267477,0.007893523887734,1.287721390295003,0.0271300031381625,0.0,0.0,0.0,0.0,0.0,0.0
28,14,0.1242202835766621,-0.0510670613276654,0.4822211339712935,0.0686795266769858,-0.0511348236768677,0.1676203560445457,0.0555407568996762,6.776234920231319e-05,0.3146007779267477,0.007893523887734,1.287721390295003,0.0271300031381625,0.0,0.0,0.0,0.0,0.0,0.0
28,15,0.1451958067379911,-0.1139391790174811,0.5270477347681928,0.0896550498383148,-0.1140069413666834,0.212446956841445,0.0555407568996762,6.776234920231319e-05,0.3146007779267477,0.007893523887734,1.287721390295003,0.0271300031381625,0.0,0.0,0.0,0.0,0.0,0.0
28,16,0.1671050753724562,-0.1802561108489079,0.3920438514888251,0.11156431847278,-0.1803238731981102,0.0774430735620773,0.0555407568996762,6.776234920231319e-05,0.3146007779267477,0.007893523887734,1.287721390295003,0.0271300031381625,0.0,0.0,0.0,0.0,0.0,0.0
28,17,0.2991872851414466,-0.1685337429530939,0.5107909607334788,0.2436465282417704,-0.1686015053022962,0.1961901828067311,0.0555407568996762,6.776234920231319e-05,0.3146007779267477,0.007893523887734,1.287721390295003,0.0271300031381625,0.0,0.0,0.0,0.0,0.0,0.0
28,18,0.3662716650549531,-0.1538762271932743,0.4891381733030646,0.3107309081552769,-0.1539439895424766,0.1745373953763168,0.0555407568996762,6.776234920231319e-05,0.3146007779267477,0.007893523887734,1.287721390295003,0.0271300031381625,0.0,0.0,0.0,0.0,0.0,0.0
28,19,0.155576038565371,0.0288852492641249,0.477699556775862,0.1000352816656948,0.0288174869149226,0.1630987788491143,0.0555407568996762,6.776234920231319e-05,0.3146007779267477,0.007893523887734,1.287721390295003,0.0271300031381625,0.0,0.0,0.0,0.0,0.0,0.0
28,20,0.2132418065740635,0.0566758631737274,0.5256822721910303,0.1577010496743873,0.0566081008245251,0.2110814942642825,0.0555407568996762,6.776234920231319e-05,0.3146007779267477,0.007893523887734,1.287721390295003,0.0271300031381625,0.0,0.0,0.0,0.0,0.0,0.0
28,21,0.2797498992350831,0.0611128813850562,0.3890770509141205,0.2242091423354069,0.0610451190358539,0.0744762729873728,0.0555407568996762,6.776234920231319e-05,0.3146007779267477,0.007893523887734,1.287721390295003,0.0271300031381625,0.0,0.0,0.0,0.0,0.0,0.0
28,22,0.3675136085600675,-0.0157745379853403,0.5235012156631429,0.3119728516603913,-0.0158423003345426,0.2089004377363951,0.0555407568996762,6.776234920231319e-05,0.3146007779267477,0.007893523887734,1.287721390295003,0.0271300031381625,0.0,0.0,0.0,0.0,0.0,0.0
28,23,0.426845435889144,-0.0461276841819097,0.4962538161195133,0.3713046789894677,-0.0461954465311121,0.1816530381927656,0.0555407568996762,6.776234920231319e-05,0.3146007779267477,0.007893523887734,1.287721390295003,0.0271300031381625,0.0,0.0,0.0,0.0,0.0,0.0
28,24,0.1114457663826244,0.0015848376580674,0.5067891872873358,0.0559050094829481,0.0015170753088651,0.192188409360588,0.0555407568996762,6.776234920231319e-05,0.3146007779267477,0.007893523887734,1.287721390295003,0.0271300031381625,0.0,0.0,0.0,0.0,0.0,0.0
28,25,0.0962134978220782,0.0007598879757845,0.6459559677910306,0.040672740922402,0.0006921256265822,0.3313551898642828,0.0555407568996762,6.776234920231319e-05,0.3146007779267477,0.007893523887734,1.287721390295003,0.0271300031381625,0.0,0.0,0.0,0.0,0.0,0.0
28,26,0.1386875770150004,-0.0784209353817797,0.7902693414241211,0.0831468201153242,-0.078488697730982,0.4756685634973733,0.0555407568996762,6.776234920231319e-05,0.3146007779267477,0.007893523887734,1.287721390295003,0.0271300031381625,0.0,0.0,0.0,0.0,0.0,0.0
29,0,-0.0003642525832719,-0.0014493129596628,0.1224123685661596,-0.0559050094829481,-0.0015170753088651,-0.192188409360588,0.0555407568996762,6.776234920231319e-05,0.3146007779267477,0.007893523887734,1.287721390295003,0.0271300031381625,0.0,0.0,0.0,0.0,0.0,0.0
29,1,0.027227254002736,-0.0146149452378418,0.0608332453687273,-0.0283135028969401,-0.0146827075870441,-0.2537675325580203,0.0555407568996762,6.776234920231319e-05,0.3146007779267477,0.007893523887734,1.287721390295003,0.0271300031381625,0.0,0.0,0.0,0.0,0.0,0.0
29,2,-0.083902187220396,0.0221250307247471,0.0343677686094261,-0.1394429441200723,0.0220572683755448,-0.2802330093173216,0.0555407568996762,6.776234920231319e-05,0.3146007779267477,0.007893523887734,1.287721390295003,0.0271300031381625,0.0,0.0,0.0,0.0,0.0,0.0
29,3,-0.20029889497781,0.0506821402149293,0.0283429929941528,-0.2558396518774862,0.050614377865727,-0.2862577849325948,0.0555407568996762,6.776234920231319e-05,0.3146007779267477,0.007893523887734,1.287721390295003,0.0271300031381625,0.0,0.0,0.0,0.0,0.0,0.0
29,4,0.0643003907578741,-0.083505831719866,0.093493303236641,0.0087596338581979,-0.0835735940690684,-0.2211074746901067,0.0555407568996762,6.776234920231319e-05,0.3146007779267477,0.007893523887734,1.287721390295003,0.0271300031381625,0.0,0.0,0.0,0.0,0.0,0.0
29,5,0.1677310828595359,-0.0976655240148239,0.2147434374460392,0.1121903259598597,-0.0977332863640262,-0.0998573404807084,0.0555407568996762,6.776234920231319e-05,0.3146007779267477,0.007893523887734,1.287721390295003,0.0271300031381625,0.0,0.0,0.0,0.0,0.0,0.0
29,6,0.0632568759747095,-0.1210832050580406,0.0700480598050288,0.0077161190750332,-0.1211509674072429,-0.2445527181217189,0.0555407568996762,6.776234920231319e-05,0.3146007779267477,0.007893523887734,1.287721390295003,0.0271300031381625,0.0,0.0,0.0,0.0,0.0,0.0
29,7,0.144400550648651,-0.1919529572698305,0.0624861630731799,0.0888597937489747,-0.1920207196190328,-0.2521146148535677,0.0555407568996762,6.776234920231319e-05,0.3146007779267477,0.007893523887734,1.287721390295003,0.0271300031381625,0.0,0.0,0.0,0.0,0.0,0.0
29,8,0.1036922068647358,0.0037882787222463,0.0924799070320468,0.0481514499650596,0.003720516373044,-0.2221208708947009,0.0555407568996762,6.776234920231319e-05,0.3146007779267477,0.007893523887734,1.287721390295003,0.0271300031381625,0.0,0.0,0.0,0.0,0.0,0.0
29,9,0.1524251106432502,-0.0664099555993575,0.2277474640723565,0.096884353743574,-0.0664777179485598,-0.0868533138543911,0.0555407568996762,6.776234920231319e-05,0.3146007779267477,0.007893523887734,1.287721390295003,0.0271300031381625,0.0,0.0,0.0,0.0,0.0,0.0
29,10,0.1336154487943509,0.0295029597213413,0.0765955229796618,0.0780746918946747,0.029435197372139,-0.2380052549470859,0.0555407568996762,6.776234920231319e-05,0.3146007779267477,0.007893523887734,1.287721390295003,0.0271300031381625,0.0,0.0,0.0,0.0,0.0,0.0
29,11,0.2308806227668667,-0.0173376651834925,0.0735227732410126,0.1753398658671905,-0.0174054275326948,-0.2410780046857351,0.0555407568996762,6.776234920231319e-05,0.3146007779267477,0.007893523887734,1.287721390295003,0.0271300031381625,0.0,0.0,0.0,0.0,0.0,0.0
29,12,-0.0003642525832719,-0.0014493129596628,0.1224123685661596,-0.0559050094829481,-0.0015170753088651,-0.192188409360588,0.0555407568996762,6.776234920231319e-05,0.3146007779267477,0.007893523887734,1.287721390295003,0.0271300031381625,0.0,0.0,0.0,0.0,0.0,0.0
29,13,0.1024442005700156,-0.0075931873399931,0.2820766249547839,0.0469034436703393,-0.0076609496891954,-0.0325241529719638,0.0555407568996762,6.776234920231319e-05,0.3146007779267477,0.007893523887734,1.287721390295003,0.0271300031381625,0.0,0.0,0.0,0.0,0.0,0.0
29,14,0.1242202835766621,-0.0510670613276654,0.4822211339712935,0.0686795266769858,-0.0511348236768677,0.1676203560445457,0.0555407568996762,6.776234920231319e-05,0.3146007779267477,0.007893523887734,1.287721390295003,0.0271300031381625,0.0,0.0,0.0,0.0,0.0,0.0
29,15,0.1451958067379911,-0.1139391790174811,0.5270477347681928,0.0896550498383148,-0.1140069413666834,0.212446956841445,0.0555407568996762,6.776234920231319e-05,0.3146007779267477,0.007893523887734,1.287721390295003,0.0271300031381625,0.0,0.0,0.0,0.0,0.0,0.0
29,16,0.1671050753724562,-0.1802561108489079,0.3920438514888251,0.11156431847278,-0.1803238731981102,0.0774430735620773,0.0555407568996762,6.776234920231319e-05,0.3146007779267477,0.007893523887734,1.287721390295003,0.0271300031381625,0.0,0.0,0.0,0.0,0.0,0.0
29,17,0.2991872851414466,-0.1685337429530939,0.5107909607334788,0.2436465282417704,-0.1686015053022962,0.1961901828067311,0.0555407568996762,6.776234920231319e-05,0.3146007779267477,0.007893523887734,1.287721390295003,0.0271300031381625,0.0,0.0,0.0,0.0,0.0,0.0
29,18,0.3662716650549531,-0.1538762271932743,0.4891381733030646,0.3107309081552769,-0.1539439895424766,0.1745373953763168,0.0555407568996762,6.776234920231319e-05,0.3146007779267477,0.007893523887734,1.287721390295003,0.0271300031381625,0.0,0.0,0.0,0.0,0.0,0.0
29,19,0.155576038565371,0.0288852492641249,0.477699556775862,0.1000352816656948,0.0288174869149226,0.1630987788491143,0.0555407568996762,6.776234920231319e-05,0.3146007779267477,0.007893523887734,1.287721390295003,0.0271300031381625,0.0,0.0,0.0,0.0,0.0,0.0
29,20,0.2132418065740635,0.0566758631737274,0.5256822721910303,0.1577010496743873,0.0566081008245251,0.2110814942642825,0.0555407568996762,6.776234920231319e-05,0.3146007779267477,0.007893523887734,1.287721390295003,0.0271300031381625,0.0,0.0,0.0,0.0,0.0,0.0
29,21,0.2797498992350831,0.0611128813850562,0.3890770509141205,0.2242091423354069,0.0610451190358539,0.0744762729873728,0.0555407568996762,6.776234920231319e-05,0.3146007779267477,0.007893523887734,1.287721390295003,0.0271300031381625,0.0,0.0,0.0,0.0,0.0,0.0
29,22,0.3675136085600675,-0.0157745379853403,0.5235012156631429,0.3119728516603913,-0.0158423003345426,0.2089004377363951,0.0555407568996762,6.776234920231319e-05,0.3146007779267477,0.007893523887734,1.287721390295003,0.0271300031381625,0.0,0.0,0.0,0.0,0.0,0.0
29,23,0.426845435889144,-0.0461276841819097,0.4962538161195133,0.3713046789894677,-0.0461954465311121,0.1816530381927656,0.0555407568996762,6.776234920231319e-05,0.3146007779267477,0.007893523887734,1.287721390295003,0.0271300031381625,0.0,0.0,0.0,0.0,0.0,0.0
29,24,0.1114457663826244,0.0015848376580674,0.5067891872873358,0.0559050094829481,0.0015170753088651,0.192188409360588,0.0555407568996762,6.776234920231319e-05,0.3146007779267477,0.007893523887734,1.287721390295003,0.0271300031381625,0.0,0.0,0.0,0.0,0.0,0.0
29,25,0.0962134978220782,0.0007598879757845,0.6459559677910306,0.040672740922402,0.0006921256265822,0.3313551898642828,0.0555407568996762,6.776234920231319e-05,0.3146007779267477,0.007893523887734,1.287721390295003,0.0271300031381625,0.0,0.0,0.0,0.0,0.0,0.0
29,26,0.1386875770150004,-0.0784209353817797,0.7902693414241211,0.0831468201153242,-0.078488697730982,0.4756685634973733,0.0555407568996762,6.776234920231319e-05,0.3146007779267477,0.007893523887734,1.287721390295003,0.0271300031381625,0.0,0.0,0.0,0.0,0.0,0.0
30,0,-0.0003642525832719,-0.0014493129596628,0.1224123685661596,-0.0559050094829481,-0.0015170753088651,-0.192188409360588,0.0555407568996762,6.776234920231319e-05,0.3146007779267477,0.007893523887734,1.287721390295003,0.0271300031381625,0.0,0.0,0.0,0.0,0.0,0.0
30,1,0.027227254002736,-0.0146149452378418,0.0608332453687273,-0.0283135028969401,-0.0146827075870441,-0.2537675325580203,0.0555407568996762,6.776234920231319e-05,0.3146007779267477,0.007893523887734,1.287721390295003,0.0271300031381625,0.0,0.0,0.0,0.0,0.0,0.0
30,2,-0.083902187220396,0.0221250307247471,0.0343677686094261,-0.1394429441200723,0.0220572683755448,-0.2802330093173216,0.0555407568996762,6.776234920231319e-05,0.3146007779267477,0.007893523887734,1.287721390295003,0.0271300031381625,0.0,0.0,0.0,0.0,0.0,0.0
30,3,-0.20029889497781,0.0506821402149293,0.0283429929941528,-0.2558396518774862,0.050614377865727,-0.2862577849325948,0.0555407568996762,6.776234920231319e-05,0.3146007779267477,0.007893523887734,1.287721390295003,0.0271300031381625,0.0,0.0,0.0,0.0,0.0,0.0
30,4,0.0643003907578741,-0.083505831719866,0.093493303236641,0.0087596338581979,-0.0835735940690684,-0.2211074746901067,0.0555407568996762,6.776234920231319e-05,0.3146007779267477,0.007893523887734,1.287721390295003,0.0271300031381625,0.0,0.0,0.0,0.0,0.0,0.0
30,5,0.1677310828595359,-0.0976655240148239,0.2147434374460392,0.1121903259598597,-0.0977332863640262,-0.0998573404807084,0.0555407568996762,6.776234920231319e-05,0.3146007779267477,0.007893523887734,1.287721390295003,0.0271300031381625,0.0,0.0,0.0,0.0,0.0,0.0
30,6,0.0632568759747095,-0.1210832050580406,0.0700480598050288,0.0077161190750332,-0.1211509674072429,-0.2445527181217189,0.0555407568996762,6.776234920231319e-05,0.3146007779267477,0.007893523887734,1.287721390295003,0.0271300031381625,0.0,0.0,0.0,0.0,0.0,0.0
30,7,0.144400550648651,-0.1919529572698305,0.0624861630731799,0.0888597937489747,-0.1920207196190328,-0.2521146148535677,0.0555407568996762,6.776234920231319e-05,0.3146007779267477,0.007893523887734,1.287721390295003,0.0271300031381625,0.0,0.0,0.0,0.0,0.0,0.0
30,8,0.1036922068647358,0.0037882787222463,0.0924799070320468,0.0481514499650596,0.003720516373044,-0.2221208708947009,0.0555407568996762,6.776234920231319e-05,0.3146007779267477,0.007893523887734,1.287721390295003,0.0271300031381625,0.0,0.0,0.0,0.0,0.0,0.0
30,9,0.1524251106432502,-0.0664099555993575,0.2277474640723565,0.096884353743574,-0.0664777179485598,-0.0868533138543911,0.0555407568996762,6.776234920231319e-05,0.3146007779267477,0.007893523887734,1.287721390295003,0.0271300031381625,0.0,0.0,0.0,0.0,0.0,0.0
30,10,0.1336154487943509,0.0295029597213413,0.0765955229796618,0.0780746918946747,0.029435197372139,-0.2380052549470859,0.0555407568996762,6.776234920231319e-05,0.3146007779267477,0.007893523887734,1.287721390295003,0.0271300031381625,0.0,0.0,0.0,0.0,0.0,0.0
30,11,0.2308806227668667,-0.0173376651834925,0.0735227732410126,0.1753398658671905,-0.0174054275326948,-0.2410780046857351,0.0555407568996762,6.776234920231319e-05,0.3146007779267477,0.007893523887734,1.287721390295003,0.0271300031381625,0.0,0.0,0.0,0.0,0.0,0.0
30,12,-0.0003642525832719,-0.0014493129596628,0.1224123685661596,-0.0559050094829481,-0.0015170753088651,-0.192188409360588,0.0555407568996762,6.776234920231319e-05,0.3146007779267477,0.007893523887734,1.287721390295003,0.0271300031381625,0.0,0.0,0.0,0.0,0.0,0.0
30,13,0.1024442005700156,-0.0075931873399931,0.2820766249547839,0.0469034436703393,-0.0076609496891954,-0.0325241529719638,0.0555407568996762,6.776234920231319e-05,0.3146007779267477,0.007893523887734,1.287721390295003,0.0271300031381625,0.0,0.0,0.0,0.0,0.0,0.0
30,14,0.1242202835766621,-0.0510670613276654,0.4822211339712935,0.0686795266769858,-0.0511348236768677,0.1676203560445457,0.0555407568996762,6.776234920231319e-05,0.3146007779267477,0.007893523887734,1.287721390295003,0.0271300031381625,0.0,0.0,0.0,0.0,0.0,0.0
30,15,0.1451958067379911,-0.1139391790174811,0.5270477347681928,0.0896550498383148,-0.1140069413666834,0.212446956841445,0.0555407568996762,6.776234920231319e-05,0.3146007779267477,0.007893523887734,1.287721390295003,0.0271300031381625,0.0,0.0,0.0,0.0,0.0,0.0
30,16,0.1671050753724562,-0.1802561108489079,0.3920438514888251,0.11156431847278,-0.1803238731981102,0.0774430735620773,0.0555407568996762,6.776234920231319e-05,0.3146007779267477,0.007893523887734,1.287721390295003,0.0271300031381625,0.0,0.0,0.0,0.0,0.0,0.0
30,17,0.2991872851414466,-0.1685337429530939,0.5107909607334788,0.2436465282417704,-0.1686015053022962,0.1961901828067311,0.0555407568996762,6.776234920231319e-05,0.3146007779267477,0.007893523887734,1.287721390295003,0.0271300031381625,0.0,0.0,0.0,0.0,0.0,0.0
30,18,0.3662716650549531,-0.1538762271932743,0.4891381733030646,0.3107309081552769,-0.1539439895424766,0.1745373953763168,0.0555407568996762,6.776234920231319e-05,0.3146007779267477,0.007893523887734,1.287721390295003,0.0271300031381625,0.0,0.0,0.0,0.0,0.0,0.0
30,19,0.155576038565371,0.0288852492641249,0.477699556775862,0.1000352816656948,0.0288174869149226,0.1630987788491143,0.0555407568996762,6.776234920231319e-05,0.3146007779267477,0.007893523887734,1.287721390295003,0.0271300031381625,0.0,0.0,0.0,0.0,0.0,0.0
30,20,0.2132418065740635,0.0566758631737274,0.5256822721910303,0.1577010496743873,0.0566081008245251,0.2110814942642825,0.0555407568996762,6.776234920231319e-05,0.3146007779267477,0.007893523887734,1.287721390295003,0.0271300031381625,0.0,0.0,0.0,0.0,0.0,0.0
30,21,0.2797498992350831,0.0611128813850562,0.3890770509141205,0.2242091423354069,0.0610451190358539,0.0744762729873728,0.0555407568996762,6.776234920231319e-05,0.3146007779267477,0.007893523887734,1.287721390295003,0.0271300031381625,0.0,0.0,0.0,0.0,0.0,0.0
30,22,0.3675136085600675,-0.0157745379853403,0.5235012156631429,0.3119728516603913,-0.0158423003345426,0.2089004377363951,0.0555407568996762,6.776234920231319e-05,0.3146007779267477,0.007893523887734,1.287721390295003,0.0271300031381625,0.0,0.0,0.0,0.0,0.0,0.0
30,23,0.426845435889144,-0.0461276841819097,0.4962538161195133,0.3713046789894677,-0.0461954465311121,0.1816530381927656,0.0555407568996762,6.776234920231319e-05,0.3146007779267477,0.007893523887734,1.287721390295003,0.0271300031381625,0.0,0.0,0.0,0.0,0.0,0.0
30,24,0.1114457663826244,0.0015848376580674,0.5067891872873358,0.0559050094829481,0.0015170753088651,0.192188409360588,0.0555407568996762,6.776234920231319e-05,0.3146007779267477,0.007893523887734,1.287721390295003,0.0271300031381625,0.0,0.0,0.0,0.0,0.0,0.0
30,25,0.0962134978220782,0.0007598879757845,0.6459559677910306,0.040672740922402,0.0006921256265822,0.3313551898642828,0.0555407568996762,6.776234920231319e-05,0.3146007779267477,0.007893523887734,1.287721390295003,0.0271300031381625,0.0,0.0,0.0,0.0,0.0,0.0
30,26,0.1386875770150004,-0.0784209353817797,0.7902693414241211,0.0831468201153242,-0.078488697730982,0.4756685634973733,0.0555407568996762,6.776234920231319e-05,0.3146007779267477,0.007893523887734,1.287721390295003,0.0271300031381625,0.0,0.0,0.0,0.0,0.0,0.0
31,0,-0.0003642525832719,-0.0014493129596628,0.1224123685661596,-0.0559050094829481,-0.0015170753088651,-0.192188409360588,0.0555407568996762,6.776234920231319e-05,0.3146007779267477,0.007893523887734,1.287721390295003,0.0271300031381625,0.0,0.0,0.0,0.0,0.0,0.0
31,1,0.027227254002736,-0.0146149452378418,0.0608332453687273,-0.0283135028969401,-0.0146827075870441,-0.2537675325580203,0.0555407568996762,6.776234920231319e-05,0.3146007779267477,0.007893523887734,1.287721390295003,0.0271300031381625,0.0,0.0,0.0,0.0,0.0,0.0
31,2,-0.083902187220396,0.0221250307247471,0.0343677686094261,-0.1394429441200723,0.0220572683755448,-0.2802330093173216,0.0555407568996762,6.776234920231319e-05,0.3146007779267477,0.007893523887734,1.287721390295003,0.0271300031381625,0.0,0.0,0.0,0.0,0.0,0.0
31,3,-0.20029889497781,0.0506821402149293,0.0283429929941528,-0.2558396518774862,0.050614377865727,-0.2862577849325948,0.0555407568996762,6.776234920231319e-05,0.3146007779267477,0.007893523887734,1.287721390295003,0.0271300031381625,0.0,0.0,0.0,0.0,0.0,0.0
31,4,0.0643003907578741,-0.083505831719866,0.093493303236641,0.0087596338581979,-0.0835735940690684,-0.2211074746901067,0.0555407568996762,6.776234920231319e-05,0.3146007779267477,0.007893523887734,1.287721390295003,0.0271300031381625,0.0,0.0,0.0,0.0,0.0,0.0
31,5,0.1677310828595359,-0.0976655240148239,0.2147434374460392,0.1121903259598597,-0.0977332863640262,-0.0998573404807084,0.0555407568996762,6.776234920231319e-05,0.3146007779267477,0.007893523887734,1.287721390295003,0.0271300031381625,0.0,0.0,0.0,0.0,0.0,0.0
31,6,0.0632568759747095,-0.1210832050580406,0.0700480598050288,0.0077161190750332,-0.1211509674072429,-0.2445527181217189,0.0555407568996762,6.776234920231319e-05,0.3146007779267477,0.007893523887734,1.287721390295003,0.0271300031381625,0.0,0.0,0.0,0.0,0.0,0.0
31,7,0.144400550648651,-0.1919529572698305,0.0624861630731799,0.0888597937489747,-0.1920207196190328,-0.2521146148535677,0.0555407568996762,6.776234920231319e-05,0.3146007779267477,0.007893523887734,1.287721390295003,0.0271300031381625,0.0,0.0,0.0,0.0,0.0,0.0
31,8,0.1036922068647358,0.0037882787222463,0.0924799070320468,0.0481514499650596,0.003720516373044,-0.2221208708947009,0.0555407568996762,6.776234920231319e-05,0.3146007779267477,0.007893523887734,1.287721390295003,0.0271300031381625,0.0,0.0,0.0,0.0,0.0,0.0
31,9,0.1524251106432502,-0.0664099555993575,0.2277474640723565,0.096884353743574,-0.0664777179485598,-0.0868533138543911,0.0555407568996762,6.776234920231319e-05,0.3146007779267477,0.007893523887734,1.287721390295003,0.0271300031381625,0.0,0.0,0.0,0.0,0.0,0.0
31,10,0.1336154487943509,0.0295029597213413,0.0765955229796618,0.0780746918946747,0.029435197372139,-0.2380052549470859,0.0555407568996762,6.776234920231319e-05,0.3146007779267477,0.007893523887734,1.287721390295003,0.0271300031381625,0.0,0.0,0.0,0.0,0.0,0.0
31,11,0.2308806227668667,-0.0173376651834925,0.0735227732410126,0.1753398658671905,-0.0174054275326948,-0.2410780046857351,0.0555407568996762,6.776234920231319e-05,0.3146007779267477,0.007893523887734,1.287721390295003,0.0271300031381625,0.0,0.0,0.0,0.0,0.0,0.0
31,12,-0.0003642525832719,-0.0014493129596628,0.1224123685661596,-0.0559050094829481,-0.0015170753088651,-0.192188409360588,0.0555407568996762,6.776234920231319e-05,0.3146007779267477,0.007893523887734,1.287721390295003,0.0271300031381625,0.0,0.0,0.0,0.0,0.0,0.0
31,13,0.1024442005700156,-0.0075931873399931,0.2820766249547839,0.0469034436703393,-0.0076609496891954,-0.0325241529719638,0.0555407568996762,6.776234920231319e-05,0.3146007779267477,0.007893523887734,1.287721390295003,0.0271300031381625,0.0,0.0,0.0,0.0,0.0,0.0
31,14,0.1242202835766621,-0.0510670613276654,0.4822211339712935,0.0686795266769858,-0.0511348236768677,0.1676203560445457,0.0555407568996762,6.776234920231319e-05,0.3146007779267477,0.007893523887734,1.287721390295003,0.0271300031381625,0.0,0.0,0.0,0.0,0.0,0.0
31,15,0.1451958067379911,-0.1139391790174811,0.5270477347681928,0.0896550498383148,-0.1140069413666834,0.212446956841445,0.0555407568996762,6.776234920231319e-05,0.3146007779267477,0.007893523887734,1.287721390295003,0.0271300031381625,0.0,0.0,0.0,0.0,0.0,0.0
31,16,0.1671050753724562,-0.1802561108489079,0.3920438514888251,0.11156431847278,-0.1803238731981102,0.0774430735620773,0.0555407568996762,6.776234920231319e-05,0.3146007779267477,0.007893523887734,1.287721390295003,0.0271300031381625,0.0,0.0,0.0,0.0,0.0,0.0
31,17,0.2991872851414466,-0.1685337429530939,0.5107909607334788,0.2436465282417704,-0.1686015053022962,0.1961901828067311,0.0555407568996762,6.776234920231319e-05,0.3146007779267477,0.007893523887734,1.287721390295003,0.0271300031381625,0.0,0.0,0.0,0.0,0.0,0.0
31,18,0.3662716650549531,-0.1538762271932743,0.4891381733030646,0.3107309081552769,-0.1539439895424766,0.1745373953763168,0.0555407568996762,6.776234920231319e-05,0.3146007779267477,0.007893523887734,1.287721390295003,0.0271300031381625,0.0,0.0,0.0,0.0,0.0,0.0
31,19,0.155576038565371,0.0288852492641249,0.477699556775862,0.1000352816656948,0.0288174869149226,0.1630987788491143,0.0555407568996762,6.776234920231319e-05,0.3146007779267477,0.007893523887734,1.287721390295003,0.0271300031381625,0.0,0.0,0.0,0.0,0.0,0.0
31,20,0.2132418065740635,0.0566758631737274,0.5256822721910303,0.1577010496743873,0.0566081008245251,0.2110814942642825,0.0555407568996762,6.776234920231319e-05,0.3146007779267477,0.007893523887734,1.287721390295003,0.0271300031381625,0.0,0.0,0.0,0.0,0.0,0.0
31,21,0.2797498992350831,0.0611128813850562,0.3890770509141205,0.2242091423354069,0.0610451190358539,0.0744762729873728,0.0555407568996762,6.776234920231319e-05,0.3146007779267477,0.007893523887734,1.287721390295003,0.0271300031381625,0.0,0.0,0.0,0.0,0.0,0.0
31,22,0.3675136085600675,-0.0157745379853403,0.5235012156631429,0.3119728516603913,-0.0158423003345426,0.2089004377363951,0.0555407568996762,6.776234920231319e-05,0.3146007779267477,0.007893523887734,1.287721390295003,0.0271300031381625,0.0,0.0,0.0,0.0,0.0,0.0
31,23,0.426845435889144,-0.0461276841819097,0.4962538161195133,0.3713046789894677,-0.0461954465311121,0.1816530381927656,0.0555407568996762,6.776234920231319e-05,0.3146007779267477,0.007893523887734,1.287721390295003,0.0271300031381625,0.0,0.0,0.0,0.0,0.0,0.0
31,24,0.1114457663826244,0.0015848376580674,0.5067891872873358,0.0559050094829481,0.0015170753088651,0.192188409360588,0.0555407568996762,6.776234920231319e-05,0.3146007779267477,0.007893523887734,1.287721390295003,0.0271300031381625,0.0,0.0,0.0,0.0,0.0,0.0
31,25,0.0962134978220782,0.0007598879757845,0.6459559677910306,0.040672740922402,0.0006921256265822,0.3313551898642828,0.0555407568996762,6.776234920231319e-05,0.3146007779267477,0.007893523887734,1.287721390295003,0.0271300031381625,0.0,0.0,0.0,0.0,0.0,0.0
31,26,0.1386875770150004,-0.0784209353817797,0.7902693414241211,0.0831468201153242,-0.078488697730982,0.4756685634973733,0.0555407568996762,6.776234920231319e-05,0.3146007779267477,0.007893523887734,1.287721390295003,0.0271300031381625,0.0,0.0,0.0,0.0,0.0,0.0
32,0,-0.0003642525832719,-0.0014493129596628,0.1224123685661596,-0.0559050094829481,-0.0015170753088651,-0.192188409360588,0.0555407568996762,6.776234920231319e-05,0.3146007779267477,0.007893523887734,1.287721390295003,0.0271300031381625,0.0,0.0,0.0,0.0,0.0,0.0
32,1,0.027227254002736,-0.0146149452378418,0.0608332453687273,-0.0283135028969401,-0.0146827075870441,-0.2537675325580203,0.0555407568996762,6.776234920231319e-05,0.3146007779267477,0.007893523887734,1.287721390295003,0.0271300031381625,0.0,0.0,0.0,0.0,0.0,0.0
32,2,-0.083902187220396,0.0221250307247471,0.0343677686094261,-0.1394429441200723,0.0220572683755448,-0.2802330093173216,0.0555407568996762,6.776234920231319e-05,0.3146007779267477,0.007893523887734,1.287721390295003,0.0271300031381625,0.0,0.0,0.0,0.0,0.0,0.0
32,3,-0.20029889497781,0.0506821402149293,0.0283429929941528,-0.2558396518774862,0.050614377865727,-0.2862577849325948,0.0555407568996762,6.776234920231319e-05,0.3146007779267477,0.007893523887734,1.287721390295003,0.0271300031381625,0.0,0.0,0.0,0.0,0.0,0.0
32,4,0.0643003907578741,-0.083505831719866,0.093493303236641,0.0087596338581979,-0.0835735940690684,-0.2211074746901067,0.0555407568996762,6.776234920231319e-05,0.3146007779267477,0.007893523887734,1.287721390295003,0.0271300031381625,0.0,0.0,0.0,0.0,0.0,0.0
32,5,0.1677310828595359,-0.0976655240148239,0.2147434374460392,0.1121903259598597,-0.0977332863640262,-0.0998573404807084,0.0555407568996762,6.776234920231319e-05,0.3146007779267477,0.007893523887734,1.287721390295003,0.0271300031381625,0.0,0.0,0.0,0.0,0.0,0.0
32,6,0.0632568759747095,-0.1210832050580406,0.0700480598050288,0.0077161190750332,-0.1211509674072429,-0.2445527181217189,0.0555407568996762,6.776234920231319e-05,0.3146007779267477,0.007893523887734,1.287721390295003,0.0271300031381625,0.0,0.0,0.0,0.0,0.0,0.0
32,7,0.144400550648651,-0.1919529572698305,0.0624861630731799,0.0888597937489747,-0.1920207196190328,-0.2521146148535677,0.0555407568996762,6.776234920231319e-05,0.3146007779267477,0.007893523887734,1.287721390295003,0.0271300031381625,0.0,0.0,0.0,0.0,0.0,0.0
32,8,0.1036922068647358,0.0037882787222463,0.0924799070320468,0.0481514499650596,0.003720516373044,-0.2221208708947009,0.0555407568996762,6.776234920231319e-05,0.3146007779267477,0.007893523887734,1.287721390295003,0.0271300031381625,0.0,0.0,0.0,0.0,0.0,0.0
32,9,0.1524251106432502,-0.0664099555993575,0.2277474640723565,0.096884353743574,-0.0664777179485598,-0.0868533138543911,0.0555407568996762,6.776234920231319e-05,0.3146007779267477,0.007893523887734,1.287721390295003,0.0271300031381625,0.0,0.0,0.0,0.0,0.0,0.0
32,10,0.1336154487943509,0.0295029597213413,0.0765955229796618,0.0780746918946747,0.029435197372139,-0.2380052549470859,0.0555407568996762,6.776234920231319e-05,0.3146007779267477,0.007893523887734,1.287721390295003,0.0271300031381625,0.0,0.0,0.0,0.0,0.0,0.0
32,11,0.2308806227668667,-0.0173376651834925,0.0735227732410126,0.1753398658671905,-0.0174054275326948,-0.2410780046857351,0.0555407568996762,6.776234920231319e-05,0.3146007779267477,0.007893523887734,1.287721390295003,0.0271300031381625,0.0,0.0,0.0,0.0,0.0,0.0
32,12,-0.0003642525832719,-0.0014493129596628,0.1224123685661596,-0.0559050094829481,-0.0015170753088651,-0.192188409360588,0.0555407568996762,6.776234920231319e-05,0.3146007779267477,0.007893523887734,1.287721390295003,0.0271300031381625,0.0,0.0,0.0,0.0,0.0,0.0
32,13,0.1024442005700156,-0.0075931873399931,0.2820766249547839,0.0469034436703393,-0.0076609496891954,-0.0325241529719638,0.0555407568996762,6.776234920231319e-05,0.3146007779267477,0.007893523887734,1.287721390295003,0.0271300031381625,0.0,0.0,0.0,0.0,0.0,0.0
32,14,0.1242202835766621,-0.0510670613276654,0.4822211339712935,0.0686795266769858,-0.0511348236768677,0.1676203560445457,0.0555407568996762,6.776234920231319e-05,0.3146007779267477,0.007893523887734,1.287721390295003,0.0271300031381625,0.0,0.0,0.0,0.0,0.0,0.0
32,15,0.1451958067379911,-0.1139391790174811,0.5270477347681928,0.0896550498383148,-0.1140069413666834,0.212446956841445,0.0555407568996762,6.776234920231319e-05,0.3146007779267477,0.007893523887734,1.287721390295003,0.0271300031381625,0.0,0.0,0.0,0.0,0.0,0.0
32,16,0.1671050753724562,-0.1802561108489079,0.3920438514888251,0.11156431847278,-0.1803238731981102,0.0774430735620773,0.0555407568996762,6.776234920231319e-05,0.3146007779267477,0.007893523887734,1.287721390295003,0.0271300031381625,0.0,0.0,0.0,0.0,0.0,0.0
32,17,0.2991872851414466,-0.1685337429530939,0.5107909607334788,0.2436465282417704,-0.1686015053022962,0.1961901828067311,0.0555407568996762,6.776234920231319e-05,0.3146007779267477,0.007893523887734,1.287721390295003,0.0271300031381625,0.0,0.0,0.0,0.0,0.0,0.0
32,18,0.3662716650549531,-0.1538762271932743,0.4891381733030646,0.3107309081552769,-0.1539439895424766,0.1745373953763168,0.0555407568996762,6.776234920231319e-05,0.3146007779267477,0.007893523887734,1.287721390295003,0.0271300031381625,0.0,0.0,0.0,0.0,0.0,0.0
32,19,0.155576038565371,0.0288852492641249,0.477699556775862,0.1000352816656948,0.0288174869149226,0.1630987788491143,0.0555407568996762,6.776234920231319e-05,0.3146007779267477,0.007893523887734,1.287721390295003,0.0271300031381625,0.0,0.0,0.0,0.0,0.0,0.0
32,20,0.2132418065740635,0.0566758631737274,0.5256822721910303,0.1577010496743873,0.0566081008245251,0.2110814942642825,0.0555407568996762,6.776234920231319e-05,0.3146007779267477,0.007893523887734,1.287721390295003,0.0271300031381625,0.0,0.0,0.0,0.0,0.0,0.0
32,21,0.2797498992350831,0.0611128813850562,0.3890770509141205,0.2242091423354069,0.0610451190358539,0.0744762729873728,0.0555407568996762,6.776234920231319e-05,0.3146007779267477,0.007893523887734,1.287721390295003,0.0271300031381625,0.0,0.0,0.0,0.0,0.0,0.0
32,22,0.3675136085600675,-0.0157745379853403,0.5235012156631429,0.3119728516603913,-0.0158423003345426,0.2089004377363951,0.0555407568996762,6.776234920231319e-05,0.3146007779267477,0.007893523887734,1.287721390295003,0.0271300031381625,0.0,0.0,0.0,0.0,0.0,0.0
32,23,0.426845435889144,-0.0461276841819097,0.4962538161195133,0.3713046789894677,-0.0461954465311121,0.1816530381927656,0.0555407568996762,6.776234920231319e-05,0.3146007779267477,0.007893523887734,1.287721390295003,0.0271300031381625,0.0,0.0,0.0,0.0,0.0,0.0
32,24,0.1114457663826244,0.0015848376580674,0.5067891872873358,0.0559050094829481,0.0015170753088651,0.192188409360588,0.0555407568996762,6.776234920231319e-05,0.3146007779267477,0.007893523887734,1.287721390295003,0.0271300031381625,0.0,0.0,0.0,0.0,0.0,0.0
32,25,0.0962134978220782,0.0007598879757845,0.6459559677910306,0.040672740922402,0.0006921256265822,0.3313551898642828,0.0555407568996762,6.776234920231319e-05,0.3146007779267477,0.007893523887734,1.287721390295003,0.0271300031381625,0.0,0.0,0.0,0.0,0.0,0.0
32,26,0.1386875770150004,-0.0784209353817797,0.7902693414241211,0.0831468201153242,-0.078488697730982,0.4756685634973733,0.0555407568996762,6.776234920231319e-05,0.3146007779267477,0.007893523887734,1.287721390295003,0.0271300031381625,0.0,0.0,0.0,0.0,0.0,0.0
33,0,-0.0003642525832719,-0.0014493129596628,0.1224123685661596,-0.0559050094829481,-0.0015170753088651,-0.192188409360588,0.0555407568996762,6.776234920231319e-05,0.3146007779267477,0.007893523887734,1.287721390295003,0.0271300031381625,0.0,0.0,0.0,0.0,0.0,0.0
33,1,0.027227254002736,-0.0146149452378418,0.0608332453687273,-0.0283135028969401,-0.0146827075870441,-0.2537675325580203,0.0555407568996762,6.776234920231319e-05,0.3146007779267477,0.007893523887734,1.287721390295003,0.0271300031381625,0.0,0.0,0.0,0.0,0.0,0.0
33,2,-0.083902187220396,0.0221250307247471,0.0343677686094261,-0.1394429441200723,0.0220572683755448,-0.2802330093173216,0.0555407568996762,6.776234920231319e-05,0.3146007779267477,0.007893523887734,1.287721390295003,0.0271300031381625,0.0,0.0,0.0,0.0,0.0,0.0
33,3,-0.20029889497781,0.0506821402149293,0.0283429929941528,-0.2558396518774862,0.050614377865727,-0.2862577849325948,0.0555407568996762,6.776234920231319e-05,0.3146007779267477,0.007893523887734,1.287721390295003,0.0271300031381625,0.0,0.0,0.0,0.0,0.0,0.0
33,4,0.0643003907578741,-0.083505831719866,0.093493303236641,0.0087596338581979,-0.0835735940690684,-0.2211074746901067,0.0555407568996762,6.776234920231319e-05,0.3146007779267477,0.007893523887734,1.287721390295003,0.0271300031381625,0.0,0.0,0.0,0.0,0.0,0.0
33,5,0.1677310828595359,-0.0976655240148239,0.2147434374460392,0.1121903259598597,-0.0977332863640262,-0.0998573404807084,0.0555407568996762,6.776234920231319e-05,0.3146007779267477,0.007893523887734,1.287721390295003,0.0271300031381625,0.0,0.0,0.0,0.0,0.0,0.0
33,6,0.0632568759747095,-0.1210832050580406,0.0700480598050288,0.0077161190750332,-0.1211509674072429,-0.2445527181217189,0.0555407568996762,6.776234920231319e-05,0.3146007779267477,0.007893523887734,1.287721390295003,0.0271300031381625,0.0,0.0,0.0,0.0,0.0,0.0
33,7,0.144400550648651,-0.1919529572698305,0.0624861630731799,0.0888597937489747,-0.1920207196190328,-0.2521146148535677,0.0555407568996762,6.776234920231319e-05,0.3146007779267477,0.007893523887734,1.287721390295003,0.0271300031381625,0.0,0.0,0.0,0.0,0.0,0.0
33,8,0.1036922068647358,0.0037882787222463,0.0924799070320468,0.0481514499650596,0.003720516373044,-0.2221208708947009,0.0555407568996762,6.776234920231319e-05,0.3146007779267477,0.007893523887734,1.287721390295003,0.0271300031381625,0.0,0.0,0.0,0.0,0.0,0.0
33,9,0.1524251106432502,-0.0664099555993575,0.2277474640723565,0.096884353743574,-0.0664777179485598,-0.0868533138543911,0.0555407568996762,6.776234920231319e-05,0.3146007779267477,0.007893523887734,1.287721390295003,0.0271300031381625,0.0,0.0,0.0,0.0,0.0,0.0
33,10,0.1336154487943509,0.0295029597213413,0.0765955229796618,0.0780746918946747,0.029435197372139,-0.2380052549470859,0.0555407568996762,6.776234920231319e-05,0.3146007779267477,0.007893523887734,1.287721390295003,0.0271300031381625,0.0,0.0,0.0,0.0,0.0,0.0
33,11,0.2308806227668667,-0.0173376651834925,0.0735227732410126,0.1753398658671905,-0.0174054275326948,-0.2410780046857351,0.0555407568996762,6.776234920231319e-05,0.3146007779267477,0.007893523887734,1.287721390295003,0.0271300031381625,0.0,0.0,0.0,0.0,0.0,0.0
33,12,-0.0003642525832719,-0.0014493129596628,0.1224123685661596,-0.0559050094829481,-0.0015170753088651,-0.192188409360588,0.0555407568996762,6.776234920231319e-05,0.3146007779267477,0.007893523887734,1.287721390295003,0.0271300031381625,0.0,0.0,0.0,0.0,0.0,0.0
33,13,0.1024442005700156,-0.0075931873399931,0.2820766249547839,0.0469034436703393,-0.0076609496891954,-0.0325241529719638,0.0555407568996762,6.776234920231319e-05,0.3146007779267477,0.007893523887734,1.287721390295003,0.0271300031381625,0.0,0.0,0.0,0.0,0.0,0.0
33,14,0.1242202835766621,-0.0510670613276654,0.4822211339712935,0.0686795266769858,-0.0511348236768677,0.1676203560445457,0.0555407568996762,6.776234920231319e-05,0.3146007779267477,0.007893523887734,1.287721390295003,0.0271300031381625,0.0,0.0,0.0,0.0,0.0,0.0
33,15,0.1451958067379911,-0.1139391790174811,0.5270477347681928,0.0896550498383148,-0.1140069413666834,0.212446956841445,0.0555407568996762,6.776234920231319e-05,0.3146007779267477,0.007893523887734,1.287721390295003,0.0271300031381625,0.0,0.0,0.0,0.0,0.0,0.0
33,16,0.1671050753724562,-0.1802561108489079,0.3920438514888251,0.11156431847278,-0.1803238731981102,0.0774430735620773,0.0555407568996762,6.776234920231319e-05,0.3146007779267477,0.007893523887734,1.287721390295003,0.0271300031381625,0.0,0.0,0.0,0.0,0.0,0.0
33,17,0.2991872851414466,-0.1685337429530939,0.5107909607334788,0.2436465282417704,-0.1686015053022962,0.1961901828067311,0.0555407568996762,6.776234920231319e-05,0.3146007779267477,0.007893523887734,1.287721390295003,0.0271300031381625,0.0,0.0,0.0,0.0,0.0,0.0
33,18,0.3662716650549531,-0.1538762271932743,0.4891381733030646,0.3107309081552769,-0.1539439895424766,0.1745373953763168,0.0555407568996762,6.776234920231319e-05,0.3146007779267477,0.007893523887734,1.287721390295003,0.0271300031381625,0.0,0.0,0.0,0.0,0.0,0.0
33,19,0.155576038565371,0.0288852492641249,0.477699556775862,0.1000352816656948,0.0288174869149226,0.1630987788491143,0.0555407568996762,6.776234920231319e-05,0.3146007779267477,0.007893523887734,1.287721390295003,0.0271300031381625,0.0,0.0,0.0,0.0,0.0,0.0
33,20,0.2132418065740635,0.0566758631737274,0.5256822721910303,0.1577010496743873,0.0566081008245251,0.2110814942642825,0.0555407568996762,6.776234920231319e-05,0.3146007779267477,0.007893523887734,1.287721390295003,0.0271300031381625,0.0,0.0,0.0,0.0,0.0,0.0
33,21,0.2797498992350831,0.0611128813850562,0.3890770509141205,0.2242091423354069,0.0610451190358539,0.0744762729873728,0.0555407568996762,6.776234920231319e-05,0.3146007779267477,0.007893523887734,1.287721390295003,0.0271300031381625,0.0,0.0,0.0,0.0,0.0,0.0
33,22,0.3675136085600675,-0.0157745379853403,0.5235012156631429,0.3119728516603913,-0.0158423003345426,0.2089004377363951,0.0555407568996762,6.776234920231319e-05,0.3146007779267477,0.007893523887734,1.287721390295003,0.0271300031381625,0.0,0.0,0.0,0.0,0.0,0.0
33,23,0.426845435889144,-0.0461276841819097,0.4962538161195133,0.3713046789894677,-0.0461954465311121,0.1816530381927656,0.0555407568996762,6.776234920231319e-05,0.3146007779267477,0.007893523887734,1.287721390295003,0.0271300031381625,0.0,0.0,0.0,0.0,0.0,0.0
33,24,0.1114457663826244,0.0015848376580674,0.5067891872873358,0.0559050094829481,0.0015170753088651,0.192188409360588,0.0555407568996762,6.776234920231319e-05,0.3146007779267477,0.007893523887734,1.287721390295003,0.0271300031381625,0.0,0.0,0.0,0.0,0.0,0.0
33,25,0.0962134978220782,0.0007598879757845,0.6459559677910306,0.040672740922402,0.0006921256265822,0.3313551898642828,0.0555407568996762,6.776234920231319e-05,0.3146007779267477,0.007893523887734,1.287721390295003,0.0271300031381625,0.0,0.0,0.0,0.0,0.0,0.0
33,26,0.1386875770150004,-0.0784209353817797,0.7902693414241211,0.0831468201153242,-0.078488697730982,0.4756685634973733,0.0555407568996762,6.776234920231319e-05,0.3146007779267477,0.007893523887734,1.287721390295003,0.0271300031381625,0.0,0.0,0.0,0.0,0.0,0.0
34,0,-0.0003642525832719,-0.0014493129596628,0.1224123685661596,-0.0559050094829481,-0.0015170753088651,-0.192188409360588,0.0555407568996762,6.776234920231319e-05,0.3146007779267477,0.007893523887734,1.287721390295003,0.0271300031381625,0.0,0.0,0.0,0.0,0.0,0.0
34,1,0.027227254002736,-0.0146149452378418,0.0608332453687273,-0.0283135028969401,-0.0146827075870441,-0.2537675325580203,0.0555407568996762,6.776234920231319e-05,0.3146007779267477,0.007893523887734,1.287721390295003,0.0271300031381625,0.0,0.0,0.0,0.0,0.0,0.0
34,2,-0.083902187220396,0.0221250307247471,0.0343677686094261,-0.1394429441200723,0.0220572683755448,-0.2802330093173216,0.0555407568996762,6.776234920231319e-05,0.3146007779267477,0.007893523887734,1.287721390295003,0.0271300031381625,0.0,0.0,0.0,0.0,0.0,0.0
34,3,-0.20029889497781,0.0506821402149293,0.0283429929941528,-0.2558396518774862,0.050614377865727,-0.2862577849325948,0.0555407568996762,6.776234920231319e-05,0.3146007779267477,0.007893523887734,1.287721390295003,0.0271300031381625,0.0,0.0,0.0,0.0,0.0,0.0
34,4,0.0643003907578741,-0.083505831719866,0.093493303236641,0.0087596338581979,-0.0835735940690684,-0.2211074746901067,0.0555407568996762,6.776234920231319e-05,0.3146007779267477,0.007893523887734,1.287721390295003,0.0271300031381625,0.0,0.0,0.0,0.0,0.0,0.0
34,5,0.1677310828595359,-0.0976655240148239,0.2147434374460392,0.1121903259598597,-0.0977332863640262,-0.0998573404807084,0.0555407568996762,6.776234920231319e-05,0.3146007779267477,0.007893523887734,1.287721390295003,0.0271300031381625,0.0,0.0,0.0,0.0,0.0,0.0
34,6,0.0632568759747095,-0.1210832050580406,0.0700480598050288,0.0077161190750332,-0.1211509674072429,-0.2445527181217189,0.0555407568996762,6.776234920231319e-05,0.3146007779267477,0.007893523887734,1.287721390295003,0.0271300031381625,0.0,0.0,0.0,0.0,0.0,0.0
34,7,0.144400550648651,-0.1919529572698305,0.0624861630731799,0.0888597937489747,-0.1920207196190328,-0.2521146148535677,0.0555407568996762,6.776234920231319e-05,0.3146007779267477,0.007893523887734,1.287721390295003,0.0271300031381625,0.0,0.0,0.0,0.0,0.0,0.0
34,8,0.1036922068647358,0.0037882787222463,0.0924799070320468,0.0481514499650596,0.003720516373044,-0.2221208708947009,0.0555407568996762,6.776234920231319e-05,0.3146007779267477,0.007893523887734,1.287721390295003,0.0271300031381625,0.0,0.0,0.0,0.0,0.0,0.0
34,9,0.1524251106432502,-0.0664099555993575,0.2277474640723565,0.096884353743574,-0.0664777179485598,-0.0868533138543911,0.0555407568996762,6.776234920231319e-05,0.3146007779267477,0.007893523887734,1.287721390295003,0.0271300031381625,0.0,0.0,0.0,0.0,0.0,0.0
34,10,0.1336154487943509,0.0295029597213413,0.0765955229796618,0.0780746918946747,0.029435197372139,-0.2380052549470859,0.0555407568996762,6.776234920231319e-05,0.3146007779267477,0.007893523887734,1.287721390295003,0.0271300031381625,0.0,0.0,0.0,0.0,0.0,0.0
34,11,0.2308806227668667,-0.0173376651834925,0.0735227732410126,0.1753398658671905,-0.0174054275326948,-0.2410780046857351,0.0555407568996762,6.776234920231319e-05,0.3146007779267477,0.007893523887734,1.287721390295003,0.0271300031381625,0.0,0.0,0.0,0.0,0.0,0.0
34,12,-0.0003642525832719,-0.0014493129596628,0.1224123685661596,-0.0559050094829481,-0.0015170753088651,-0.192188409360588,0.0555407568996762,6.776234920231319e-05,0.3146007779267477,0.007893523887734,1.287721390295003,0.0271300031381625,0.0,0.0,0.0,0.0,0.0,0.0
34,13,0.1024442005700156,-0.0075931873399931,0.2820766249547839,0.0469034436703393,-0.0076609496891954,-0.0325241529719638,0.0555407568996762,6.776234920231319e-05,0.3146007779267477,0.007893523887734,1.287721390295003,0.0271300031381625,0.0,0.0,0.0,0.0,0.0,0.0
34,14,0.1242202835766621,-0.0510670613276654,0.4822211339712935,0.0686795266769858,-0.0511348236768677,0.1676203560445457,0.0555407568996762,6.776234920231319e-05,0.3146007779267477,0.007893523887734,1.287721390295003,0.0271300031381625,0.0,0.0,0.0,0.0,0.0,0.0
34,15,0.1451958067379911,-0.1139391790174811,0.5270477347681928,0.0896550498383148,-0.1140069413666834,0.212446956841445,0.0555407568996762,6.776234920231319e-05,0.3146007779267477,0.007893523887734,1.287721390295003,0.0271300031381625,0.0,0.0,0.0,0.0,0.0,0.0
34,16,0.1671050753724562,-0.1802561108489079,0.3920438514888251,0.11156431847278,-0.1803238731981102,0.0774430735620773,0.0555407568996762,6.776234920231319e-05,0.3146007779267477,0.007893523887734,1.287721390295003,0.0271300031381625,0.0,0.0,0.0,0.0,0.0,0.0
34,17,0.2991872851414466,-0.1685337429530939,0.5107909607334788,0.2436465282417704,-0.1686015053022962,0.1961901828067311,0.0555407568996762,6.776234920231319e-05,0.3146007779267477,0.007893523887734,1.287721390295003,0.0271300031381625,0.0,0.0,0.0,0.0,0.0,0.0
34,18,0.3662716650549531,-0.1538762271932743,0.4891381733030646,0.3107309081552769,-0.1539439895424766,0.1745373953763168,0.0555407568996762,6.776234920231319e-05,0.3146007779267477,0.007893523887734,1.287721390295003,0.0271300031381625,0.0,0.0,0.0,0.0,0.0,0.0
34,19,0.155576038565371,0.0288852492641249,0.477699556775862,0.1000352816656948,0.0288174869149226,0.1630987788491143,0.0555407568996762,6.776234920231319e-05,0.3146007779267477,0.007893523887734,1.287721390295003,0.0271300031381625,0.0,0.0,0.0,0.0,0.0,0.0
34,20,0.2132418065740635,0.0566758631737274,0.5256822721910303,0.1577010496743873,0.0566081008245251,0.2110814942642825,0.0555407568996762,6.776234920231319e-05,0.3146007779267477,0.007893523887734,1.287721390295003,0.0271300031381625,0.0,0.0,0.0,0.0,0.0,0.0
34,21,0.2797498992350831,0.0611128813850562,0.3890770509141205,0.2242091423354069,0.0610451190358539,0.0744762729873728,0.0555407568996762,6.776234920231319e-05,0.3146007779267477,0.007893523887734,1.287721390295003,0.0271300031381625,0.0,0.0,0.0,0.0,0.0,0.0
34,22,0.3675136085600675,-0.0157745379853403,0.5235012156631429,0.3119728516603913,-0.0158423003345426,0.2089004377363951,0.0555407568996762,6.776234920231319e-05,0.3146007779267477,0.007893523887734,1.287721390295003,0.0271300031381625,0.0,0.0,0.0,0.0,0.0,0.0
34,23,0.426845435889144,-0.0461276841819097,0.4962538161195133,0.3713046789894677,-0.0461954465311121,0.1816530381927656,0.0555407568996762,6.776234920231319e-05,0.3146007779267477,0.007893523887734,1.287721390295003,0.0271300031381625,0.0,0.0,0.0,0.0,0.0,0.0
34,24,0.1114457663826244,0.0015848376580674,0.5067891872873358,0.0559050094829481,0.0015170753088651,0.192188409360588,0.0555407568996762,6.776234920231319e-05,0.3146007779267477,0.007893523887734,1.287721390295003,0.0271300031381625,0.0,0.0,0.0,0.0,0.0,0.0
34,25,0.0962134978220782,0.0007598879757845,0.6459559677910306,0.040672740922402,0.0006921256265822,0.3313551898642828,0.0555407568996762,6.776234920231319e-05,0.3146007779267477,0.007893523887734,1.287721390295003,0.0271300031381625,0.0,0.0,0.0,0.0,0.0,0.0
34,26,0.1386875770150004,-0.0784209353817797,0.7902693414241211,0.0831468201153242,-0.078488697730982,0.4756685634973733,0.0555407568996762,6.776234920231319e-05,0.3146007779267477,0.007893523887734,1.287721390295003,0.0271300031381625,0.0,0.0,0.0,0.0,0.0,0.0
35,0,-0.0003642525832719,-0.0014493129596628,0.1224123685661596,-0.0559050094829481,-0.0015170753088651,-0.192188409360588,0.0555407568996762,6.776234920231319e-05,0.3146007779267477,0.007893523887734,1.287721390295003,0.0271300031381625,0.0,0.0,0.0,0.0,0.0,0.0
35,1,0.027227254002736,-0.0146149452378418,0.0608332453687273,-0.0283135028969401,-0.0146827075870441,-0.2537675325580203,0.0555407568996762,6.776234920231319e-05,0.3146007779267477,0.007893523887734,1.287721390295003,0.0271300031381625,0.0,0.0,0.0,0.0,0.0,0.0
35,2,-0.083902187220396,0.0221250307247471,0.0343677686094261,-0.1394429441200723,0.0220572683755448,-0.2802330093173216,0.0555407568996762,6.776234920231319e-05,0.3146007779267477,0.007893523887734,1.287721390295003,0.0271300031381625,0.0,0.0,0.0,0.0,0.0,0.0
35,3,-0.20029889497781,0.0506821402149293,0.0283429929941528,-0.2558396518774862,0.050614377865727,-0.2862577849325948,0.0555407568996762,6.776234920231319e-05,0.3146007779267477,0.007893523887734,1.287721390295003,0.0271300031381625,0.0,0.0,0.0,0.0,0.0,0.0
35,4,0.0643003907578741,-0.083505831719866,0.093493303236641,0.0087596338581979,-0.0835735940690684,-0.2211074746901067,0.0555407568996762,6.776234920231319e-05,0.3146007779267477,0.007893523887734,1.287721390295003,0.0271300031381625,0.0,0.0,0.0,0.0,0.0,0.0
35,5,0.1677310828595359,-0.0976655240148239,0.2147434374460392,0.1121903259598597,-0.0977332863640262,-0.0998573404807084,0.0555407568996762,6.776234920231319e-05,0.3146007779267477,0.007893523887734,1.287721390295003,0.0271300031381625,0.0,0.0,0.0,0.0,0.0,0.0
35,6,0.0632568759747095,-0.1210832050580406,0.0700480598050288,0.0077161190750332,-0.1211509674072429,-0.2445527181217189,0.0555407568996762,6.776234920231319e-05,0.3146007779267477,0.007893523887734,1.287721390295003,0.0271300031381625,0.0,0.0,0.0,0.0,0.0,0.0
35,7,0.144400550648651,-0.1919529572698305,0.0624861630731799,0.0888597937489747,-0.1920207196190328,-0.2521146148535677,0.0555407568996762,6.776234920231319e-05,0.3146007779267477,0.007893523887734,1.287721390295003,0.0271300031381625,0.0,0.0,0.0,0.0,0.0,0.0
35,8,0.1036922068647358,0.0037882787222463,0.0924799070320468,0.0481514499650596,0.003720516373044,-0.2221208708947009,0.0555407568996762,6.776234920231319e-05,0.3146007779267477,0.007893523887734,1.287721390295003,0.0271300031381625,0.0,0.0,0.0,0.0,0.0,0.0
35,9,0.1524251106432502,-0.0664099555993575,0.2277474640723565,0.096884353743574,-0.0664777179485598,-0.0868533138543911,0.0555407568996762,6.776234920231319e-05,0.3146007779267477,0.007893523887734,1.287721390295003,0.0271300031381625,0.0,0.0,0.0,0.0,0.0,0.0
35,10,0.1336154487943509,0.0295029597213413,0.0765955229796618,0.0780746918946747,0.029435197372139,-0.2380052549470859,0.0555407568996762,6.776234920231319e-05,0.3146007779267477,0.007893523887734,1.287721390295003,0.0271300031381625,0.0,0.0,0.0,0.0,0.0,0.0
35,11,0.2308806227668667,-0.0173376651834925,0.0735227732410126,0.1753398658671905,-0.0174054275326948,-0.2410780046857351,0.0555407568996762,6.776234920231319e-05,0.3146007779267477,0.007893523887734,1.287721390295003,0.0271300031381625,0.0,0.0,0.0,0.0,0.0,0.0
35,12,-0.0003642525832719,-0.0014493129596628,0.1224123685661596,-0.0559050094829481,-0.0015170753088651,-0.192188409360588,0.0555407568996762,6.776234920231319e-05,0.3146007779267477,0.007893523887734,1.287721390295003,0.0271300031381625,0.0,0.0,0.0,0.0,0.0,0.0
35,13,0.1024442005700156,-0.0075931873399931,0.2820766249547839,0.0469034436703393,-0.0076609496891954,-0.0325241529719638,0.0555407568996762,6.776234920231319e-05,0.3146007779267477,0.007893523887734,1.287721390295003,0.0271300031381625,0.0,0.0,0.0,0.0,0.0,0.0
35,14,0.1242202835766621,-0.0510670613276654,0.4822211339712935,0.0686795266769858,-0.0511348236768677,0.1676203560445457,0.0555407568996762,6.776234920231319e-05,0.3146007779267477,0.007893523887734,1.287721390295003,0.0271300031381625,0.0,0.0,0.0,0.0,0.0,0.0
35,15,0.1451958067379911,-0.1139391790174811,0.5270477347681928,0.0896550498383148,-0.1140069413666834,0.212446956841445,0.0555407568996762,6.776234920231319e-05,0.3146007779267477,0.007893523887734,1.287721390295003,0.0271300031381625,0.0,0.0,0.0,0.0,0.0,0.0
35,16,0.1671050753724562,-0.1802561108489079,0.3920438514888251,0.11156431847278,-0.1803238731981102,0.0774430735620773,0.0555407568996762,6.776234920231319e-05,0.3146007779267477,0.007893523887734,1.287721390295003,0.0271300031381625,0.0,0.0,0.0,0.0,0.0,0.0
35,17,0.2991872851414466,-0.1685337429530939,0.5107909607334788,0.2436465282417704,-0.1686015053022962,0.1961901828067311,0.0555407568996762,6.776234920231319e-05,0.3146007779267477,0.007893523887734,1.287721390295003,0.0271300031381625,0.0,0.0,0.0,0.0,0.0,0.0
35,18,0.3662716650549531,-0.1538762271932743,0.4891381733030646,0.3107309081552769,-0.1539439895424766,0.1745373953763168,0.0555407568996762,6.776234920231319e-05,0.3146007779267477,0.007893523887734,1.287721390295003,0.0271300031381625,0.0,0.0,0.0,0.0,0.0,0.0
35,19,0.155576038565371,0.0288852492641249,0.477699556775862,0.1000352816656948,0.0288174869149226,0.1630987788491143,0.0555407568996762,6.776234920231319e-05,0.3146007779267477,0.007893523887734,1.287721390295003,0.0271300031381625,0.0,0.0,0.0,0.0,0.0,0.0
35,20,0.2132418065740635,0.0566758631737274,0.5256822721910303,0.1577010496743873,0.0566081008245251,0.2110814942642825,0.0555407568996762,6.776234920231319e-05,0.3146007779267477,0.007893523887734,1.287721390295003,0.0271300031381625,0.0,0.0,0.0,0.0,0.0,0.0
35,21,0.2797498992350831,0.0611128813850562,0.3890770509141205,0.2242091423354069,0.0610451190358539,0.0744762729873728,0.0555407568996762,6.776234920231319e-05,0.3146007779267477,0.007893523887734,1.287721390295003,0.0271300031381625,0.0,0.0,0.0,0.0,0.0,0.0
35,22,0.3675136085600675,-0.0157745379853403,0.5235012156631429,0.3119728516603913,-0.0158423003345426,0.2089004377363951,0.0555407568996762,6.776234920231319e-05,0.3146007779267477,0.007893523887734,1.287721390295003,0.0271300031381625,0.0,0.0,0.0,0.0,0.0,0.0
35,23,0.426845435889144,-0.0461276841819097,0.4962538161195133,0.3713046789894677,-0.0461954465311121,0.1816530381927656,0.0555407568996762,6.776234920231319e-05,0.3146007779267477,0.007893523887734,1.287721390295003,0.0271300031381625,0.0,0.0,0.0,0.0,0.0,0.0
35,24,0.1114457663826244,0.0015848376580674,0.5067891872873358,0.0559050094829481,0.0015170753088651,0.192188409360588,0.0555407568996762,6.776234920231319e-05,0.3146007779267477,0.007893523887734,1.287721390295003,0.0271300031381625,0.0,0.0,0.0,0.0,0.0,0.0
35,25,0.0962134978220782,0.0007598879757845,0.6459559677910306,0.040672740922402,0.0006921256265822,0.3313551898642828,0.0555407568996762,6.776234920231319e-05,0.3146007779267477,0.007893523887734,1.287721390295003,0.0271300031381625,0.0,0.0,0.0,0.0,0.0,0.0
35,26,0.1386875770150004,-0.0784209353817797,0.7902693414241211,0.0831468201153242,-0.078488697730982,0.4756685634973733,0.0555407568996762,6.776234920231319e-05,0.3146007779267477,0.007893523887734,1.287721390295003,0.0271300031381625,0.0,0.0,0.0,0.0,0.0,0.0
36,0,-0.0003642525832719,-0.0014493129596628,0.1224123685661596,-0.0559050094829481,-0.0015170753088651,-0.192188409360588,0.0555407568996762,6.776234920231319e-05,0.3146007779267477,0.007893523887734,1.287721390295003,0.0271300031381625,0.0,0.0,0.0,0.0,0.0,0.0
36,1,0.027227254002736,-0.0146149452378418,0.0608332453687273,-0.0283135028969401,-0.0146827075870441,-0.2537675325580203,0.0555407568996762,6.776234920231319e-05,0.3146007779267477,0.007893523887734,1.287721390295003,0.0271300031381625,0.0,0.0,0.0,0.0,0.0,0.0
36,2,-0.083902187220396,0.0221250307247471,0.0343677686094261,-0.1394429441200723,0.0220572683755448,-0.2802330093173216,0.0555407568996762,6.776234920231319e-05,0.3146007779267477,0.007893523887734,1.287721390295003,0.0271300031381625,0.0,0.0,0.0,0.0,0.0,0.0
36,3,-0.20029889497781,0.0506821402149293,0.0283429929941528,-0.2558396518774862,0.050614377865727,-0.2862577849325948,0.0555407568996762,6.776234920231319e-05,0.3146007779267477,0.007893523887734,1.287721390295003,0.0271300031381625,0.0,0.0,0.0,0.0,0.0,0.0
36,4,0.0643003907578741,-0.083505831719866,0.093493303236641,0.0087596338581979,-0.0835735940690684,-0.2211074746901067,0.0555407568996762,6.776234920231319e-05,0.3146007779267477,0.007893523887734,1.287721390295003,0.0271300031381625,0.0,0.0,0.0,0.0,0.0,0.0
36,5,0.1677310828595359,-0.0976655240148239,0.2147434374460392,0.1121903259598597,-0.0977332863640262,-0.0998573404807084,0.0555407568996762,6.776234920231319e-05,0.3146007779267477,0.007893523887734,1.287721390295003,0.0271300031381625,0.0,0.0,0.0,0.0,0.0,0.0
36,6,0.0632568759747095,-0.1210832050580406,0.0700480598050288,0.0077161190750332,-0.1211509674072429,-0.2445527181217189,0.0555407568996762,6.776234920231319e-05,0.3146007779267477,0.007893523887734,1.287721390295003,0.0271300031381625,0.0,0.0,0.0,0.0,0.0,0.0
36,7,0.144400550648651,-0.1919529572698305,0.0624861630731799,0.0888597937489747,-0.1920207196190328,-0.2521146148535677,0.0555407568996762,6.776234920231319e-05,0.3146007779267477,0.007893523887734,1.287721390295003,0.0271300031381625,0.0,0.0,0.0,0.0,0.0,0.0
36,8,0.1036922068647358,0.0037882787222463,0.0924799070320468,0.0481514499650596,0.003720516373044,-0.2221208708947009,0.0555407568996762,6.776234920231319e-05,0.3146007779267477,0.007893523887734,1.287721390295003,0.0271300031381625,0.0,0.0,0.0,0.0,0.0,0.0
36,9,0.1524251106432502,-0.0664099555993575,0.2277474640723565,0.096884353743574,-0.0664777179485598,-0.0868533138543911,0.0555407568996762,6.776234920231319e-05,0.3146007779267477,0.007893523887734,1.287721390295003,0.0271300031381625,0.0,0.0,0.0,0.0,0.0,0.0
36,10,0.1336154487943509,0.0295029597213413,0.0765955229796618,0.0780746918946747,0.029435197372139,-0.2380052549470859,0.0555407568996762,6.776234920231319e-05,0.3146007779267477,0.007893523887734,1.287721390295003,0.0271300031381625,0.0,0.0,0.0,0.0,0.0,0.0
36,11,0.2308806227668667,-0.0173376651834925,0.0735227732410126,0.1753398658671905,-0.0174054275326948,-0.2410780046857351,0.0555407568996762,6.776234920231319e-05,0.3146007779267477,0.007893523887734,1.287721390295003,0.0271300031381625,0.0,0.0,0.0,0.0,0.0,0.0
36,12,-0.0003642525832719,-0.0014493129596628,0.1224123685661596,-0.0559050094829481,-0.0015170753088651,-0.192188409360588,0.0555407568996762,6.776234920231319e-05,0.3146007779267477,0.007893523887734,1.287721390295003,0.0271300031381625,0.0,0.0,0.0,0.0,0.0,0.0
36,13,0.1024442005700156,-0.0075931873399931,0.2820766249547839,0.0469034436703393,-0.0076609496891954,-0.0325241529719638,0.0555407568996762,6.776234920231319e-05,0.3146007779267477,0.007893523887734,1.287721390295003,0.0271300031381625,0.0,0.0,0.0,0.0,0.0,0.0
36,14,0.1242202835766621,-0.0510670613276654,0.4822211339712935,0.0686795266769858,-0.0511348236768677,0.1676203560445457,0.0555407568996762,6.776234920231319e-05,0.3146007779267477,0.007893523887734,1.287721390295003,0.0271300031381625,0.0,0.0,0.0,0.0,0.0,0.0
36,15,0.1451958067379911,-0.1139391790174811,0.5270477347681928,0.0896550498383148,-0.1140069413666834,0.212446956841445,0.0555407568996762,6.776234920231319e-05,0.3146007779267477,0.007893523887734,1.287721390295003,0.0271300031381625,0.0,0.0,0.0,0.0,0.0,0.0
36,16,0.1671050753724562,-0.1802561108489079,0.3920438514888251,0.11156431847278,-0.1803238731981102,0.0774430735620773,0.0555407568996762,6.776234920231319e-05,0.3146007779267477,0.007893523887734,1.287721390295003,0.0271300031381625,0.0,0.0,0.0,0.0,0.0,0.0
36,17,0.2991872851414466,-0.1685337429530939,0.5107909607334788,0.2436465282417704,-0.1686015053022962,0.1961901828067311,0.0555407568996762,6.776234920231319e-05,0.3146007779267477,0.007893523887734,1.287721390295003,0.0271300031381625,0.0,0.0,0.0,0.0,0.0,0.0
36,18,0.3662716650549531,-0.1538762271932743,0.4891381733030646,0.3107309081552769,-0.1539439895424766,0.1745373953763168,0.0555407568996762,6.776234920231319e-05,0.3146007779267477,0.007893523887734,1.287721390295003,0.0271300031381625,0.0,0.0,0.0,0.0,0.0,0.0
36,19,0.155576038565371,0.0288852492641249,0.477699556775862,0.1000352816656948,0.0288174869149226,0.1630987788491143,0.0555407568996762,6.776234920231319e-05,0.3146007779267477,0.007893523887734,1.287721390295003,0.0271300031381625,0.0,0.0,0.0,0.0,0.0,0.0
36,20,0.2132418065740635,0.0566758631737274,0.5256822721910303,0.1577010496743873,0.0566081008245251,0.2110814942642825,0.0555407568996762,6.776234920231319e-05,0.3146007779267477,0.007893523887734,1.287721390295003,0.0271300031381625,0.0,0.0,0.0,0.0,0.0,0.0
36,21,0.2797498992350831,0.0611128813850562,0.3890770509141205,0.2242091423354069,0.0610451190358539,0.0744762729873728,0.0555407568996762,6.776234920231319e-05,0.3146007779267477,0.007893523887734,1.287721390295003,0.0271300031381625,0.0,0.0,0.0,0.0,0.0,0.0
36,22,0.3675136085600675,-0.0157745379853403,0.5235012156631429,0.3119728516603913,-0.0158423003345426,0.2089004377363951,0.0555407568996762,6.776234920231319e-05,0.3146007779267477,0.007893523887734,1.287721390295003,0.0271300031381625,0.0,0.0,0.0,0.0,0.0,0.0
36,23,0.426845435889144,-0.0461276841819097,0.4962538161195133,0.3713046789894677,-0.0461954465311121,0.1816530381927656,0.0555407568996762,6.776234920231319e-05,0.3146007779267477,0.007893523887734,1.287721390295003,0.0271300031381625,0.0,0.0,0.0,0.0,0.0,0.0
36,24,0.1114457663826244,0.0015848376580674,0.5067891872873358,0.0559050094829481,0.0015170753088651,0.192188409360588,0.0555407568996762,6.776234920231319e-05,0.3146007779267477,0.007893523887734,1.287721390295003,0.0271300031381625,0.0,0.0,0.0,0.0,0.0,0.0
36,25,0.0962134978220782,0.0007598879757845,0.6459559677910306,0.040672740922402,0.0006921256265822,0.3313551898642828,0.0555407568996762,6.776234920231319e-05,0.3146007779267477,0.007893523887734,1.287721390295003,0.0271300031381625,0.0,0.0,0.0,0.0,0.0,0.0
36,26,0.1386875770150004,-0.0784209353817797,0.7902693414241211,0.0831468201153242,-0.078488697730982,0.4756685634973733,0.0555407568996762,6.776234920231319e-05,0.3146007779267477,0.007893523887734,1.287721390295003,0.0271300031381625,0.0,0.0,0.0,0.0,0.0,0.0
37,0,-0.0003642525832719,-0.0014493129596628,0.1224123685661596,-0.0559050094829481,-0.0015170753088651,-0.192188409360588,0.0555407568996762,6.776234920231319e-05,0.3146007779267477,0.007893523887734,1.287721390295003,0.0271300031381625,0.0,0.0,0.0,0.0,0.0,0.0
37,1,0.027227254002736,-0.0146149452378418,0.0608332453687273,-0.0283135028969401,-0.0146827075870441,-0.2537675325580203,0.0555407568996762,6.776234920231319e-05,0.3146007779267477,0.007893523887734,1.287721390295003,0.0271300031381625,0.0,0.0,0.0,0.0,0.0,0.0
37,2,-0.083902187220396,0.0221250307247471,0.0343677686094261,-0.1394429441200723,0.0220572683755448,-0.2802330093173216,0.0555407568996762,6.776234920231319e-05,0.3146007779267477,0.007893523887734,1.287721390295003,0.0271300031381625,0.0,0.0,0.0,0.0,0.0,0.0
37,3,-0.20029889497781,0.0506821402149293,0.0283429929941528,-0.2558396518774862,0.050614377865727,-0.2862577849325948,0.0555407568996762,6.776234920231319e-05,0.3146007779267477,0.007893523887734,1.287721390295003,0.0271300031381625,0.0,0.0,0.0,0.0,0.0,0.0
37,4,0.0643003907578741,-0.083505831719866,0.093493303236641,0.0087596338581979,-0.0835735940690684,-0.2211074746901067,0.0555407568996762,6.776234920231319e-05,0.3146007779267477,0.007893523887734,1.287721390295003,0.0271300031381625,0.0,0.0,0.0,0.0,0.0,0.0
37,5,0.1677310828595359,-0.0976655240148239,0.2147434374460392,0.1121903259598597,-0.0977332863640262,-0.0998573404807084,0.0555407568996762,6.776234920231319e-05,0.3146007779267477,0.007893523887734,1.287721390295003,0.0271300031381625,0.0,0.0,0.0,0.0,0.0,0.0
37,6,0.0632568759747095,-0.1210832050580406,0.0700480598050288,0.0077161190750332,-0.1211509674072429,-0.2445527181217189,0.0555407568996762,6.776234920231319e-05,0.3146007779267477,0.007893523887734,1.287721390295003,0.0271300031381625,0.0,0.0,0.0,0.0,0.0,0.0
37,7,0.144400550648651,-0.1919529572698305,0.0624861630731799,0.0888597937489747,-0.1920207196190328,-0.2521146148535677,0.0555407568996762,6.776234920231319e-05,0.3146007779267477,0.007893523887734,1.287721390295003,0.0271300031381625,0.0,0.0,0.0,0.0,0.0,0.0
37,8,0.1036922068647358,0.0037882787222463,0.0924799070320468,0.0481514499650596,0.003720516373044,-0.2221208708947009,0.0555407568996762,6.776234920231319e-05,0.3146007779267477,0.007893523887734,1.287721390295003,0.0271300031381625,0.0,0.0,0.0,0.0,0.0,0.0
37,9,0.1524251106432502,-0.0664099555993575,0.2277474640723565,0.096884353743574,-0.0664777179485598,-0.0868533138543911,0.0555407568996762,6.776234920231319e-05,0.3146007779267477,0.007893523887734,1.287721390295003,0.0271300031381625,0.0,0.0,0.0,0.0,0.0,0.0
37,10,0.1336154487943509,0.0295029597213413,0.0765955229796618,0.0780746918946747,0.029435197372139,-0.2380052549470859,0.0555407568996762,6.776234920231319e-05,0.3146007779267477,0.007893523887734,1.287721390295003,0.0271300031381625,0.0,0.0,0.0,0.0,0.0,0.0
37,11,0.2308806227668667,-0.0173376651834925,0.0735227732410126,0.1753398658671905,-0.0174054275326948,-0.2410780046857351,0.0555407568996762,6.776234920231319e-05,0.3146007779267477,0.007893523887734,1.287721390295003,0.0271300031381625,0.0,0.0,0.0,0.0,0.0,0.0
37,12,-0.0003642525832719,-0.0014493129596628,0.1224123685661596,-0.0559050094829481,-0.0015170753088651,-0.192188409360588,0.0555407568996762,6.776234920231319e-05,0.3146007779267477,0.007893523887734,1.287721390295003,0.0271300031381625,0.0,0.0,0.0,0.0,0.0,0.0
37,13,0.1024442005700156,-0.0075931873399931,0.2820766249547839,0.0469034436703393,-0.0076609496891954,-0.0325241529719638,0.0555407568996762,6.776234920231319e-05,0.3146007779267477,0.007893523887734,1.287721390295003,0.0271300031381625,0.0,0.0,0.0,0.0,0.0,0.0
37,14,0.1242202835766621,-0.0510670613276654,0.4822211339712935,0.0686795266769858,-0.0511348236768677,0.1676203560445457,0.0555407568996762,6.776234920231319e-05,0.3146007779267477,0.007893523887734,1.287721390295003,0.0271300031381625,0.0,0.0,0.0,0.0,0.0,0.0
37,15,0.1451958067379911,-0.1139391790174811,0.5270477347681928,0.0896550498383148,-0.1140069413666834,0.212446956841445,0.0555407568996762,6.776234920231319e-05,0.3146007779267477,0.007893523887734,1.287721390295003,0.0271300031381625,0.0,0.0,0.0,0.0,0.0,0.0
37,16,0.1671050753724562,-0.1802561108489079,0.3920438514888251,0.11156431847278,-0.1803238731981102,0.0774430735620773,0.0555407568996762,6.776234920231319e-05,0.3146007779267477,0.007893523887734,1.287721390295003,0.0271300031381625,0.0,0.0,0.0,0.0,0.0,0.0
37,17,0.2991872851414466,-0.1685337429530939,0.5107909607334788,0.2436465282417704,-0.1686015053022962,0.1961901828067311,0.0555407568996762,6.776234920231319e-05,0.3146007779267477,0.007893523887734,1.287721390295003,0.0271300031381625,0.0,0.0,0.0,0.0,0.0,0.0
37,18,0.3662716650549531,-0.1538762271932743,0.4891381733030646,0.3107309081552769,-0.1539439895424766,0.1745373953763168,0.0555407568996762,6.776234920231319e-05,0.3146007779267477,0.007893523887734,1.287721390295003,0.0271300031381625,0.0,0.0,0.0,0.0,0.0,0.0
37,19,0.155576038565371,0.0288852492641249,0.477699556775862,0.1000352816656948,0.0288174869149226,0.1630987788491143,0.0555407568996762,6.776234920231319e-05,0.3146007779267477,0.007893523887734,1.287721390295003,0.0271300031381625,0.0,0.0,0.0,0.0,0.0,0.0
37,20,0.2132418065740635,0.0566758631737274,0.5256822721910303,0.1577010496743873,0.0566081008245251,0.2110814942642825,0.0555407568996762,6.776234920231319e-05,0.3146007779267477,0.007893523887734,1.287721390295003,0.0271300031381625,0.0,0.0,0.0,0.0,0.0,0.0
37,21,0.2797498992350831,0.0611128813850562,0.3890770509141205,0.2242091423354069,0.0610451190358539,0.0744762729873728,0.0555407568996762,6.776234920231319e-05,0.3146007779267477,0.007893523887734,1.287721390295003,0.0271300031381625,0.0,0.0,0.0,0.0,0.0,0.0
37,22,0.3675136085600675,-0.0157745379853403,0.5235012156631429,0.3119728516603913,-0.0158423003345426,0.2089004377363951,0.0555407568996762,6.776234920231319e-05,0.3146007779267477,0.007893523887734,1.287721390295003,0.0271300031381625,0.0,0.0,0.0,0.0,0.0,0.0
37,23,0.426845435889144,-0.0461276841819097,0.4962538161195133,0.3713046789894677,-0.0461954465311121,0.1816530381927656,0.0555407568996762,6.776234920231319e-05,0.3146007779267477,0.007893523887734,1.287721390295003,0.0271300031381625,0.0,0.0,0.0,0.0,0.0,0.0
37,24,0.1114457663826244,0.0015848376580674,0.5067891872873358,0.0559050094829481,0.0015170753088651,0.192188409360588,0.0555407568996762,6.776234920231319e-05,0.3146007779267477,0.007893523887734,1.287721390295003,0.0271300031381625,0.0,0.0,0.0,0.0,0.0,0.0
37,25,0.0962134978220782,0.0007598879757845,0.6459559677910306,0.040672740922402,0.0006921256265822,0.3313551898642828,0.0555407568996762,6.776234920231319e-05,0.3146007779267477,0.007893523887734,1.287721390295003,0.0271300031381625,0.0,0.0,0.0,0.0,0.0,0.0
37,26,0.1386875770150004,-0.0784209353817797,0.7902693414241211,0.0831468201153242,-0.078488697730982,0.4756685634973733,0.0555407568996762,6.776234920231319e-05,0.3146007779267477,0.007893523887734,1.287721390295003,0.0271300031381625,0.0,0.0,0.0,0.0,0.0,0.0
38,0,-0.0003642525832719,-0.0014493129596628,0.1224123685661596,-0.0559050094829481,-0.0015170753088651,-0.192188409360588,0.0555407568996762,6.776234920231319e-05,0.3146007779267477,0.007893523887734,1.287721390295003,0.0271300031381625,0.0,0.0,0.0,0.0,0.0,0.0
38,1,0.027227254002736,-0.0146149452378418,0.0608332453687273,-0.0283135028969401,-0.0146827075870441,-0.2537675325580203,0.0555407568996762,6.776234920231319e-05,0.3146007779267477,0.007893523887734,1.287721390295003,0.0271300031381625,0.0,0.0,0.0,0.0,0.0,0.0
38,2,-0.083902187220396,0.0221250307247471,0.0343677686094261,-0.1394429441200723,0.0220572683755448,-0.2802330093173216,0.0555407568996762,6.776234920231319e-05,0.3146007779267477,0.007893523887734,1.287721390295003,0.0271300031381625,0.0,0.0,0.0,0.0,0.0,0.0
38,3,-0.20029889497781,0.0506821402149293,0.0283429929941528,-0.2558396518774862,0.050614377865727,-0.2862577849325948,0.0555407568996762,6.776234920231319e-05,0.3146007779267477,0.007893523887734,1.287721390295003,0.0271300031381625,0.0,0.0,0.0,0.0,0.0,0.0
38,4,0.0643003907578741,-0.083505831719866,0.093493303236641,0.0087596338581979,-0.0835735940690684,-0.2211074746901067,0.0555407568996762,6.776234920231319e-05,0.3146007779267477,0.007893523887734,1.287721390295003,0.0271300031381625,0.0,0.0,0.0,0.0,0.0,0.0
38,5,0.1677310828595359,-0.0976655240148239,0.2147434374460392,0.1121903259598597,-0.0977332863640262,-0.0998573404807084,0.0555407568996762,6.776234920231319e-05,0.3146007779267477,0.007893523887734,1.287721390295003,0.0271300031381625,0.0,0.0,0.0,0.0,0.0,0.0
38,6,0.0632568759747095,-0.1210832050580406,0.0700480598050288,0.0077161190750332,-0.1211509674072429,-0.2445527181217189,0.0555407568996762,6.776234920231319e-05,0.3146007779267477,0.007893523887734,1.287721390295003,0.0271300031381625,0.0,0.0,0.0,0.0,0.0,0.0
38,7,0.144400550648651,-0.1919529572698305,0.0624861630731799,0.0888597937489747,-0.1920207196190328,-0.2521146148535677,0.0555407568996762,6.776234920231319e-05,0.3146007779267477,0.007893523887734,1.287721390295003,0.0271300031381625,0.0,0.0,0.0,0.0,0.0,0.0
38,8,0.1036922068647358,0.0037882787222463,0.0924799070320468,0.0481514499650596,0.003720516373044,-0.2221208708947009,0.0555407568996762,6.776234920231319e-05,0.3146007779267477,0.007893523887734,1.287721390295003,0.0271300031381625,0.0,0.0,0.0,0.0,0.0,0.0
38,9,0.1524251106432502,-0.0664099555993575,0.2277474640723565,0.096884353743574,-0.0664777179485598,-0.0868533138543911,0.0555407568996762,6.776234920231319e-05,0.3146007779267477,0.007893523887734,1.287721390295003,0.0271300031381625,0.0,0.0,0.0,0.0,0.0,0.0
38,10,0.1336154487943509,0.0295029597213413,0.0765955229796618,0.0780746918946747,0.029435197372139,-0.2380052549470859,0.0555407568996762,6.776234920231319e-05,0.3146007779267477,0.007893523887734,1.287721390295003,0.0271300031381625,0.0,0.0,0.0,0.0,0.0,0.0
38,11,0.2308806227668667,-0.0173376651834925,0.0735227732410126,0.1753398658671905,-0.0174054275326948,-0.2410780046857351,0.0555407568996762,6.776234920231319e-05,0.3146007779267477,0.007893523887734,1.287721390295003,0.0271300031381625,0.0,0.0,0.0,0.0,0.0,0.0
38,12,-0.0003642525832719,-0.0014493129596628,0.1224123685661596,-0.0559050094829481,-0.0015170753088651,-0.192188409360588,0.0555407568996762,6.776234920231319e-05,0.3146007779267477,0.007893523887734,1.287721390295003,0.0271300031381625,0.0,0.0,0.0,0.0,0.0,0.0
38,13,0.1024442005700156,-0.0075931873399931,0.2820766249547839,0.0469034436703393,-0.0076609496891954,-0.0325241529719638,0.0555407568996762,6.776234920231319e-05,0.3146007779267477,0.007893523887734,1.287721390295003,0.0271300031381625,0.0,0.0,0.0,0.0,0.0,0.0
38,14,0.1242202835766621,-0.0510670613276654,0.4822211339712935,0.0686795266769858,-0.0511348236768677,0.1676203560445457,0.0555407568996762,6.776234920231319e-05,0.3146007779267477,0.007893523887734,1.287721390295003,0.0271300031381625,0.0,0.0,0.0,0.0,0.0,0.0
38,15,0.1451958067379911,-0.1139391790174811,0.5270477347681928,0.0896550498383148,-0.1140069413666834,0.212446956841445,0.0555407568996762,6.776234920231319e-05,0.3146007779267477,0.007893523887734,1.287721390295003,0.0271300031381625,0.0,0.0,0.0,0.0,0.0,0.0
38,16,0.1671050753724562,-0.1802561108489079,0.3920438514888251,0.11156431847278,-0.1803238731981102,0.0774430735620773,0.0555407568996762,6.776234920231319e-05,0.3146007779267477,0.007893523887734,1.287721390295003,0.0271300031381625,0.0,0.0,0.0,0.0,0.0,0.0
38,17,0.2991872851414466,-0.1685337429530939,0.5107909607334788,0.2436465282417704,-0.1686015053022962,0.1961901828067311,0.0555407568996762,6.776234920231319e-05,0.3146007779267477,0.007893523887734,1.287721390295003,0.0271300031381625,0.0,0.0,0.0,0.0,0.0,0.0
38,18,0.3662716650549531,-0.1538762271932743,0.4891381733030646,0.3107309081552769,-0.1539439895424766,0.1745373953763168,0.0555407568996762,6.776234920231319e-05,0.3146007779267477,0.007893523887734,1.287721390295003,0.0271300031381625,0.0,0.0,0.0,0.0,0.0,0.0
38,19,0.155576038565371,0.0288852492641249,0.477699556775862,0.1000352816656948,0.0288174869149226,0.1630987788491143,0.0555407568996762,6.776234920231319e-05,0.3146007779267477,0.007893523887734,1.287721390295003,0.0271300031381625,0.0,0.0,0.0,0.0,0.0,0.0
38,20,0.2132418065740635,0.0566758631737274,0.5256822721910303,0.1577010496743873,0.0566081008245251,0.2110814942642825,0.0555407568996762,6.776234920231319e-05,0.3146007779267477,0.007893523887734,1.287721390295003,0.0271300031381625,0.0,0.0,0.0,0.0,0.0,0.0
38,21,0.2797498992350831,0.0611128813850562,0.3890770509141205,0.2242091423354069,0.0610451190358539,0.0744762729873728,0.0555407568996762,6.776234920231319e-05,0.3146007779267477,0.007893523887734,1.287721390295003,0.0271300031381625,0.0,0.0,0.0,0.0,0.0,0.0
38,22,0.3675136085600675,-0.0157745379853403,0.5235012156631429,0.3119728516603913,-0.0158423003345426,0.2089004377363951,0.0555407568996762,6.776234920231319e-05,0.3146007779267477,0.007893523887734,1.287721390295003,0.0271300031381625,0.0,0.0,0.0,0.0,0.0,0.0
38,23,0.426845435889144,-0.0461276841819097,0.4962538161195133,0.3713046789894677,-0.0461954465311121,0.1816530381927656,0.0555407568996762,6.776234920231319e-05,0.3146007779267477,0.007893523887734,1.287721390295003,0.0271300031381625,0.0,0.0,0.0,0.0,0.0,0.0
38,24,0.1114457663826244,0.0015848376580674,0.5067891872873358,0.0559050094829481,0.0015170753088651,0.192188409360588,0.0555407568996762,6.776234920231319e-05,0.3146007779267477,0.007893523887734,1.287721390295003,0.0271300031381625,0.0,0.0,0.0,0.0,0.0,0.0
38,25,0.0962134978220782,0.0007598879757845,0.6459559677910306,0.040672740922402,0.0006921256265822,0.3313551898642828,0.0555407568996762,6.776234920231319e-05,0.3146007779267477,0.007893523887734,1.287721390295003,0.0271300031381625,0.0,0.0,0.0,0.0,0.0,0.0
38,26,0.1386875770150004,-0.0784209353817797,0.7902693414241211,0.0831468201153242,-0.078488697730982,0.4756685634973733,0.0555407568996762,6.776234920231319e-05,0.3146007779267477,0.007893523887734,1.287721390295003,0.0271300031381625,0.0,0.0,0.0,0.0,0.0,0.0
39,0,-0.0003642525832719,-0.0014493129596628,0.1224123685661596,-0.0559050094829481,-0.0015170753088651,-0.192188409360588,0.0555407568996762,6.776234920231319e-05,0.3146007779267477,0.007893523887734,1.287721390295003,0.0271300031381625,0.0,0.0,0.0,0.0,0.0,0.0
39,1,0.027227254002736,-0.0146149452378418,0.0608332453687273,-0.0283135028969401,-0.0146827075870441,-0.2537675325580203,0.0555407568996762,6.776234920231319e-05,0.3146007779267477,0.007893523887734,1.287721390295003,0.0271300031381625,0.0,0.0,0.0,0.0,0.0,0.0
39,2,-0.083902187220396,0.0221250307247471,0.0343677686094261,-0.1394429441200723,0.0220572683755448,-0.2802330093173216,0.0555407568996762,6.776234920231319e-05,0.3146007779267477,0.007893523887734,1.287721390295003,0.0271300031381625,0.0,0.0,0.0,0.0,0.0,0.0
39,3,-0.20029889497781,0.0506821402149293,0.0283429929941528,-0.2558396518774862,0.050614377865727,-0.2862577849325948,0.0555407568996762,6.776234920231319e-05,0.3146007779267477,0.007893523887734,1.287721390295003,0.0271300031381625,0.0,0.0,0.0,0.0,0.0,0.0
39,4,0.0643003907578741,-0.083505831719866,0.093493303236641,0.0087596338581979,-0.0835735940690684,-0.2211074746901067,0.0555407568996762,6.776234920231319e-05,0.3146007779267477,0.007893523887734,1.287721390295003,0.0271300031381625,0.0,0.0,0.0,0.0,0.0,0.0
39,5,0.1677310828595359,-0.0976655240148239,0.2147434374460392,0.1121903259598597,-0.0977332863640262,-0.0998573404807084,0.0555407568996762,6.776234920231319e-05,0.3146007779267477,0.007893523887734,1.287721390295003,0.0271300031381625,0.0,0.0,0.0,0.0,0.0,0.0
39,6,0.0632568759747095,-0.1210832050580406,0.0700480598050288,0.0077161190750332,-0.1211509674072429,-0.2445527181217189,0.0555407568996762,6.776234920231319e-05,0.3146007779267477,0.007893523887734,1.287721390295003,0.0271300031381625,0.0,0.0,0.0,0.0,0.0,0.0
39,7,0.144400550648651,-0.1919529572698305,0.0624861630731799,0.0888597937489747,-0.1920207196190328,-0.2521146148535677,0.0555407568996762,6.776234920231319e-05,0.3146007779267477,0.007893523887734,1.287721390295003,0.0271300031381625,0.0,0.0,0.0,0.0,0.0,0.0
39,8,0.1036922068647358,0.0037882787222463,0.0924799070320468,0.0481514499650596,0.003720516373044,-0.2221208708947009,0.0555407568996762,6.776234920231319e-05,0.3146007779267477,0.007893523887734,1.287721390295003,0.0271300031381625,0.0,0.0,0.0,0.0,0.0,0.0
39,9,0.1524251106432502,-0.0664099555993575,0.2277474640723565,0.096884353743574,-0.0664777179485598,-0.0868533138543911,0.0555407568996762,6.776234920231319e-05,0.3146007779267477,0.007893523887734,1.287721390295003,0.0271300031381625,0.0,0.0,0.0,0.0,0.0,0.0
39,10,0.1336154487943509,0.0295029597213413,0.0765955229796618,0.0780746918946747,0.029435197372139,-0.2380052549470859,0.0555407568996762,6.776234920231319e-05,0.3146007779267477,0.007893523887734,1.287721390295003,0.0271300031381625,0.0,0.0,0.0,0.0,0.0,0.0
39,11,0.2308806227668667,-0.0173376651834925,0.0735227732410126,0.1753398658671905,-0.0174054275326948,-0.2410780046857351,0.0555407568996762,6.776234920231319e-05,0.3146007779267477,0.007893523887734,1.287721390295003,0.0271300031381625,0.0,0.0,0.0,0.0,0.0,0.0
39,12,-0.0003642525832719,-0.0014493129596628,0.1224123685661596,-0.0559050094829481,-0.0015170753088651,-0.192188409360588,0.0555407568996762,6.776234920231319e-05,0.3146007779267477,0.007893523887734,1.287721390295003,0.0271300031381625,0.0,0.0,0.0,0.0,0.0,0.0
39,13,0.1024442005700156,-0.0075931873399931,0.2820766249547839,0.0469034436703393,-0.0076609496891954,-0.0325241529719638,0.0555407568996762,6.776234920231319e-05,0.3146007779267477,0.007893523887734,1.287721390295003,0.0271300031381625,0.0,0.0,0.0,0.0,0.0,0.0
39,14,0.1242202835766621,-0.0510670613276654,0.4822211339712935,0.0686795266769858,-0.0511348236768677,0.1676203560445457,0.0555407568996762,6.776234920231319e-05,0.3146007779267477,0.007893523887734,1.287721390295003,0.0271300031381625,0.0,0.0,0.0,0.0,0.0,0.0
39,15,0.1451958067379911,-0.1139391790174811,0.5270477347681928,0.0896550498383148,-0.1140069413666834,0.212446956841445,0.0555407568996762,6.776234920231319e-05,0.3146007779267477,0.007893523887734,1.287721390295003,0.0271300031381625,0.0,0.0,0.0,0.0,0.0,0.0
39,16,0.1671050753724562,-0.1802561108489079,0.3920438514888251,0.11156431847278,-0.1803238731981102,0.0774430735620773,0.0555407568996762,6.776234920231319e-05,0.3146007779267477,0.007893523887734,1.287721390295003,0.0271300031381625,0.0,0.0,0.0,0.0,0.0,0.0
39,17,0.2991872851414466,-0.1685337429530939,0.5107909607334788,0.2436465282417704,-0.1686015053022962,0.1961901828067311,0.0555407568996762,6.776234920231319e-05,0.3146007779267477,0.007893523887734,1.287721390295003,0.0271300031381625,0.0,0.0,0.0,0.0,0.0,0.0
39,18,0.3662716650549531,-0.1538762271932743,0.4891381733030646,0.3107309081552769,-0.1539439895424766,0.1745373953763168,0.0555407568996762,6.776234920231319e-05,0.3146007779267477,0.007893523887734,1.287721390295003,0.0271300031381625,0.0,0.0,0.0,0.0,0.0,0.0
39,19,0.155576038565371,0.0288852492641249,0.477699556775862,0.1000352816656948,0.0288174869149226,0.1630987788491143,0.0555407568996762,6.776234920231319e-05,0.3146007779267477,0.007893523887734,1.287721390295003,0.0271300031381625,0.0,0.0,0.0,0.0,0.0,0.0
39,20,0.2132418065740635,0.0566758631737274,0.5256822721910303,0.1577010496743873,0.0566081008245251,0.2110814942642825,0.0555407568996762,6.776234920231319e-05,0.3146007779267477,0.007893523887734,1.287721390295003,0.0271300031381625,0.0,0.0,0.0,0.0,0.0,0.0
39,21,0.2797498992350831,0.0611128813850562,0.3890770509141205,0.2242091423354069,0.0610451190358539,0.0744762729873728,0.0555407568996762,6.776234920231319e-05,0.3146007779267477,0.007893523887734,1.287721390295003,0.0271300031381625,0.0,0.0,0.0,0.0,0.0,0.0
39,22,0.3675136085600675,-0.0157745379853403,0.5235012156631429,0.3119728516603913,-0.0158423003345426,0.2089004377363951,0.0555407568996762,6.776234920231319e-05,0.3146007779267477,0.007893523887734,1.287721390295003,0.0271300031381625,0.0,0.0,0.0,0.0,0.0,0.0
39,23,0.426845435889144,-0.0461276841819097,0.4962538161195133,0.3713046789894677,-0.0461954465311121,0.1816530381927656,0.0555407568996762,6.776234920231319e-05,0.3146007779267477,0.007893523887734,1.287721390295003,0.0271300031381625,0.0,0.0,0.0,0.0,0.0,0.0
39,24,0.1114457663826244,0.0015848376580674,0.5067891872873358,0.0559050094829481,0.0015170753088651,0.192188409360588,0.0555407568996762,6.776234920231319e-05,0.3146007779267477,0.007893523887734,1.287721390295003,0.0271300031381625,0.0,0.0,0.0,0.0,0.0,0.0
39,25,0.0962134978220782,0.0007598879757845,0.6459559677910306,0.040672740922402,0.0006921256265822,0.3313551898642828,0.0555407568996762,6.776234920231319e-05,0.3146007779267477,0.007893523887734,1.287721390295003,0.0271300031381625,0.0,0.0,0.0,0.0,0.0,0.0
39,26,0.1386875770150004,-0.0784209353817797,0.7902693414241211,0.0831468201153242,-0.078488697730982,0.4756685634973733,0.0555407568996762,6.776234920231319e-05,0.3146007779267477,0.007893523887734,1.287721390295003,0.0271300031381625,0.0,0.0,0.0,0.0,0.0,0.0
40,0,-0.0003642525832719,-0.0014493129596628,0.1224123685661596,-0.0559050094829481,-0.0015170753088651,-0.192188409360588,0.0555407568996762,6.776234920231319e-05,0.3146007779267477,0.007893523887734,1.287721390295003,0.0271300031381625,0.0,0.0,0.0,0.0,0.0,0.0
40,1,0.027227254002736,-0.0146149452378418,0.0608332453687273,-0.0283135028969401,-0.0146827075870441,-0.2537675325580203,0.0555407568996762,6.776234920231319e-05,0.3146007779267477,0.007893523887734,1.287721390295003,0.0271300031381625,0.0,0.0,0.0,0.0,0.0,0.0
40,2,-0.083902187220396,0.0221250307247471,0.0343677686094261,-0.1394429441200723,0.0220572683755448,-0.2802330093173216,0.0555407568996762,6.776234920231319e-05,0.3146007779267477,0.007893523887734,1.287721390295003,0.0271300031381625,0.0,0.0,0.0,0.0,0.0,0.0
40,3,-0.20029889497781,0.0506821402149293,0.0283429929941528,-0.2558396518774862,0.050614377865727,-0.2862577849325948,0.0555407568996762,6.776234920231319e-05,0.3146007779267477,0.007893523887734,1.287721390295003,0.0271300031381625,0.0,0.0,0.0,0.0,0.0,0.0
40,4,0.0643003907578741,-0.083505831719866,0.093493303236641,0.0087596338581979,-0.0835735940690684,-0.2211074746901067,0.0555407568996762,6.776234920231319e-05,0.3146007779267477,0.007893523887734,1.287721390295003,0.0271300031381625,0.0,0.0,0.0,0.0,0.0,0.0
40,5,0.1677310828595359,-0.0976655240148239,0.2147434374460392,0.1121903259598597,-0.0977332863640262,-0.0998573404807084,0.0555407568996762,6.776234920231319e-05,0.3146007779267477,0.007893523887734,1.287721390295003,0.0271300031381625,0.0,0.0,0.0,0.0,0.0,0.0
40,6,0.0632568759747095,-0.1210832050580406,0.0700480598050288,0.0077161190750332,-0.1211509674072429,-0.2445527181217189,0.0555407568996762,6.776234920231319e-05,0.3146007779267477,0.007893523887734,1.287721390295003,0.0271300031381625,0.0,0.0,0.0,0.0,0.0,0.0
40,7,0.144400550648651,-0.1919529572698305,0.0624861630731799,0.0888597937489747,-0.1920207196190328,-0.2521146148535677,0.0555407568996762,6.776234920231319e-05,0.3146007779267477,0.007893523887734,1.287721390295003,0.0271300031381625,0.0,0.0,0.0,0.0,0.0,0.0
40,8,0.1036922068647358,0.0037882787222463,0.0924799070320468,0.0481514499650596,0.003720516373044,-0.2221208708947009,0.0555407568996762,6.776234920231319e-05,0.3146007779267477,0.007893523887734,1.287721390295003,0.0271300031381625,0.0,0.0,0.0,0.0,0.0,0.0
40,9,0.1524251106432502,-0.0664099555993575,0.2277474640723565,0.096884353743574,-0.0664777179485598,-0.0868533138543911,0.0555407568996762,6.776234920231319e-05,0.3146007779267477,0.007893523887734,1.287721390295003,0.0271300031381625,0.0,0.0,0.0,0.0,0.0,0.0
40,10,0.1336154487943509,0.0295029597213413,0.0765955229796618,0.0780746918946747,0.029435197372139,-0.2380052549470859,0.0555407568996762,6.776234920231319e-05,0.3146007779267477,0.007893523887734,1.287721390295003,0.0271300031381625,0.0,0.0,0.0,0.0,0.0,0.0
40,11,0.2308806227668667,-0.0173376651834925,0.0735227732410126,0.1753398658671905,-0.0174054275326948,-0.2410780046857351,0.0555407568996762,6.776234920231319e-05,0.3146007779267477,0.007893523887734,1.287721390295003,0.0271300031381625,0.0,0.0,0.0,0.0,0.0,0.0
40,12,-0.0003642525832719,-0.0014493129596628,0.1224123685661596,-0.0559050094829481,-0.0015170753088651,-0.192188409360588,0.0555407568996762,6.776234920231319e-05,0.3146007779267477,0.007893523887734,1.287721390295003,0.0271300031381625,0.0,0.0,0.0,0.0,0.0,0.0
40,13,0.1024442005700156,-0.0075931873399931,0.2820766249547839,0.0469034436703393,-0.0076609496891954,-0.0325241529719638,0.0555407568996762,6.776234920231319e-05,0.3146007779267477,0.007893523887734,1.287721390295003,0.0271300031381625,0.0,0.0,0.0,0.0,0.0,0.0
40,14,0.1242202835766621,-0.0510670613276654,0.4822211339712935,0.0686795266769858,-0.0511348236768677,0.1676203560445457,0.0555407568996762,6.776234920231319e-05,0.3146007779267477,0.007893523887734,1.287721390295003,0.0271300031381625,0.0,0.0,0.0,0.0,0.0,0.0
40,15,0.1451958067379911,-0.1139391790174811,0.5270477347681928,0.0896550498383148,-0.1140069413666834,0.212446956841445,0.0555407568996762,6.776234920231319e-05,0.3146007779267477,0.007893523887734,1.287721390295003,0.0271300031381625,0.0,0.0,0.0,0.0,0.0,0.0
40,16,0.1671050753724562,-0.1802561108489079,0.3920438514888251,0.11156431847278,-0.1803238731981102,0.0774430735620773,0.0555407568996762,6.776234920231319e-05,0.3146007779267477,0.007893523887734,1.287721390295003,0.0271300031381625,0.0,0.0,0.0,0.0,0.0,0.0
40,17,0.2991872851414466,-0.1685337429530939,0.5107909607334788,0.2436465282417704,-0.1686015053022962,0.1961901828067311,0.0555407568996762,6.776234920231319e-05,0.3146007779267477,0.007893523887734,1.287721390295003,0.0271300031381625,0.0,0.0,0.0,0.0,0.0,0.0
40,18,0.3662716650549531,-0.1538762271932743,0.4891381733030646,0.3107309081552769,-0.1539439895424766,0.1745373953763168,0.0555407568996762,6.776234920231319e-05,0.3146007779267477,0.007893523887734,1.287721390295003,0.0271300031381625,0.0,0.0,0.0,0.0,0.0,0.0
40,19,0.155576038565371,0.0288852492641249,0.477699556775862,0.1000352816656948,0.0288174869149226,0.1630987788491143,0.0555407568996762,6.776234920231319e-05,0.3146007779267477,0.007893523887734,1.287721390295003,0.0271300031381625,0.0,0.0,0.0,0.0,0.0,0.0
40,20,0.2132418065740635,0.0566758631737274,0.5256822721910303,0.1577010496743873,0.0566081008245251,0.2110814942642825,0.0555407568996762,6.776234920231319e-05,0.3146007779267477,0.007893523887734,1.287721390295003,0.0271300031381625,0.0,0.0,0.0,0.0,0.0,0.0
40,21,0.2797498992350831,0.0611128813850562,0.3890770509141205,0.2242091423354069,0.0610451190358539,0.0744762729873728,0.0555407568996762,6.776234920231319e-05,0.3146007779267477,0.007893523887734,1.287721390295003,0.0271300031381625,0.0,0.0,0.0,0.0,0.0,0.0
40,22,0.3675136085600675,-0.0157745379853403,0.5235012156631429,0.3119728516603913,-0.0158423003345426,0.2089004377363951,0.0555407568996762,6.776234920231319e-05,0.3146007779267477,0.007893523887734,1.287721390295003,0.0271300031381625,0.0,0.0,0.0,0.0,0.0,0.0
40,23,0.426845435889144,-0.0461276841819097,0.4962538161195133,0.3713046789894677,-0.0461954465311121,0.1816530381927656,0.0555407568996762,6.776234920231319e-05,0.3146007779267477,0.007893523887734,1.287721390295003,0.0271300031381625,0.0,0.0,0.0,0.0,0.0,0.0
40,24,0.1114457663826244,0.0015848376580674,0.5067891872873358,0.0559050094829481,0.0015170753088651,0.192188409360588,0.0555407568996762,6.776234920231319e-05,0.3146007779267477,0.007893523887734,1.287721390295003,0.0271300031381625,0.0,0.0,0.0,0.0,0.0,0.0
40,25,0.0962134978220782,0.0007598879757845,0.6459559677910306,0.040672740922402,0.0006921256265822,0.3313551898642828,0.0555407568996762,6.776234920231319e-05,0.3146007779267477,0.007893523887734,1.287721390295003,0.0271300031381625,0.0,0.0,0.0,0.0,0.0,0.0
40,26,0.1386875770150004,-0.0784209353817797,0.7902693414241211,0.0831468201153242,-0.078488697730982,0.4756685634973733,0.0555407568996762,6.776234920231319e-05,0.3146007779267477,0.007893523887734,1.287721390295003,0.0271300031381625,0.0,0.0,0.0,0.0,0.0,0.0
41,0,-0.0003642525832719,-0.0014493129596628,0.1224123685661596,-0.0559050094829481,-0.0015170753088651,-0.192188409360588,0.0555407568996762,6.776234920231319e-05,0.3146007779267477,0.007893523887734,1.287721390295003,0.0271300031381625,0.0,0.0,0.0,0.0,0.0,0.0
41,1,0.027227254002736,-0.0146149452378418,0.0608332453687273,-0.0283135028969401,-0.0146827075870441,-0.2537675325580203,0.0555407568996762,6.776234920231319e-05,0.3146007779267477,0.007893523887734,1.287721390295003,0.0271300031381625,0.0,0.0,0.0,0.0,0.0,0.0
41,2,-0.083902187220396,0.0221250307247471,0.0343677686094261,-0.1394429441200723,0.0220572683755448,-0.2802330093173216,0.0555407568996762,6.776234920231319e-05,0.3146007779267477,0.007893523887734,1.287721390295003,0.0271300031381625,0.0,0.0,0.0,0.0,0.0,0.0
41,3,-0.20029889497781,0.0506821402149293,0.0283429929941528,-0.2558396518774862,0.050614377865727,-0.2862577849325948,0.0555407568996762,6.776234920231319e-05,0.3146007779267477,0.007893523887734,1.287721390295003,0.0271300031381625,0.0,0.0,0.0,0.0,0.0,0.0
41,4,0.0643003907578741,-0.083505831719866,0.093493303236641,0.0087596338581979,-0.0835735940690684,-0.2211074746901067,0.0555407568996762,6.776234920231319e-05,0.3146007779267477,0.007893523887734,1.287721390295003,0.0271300031381625,0.0,0.0,0.0,0.0,0.0,0.0
41,5,0.1677310828595359,-0.0976655240148239,0.2147434374460392,0.1121903259598597,-0.0977332863640262,-0.0998573404807084,0.0555407568996762,6.776234920231319e-05,0.3146007779267477,0.007893523887734,1.287721390295003,0.0271300031381625,0.0,0.0,0.0,0.0,0.0,0.0
41,6,0.0632568759747095,-0.1210832050580406,0.0700480598050288,0.0077161190750332,-0.1211509674072429,-0.2445527181217189,0.0555407568996762,6.776234920231319e-05,0.3146007779267477,0.007893523887734,1.287721390295003,0.0271300031381625,0.0,0.0,0.0,0.0,0.0,0.0
41,7,0.144400550648651,-0.1919529572698305,0.0624861630731799,0.0888597937489747,-0.1920207196190328,-0.2521146148535677,0.0555407568996762,6.776234920231319e-05,0.3146007779267477,0.007893523887734,1.287721390295003,0.0271300031381625,0.0,0.0,0.0,0.0,0.0,0.0
41,8,0.1036922068647358,0.0037882787222463,0.0924799070320468,0.0481514499650596,0.003720516373044,-0.2221208708947009,0.0555407568996762,6.776234920231319e-05,0.3146007779267477,0.007893523887734,1.287721390295003,0.0271300031381625,0.0,0.0,0.0,0.0,0.0,0.0
41,9,0.1524251106432502,-0.0664099555993575,0.2277474640723565,0.096884353743574,-0.0664777179485598,-0.0868533138543911,0.0555407568996762,6.776234920231319e-05,0.3146007779267477,0.007893523887734,1.287721390295003,0.0271300031381625,0.0,0.0,0.0,0.0,0.0,0.0
41,10,0.1336154487943509,0.0295029597213413,0.0765955229796618,0.0780746918946747,0.029435197372139,-0.2380052549470859,0.0555407568996762,6.776234920231319e-05,0.3146007779267477,0.007893523887734,1.287721390295003,0.0271300031381625,0.0,0.0,0.0,0.0,0.0,0.0
41,11,0.2308806227668667,-0.0173376651834925,0.0735227732410126,0.1753398658671905,-0.0174054275326948,-0.2410780046857351,0.0555407568996762,6.776234920231319e-05,0.3146007779267477,0.007893523887734,1.287721390295003,0.0271300031381625,0.0,0.0,0.0,0.0,0.0,0.0
41,12,-0.0003642525832719,-0.0014493129596628,0.1224123685661596,-0.0559050094829481,-0.0015170753088651,-0.192188409360588,0.0555407568996762,6.776234920231319e-05,0.3146007779267477,0.007893523887734,1.287721390295003,0.0271300031381625,0.0,0.0,0.0,0.0,0.0,0.0
41,13,0.1024442005700156,-0.0075931873399931,0.2820766249547839,0.0469034436703393,-0.0076609496891954,-0.0325241529719638,0.0555407568996762,6.776234920231319e-05,0.3146007779267477,0.007893523887734,1.287721390295003,0.0271300031381625,0.0,0.0,0.0,0.0,0.0,0.0
41,14,0.1242202835766621,-0.0510670613276654,0.4822211339712935,0.0686795266769858,-0.0511348236768677,0.1676203560445457,0.0555407568996762,6.776234920231319e-05,0.3146007779267477,0.007893523887734,1.287721390295003,0.0271300031381625,0.0,0.0,0.0,0.0,0.0,0.0
41,15,0.1451958067379911,-0.1139391790174811,0.5270477347681928,0.0896550498383148,-0.1140069413666834,0.212446956841445,0.0555407568996762,6.776234920231319e-05,0.3146007779267477,0.007893523887734,1.287721390295003,0.0271300031381625,0.0,0.0,0.0,0.0,0.0,0.0
41,16,0.1671050753724562,-0.1802561108489079,0.3920438514888251,0.11156431847278,-0.1803238731981102,0.0774430735620773,0.0555407568996762,6.776234920231319e-05,0.3146007779267477,0.007893523887734,1.287721390295003,0.0271300031381625,0.0,0.0,0.0,0.0,0.0,0.0
41,17,0.2991872851414466,-0.1685337429530939,0.5107909607334788,0.2436465282417704,-0.1686015053022962,0.1961901828067311,0.0555407568996762,6.776234920231319e-05,0.3146007779267477,0.007893523887734,1.287721390295003,0.0271300031381625,0.0,0.0,0.0,0.0,0.0,0.0
41,18,0.3662716650549531,-0.1538762271932743,0.4891381733030646,0.3107309081552769,-0.1539439895424766,0.1745373953763168,0.0555407568996762,6.776234920231319e-05,0.3146007779267477,0.007893523887734,1.287721390295003,0.0271300031381625,0.0,0.0,0.0,0.0,0.0,0.0
41,19,0.155576038565371,0.0288852492641249,0.477699556775862,0.1000352816656948,0.0288174869149226,0.1630987788491143,0.0555407568996762,6.776234920231319e-05,0.3146007779267477,0.007893523887734,1.287721390295003,0.0271300031381625,0.0,0.0,0.0,0.0,0.0,0.0
41,20,0.2132418065740635,0.0566758631737274,0.5256822721910303,0.1577010496743873,0.0566081008245251,0.2110814942642825,0.0555407568996762,6.776234920231319e-05,0.3146007779267477,0.007893523887734,1.287721390295003,0.0271300031381625,0.0,0.0,0.0,0.0,0.0,0.0
41,21,0.2797498992350831,0.0611128813850562,0.3890770509141205,0.2242091423354069,0.0610451190358539,0.0744762729873728,0.0555407568996762,6.776234920231319e-05,0.3146007779267477,0.007893523887734,1.287721390295003,0.0271300031381625,0.0,0.0,0.0,0.0,0.0,0.0
41,22,0.3675136085600675,-0.0157745379853403,0.5235012156631429,0.3119728516603913,-0.0158423003345426,0.2089004377363951,0.0555407568996762,6.776234920231319e-05,0.3146007779267477,0.007893523887734,1.287721390295003,0.0271300031381625,0.0,0.0,0.0,0.0,0.0,0.0
41,23,0.426845435889144,-0.0461276841819097,0.4962538161195133,0.3713046789894677,-0.0461954465311121,0.1816530381927656,0.0555407568996762,6.776234920231319e-05,0.3146007779267477,0.007893523887734,1.287721390295003,0.0271300031381625,0.0,0.0,0.0,0.0,0.0,0.0
41,24,0.1114457663826244,0.0015848376580674,0.5067891872873358,0.0559050094829481,0.0015170753088651,0.192188409360588,0.0555407568996762,6.776234920231319e-05,0.3146007779267477,0.007893523887734,1.287721390295003,0.0271300031381625,0.0,0.0,0.0,0.0,0.0,0.0
41,25,0.0962134978220782,0.0007598879757845,0.6459559677910306,0.040672740922402,0.0006921256265822,0.3313551898642828,0.0555407568996762,6.776234920231319e-05,0.3146007779267477,0.007893523887734,1.287721390295003,0.0271300031381625,0.0,0.0,0.0,0.0,0.0,0.0
41,26,0.1386875770150004,-0.0784209353817797,0.7902693414241211,0.0831468201153242,-0.078488697730982,0.4756685634973733,0.0555407568996762,6.776234920231319e-05,0.3146007779267477,0.007893523887734,1.287721390295003,0.0271300031381625,0.0,0.0,0.0,0.0,0.0,0.0
42,0,-0.0003642525832719,-0.0014493129596628,0.1224123685661596,-0.0559050094829481,-0.0015170753088651,-0.192188409360588,0.0555407568996762,6.776234920231319e-05,0.3146007779267477,0.007893523887734,1.287721390295003,0.0271300031381625,0.0,0.0,0.0,0.0,0.0,0.0
42,1,0.027227254002736,-0.0146149452378418,0.0608332453687273,-0.0283135028969401,-0.0146827075870441,-0.2537675325580203,0.0555407568996762,6.776234920231319e-05,0.3146007779267477,0.007893523887734,1.287721390295003,0.0271300031381625,0.0,0.0,0.0,0.0,0.0,0.0
42,2,-0.083902187220396,0.0221250307247471,0.0343677686094261,-0.1394429441200723,0.0220572683755448,-0.2802330093173216,0.0555407568996762,6.776234920231319e-05,0.3146007779267477,0.007893523887734,1.287721390295003,0.0271300031381625,0.0,0.0,0.0,0.0,0.0,0.0
42,3,-0.20029889497781,0.0506821402149293,0.0283429929941528,-0.2558396518774862,0.050614377865727,-0.2862577849325948,0.0555407568996762,6.776234920231319e-05,0.3146007779267477,0.007893523887734,1.287721390295003,0.0271300031381625,0.0,0.0,0.0,0.0,0.0,0.0
42,4,0.0643003907578741,-0.083505831719866,0.093493303236641,0.0087596338581979,-0.0835735940690684,-0.2211074746901067,0.0555407568996762,6.776234920231319e-05,0.3146007779267477,0.007893523887734,1.287721390295003,0.0271300031381625,0.0,0.0,0.0,0.0,0.0,0.0
42,5,0.1677310828595359,-0.0976655240148239,0.2147434374460392,0.1121903259598597,-0.0977332863640262,-0.0998573404807084,0.0555407568996762,6.776234920231319e-05,0.3146007779267477,0.007893523887734,1.287721390295003,0.0271300031381625,0.0,0.0,0.0,0.0,0.0,0.0
42,6,0.0632568759747095,-0.1210832050580406,0.0700480598050288,0.0077161190750332,-0.1211509674072429,-0.2445527181217189,0.0555407568996762,6.776234920231319e-05,0.3146007779267477,0.007893523887734,1.287721390295003,0.0271300031381625,0.0,0.0,0.0,0.0,0.0,0.0
42,7,0.144400550648651,-0.1919529572698305,0.0624861630731799,0.0888597937489747,-0.1920207196190328,-0.2521146148535677,0.0555407568996762,6.776234920231319e-05,0.3146007779267477,0.007893523887734,1.287721390295003,0.0271300031381625,0.0,0.0,0.0,0.0,0.0,0.0
42,8,0.1036922068647358,0.0037882787222463,0.0924799070320468,0.0481514499650596,0.003720516373044,-0.2221208708947009,0.0555407568996762,6.776234920231319e-05,0.3146007779267477,0.007893523887734,1.287721390295003,0.0271300031381625,0.0,0.0,0.0,0.0,0.0,0.0
42,9,0.1524251106432502,-0.0664099555993575,0.2277474640723565,0.096884353743574,-0.0664777179485598,-0.0868533138543911,0.0555407568996762,6.776234920231319e-05,0.3146007779267477,0.007893523887734,1.287721390295003,0.0271300031381625,0.0,0.0,0.0,0.0,0.0,0.0
42,10,0.1336154487943509,0.0295029597213413,0.0765955229796618,0.0780746918946747,0.029435197372139,-0.2380052549470859,0.0555407568996762,6.776234920231319e-05,0.3146007779267477,0.007893523887734,1.287721390295003,0.0271300031381625,0.0,0.0,0.0,0.0,0.0,0.0
42,11,0.2308806227668667,-0.0173376651834925,0.0735227732410126,0.1753398658671905,-0.0174054275326948,-0.2410780046857351,0.0555407568996762,6.776234920231319e-05,0.3146007779267477,0.007893523887734,1.287721390295003,0.0271300031381625,0.0,0.0,0.0,0.0,0.0,0.0
42,12,-0.0003642525832719,-0.0014493129596628,0.1224123685661596,-0.0559050094829481,-0.0015170753088651,-0.192188409360588,0.0555407568996762,6.776234920231319e-05,0.3146007779267477,0.007893523887734,1.287721390295003,0.0271300031381625,0.0,0.0,0.0,0.0,0.0,0.0
42,13,0.1024442005700156,-0.0075931873399931,0.2820766249547839,0.0469034436703393,-0.0076609496891954,-0.0325241529719638,0.0555407568996762,6.776234920231319e-05,0.3146007779267477,0.007893523887734,1.287721390295003,0.0271300031381625,0.0,0.0,0.0,0.0,0.0,0.0
42,14,0.1242202835766621,-0.0510670613276654,0.4822211339712935,0.0686795266769858,-0.0511348236768677,0.1676203560445457,0.0555407568996762,6.776234920231319e-05,0.3146007779267477,0.007893523887734,1.287721390295003,0.0271300031381625,0.0,0.0,0.0,0.0,0.0,0.0
42,15,0.1451958067379911,-0.1139391790174811,0.5270477347681928,0.0896550498383148,-0.1140069413666834,0.212446956841445,0.0555407568996762,6.776234920231319e-05,0.3146007779267477,0.007893523887734,1.287721390295003,0.0271300031381625,0.0,0.0,0.0,0.0,0.0,0.0
42,16,0.1671050753724562,-0.1802561108489079,0.3920438514888251,0.11156431847278,-0.1803238731981102,0.0774430735620773,0.0555407568996762,6.776234920231319e-05,0.3146007779267477,0.007893523887734,1.287721390295003,0.0271300031381625,0.0,0.0,0.0,0.0,0.0,0.0
42,17,0.2991872851414466,-0.1685337429530939,0.5107909607334788,0.2436465282417704,-0.1686015053022962,0.1961901828067311,0.0555407568996762,6.776234920231319e-05,0.3146007779267477,0.007893523887734,1.287721390295003,0.0271300031381625,0.0,0.0,0.0,0.0,0.0,0.0
42,18,0.3662716650549531,-0.1538762271932743,0.4891381733030646,0.3107309081552769,-0.1539439895424766,0.1745373953763168,0.0555407568996762,6.776234920231319e-05,0.3146007779267477,0.007893523887734,1.287721390295003,0.0271300031381625,0.0,0.0,0.0,0.0,0.0,0.0
42,19,0.155576038565371,0.0288852492641249,0.477699556775862,0.1000352816656948,0.0288174869149226,0.1630987788491143,0.0555407568996762,6.776234920231319e-05,0.3146007779267477,0.007893523887734,1.287721390295003,0.0271300031381625,0.0,0.0,0.0,0.0,0.0,0.0
42,20,0.2132418065740635,0.0566758631737274,0.5256822721910303,0.1577010496743873,0.0566081008245251,0.2110814942642825,0.0555407568996762,6.776234920231319e-05,0.3146007779267477,0.007893523887734,1.287721390295003,0.0271300031381625,0.0,0.0,0.0,0.0,0.0,0.0
42,21,0.2797498992350831,0.0611128813850562,0.3890770509141205,0.2242091423354069,0.0610451190358539,0.0744762729873728,0.0555407568996762,6.776234920231319e-05,0.3146007779267477,0.007893523887734,1.287721390295003,0.0271300031381625,0.0,0.0,0.0,0.0,0.0,0.0
42,22,0.3675136085600675,-0.0157745379853403,0.5235012156631429,0.3119728516603913,-0.0158423003345426,0.2089004377363951,0.0555407568996762,6.776234920231319e-05,0.3146007779267477,0.007893523887734,1.287721390295003,0.0271300031381625,0.0,0.0,0.0,0.0,0.0,0.0
42,23,0.426845435889144,-0.0461276841819097,0.4962538161195133,0.3713046789894677,-0.0461954465311121,0.1816530381927656,0.0555407568996762,6.776234920231319e-05,0.3146007779267477,0.007893523887734,1.287721390295003,0.0271300031381625,0.0,0.0,0.0,0.0,0.0,0.0
42,24,0.1114457663826244,0.0015848376580674,0.5067891872873358,0.0559050094829481,0.0015170753088651,0.192188409360588,0.0555407568996762,6.776234920231319e-05,0.3146007779267477,0.007893523887734,1.287721390295003,0.0271300031381625,0.0,0.0,0.0,0.0,0.0,0.0
42,25,0.0962134978220782,0.0007598879757845,0.6459559677910306,0.040672740922402,0.0006921256265822,0.3313551898642828,0.0555407568996762,6.776234920231319e-05,0.3146007779267477,0.007893523887734,1.287721390295003,0.0271300031381625,0.0,0.0,0.0,0.0,0.0,0.0
42,26,0.1386875770150004,-0.0784209353817797,0.7902693414241211,0.0831468201153242,-0.078488697730982,0.4756685634973733,0.0555407568996762,6.776234920231319e-05,0.3146007779267477,0.007893523887734,1.287721390295003,0.0271300031381625,0.0,0.0,0.0,0.0,0.0,0.0
43,0,-0.0003642525832719,-0.0014493129596628,0.1224123685661596,-0.0559050094829481,-0.0015170753088651,-0.192188409360588,0.0555407568996762,6.776234920231319e-05,0.3146007779267477,0.007893523887734,1.287721390295003,0.0271300031381625,0.0,0.0,0.0,0.0,0.0,0.0
43,1,0.027227254002736,-0.0146149452378418,0.0608332453687273,-0.0283135028969401,-0.0146827075870441,-0.2537675325580203,0.0555407568996762,6.776234920231319e-05,0.3146007779267477,0.007893523887734,1.287721390295003,0.0271300031381625,0.0,0.0,0.0,0.0,0.0,0.0
43,2,-0.083902187220396,0.0221250307247471,0.0343677686094261,-0.1394429441200723,0.0220572683755448,-0.2802330093173216,0.0555407568996762,6.776234920231319e-05,0.3146007779267477,0.007893523887734,1.287721390295003,0.0271300031381625,0.0,0.0,0.0,0.0,0.0,0.0
43,3,-0.20029889497781,0.0506821402149293,0.0283429929941528,-0.2558396518774862,0.050614377865727,-0.2862577849325948,0.0555407568996762,6.776234920231319e-05,0.3146007779267477,0.007893523887734,1.287721390295003,0.0271300031381625,0.0,0.0,0.0,0.0,0.0,0.0
43,4,0.0643003907578741,-0.083505831719866,0.093493303236641,0.0087596338581979,-0.0835735940690684,-0.2211074746901067,0.0555407568996762,6.776234920231319e-05,0.3146007779267477,0.007893523887734,1.287721390295003,0.0271300031381625,0.0,0.0,0.0,0.0,0.0,0.0
43,5,0.1677310828595359,-0.0976655240148239,0.2147434374460392,0.1121903259598597,-0.0977332863640262,-0.0998573404807084,0.0555407568996762,6.776234920231319e-05,0.3146007779267477,0.007893523887734,1.287721390295003,0.0271300031381625,0.0,0.0,0.0,0.0,0.0,0.0
43,6,0.0632568759747095,-0.1210832050580406,0.0700480598050288,0.0077161190750332,-0.1211509674072429,-0.2445527181217189,0.0555407568996762,6.776234920231319e-05,0.3146007779267477,0.007893523887734,1.287721390295003,0.0271300031381625,0.0,0.0,0.0,0.0,0.0,0.0
43,7,0.144400550648651,-0.1919529572698305,0.0624861630731799,0.0888597937489747,-0.1920207196190328,-0.2521146148535677,0.0555407568996762,6.776234920231319e-05,0.3146007779267477,0.007893523887734,1.287721390295003,0.0271300031381625,0.0,0.0,0.0,0.0,0.0,0.0
43,8,0.1036922068647358,0.0037882787222463,0.0924799070320468,0.0481514499650596,0.003720516373044,-0.2221208708947009,0.0555407568996762,6.776234920231319e-05,0.3146007779267477,0.007893523887734,1.287721390295003,0.0271300031381625,0.0,0.0,0.0,0.0,0.0,0.0
43,9,0.1524251106432502,-0.0664099555993575,0.2277474640723565,0.096884353743574,-0.0664777179485598,-0.0868533138543911,0.0555407568996762,6.776234920231319e-05,0.3146007779267477,0.007893523887734,1.287721390295003,0.0271300031381625,0.0,0.0,0.0,0.0,0.0,0.0
43,10,0.1336154487943509,0.0295029597213413,0.0765955229796618,0.0780746918946747,0.029435197372139,-0.2380052549470859,0.0555407568996762,6.776234920231319e-05,0.3146007779267477,0.007893523887734,1.287721390295003,0.0271300031381625,0.0,0.0,0.0,0.0,0.0,0.0
43,11,0.2308806227668667,-0.0173376651834925,0.0735227732410126,0.1753398658671905,-0.0174054275326948,-0.2410780046857351,0.0555407568996762,6.776234920231319e-05,0.3146007779267477,0.007893523887734,1.287721390295003,0.0271300031381625,0.0,0.0,0.0,0.0,0.0,0.0
43,12,-0.0003642525832719,-0.0014493129596628,0.1224123685661596,-0.0559050094829481,-0.0015170753088651,-0.192188409360588,0.0555407568996762,6.776234920231319e-05,0.3146007779267477,0.007893523887734,1.287721390295003,0.0271300031381625,0.0,0.0,0.0,0.0,0.0,0.0
43,13,0.1024442005700156,-0.0075931873399931,0.2820766249547839,0.0469034436703393,-0.0076609496891954,-0.0325241529719638,0.0555407568996762,6.776234920231319e-05,0.3146007779267477,0.007893523887734,1.287721390295003,0.0271300031381625,0.0,0.0,0.0,0.0,0.0,0.0
43,14,0.1242202835766621,-0.0510670613276654,0.4822211339712935,0.0686795266769858,-0.0511348236768677,0.1676203560445457,0.0555407568996762,6.776234920231319e-05,0.3146007779267477,0.007893523887734,1.287721390295003,0.0271300031381625,0.0,0.0,0.0,0.0,0.0,0.0
43,15,0.1451958067379911,-0.1139391790174811,0.5270477347681928,0.0896550498383148,-0.1140069413666834,0.212446956841445,0.0555407568996762,6.776234920231319e-05,0.3146007779267477,0.007893523887734,1.287721390295003,0.0271300031381625,0.0,0.0,0.0,0.0,0.0,0.0
43,16,0.1671050753724562,-0.1802561108489079,0.3920438514888251,0.11156431847278,-0.1803238731981102,0.0774430735620773,0.0555407568996762,6.776234920231319e-05,0.3146007779267477,0.007893523887734,1.287721390295003,0.0271300031381625,0.0,0.0,0.0,0.0,0.0,0.0
43,17,0.2991872851414466,-0.1685337429530939,0.5107909607334788,0.2436465282417704,-0.1686015053022962,0.1961901828067311,0.0555407568996762,6.776234920231319e-05,0.3146007779267477,0.007893523887734,1.287721390295003,0.0271300031381625,0.0,0.0,0.0,0.0,0.0,0.0
43,18,0.3662716650549531,-0.1538762271932743,0.4891381733030646,0.3107309081552769,-0.1539439895424766,0.1745373953763168,0.0555407568996762,6.776234920231319e-05,0.3146007779267477,0.007893523887734,1.287721390295003,0.0271300031381625,0.0,0.0,0.0,0.0,0.0,0.0
43,19,0.155576038565371,0.0288852492641249,0.477699556775862,0.1000352816656948,0.0288174869149226,0.1630987788491143,0.0555407568996762,6.776234920231319e-05,0.3146007779267477,0.007893523887734,1.287721390295003,0.0271300031381625,0.0,0.0,0.0,0.0,0.0,0.0
43,20,0.2132418065740635,0.0566758631737274,0.5256822721910303,0.1577010496743873,0.0566081008245251,0.2110814942642825,0.0555407568996762,6.776234920231319e-05,0.3146007779267477,0.007893523887734,1.287721390295003,0.0271300031381625,0.0,0.0,0.0,0.0,0.0,0.0
43,21,0.2797498992350831,0.0611128813850562,0.3890770509141205,0.2242091423354069,0.0610451190358539,0.0744762729873728,0.0555407568996762,6.776234920231319e-05,0.3146007779267477,0.007893523887734,1.287721390295003,0.0271300031381625,0.0,0.0,0.0,0.0,0.0,0.0
43,22,0.3675136085600675,-0.0157745379853403,0.5235012156631429,0.3119728516603913,-0.0158423003345426,0.2089004377363951,0.0555407568996762,6.776234920231319e-05,0.3146007779267477,0.007893523887734,1.287721390295003,0.0271300031381625,0.0,0.0,0.0,0.0,0.0,0.0
43,23,0.426845435889144,-0.0461276841819097,0.4962538161195133,0.3713046789894677,-0.0461954465311121,0.1816530381927656,0.0555407568996762,6.776234920231319e-05,0.3146007779267477,0.007893523887734,1.287721390295003,0.0271300031381625,0.0,0.0,0.0,0.0,0.0,0.0
43,24,0.1114457663826244,0.0015848376580674,0.5067891872873358,0.0559050094829481,0.0015170753088651,0.192188409360588,0.0555407568996762,6.776234920231319e-05,0.3146007779267477,0.007893523887734,1.287721390295003,0.0271300031381625,0.0,0.0,0.0,0.0,0.0,0.0
43,25,0.0962134978220782,0.0007598879757845,0.6459559677910306,0.040672740922402,0.0006921256265822,0.3313551898642828,0.0555407568996762,6.776234920231319e-05,0.3146007779267477,0.007893523887734,1.287721390295003,0.0271300031381625,0.0,0.0,0.0,0.0,0.0,0.0
43,26,0.1386875770150004,-0.0784209353817797,0.7902693414241211,0.0831468201153242,-0.078488697730982,0.4756685634973733,0.0555407568996762,6.776234920231319e-05,0.3146007779267477,0.007893523887734,1.287721390295003,0.0271300031381625,0.0,0.0,0.0,0.0,0.0,0.0
44,0,-0.0003642525832719,-0.0014493129596628,0.1224123685661596,-0.0559050094829481,-0.0015170753088651,-0.192188409360588,0.0555407568996762,6.776234920231319e-05,0.3146007779267477,0.007893523887734,1.287721390295003,0.0271300031381625,0.0,0.0,0.0,0.0,0.0,0.0
44,1,0.027227254002736,-0.0146149452378418,0.0608332453687273,-0.0283135028969401,-0.0146827075870441,-0.2537675325580203,0.0555407568996762,6.776234920231319e-05,0.3146007779267477,0.007893523887734,1.287721390295003,0.0271300031381625,0.0,0.0,0.0,0.0,0.0,0.0
44,2,-0.083902187220396,0.0221250307247471,0.0343677686094261,-0.1394429441200723,0.0220572683755448,-0.2802330093173216,0.0555407568996762,6.776234920231319e-05,0.3146007779267477,0.007893523887734,1.287721390295003,0.0271300031381625,0.0,0.0,0.0,0.0,0.0,0.0
44,3,-0.20029889497781,0.0506821402149293,0.0283429929941528,-0.2558396518774862,0.050614377865727,-0.2862577849325948,0.0555407568996762,6.776234920231319e-05,0.3146007779267477,0.007893523887734,1.287721390295003,0.0271300031381625,0.0,0.0,0.0,0.0,0.0,0.0
44,4,0.0643003907578741,-0.083505831719866,0.093493303236641,0.0087596338581979,-0.0835735940690684,-0.2211074746901067,0.0555407568996762,6.776234920231319e-05,0.3146007779267477,0.007893523887734,1.287721390295003,0.0271300031381625,0.0,0.0,0.0,0.0,0.0,0.0
44,5,0.1677310828595359,-0.0976655240148239,0.2147434374460392,0.1121903259598597,-0.0977332863640262,-0.0998573404807084,0.0555407568996762,6.776234920231319e-05,0.3146007779267477,0.007893523887734,1.287721390295003,0.0271300031381625,0.0,0.0,0.0,0.0,0.0,0.0
44,6,0.0632568759747095,-0.1210832050580406,0.0700480598050288,0.0077161190750332,-0.1211509674072429,-0.2445527181217189,0.0555407568996762,6.776234920231319e-05,0.3146007779267477,0.007893523887734,1.287721390295003,0.0271300031381625,0.0,0.0,0.0,0.0,0.0,0.0
44,7,0.144400550648651,-0.1919529572698305,0.0624861630731799,0.0888597937489747,-0.1920207196190328,-0.2521146148535677,0.0555407568996762,6.776234920231319e-05,0.3146007779267477,0.007893523887734,1.287721390295003,0.0271300031381625,0.0,0.0,0.0,0.0,0.0,0.0
44,8,0.1036922068647358,0.0037882787222463,0.0924799070320468,0.0481514499650596,0.003720516373044,-0.2221208708947009,0.0555407568996762,6.776234920231319e-05,0.3146007779267477,0.007893523887734,1.287721390295003,0.0271300031381625,0.0,0.0,0.0,0.0,0.0,0.0
44,9,0.1524251106432502,-0.0664099555993575,0.2277474640723565,0.096884353743574,-0.0664777179485598,-0.0868533138543911,0.0555407568996762,6.776234920231319e-05,0.3146007779267477,0.007893523887734,1.287721390295003,0.0271300031381625,0.0,0.0,0.0,0.0,0.0,0.0
44,10,0.1336154487943509,0.0295029597213413,0.0765955229796618,0.0780746918946747,0.029435197372139,-0.2380052549470859,0.0555407568996762,6.776234920231319e-05,0.3146007779267477,0.007893523887734,1.287721390295003,0.0271300031381625,0.0,0.0,0.0,0.0,0.0,0.0
44,11,0.2308806227668667,-0.0173376651834925,0.0735227732410126,0.1753398658671905,-0.0174054275326948,-0.2410780046857351,0.0555407568996762,6.776234920231319e-05,0.3146007779267477,0.007893523887734,1.287721390295003,0.0271300031381625,0.0,0.0,0.0,0.0,0.0,0.0
44,12,-0.0003642525832719,-0.0014493129596628,0.1224123685661596,-0.0559050094829481,-0.0015170753088651,-0.192188409360588,0.0555407568996762,6.776234920231319e-05,0.3146007779267477,0.007893523887734,1.287721390295003,0.0271300031381625,0.0,0.0,0.0,0.0,0.0,0.0
44,13,0.1024442005700156,-0.0075931873399931,0.2820766249547839,0.0469034436703393,-0.0076609496891954,-0.0325241529719638,0.0555407568996762,6.776234920231319e-05,0.3146007779267477,0.007893523887734,1.287721390295003,0.0271300031381625,0.0,0.0,0.0,0.0,0.0,0.0
44,14,0.1242202835766621,-0.0510670613276654,0.4822211339712935,0.0686795266769858,-0.0511348236768677,0.1676203560445457,0.0555407568996762,6.776234920231319e-05,0.3146007779267477,0.007893523887734,1.287721390295003,0.0271300031381625,0.0,0.0,0.0,0.0,0.0,0.0
44,15,0.1451958067379911,-0.1139391790174811,0.5270477347681928,0.0896550498383148,-0.1140069413666834,0.212446956841445,0.0555407568996762,6.776234920231319e-05,0.3146007779267477,0.007893523887734,1.287721390295003,0.0271300031381625,0.0,0.0,0.0,0.0,0.0,0.0
44,16,0.1671050753724562,-0.1802561108489079,0.3920438514888251,0.11156431847278,-0.1803238731981102,0.0774430735620773,0.0555407568996762,6.776234920231319e-05,0.3146007779267477,0.007893523887734,1.287721390295003,0.0271300031381625,0.0,0.0,0.0,0.0,0.0,0.0
44,17,0.2991872851414466,-0.1685337429530939,0.5107909607334788,0.2436465282417704,-0.1686015053022962,0.1961901828067311,0.0555407568996762,6.776234920231319e-05,0.3146007779267477,0.007893523887734,1.287721390295003,0.0271300031381625,0.0,0.0,0.0,0.0,0.0,0.0
44,18,0.3662716650549531,-0.1538762271932743,0.4891381733030646,0.3107309081552769,-0.1539439895424766,0.1745373953763168,0.0555407568996762,6.776234920231319e-05,0.3146007779267477,0.007893523887734,1.287721390295003,0.0271300031381625,0.0,0.0,0.0,0.0,0.0,0.0
44,19,0.155576038565371,0.0288852492641249,0.477699556775862,0.1000352816656948,0.0288174869149226,0.1630987788491143,0.0555407568996762,6.776234920231319e-05,0.3146007779267477,0.007893523887734,1.287721390295003,0.0271300031381625,0.0,0.0,0.0,0.0,0.0,0.0
44,20,0.2132418065740635,0.0566758631737274,0.5256822721910303,0.1577010496743873,0.0566081008245251,0.2110814942642825,0.0555407568996762,6.776234920231319e-05,0.3146007779267477,0.007893523887734,1.287721390295003,0.0271300031381625,0.0,0.0,0.0,0.0,0.0,0.0
44,21,0.2797498992350831,0.0611128813850562,0.3890770509141205,0.2242091423354069,0.0610451190358539,0.0744762729873728,0.0555407568996762,6.776234920231319e-05,0.3146007779267477,0.007893523887734,1.287721390295003,0.0271300031381625,0.0,0.0,0.0,0.0,0.0,0.0
44,22,0.3675136085600675,-0.0157745379853403,0.5235012156631429,0.3119728516603913,-0.0158423003345426,0.2089004377363951,0.0555407568996762,6.776234920231319e-05,0.3146007779267477,0.007893523887734,1.287721390295003,0.0271300031381625,0.0,0.0,0.0,0.0,0.0,0.0
44,23,0.426845435889144,-0.0461276841819097,0.4962538161195133,0.3713046789894677,-0.0461954465311121,0.1816530381927656,0.0555407568996762,6.776234920231319e-05,0.3146007779267477,0.007893523887734,1.287721390295003,0.0271300031381625,0.0,0.0,0.0,0.0,0.0,0.0
44,24,0.1114457663826244,0.0015848376580674,0.5067891872873358,0.0559050094829481,0.0015170753088651,0.192188409360588,0.0555407568996762,6.776234920231319e-05,0.3146007779267477,0.007893523887734,1.287721390295003,0.0271300031381625,0.0,0.0,0.0,0.0,0.0,0.0
44,25,0.0962134978220782,0.0007598879757845,0.6459559677910306,0.040672740922402,0.0006921256265822,0.3313551898642828,0.0555407568996762,6.776234920231319e-05,0.3146007779267477,0.007893523887734,1.287721390295003,0.0271300031381625,0.0,0.0,0.0,0.0,0.0,0.0
44,26,0.1386875770150004,-0.0784209353817797,0.7902693414241211,0.0831468201153242,-0.078488697730982,0.4756685634973733,0.0555407568996762,6.776234920231319e-05,0.3146007779267477,0.007893523887734,1.287721390295003,0.0271300031381625,0.0,0.0,0.0,0.0,0.0,0.0
45,0,-0.0003642525832719,-0.0014493129596628,0.1224123685661596,-0.0559050094829481,-0.0015170753088651,-0.192188409360588,0.0555407568996762,6.776234920231319e-05,0.3146007779267477,0.007893523887734,1.287721390295003,0.0271300031381625,0.0,0.0,0.0,0.0,0.0,0.0
45,1,0.027227254002736,-0.0146149452378418,0.0608332453687273,-0.0283135028969401,-0.0146827075870441,-0.2537675325580203,0.0555407568996762,6.776234920231319e-05,0.3146007779267477,0.007893523887734,1.287721390295003,0.0271300031381625,0.0,0.0,0.0,0.0,0.0,0.0
45,2,-0.083902187220396,0.0221250307247471,0.0343677686094261,-0.1394429441200723,0.0220572683755448,-0.2802330093173216,0.0555407568996762,6.776234920231319e-05,0.3146007779267477,0.007893523887734,1.287721390295003,0.0271300031381625,0.0,0.0,0.0,0.0,0.0,0.0
45,3,-0.20029889497781,0.0506821402149293,0.0283429929941528,-0.2558396518774862,0.050614377865727,-0.2862577849325948,0.0555407568996762,6.776234920231319e-05,0.3146007779267477,0.007893523887734,1.287721390295003,0.0271300031381625,0.0,0.0,0.0,0.0,0.0,0.0
45,4,0.0643003907578741,-0.083505831719866,0.093493303236641,0.0087596338581979,-0.0835735940690684,-0.2211074746901067,0.0555407568996762,6.776234920231319e-05,0.3146007779267477,0.007893523887734,1.287721390295003,0.0271300031381625,0.0,0.0,0.0,0.0,0.0,0.0
45,5,0.1677310828595359,-0.0976655240148239,0.2147434374460392,0.1121903259598597,-0.0977332863640262,-0.0998573404807084,0.0555407568996762,6.776234920231319e-05,0.3146007779267477,0.007893523887734,1.287721390295003,0.0271300031381625,0.0,0.0,0.0,0.0,0.0,0.0
45,6,0.0632568759747095,-0.1210832050580406,0.0700480598050288,0.0077161190750332,-0.1211509674072429,-0.2445527181217189,0.0555407568996762,6.776234920231319e-05,0.3146007779267477,0.007893523887734,1.287721390295003,0.0271300031381625,0.0,0.0,0.0,0.0,0.0,0.0
45,7,0.144400550648651,-0.1919529572698305,0.0624861630731799,0.0888597937489747,-0.1920207196190328,-0.2521146148535677,0.0555407568996762,6.776234920231319e-05,0.3146007779267477,0.007893523887734,1.287721390295003,0.0271300031381625,0.0,0.0,0.0,0.0,0.0,0.0
45,8,0.1036922068647358,0.0037882787222463,0.0924799070320468,0.0481514499650596,0.003720516373044,-0.2221208708947009,0.0555407568996762,6.776234920231319e-05,0.3146007779267477,0.007893523887734,1.287721390295003,0.0271300031381625,0.0,0.0,0.0,0.0,0.0,0.0
45,9,0.1524251106432502,-0.0664099555993575,0.2277474640723565,0.096884353743574,-0.0664777179485598,-0.0868533138543911,0.0555407568996762,6.776234920231319e-05,0.3146007779267477,0.007893523887734,1.287721390295003,0.0271300031381625,0.0,0.0,0.0,0.0,0.0,0.0
45,10,0.1336154487943509,0.0295029597213413,0.0765955229796618,0.0780746918946747,0.029435197372139,-0.2380052549470859,0.0555407568996762,6.776234920231319e-05,0.3146007779267477,0.007893523887734,1.287721390295003,0.0271300031381625,0.0,0.0,0.0,0.0,0.0,0.0
45,11,0.2308806227668667,-0.0173376651834925,0.0735227732410126,0.1753398658671905,-0.0174054275326948,-0.2410780046857351,0.0555407568996762,6.776234920231319e-05,0.3146007779267477,0.007893523887734,1.287721390295003,0.0271300031381625,0.0,0.0,0.0,0.0,0.0,0.0
45,12,-0.0003642525832719,-0.0014493129596628,0.1224123685661596,-0.0559050094829481,-0.0015170753088651,-0.192188409360588,0.0555407568996762,6.776234920231319e-05,0.3146007779267477,0.007893523887734,1.287721390295003,0.0271300031381625,0.0,0.0,0.0,0.0,0.0,0.0
45,13,0.1024442005700156,-0.0075931873399931,0.2820766249547839,0.0469034436703393,-0.0076609496891954,-0.0325241529719638,0.0555407568996762,6.776234920231319e-05,0.3146007779267477,0.007893523887734,1.287721390295003,0.0271300031381625,0.0,0.0,0.0,0.0,0.0,0.0
45,14,0.1242202835766621,-0.0510670613276654,0.4822211339712935,0.0686795266769858,-0.0511348236768677,0.1676203560445457,0.0555407568996762,6.776234920231319e-05,0.3146007779267477,0.007893523887734,1.287721390295003,0.0271300031381625,0.0,0.0,0.0,0.0,0.0,0.0
45,15,0.1451958067379911,-0.1139391790174811,0.5270477347681928,0.0896550498383148,-0.1140069413666834,0.212446956841445,0.0555407568996762,6.776234920231319e-05,0.3146007779267477,0.007893523887734,1.287721390295003,0.0271300031381625,0.0,0.0,0.0,0.0,0.0,0.0
45,16,0.1671050753724562,-0.1802561108489079,0.3920438514888251,0.11156431847278,-0.1803238731981102,0.0774430735620773,0.0555407568996762,6.776234920231319e-05,0.3146007779267477,0.007893523887734,1.287721390295003,0.0271300031381625,0.0,0.0,0.0,0.0,0.0,0.0
45,17,0.2991872851414466,-0.1685337429530939,0.5107909607334788,0.2436465282417704,-0.1686015053022962,0.1961901828067311,0.0555407568996762,6.776234920231319e-05,0.3146007779267477,0.007893523887734,1.287721390295003,0.0271300031381625,0.0,0.0,0.0,0.0,0.0,0.0
45,18,0.3662716650549531,-0.1538762271932743,0.4891381733030646,0.3107309081552769,-0.1539439895424766,0.1745373953763168,0.0555407568996762,6.776234920231319e-05,0.3146007779267477,0.007893523887734,1.287721390295003,0.0271300031381625,0.0,0.0,0.0,0.0,0.0,0.0
45,19,0.155576038565371,0.0288852492641249,0.477699556775862,0.1000352816656948,0.0288174869149226,0.1630987788491143,0.0555407568996762,6.776234920231319e-05,0.3146007779267477,0.007893523887734,1.287721390295003,0.0271300031381625,0.0,0.0,0.0,0.0,0.0,0.0
45,20,0.2132418065740635,0.0566758631737274,0.5256822721910303,0.1577010496743873,0.0566081008245251,0.2110814942642825,0.0555407568996762,6.776234920231319e-05,0.3146007779267477,0.007893523887734,1.287721390295003,0.0271300031381625,0.0,0.0,0.0,0.0,0.0,0.0
45,21,0.2797498992350831,0.0611128813850562,0.3890770509141205,0.2242091423354069,0.0610451190358539,0.0744762729873728,0.0555407568996762,6.776234920231319e-05,0.3146007779267477,0.007893523887734,1.287721390295003,0.0271300031381625,0.0,0.0,0.0,0.0,0.0,0.0
45,22,0.3675136085600675,-0.0157745379853403,0.5235012156631429,0.3119728516603913,-0.0158423003345426,0.2089004377363951,0.0555407568996762,6.776234920231319e-05,0.3146007779267477,0.007893523887734,1.287721390295003,0.0271300031381625,0.0,0.0,0.0,0.0,0.0,0.0
45,23,0.426845435889144,-0.0461276841819097,0.4962538161195133,0.3713046789894677,-0.0461954465311121,0.1816530381927656,0.0555407568996762,6.776234920231319e-05,0.3146007779267477,0.007893523887734,1.287721390295003,0.0271300031381625,0.0,0.0,0.0,0.0,0.0,0.0
45,24,0.1114457663826244,0.0015848376580674,0.5067891872873358,0.0559050094829481,0.0015170753088651,0.192188409360588,0.0555407568996762,6.776234920231319e-05,0.3146007779267477,0.007893523887734,1.287721390295003,0.0271300031381625,0.0,0.0,0.0,0.0,0.0,0.0
45,25,0.0962134978220782,0.0007598879757845,0.6459559677910306,0.040672740922402,0.0006921256265822,0.3313551898642828,0.0555407568996762,6.776234920231319e-05,0.3146007779267477,0.007893523887734,1.287721390295003,0.0271300031381625,0.0,0.0,0.0,0.0,0.0,0.0
45,26,0.1386875770150004,-0.0784209353817797,0.7902693414241211,0.0831468201153242,-0.078488697730982,0.4756685634973733,0.0555407568996762,6.776234920231319e-05,0.3146007779267477,0.007893523887734,1.287721390295003,0.0271300031381625,0.0,0.0,0.0,0.0,0.0,0.0
46,0,-0.0003642525832719,-0.0014493129596628,0.1224123685661596,-0.0559050094829481,-0.0015170753088651,-0.192188409360588,0.0555407568996762,6.776234920231319e-05,0.3146007779267477,0.007893523887734,1.287721390295003,0.0271300031381625,0.0,0.0,0.0,0.0,0.0,0.0
46,1,0.027227254002736,-0.0146149452378418,0.0608332453687273,-0.0283135028969401,-0.0146827075870441,-0.2537675325580203,0.0555407568996762,6.776234920231319e-05,0.3146007779267477,0.007893523887734,1.287721390295003,0.0271300031381625,0.0,0.0,0.0,0.0,0.0,0.0
46,2,-0.083902187220396,0.0221250307247471,0.0343677686094261,-0.1394429441200723,0.0220572683755448,-0.2802330093173216,0.0555407568996762,6.776234920231319e-05,0.3146007779267477,0.007893523887734,1.287721390295003,0.0271300031381625,0.0,0.0,0.0,0.0,0.0,0.0
46,3,-0.20029889497781,0.0506821402149293,0.0283429929941528,-0.2558396518774862,0.050614377865727,-0.2862577849325948,0.0555407568996762,6.776234920231319e-05,0.3146007779267477,0.007893523887734,1.287721390295003,0.0271300031381625,0.0,0.0,0.0,0.0,0.0,0.0
46,4,0.0643003907578741,-0.083505831719866,0.093493303236641,0.0087596338581979,-0.0835735940690684,-0.2211074746901067,0.0555407568996762,6.776234920231319e-05,0.3146007779267477,0.007893523887734,1.287721390295003,0.0271300031381625,0.0,0.0,0.0,0.0,0.0,0.0
46,5,0.1677310828595359,-0.0976655240148239,0.2147434374460392,0.1121903259598597,-0.0977332863640262,-0.0998573404807084,0.0555407568996762,6.776234920231319e-05,0.3146007779267477,0.007893523887734,1.287721390295003,0.0271300031381625,0.0,0.0,0.0,0.0,0.0,0.0
46,6,0.0632568759747095,-0.1210832050580406,0.0700480598050288,0.0077161190750332,-0.1211509674072429,-0.2445527181217189,0.0555407568996762,6.776234920231319e-05,0.3146007779267477,0.007893523887734,1.287721390295003,0.0271300031381625,0.0,0.0,0.0,0.0,0.0,0.0
46,7,0.144400550648651,-0.1919529572698305,0.0624861630731799,0.0888597937489747,-0.1920207196190328,-0.2521146148535677,0.0555407568996762,6.776234920231319e-05,0.3146007779267477,0.007893523887734,1.287721390295003,0.0271300031381625,0.0,0.0,0.0,0.0,0.0,0.0
46,8,0.1036922068647358,0.0037882787222463,0.0924799070320468,0.0481514499650596,0.003720516373044,-0.2221208708947009,0.0555407568996762,6.776234920231319e-05,0.3146007779267477,0.007893523887734,1.287721390295003,0.0271300031381625,0.0,0.0,0.0,0.0,0.0,0.0
46,9,0.1524251106432502,-0.0664099555993575,0.2277474640723565,0.096884353743574,-0.0664777179485598,-0.0868533138543911,0.0555407568996762,6.776234920231319e-05,0.3146007779267477,0.007893523887734,1.287721390295003,0.0271300031381625,0.0,0.0,0.0,0.0,0.0,0.0
46,10,0.1336154487943509,0.0295029597213413,0.0765955229796618,0.0780746918946747,0.029435197372139,-0.2380052549470859,0.0555407568996762,6.776234920231319e-05,0.3146007779267477,0.007893523887734,1.287721390295003,0.0271300031381625,0.0,0.0,0.0,0.0,0.0,0.0
46,11,0.2308806227668667,-0.0173376651834925,0.0735227732410126,0.1753398658671905,-0.0174054275326948,-0.2410780046857351,0.0555407568996762,6.776234920231319e-05,0.3146007779267477,0.007893523887734,1.287721390295003,0.0271300031381625,0.0,0.0,0.0,0.0,0.0,0.0
46,12,-0.0003642525832719,-0.0014493129596628,0.1224123685661596,-0.0559050094829481,-0.0015170753088651,-0.192188409360588,0.0555407568996762,6.776234920231319e-05,0.3146007779267477,0.007893523887734,1.287721390295003,0.0271300031381625,0.0,0.0,0.0,0.0,0.0,0.0
46,13,0.1024442005700156,-0.0075931873399931,0.2820766249547839,0.0469034436703393,-0.0076609496891954,-0.0325241529719638,0.0555407568996762,6.776234920231319e-05,0.3146007779267477,0.007893523887734,1.287721390295003,0.0271300031381625,0.0,0.0,0.0,0.0,0.0,0.0
46,14,0.1242202835766621,-0.0510670613276654,0.4822211339712935,0.0686795266769858,-0.0511348236768677,0.1676203560445457,0.0555407568996762,6.776234920231319e-05,0.3146007779267477,0.007893523887734,1.287721390295003,0.0271300031381625,0.0,0.0,0.0,0.0,0.0,0.0
46,15,0.1451958067379911,-0.1139391790174811,0.5270477347681928,0.0896550498383148,-0.1140069413666834,0.212446956841445,0.0555407568996762,6.776234920231319e-05,0.3146007779267477,0.007893523887734,1.287721390295003,0.0271300031381625,0.0,0.0,0.0,0.0,0.0,0.0
46,16,0.1671050753724562,-0.1802561108489079,0.3920438514888251,0.11156431847278,-0.1803238731981102,0.0774430735620773,0.0555407568996762,6.776234920231319e-05,0.3146007779267477,0.007893523887734,1.287721390295003,0.0271300031381625,0.0,0.0,0.0,0.0,0.0,0.0
46,17,0.2991872851414466,-0.1685337429530939,0.5107909607334788,0.2436465282417704,-0.1686015053022962,0.1961901828067311,0.0555407568996762,6.776234920231319e-05,0.3146007779267477,0.007893523887734,1.287721390295003,0.0271300031381625,0.0,0.0,0.0,0.0,0.0,0.0
46,18,0.3662716650549531,-0.1538762271932743,0.4891381733030646,0.3107309081552769,-0.1539439895424766,0.1745373953763168,0.0555407568996762,6.776234920231319e-05,0.3146007779267477,0.007893523887734,1.287721390295003,0.0271300031381625,0.0,0.0,0.0,0.0,0.0,0.0
46,19,0.155576038565371,0.0288852492641249,0.477699556775862,0.1000352816656948,0.0288174869149226,0.1630987788491143,0.0555407568996762,6.776234920231319e-05,0.3146007779267477,0.007893523887734,1.287721390295003,0.0271300031381625,0.0,0.0,0.0,0.0,0.0,0.0
46,20,0.2132418065740635,0.0566758631737274,0.5256822721910303,0.1577010496743873,0.0566081008245251,0.2110814942642825,0.0555407568996762,6.776234920231319e-05,0.3146007779267477,0.007893523887734,1.287721390295003,0.0271300031381625,0.0,0.0,0.0,0.0,0.0,0.0
46,21,0.2797498992350831,0.0611128813850562,0.3890770509141205,0.2242091423354069,0.0610451190358539,0.0744762729873728,0.0555407568996762,6.776234920231319e-05,0.3146007779267477,0.007893523887734,1.287721390295003,0.0271300031381625,0.0,0.0,0.0,0.0,0.0,0.0
46,22,0.3675136085600675,-0.0157745379853403,0.5235012156631429,0.3119728516603913,-0.0158423003345426,0.2089004377363951,0.0555407568996762,6.776234920231319e-05,0.3146007779267477,0.007893523887734,1.287721390295003,0.0271300031381625,0.0,0.0,0.0,0.0,0.0,0.0
46,23,0.426845435889144,-0.0461276841819097,0.4962538161195133,0.3713046789894677,-0.0461954465311121,0.1816530381927656,0.0555407568996762,6.776234920231319e-05,0.3146007779267477,0.007893523887734,1.287721390295003,0.0271300031381625,0.0,0.0,0.0,0.0,0.0,0.0
46,24,0.1114457663826244,0.0015848376580674,0.5067891872873358,0.0559050094829481,0.0015170753088651,0.192188409360588,0.0555407568996762,6.776234920231319e-05,0.3146007779267477,0.007893523887734,1.287721390295003,0.0271300031381625,0.0,0.0,0.0,0.0,0.0,0.0
46,25,0.0962134978220782,0.0007598879757845,0.6459559677910306,0.040672740922402,0.0006921256265822,0.3313551898642828,0.0555407568996762,6.776234920231319e-05,0.3146007779267477,0.007893523887734,1.287721390295003,0.0271300031381625,0.0,0.0,0.0,0.0,0.0,0.0
46,26,0.1386875770150004,-0.0784209353817797,0.7902693414241211,0.0831468201153242,-0.078488697730982,0.4756685634973733,0.0555407568996762,6.776234920231319e-05,0.3146007779267477,0.007893523887734,1.287721390295003,0.0271300031381625,0.0,0.0,0.0,0.0,0.0,0.0
47,0,-0.0003642525832719,-0.0014493129596628,0.1224123685661596,-0.0559050094829481,-0.0015170753088651,-0.192188409360588,0.0555407568996762,6.776234920231319e-05,0.3146007779267477,0.007893523887734,1.287721390295003,0.0271300031381625,0.0,0.0,0.0,0.0,0.0,0.0
47,1,0.027227254002736,-0.0146149452378418,0.0608332453687273,-0.0283135028969401,-0.0146827075870441,-0.2537675325580203,0.0555407568996762,6.776234920231319e-05,0.3146007779267477,0.007893523887734,1.287721390295003,0.0271300031381625,0.0,0.0,0.0,0.0,0.0,0.0
47,2,-0.083902187220396,0.0221250307247471,0.0343677686094261,-0.1394429441200723,0.0220572683755448,-0.2802330093173216,0.0555407568996762,6.776234920231319e-05,0.3146007779267477,0.007893523887734,1.287721390295003,0.0271300031381625,0.0,0.0,0.0,0.0,0.0,0.0
47,3,-0.20029889497781,0.0506821402149293,0.0283429929941528,-0.2558396518774862,0.050614377865727,-0.2862577849325948,0.0555407568996762,6.776234920231319e-05,0.3146007779267477,0.007893523887734,1.287721390295003,0.0271300031381625,0.0,0.0,0.0,0.0,0.0,0.0
47,4,0.0643003907578741,-0.083505831719866,0.093493303236641,0.0087596338581979,-0.0835735940690684,-0.2211074746901067,0.0555407568996762,6.776234920231319e-05,0.3146007779267477,0.007893523887734,1.287721390295003,0.0271300031381625,0.0,0.0,0.0,0.0,0.0,0.0
47,5,0.1677310828595359,-0.0976655240148239,0.2147434374460392,0.1121903259598597,-0.0977332863640262,-0.0998573404807084,0.0555407568996762,6.776234920231319e-05,0.3146007779267477,0.007893523887734,1.287721390295003,0.0271300031381625,0.0,0.0,0.0,0.0,0.0,0.0
47,6,0.0632568759747095,-0.1210832050580406,0.0700480598050288,0.0077161190750332,-0.1211509674072429,-0.2445527181217189,0.0555407568996762,6.776234920231319e-05,0.3146007779267477,0.007893523887734,1.287721390295003,0.0271300031381625,0.0,0.0,0.0,0.0,0.0,0.0
47,7,0.144400550648651,-0.1919529572698305,0.0624861630731799,0.0888597937489747,-0.1920207196190328,-0.2521146148535677,0.0555407568996762,6.776234920231319e-05,0.3146007779267477,0.007893523887734,1.287721390295003,0.0271300031381625,0.0,0.0,0.0,0.0,0.0,0.0
47,8,0.1036922068647358,0.0037882787222463,0.0924799070320468,0.0481514499650596,0.003720516373044,-0.2221208708947009,0.0555407568996762,6.776234920231319e-05,0.3146007779267477,0.007893523887734,1.287721390295003,0.0271300031381625,0.0,0.0,0.0,0.0,0.0,0.0
47,9,0.1524251106432502,-0.0664099555993575,0.2277474640723565,0.096884353743574,-0.0664777179485598,-0.0868533138543911,0.0555407568996762,6.776234920231319e-05,0.3146007779267477,0.007893523887734,1.287721390295003,0.0271300031381625,0.0,0.0,0.0,0.0,0.0,0.0
47,10,0.1336154487943509,0.0295029597213413,0.0765955229796618,0.0780746918946747,0.029435197372139,-0.2380052549470859,0.0555407568996762,6.776234920231319e-05,0.3146007779267477,0.007893523887734,1.287721390295003,0.0271300031381625,0.0,0.0,0.0,0.0,0.0,0.0
47,11,0.2308806227668667,-0.0173376651834925,0.0735227732410126,0.1753398658671905,-0.0174054275326948,-0.2410780046857351,0.0555407568996762,6.776234920231319e-05,0.3146007779267477,0.007893523887734,1.287721390295003,0.0271300031381625,0.0,0.0,0.0,0.0,0.0,0.0
47,12,-0.0003642525832719,-0.0014493129596628,0.1224123685661596,-0.0559050094829481,-0.0015170753088651,-0.192188409360588,0.0555407568996762,6.776234920231319e-05,0.3146007779267477,0.007893523887734,1.287721390295003,0.0271300031381625,0.0,0.0,0.0,0.0,0.0,0.0
47,13,0.1024442005700156,-0.0075931873399931,0.2820766249547839,0.0469034436703393,-0.0076609496891954,-0.0325241529719638,0.0555407568996762,6.776234920231319e-05,0.3146007779267477,0.007893523887734,1.287721390295003,0.0271300031381625,0.0,0.0,0.0,0.0,0.0,0.0
47,14,0.1242202835766621,-0.0510670613276654,0.4822211339712935,0.0686795266769858,-0.0511348236768677,0.1676203560445457,0.0555407568996762,6.776234920231319e-05,0.3146007779267477,0.007893523887734,1.287721390295003,0.0271300031381625,0.0,0.0,0.0,0.0,0.0,0.0
47,15,0.1451958067379911,-0.1139391790174811,0.5270477347681928,0.0896550498383148,-0.1140069413666834,0.212446956841445,0.0555407568996762,6.776234920231319e-05,0.3146007779267477,0.007893523887734,1.287721390295003,0.0271300031381625,0.0,0.0,0.0,0.0,0.0,0.0
47,16,0.1671050753724562,-0.1802561108489079,0.3920438514888251,0.11156431847278,-0.1803238731981102,0.0774430735620773,0.0555407568996762,6.776234920231319e-05,0.3146007779267477,0.007893523887734,1.287721390295003,0.0271300031381625,0.0,0.0,0.0,0.0,0.0,0.0
47,17,0.2991872851414466,-0.1685337429530939,0.5107909607334788,0.2436465282417704,-0.1686015053022962,0.1961901828067311,0.0555407568996762,6.776234920231319e-05,0.3146007779267477,0.007893523887734,1.287721390295003,0.0271300031381625,0.0,0.0,0.0,0.0,0.0,0.0
47,18,0.3662716650549531,-0.1538762271932743,0.4891381733030646,0.3107309081552769,-0.1539439895424766,0.1745373953763168,0.0555407568996762,6.776234920231319e-05,0.3146007779267477,0.007893523887734,1.287721390295003,0.0271300031381625,0.0,0.0,0.0,0.0,0.0,0.0
47,19,0.155576038565371,0.0288852492641249,0.477699556775862,0.1000352816656948,0.0288174869149226,0.1630987788491143,0.0555407568996762,6.776234920231319e-05,0.3146007779267477,0.007893523887734,1.287721390295003,0.0271300031381625,0.0,0.0,0.0,0.0,0.0,0.0
47,20,0.2132418065740635,0.0566758631737274,0.5256822721910303,0.1577010496743873,0.0566081008245251,0.2110814942642825,0.0555407568996762,6.776234920231319e-05,0.3146007779267477,0.007893523887734,1.287721390295003,0.0271300031381625,0.0,0.0,0.0,0.0,0.0,0.0
47,21,0.2797498992350831,0.0611128813850562,0.3890770509141205,0.2242091423354069,0.0610451190358539,0.0744762729873728,0.0555407568996762,6.776234920231319e-05,0.3146007779267477,0.007893523887734,1.287721390295003,0.0271300031381625,0.0,0.0,0.0,0.0,0.0,0.0
47,22,0.3675136085600675,-0.0157745379853403,0.5235012156631429,0.3119728516603913,-0.0158423003345426,0.2089004377363951,0.0555407568996762,6.776234920231319e-05,0.3146007779267477,0.007893523887734,1.287721390295003,0.0271300031381625,0.0,0.0,0.0,0.0,0.0,0.0
47,23,0.426845435889144,-0.0461276841819097,0.4962538161195133,0.3713046789894677,-0.0461954465311121,0.1816530381927656,0.0555407568996762,6.776234920231319e-05,0.3146007779267477,0.007893523887734,1.287721390295003,0.0271300031381625,0.0,0.0,0.0,0.0,0.0,0.0
47,24,0.1114457663826244,0.0015848376580674,0.5067891872873358,0.0559050094829481,0.0015170753088651,0.192188409360588,0.0555407568996762,6.776234920231319e-05,0.3146007779267477,0.007893523887734,1.287721390295003,0.0271300031381625,0.0,0.0,0.0,0.0,0.0,0.0
47,25,0.0962134978220782,0.0007598879757845,0.6459559677910306,0.040672740922402,0.0006921256265822,0.3313551898642828,0.0555407568996762,6.776234920231319e-05,0.3146007779267477,0.007893523887734,1.287721390295003,0.0271300031381625,0.0,0.0,0.0,0.0,0.0,0.0
47,26,0.1386875770150004,-0.0784209353817797,0.7902693414241211,0.0831468201153242,-0.078488697730982,0.4756685634973733,0.0555407568996762,6.776234920231319e-05,0.3146007779267477,0.007893523887734,1.287721390295003,0.0271300031381625,0.0,0.0,0.0,0.0,0.0,0.0
48,0,-0.0003642525832719,-0.0014493129596628,0.1224123685661596,-0.0559050094829481,-0.0015170753088651,-0.192188409360588,0.0555407568996762,6.776234920231319e-05,0.3146007779267477,0.007893523887734,1.287721390295003,0.0271300031381625,0.0,0.0,0.0,0.0,0.0,0.0
48,1,0.027227254002736,-0.0146149452378418,0.0608332453687273,-0.0283135028969401,-0.0146827075870441,-0.2537675325580203,0.0555407568996762,6.776234920231319e-05,0.3146007779267477,0.007893523887734,1.287721390295003,0.0271300031381625,0.0,0.0,0.0,0.0,0.0,0.0
48,2,-0.083902187220396,0.0221250307247471,0.0343677686094261,-0.1394429441200723,0.0220572683755448,-0.2802330093173216,0.0555407568996762,6.776234920231319e-05,0.3146007779267477,0.007893523887734,1.287721390295003,0.0271300031381625,0.0,0.0,0.0,0.0,0.0,0.0
48,3,-0.20029889497781,0.0506821402149293,0.0283429929941528,-0.2558396518774862,0.050614377865727,-0.2862577849325948,0.0555407568996762,6.776234920231319e-05,0.3146007779267477,0.007893523887734,1.287721390295003,0.0271300031381625,0.0,0.0,0.0,0.0,0.0,0.0
48,4,0.0643003907578741,-0.083505831719866,0.093493303236641,0.0087596338581979,-0.0835735940690684,-0.2211074746901067,0.0555407568996762,6.776234920231319e-05,0.3146007779267477,0.007893523887734,1.287721390295003,0.0271300031381625,0.0,0.0,0.0,0.0,0.0,0.0
48,5,0.1677310828595359,-0.0976655240148239,0.2147434374460392,0.1121903259598597,-0.0977332863640262,-0.0998573404807084,0.0555407568996762,6.776234920231319e-05,0.3146007779267477,0.007893523887734,1.287721390295003,0.0271300031381625,0.0,0.0,0.0,0.0,0.0,0.0
48,6,0.0632568759747095,-0.1210832050580406,0.0700480598050288,0.0077161190750332,-0.1211509674072429,-0.2445527181217189,0.0555407568996762,6.776234920231319e-05,0.3146007779267477,0.007893523887734,1.287721390295003,0.0271300031381625,0.0,0.0,0.0,0.0,0.0,0.0
48,7,0.144400550648651,-0.1919529572698305,0.0624861630731799,0.0888597937489747,-0.1920207196190328,-0.2521146148535677,0.0555407568996762,6.776234920231319e-05,0.3146007779267477,0.007893523887734,1.287721390295003,0.0271300031381625,0.0,0.0,0.0,0.0,0.0,0.0
48,8,0.1036922068647358,0.0037882787222463,0.0924799070320468,0.0481514499650596,0.003720516373044,-0.2221208708947009,0.0555407568996762,6.776234920231319e-05,0.3146007779267477,0.007893523887734,1.287721390295003,0.0271300031381625,0.0,0.0,0.0,0.0,0.0,0.0
48,9,0.1524251106432502,-0.0664099555993575,0.2277474640723565,0.096884353743574,-0.0664777179485598,-0.0868533138543911,0.0555407568996762,6.776234920231319e-05,0.3146007779267477,0.007893523887734,1.287721390295003,0.0271300031381625,0.0,0.0,0.0,0.0,0.0,0.0
48,10,0.1336154487943509,0.0295029597213413,0.0765955229796618,0.0780746918946747,0.029435197372139,-0.2380052549470859,0.0555407568996762,6.776234920231319e-05,0.3146007779267477,0.007893523887734,1.287721390295003,0.0271300031381625,0.0,0.0,0.0,0.0,0.0,0.0
48,11,0.2308806227668667,-0.0173376651834925,0.0735227732410126,0.1753398658671905,-0.0174054275326948,-0.2410780046857351,0.0555407568996762,6.776234920231319e-05,0.3146007779267477,0.007893523887734,1.287721390295003,0.0271300031381625,0.0,0.0,0.0,0.0,0.0,0.0
48,12,-0.0003642525832719,-0.0014493129596628,0.1224123685661596,-0.0559050094829481,-0.0015170753088651,-0.192188409360588,0.0555407568996762,6.776234920231319e-05,0.3146007779267477,0.007893523887734,1.287721390295003,0.0271300031381625,0.0,0.0,0.0,0.0,0.0,0.0
48,13,0.1024442005700156,-0.0075931873399931,0.2820766249547839,0.0469034436703393,-0.0076609496891954,-0.0325241529719638,0.0555407568996762,6.776234920231319e-05,0.3146007779267477,0.007893523887734,1.287721390295003,0.0271300031381625,0.0,0.0,0.0,0.0,0.0,0.0
48,14,0.1242202835766621,-0.0510670613276654,0.4822211339712935,0.0686795266769858,-0.0511348236768677,0.1676203560445457,0.0555407568996762,6.776234920231319e-05,0.3146007779267477,0.007893523887734,1.287721390295003,0.0271300031381625,0.0,0.0,0.0,0.0,0.0,0.0
48,15,0.1451958067379911,-0.1139391790174811,0.5270477347681928,0.0896550498383148,-0.1140069413666834,0.212446956841445,0.0555407568996762,6.776234920231319e-05,0.3146007779267477,0.007893523887734,1.287721390295003,0.0271300031381625,0.0,0.0,0.0,0.0,0.0,0.0
48,16,0.1671050753724562,-0.1802561108489079,0.3920438514888251,0.11156431847278,-0.1803238731981102,0.0774430735620773,0.0555407568996762,6.776234920231319e-05,0.3146007779267477,0.007893523887734,1.287721390295003,0.0271300031381625,0.0,0.0,0.0,0.0,0.0,0.0
48,17,0.2991872851414466,-0.1685337429530939,0.5107909607334788,0.2436465282417704,-0.1686015053022962,0.1961901828067311,0.0555407568996762,6.776234920231319e-05,0.3146007779267477,0.007893523887734,1.287721390295003,0.0271300031381625,0.0,0.0,0.0,0.0,0.0,0.0
48,18,0.3662716650549531,-0.1538762271932743,0.4891381733030646,0.3107309081552769,-0.1539439895424766,0.1745373953763168,0.0555407568996762,6.776234920231319e-05,0.3146007779267477,0.007893523887734,1.287721390295003,0.0271300031381625,0.0,0.0,0.0,0.0,0.0,0.0
48,19,0.155576038565371,0.0288852492641249,0.477699556775862,0.1000352816656948,0.0288174869149226,0.1630987788491143,0.0555407568996762,6.776234920231319e-05,0.3146007779267477,0.007893523887734,1.287721390295003,0.0271300031381625,0.0,0.0,0.0,0.0,0.0,0.0
48,20,0.2132418065740635,0.0566758631737274,0.5256822721910303,0.1577010496743873,0.0566081008245251,0.2110814942642825,0.0555407568996762,6.776234920231319e-05,0.3146007779267477,0.007893523887734,1.287721390295003,0.0271300031381625,0.0,0.0,0.0,0.0,0.0,0.0
48,21,0.2797498992350831,0.0611128813850562,0.3890770509141205,0.2242091423354069,0.0610451190358539,0.0744762729873728,0.0555407568996762,6.776234920231319e-05,0.3146007779267477,0.007893523887734,1.287721390295003,0.0271300031381625,0.0,0.0,0.0,0.0,0.0,0.0
48,22,0.3675136085600675,-0.0157745379853403,0.5235012156631429,0.3119728516603913,-0.0158423003345426,0.2089004377363951,0.0555407568996762,6.776234920231319e-05,0.3146007779267477,0.007893523887734,1.287721390295003,0.0271300031381625,0.0,0.0,0.0,0.0,0.0,0.0
48,23,0.426845435889144,-0.0461276841819097,0.4962538161195133,0.3713046789894677,-0.0461954465311121,0.1816530381927656,0.0555407568996762,6.776234920231319e-05,0.3146007779267477,0.007893523887734,1.287721390295003,0.0271300031381625,0.0,0.0,0.0,0.0,0.0,0.0
48,24,0.1114457663826244,0.0015848376580674,0.5067891872873358,0.0559050094829481,0.0015170753088651,0.192188409360588,0.0555407568996762,6.776234920231319e-05,0.3146007779267477,0.007893523887734,1.287721390295003,0.0271300031381625,0.0,0.0,0.0,0.0,0.0,0.0
48,25,0.0962134978220782,0.0007598879757845,0.6459559677910306,0.040672740922402,0.0006921256265822,0.3313551898642828,0.0555407568996762,6.776234920231319e-05,0.3146007779267477,0.007893523887734,1.287721390295003,0.0271300031381625,0.0,0.0,0.0,0.0,0.0,0.0
48,26,0.1386875770150004,-0.0784209353817797,0.7902693414241211,0.0831468201153242,-0.078488697730982,0.4756685634973733,0.0555407568996762,6.776234920231319e-05,0.3146007779267477,0.007893523887734,1.287721390295003,0.0271300031381625,0.0,0.0,0.0,0.0,0.0,0.0
49,0,-0.0003642525832719,-0.0014493129596628,0.1224123685661596,-0.0559050094829481,-0.0015170753088651,-0.192188409360588,0.0555407568996762,6.776234920231319e-05,0.3146007779267477,0.007893523887734,1.287721390295003,0.0271300031381625,0.0,0.0,0.0,0.0,0.0,0.0
49,1,0.027227254002736,-0.0146149452378418,0.0608332453687273,-0.0283135028969401,-0.0146827075870441,-0.2537675325580203,0.0555407568996762,6.776234920231319e-05,0.3146007779267477,0.007893523887734,1.287721390295003,0.0271300031381625,0.0,0.0,0.0,0.0,0.0,0.0
49,2,-0.083902187220396,0.0221250307247471,0.0343677686094261,-0.1394429441200723,0.0220572683755448,-0.2802330093173216,0.0555407568996762,6.776234920231319e-05,0.3146007779267477,0.007893523887734,1.287721390295003,0.0271300031381625,0.0,0.0,0.0,0.0,0.0,0.0
49,3,-0.20029889497781,0.0506821402149293,0.0283429929941528,-0.2558396518774862,0.050614377865727,-0.2862577849325948,0.0555407568996762,6.776234920231319e-05,0.3146007779267477,0.007893523887734,1.287721390295003,0.0271300031381625,0.0,0.0,0.0,0.0,0.0,0.0
49,4,0.0643003907578741,-0.083505831719866,0.093493303236641,0.0087596338581979,-0.0835735940690684,-0.2211074746901067,0.0555407568996762,6.776234920231319e-05,0.3146007779267477,0.007893523887734,1.287721390295003,0.0271300031381625,0.0,0.0,0.0,0.0,0.0,0.0
49,5,0.1677310828595359,-0.0976655240148239,0.2147434374460392,0.1121903259598597,-0.0977332863640262,-0.0998573404807084,0.0555407568996762,6.776234920231319e-05,0.3146007779267477,0.007893523887734,1.287721390295003,0.0271300031381625,0.0,0.0,0.0,0.0,0.0,0.0
49,6,0.0632568759747095,-0.1210832050580406,0.0700480598050288,0.0077161190750332,-0.1211509674072429,-0.2445527181217189,0.0555407568996762,6.776234920231319e-05,0.3146007779267477,0.007893523887734,1.287721390295003,0.0271300031381625,0.0,0.0,0.0,0.0,0.0,0.0
49,7,0.144400550648651,-0.1919529572698305,0.0624861630731799,0.0888597937489747,-0.1920207196190328,-0.2521146148535677,0.0555407568996762,6.776234920231319e-05,0.3146007779267477,0.007893523887734,1.287721390295003,0.0271300031381625,0.0,0.0,0.0,0.0,0.0,0.0
49,8,0.1036922068647358,0.0037882787222463,0.0924799070320468,0.0481514499650596,0.003720516373044,-0.2221208708947009,0.0555407568996762,6.776234920231319e-05,0.3146007779267477,0.007893523887734,1.287721390295003,0.0271300031381625,0.0,0.0,0.0,0.0,0.0,0.0
49,9,0.1524251106432502,-0.0664099555993575,0.2277474640723565,0.096884353743574,-0.0664777179485598,-0.0868533138543911,0.0555407568996762,6.776234920231319e-05,0.3146007779267477,0.007893523887734,1.287721390295003,0.0271300031381625,0.0,0.0,0.0,0.0,0.0,0.0
49,10,0.1336154487943509,0.0295029597213413,0.0765955229796618,0.0780746918946747,0.029435197372139,-0.2380052549470859,0.0555407568996762,6.776234920231319e-05,0.3146007779267477,0.007893523887734,1.287721390295003,0.0271300031381625,0.0,0.0,0.0,0.0,0.0,0.0
49,11,0.2308806227668667,-0.0173376651834925,0.0735227732410126,0.1753398658671905,-0.0174054275326948,-0.2410780046857351,0.0555407568996762,6.776234920231319e-05,0.3146007779267477,0.007893523887734,1.287721390295003,0.0271300031381625,0.0,0.0,0.0,0.0,0.0,0.0
49,12,-0.0003642525832719,-0.0014493129596628,0.1224123685661596,-0.0559050094829481,-0.0015170753088651,-0.192188409360588,0.0555407568996762,6.776234920231319e-05,0.3146007779267477,0.007893523887734,1.287721390295003,0.0271300031381625,0.0,0.0,0.0,0.0,0.0,0.0
49,13,0.1024442005700156,-0.0075931873399931,0.2820766249547839,0.0469034436703393,-0.0076609496891954,-0.0325241529719638,0.0555407568996762,6.776234920231319e-05,0.3146007779267477,0.007893523887734,1.287721390295003,0.0271300031381625,0.0,0.0,0.0,0.0,0.0,0.0
49,14,0.1242202835766621,-0.0510670613276654,0.4822211339712935,0.0686795266769858,-0.0511348236768677,0.1676203560445457,0.0555407568996762,6.776234920231319e-05,0.3146007779267477,0.007893523887734,1.287721390295003,0.0271300031381625,0.0,0.0,0.0,0.0,0.0,0.0
49,15,0.1451958067379911,-0.1139391790174811,0.5270477347681928,0.0896550498383148,-0.1140069413666834,0.212446956841445,0.0555407568996762,6.776234920231319e-05,0.3146007779267477,0.007893523887734,1.287721390295003,0.0271300031381625,0.0,0.0,0.0,0.0,0.0,0.0
49,16,0.1671050753724562,-0.1802561108489079,0.3920438514888251,0.11156431847278,-0.1803238731981102,0.0774430735620773,0.0555407568996762,6.776234920231319e-05,0.3146007779267477,0.007893523887734,1.287721390295003,0.0271300031381625,0.0,0.0,0.0,0.0,0.0,0.0
49,17,0.2991872851414466,-0.1685337429530939,0.5107909607334788,0.2436465282417704,-0.1686015053022962,0.1961901828067311,0.0555407568996762,6.776234920231319e-05,0.3146007779267477,0.007893523887734,1.287721390295003,0.0271300031381625,0.0,0.0,0.0,0.0,0.0,0.0
49,18,0.3662716650549531,-0.1538762271932743,0.4891381733030646,0.3107309081552769,-0.1539439895424766,0.1745373953763168,0.0555407568996762,6.776234920231319e-05,0.3146007779267477,0.007893523887734,1.287721390295003,0.0271300031381625,0.0,0.0,0.0,0.0,0.0,0.0
49,19,0.155576038565371,0.0288852492641249,0.477699556775862,0.1000352816656948,0.0288174869149226,0.1630987788491143,0.0555407568996762,6.776234920231319e-05,0.3146007779267477,0.007893523887734,1.287721390295003,0.0271300031381625,0.0,0.0,0.0,0.0,0.0,0.0
49,20,0.2132418065740635,0.0566758631737274,0.5256822721910303,0.1577010496743873,0.0566081008245251,0.2110814942642825,0.0555407568996762,6.776234920231319e-05,0.3146007779267477,0.007893523887734,1.287721390295003,0.0271300031381625,0.0,0.0,0.0,0.0,0.0,0.0
49,21,0.2797498992350831,0.0611128813850562,0.3890770509141205,0.2242091423354069,0.0610451190358539,0.0744762729873728,0.0555407568996762,6.776234920231319e-05,0.3146007779267477,0.007893523887734,1.287721390295003,0.0271300031381625,0.0,0.0,0.0,0.0,0.0,0.0
49,22,0.3675136085600675,-0.0157745379853403,0.5235012156631429,0.3119728516603913,-0.0158423003345426,0.2089004377363951,0.0555407568996762,6.776234920231319e-05,0.3146007779267477,0.007893523887734,1.287721390295003,0.0271300031381625,0.0,0.0,0.0,0.0,0.0,0.0
49,23,0.426845435889144,-0.0461276841819097,0.4962538161195133,0.3713046789894677,-0.0461954465311121,0.1816530381927656,0.0555407568996762,6.776234920231319e-05,0.3146007779267477,0.007893523887734,1.287721390295003,0.0271300031381625,0.0,0.0,0.0,0.0,0.0,0.0
49,24,0.1114457663826244,0.0015848376580674,0.5067891872873358,0.0559050094829481,0.0015170753088651,0.192188409360588,0.0555407568996762,6.776234920231319e-05,0.3146007779267477,0.007893523887734,1.287721390295003,0.0271300031381625,0.0,0.0,0.0,0.0,0.0,0.0
49,25,0.0962134978220782,0.0007598879757845,0.6459559677910306,0.040672740922402,0.0006921256265822,0.3313551898642828,0.0555407568996762,6.776234920231319e-05,0.3146007779267477,0.007893523887734,1.287721390295003,0.0271300031381625,0.0,0.0,0.0,0.0,0.0,0.0
49,26,0.1386875770150004,-0.0784209353817797,0.7902693414241211,0.0831468201153242,-0.078488697730982,0.4756685634973733,0.0555407568996762,6.776234920231319e-05,0.3146007779267477,0.007893523887734,1.287721390295003,0.0271300031381625,0.0,0.0,0.0,0.0,0.0,0.0
50,0,-0.0003642525832719,-0.0014493129596628,0.1224123685661596,-0.0559050094829481,-0.0015170753088651,-0.192188409360588,0.0555407568996762,6.776234920231319e-05,0.3146007779267477,0.007893523887734,1.287721390295003,0.0271300031381625,0.0,0.0,0.0,0.0,0.0,0.0
50,1,0.027227254002736,-0.0146149452378418,0.0608332453687273,-0.0283135028969401,-0.0146827075870441,-0.2537675325580203,0.0555407568996762,6.776234920231319e-05,0.3146007779267477,0.007893523887734,1.287721390295003,0.0271300031381625,0.0,0.0,0.0,0.0,0.0,0.0
50,2,-0.083902187220396,0.0221250307247471,0.0343677686094261,-0.1394429441200723,0.0220572683755448,-0.2802330093173216,0.0555407568996762,6.776234920231319e-05,0.3146007779267477,0.007893523887734,1.287721390295003,0.0271300031381625,0.0,0.0,0.0,0.0,0.0,0.0
50,3,-0.20029889497781,0.0506821402149293,0.0283429929941528,-0.2558396518774862,0.050614377865727,-0.2862577849325948,0.0555407568996762,6.776234920231319e-05,0.3146007779267477,0.007893523887734,1.287721390295003,0.0271300031381625,0.0,0.0,0.0,0.0,0.0,0.0
50,4,0.0643003907578741,-0.083505831719866,0.093493303236641,0.0087596338581979,-0.0835735940690684,-0.2211074746901067,0.0555407568996762,6.776234920231319e-05,0.3146007779267477,0.007893523887734,1.287721390295003,0.0271300031381625,0.0,0.0,0.0,0.0,0.0,0.0
50,5,0.1677310828595359,-0.0976655240148239,0.2147434374460392,0.1121903259598597,-0.0977332863640262,-0.0998573404807084,0.0555407568996762,6.776234920231319e-05,0.3146007779267477,0.007893523887734,1.287721390295003,0.0271300031381625,0.0,0.0,0.0,0.0,0.0,0.0
50,6,0.0632568759747095,-0.1210832050580406,0.0700480598050288,0.0077161190750332,-0.1211509674072429,-0.2445527181217189,0.0555407568996762,6.776234920231319e-05,0.3146007779267477,0.007893523887734,1.287721390295003,0.0271300031381625,0.0,0.0,0.0,0.0,0.0,0.0
50,7,0.144400550648651,-0.1919529572698305,0.0624861630731799,0.0888597937489747,-0.1920207196190328,-0.2521146148535677,0.0555407568996762,6.776234920231319e-05,0.3146007779267477,0.007893523887734,1.287721390295003,0.0271300031381625,0.0,0.0,0.0,0.0,0.0,0.0
50,8,0.1036922068647358,0.0037882787222463,0.0924799070320468,0.0481514499650596,0.003720516373044,-0.2221208708947009,0.0555407568996762,6.776234920231319e-05,0.3146007779267477,0.007893523887734,1.287721390295003,0.0271300031381625,0.0,0.0,0.0,0.0,0.0,0.0
50,9,0.1524251106432502,-0.0664099555993575,0.2277474640723565,0.096884353743574,-0.0664777179485598,-0.0868533138543911,0.0555407568996762,6.776234920231319e-05,0.3146007779267477,0.007893523887734,1.287721390295003,0.0271300031381625,0.0,0.0,0.0,0.0,0.0,0.0
50,10,0.1336154487943509,0.0295029597213413,0.0765955229796618,0.0780746918946747,0.029435197372139,-0.2380052549470859,0.0555407568996762,6.776234920231319e-05,0.3146007779267477,0.007893523887734,1.287721390295003,0.0271300031381625,0.0,0.0,0.0,0.0,0.0,0.0
50,11,0.2308806227668667,-0.0173376651834925,0.0735227732410126,0.1753398658671905,-0.0174054275326948,-0.2410780046857351,0.0555407568996762,6.776234920231319e-05,0.3146007779267477,0.007893523887734,1.287721390295003,0.0271300031381625,0.0,0.0,0.0,0.0,0.0,0.0
50,12,-0.0003642525832719,-0.0014493129596628,0.1224123685661596,-0.0559050094829481,-0.0015170753088651,-0.192188409360588,0.0555407568996762,6.776234920231319e-05,0.3146007779267477,0.007893523887734,1.287721390295003,0.0271300031381625,0.0,0.0,0.0,0.0,0.0,0.0
50,13,0.1024442005700156,-0.0075931873399931,0.2820766249547839,0.0469034436703393,-0.0076609496891954,-0.0325241529719638,0.0555407568996762,6.776234920231319e-05,0.3146007779267477,0.007893523887734,1.287721390295003,0.0271300031381625,0.0,0.0,0.0,0.0,0.0,0.0
50,14,0.1242202835766621,-0.0510670613276654,0.4822211339712935,0.0686795266769858,-0.0511348236768677,0.1676203560445457,0.0555407568996762,6.776234920231319e-05,0.3146007779267477,0.007893523887734,1.287721390295003,0.0271300031381625,0.0,0.0,0.0,0.0,0.0,0.0
50,15,0.1451958067379911,-0.1139391790174811,0.5270477347681928,0.0896550498383148,-0.1140069413666834,0.212446956841445,0.0555407568996762,6.776234920231319e-05,0.3146007779267477,0.007893523887734,1.287721390295003,0.0271300031381625,0.0,0.0,0.0,0.0,0.0,0.0
50,16,0.1671050753724562,-0.1802561108489079,0.3920438514888251,0.11156431847278,-0.1803238731981102,0.0774430735620773,0.0555407568996762,6.776234920231319e-05,0.3146007779267477,0.007893523887734,1.287721390295003,0.0271300031381625,0.0,0.0,0.0,0.0,0.0,0.0
50,17,0.2991872851414466,-0.1685337429530939,0.5107909607334788,0.2436465282417704,-0.1686015053022962,0.1961901828067311,0.0555407568996762,6.776234920231319e-05,0.3146007779267477,0.007893523887734,1.287721390295003,0.0271300031381625,0.0,0.0,0.0,0.0,0.0,0.0
50,18,0.3662716650549531,-0.1538762271932743,0.4891381733030646,0.3107309081552769,-0.1539439895424766,0.1745373953763168,0.0555407568996762,6.776234920231319e-05,0.3146007779267477,0.007893523887734,1.287721390295003,0.0271300031381625,0.0,0.0,0.0,0.0,0.0,0.0
50,19,0.155576038565371,0.0288852492641249,0.477699556775862,0.1000352816656948,0.0288174869149226,0.1630987788491143,0.0555407568996762,6.776234920231319e-05,0.3146007779267477,0.007893523887734,1.287721390295003,0.0271300031381625,0.0,0.0,0.0,0.0,0.0,0.0
50,20,0.2132418065740635,0.0566758631737274,0.5256822721910303,0.1577010496743873,0.0566081008245251,0.2110814942642825,0.0555407568996762,6.776234920231319e-05,0.3146007779267477,0.007893523887734,1.287721390295003,0.0271300031381625,0.0,0.0,0.0,0.0,0.0,0.0
50,21,0.2797498992350831,0.0611128813850562,0.3890770509141205,0.2242091423354069,0.0610451190358539,0.0744762729873728,0.0555407568996762,6.776234920231319e-05,0.3146007779267477,0.007893523887734,1.287721390295003,0.0271300031381625,0.0,0.0,0.0,0.0,0.0,0.0
50,22,0.3675136085600675,-0.0157745379853403,0.5235012156631429,0.3119728516603913,-0.0158423003345426,0.2089004377363951,0.0555407568996762,6.776234920231319e-05,0.3146007779267477,0.007893523887734,1.287721390295003,0.0271300031381625,0.0,0.0,0.0,0.0,0.0,0.0
50,23,0.426845435889144,-0.0461276841819097,0.4962538161195133,0.3713046789894677,-0.0461954465311121,0.1816530381927656,0.0555407568996762,6.776234920231319e-05,0.3146007779267477,0.007893523887734,1.287721390295003,0.0271300031381625,0.0,0.0,0.0,0.0,0.0,0.0
50,24,0.1114457663826244,0.0015848376580674,0.5067891872873358,0.0559050094829481,0.0015170753088651,0.192188409360588,0.0555407568996762,6.776234920231319e-05,0.3146007779267477,0.007893523887734,1.287721390295003,0.0271300031381625,0.0,0.0,0.0,0.0,0.0,0.0
50,25,0.0962134978220782,0.0007598879757845,0.6459559677910306,0.040672740922402,0.0006921256265822,0.3313551898642828,0.0555407568996762,6.776234920231319e-05,0.3146007779267477,0.007893523887734,1.287721390295003,0.0271300031381625,0.0,0.0,0.0,0.0,0.0,0.0
50,26,0.1386875770150004,-0.0784209353817797,0.7902693414241211,0.0831468201153242,-0.078488697730982,0.4756685634973733,0.0555407568996762,6.776234920231319e-05,0.3146007779267477,0.007893523887734,1.287721390295003,0.0271300031381625,0.0,0.0,0.0,0.0,0.0,0.0
51,0,-0.0003642525832719,-0.0014493129596628,0.1224123685661596,-0.0559050094829481,-0.0015170753088651,-0.192188409360588,0.0555407568996762,6.776234920231319e-05,0.3146007779267477,0.007893523887734,1.287721390295003,0.0271300031381625,0.0,0.0,0.0,0.0,0.0,0.0
51,1,0.027227254002736,-0.0146149452378418,0.0608332453687273,-0.0283135028969401,-0.0146827075870441,-0.2537675325580203,0.0555407568996762,6.776234920231319e-05,0.3146007779267477,0.007893523887734,1.287721390295003,0.0271300031381625,0.0,0.0,0.0,0.0,0.0,0.0
51,2,-0.083902187220396,0.0221250307247471,0.0343677686094261,-0.1394429441200723,0.0220572683755448,-0.2802330093173216,0.0555407568996762,6.776234920231319e-05,0.3146007779267477,0.007893523887734,1.287721390295003,0.0271300031381625,0.0,0.0,0.0,0.0,0.0,0.0
51,3,-0.20029889497781,0.0506821402149293,0.0283429929941528,-0.2558396518774862,0.050614377865727,-0.2862577849325948,0.0555407568996762,6.776234920231319e-05,0.3146007779267477,0.007893523887734,1.287721390295003,0.0271300031381625,0.0,0.0,0.0,0.0,0.0,0.0
51,4,0.0643003907578741,-0.083505831719866,0.093493303236641,0.0087596338581979,-0.0835735940690684,-0.2211074746901067,0.0555407568996762,6.776234920231319e-05,0.3146007779267477,0.007893523887734,1.287721390295003,0.0271300031381625,0.0,0.0,0.0,0.0,0.0,0.0
51,5,0.1677310828595359,-0.0976655240148239,0.2147434374460392,0.1121903259598597,-0.0977332863640262,-0.0998573404807084,0.0555407568996762,6.776234920231319e-05,0.3146007779267477,0.007893523887734,1.287721390295003,0.0271300031381625,0.0,0.0,0.0,0.0,0.0,0.0
51,6,0.0632568759747095,-0.1210832050580406,0.0700480598050288,0.0077161190750332,-0.1211509674072429,-0.2445527181217189,0.0555407568996762,6.776234920231319e-05,0.3146007779267477,0.007893523887734,1.287721390295003,0.0271300031381625,0.0,0.0,0.0,0.0,0.0,0.0
51,7,0.144400550648651,-0.1919529572698305,0.0624861630731799,0.0888597937489747,-0.1920207196190328,-0.2521146148535677,0.0555407568996762,6.776234920231319e-05,0.3146007779267477,0.007893523887734,1.287721390295003,0.0271300031381625,0.0,0.0,0.0,0.0,0.0,0.0
51,8,0.1036922068647358,0.0037882787222463,0.0924799070320468,0.0481514499650596,0.003720516373044,-0.2221208708947009,0.0555407568996762,6.776234920231319e-05,0.3146007779267477,0.007893523887734,1.287721390295003,0.0271300031381625,0.0,0.0,0.0,0.0,0.0,0.0
51,9,0.1524251106432502,-0.0664099555993575,0.2277474640723565,0.096884353743574,-0.0664777179485598,-0.0868533138543911,0.0555407568996762,6.776234920231319e-05,0.3146007779267477,0.007893523887734,1.287721390295003,0.0271300031381625,0.0,0.0,0.0,0.0,0.0,0.0
51,10,0.1336154487943509,0.0295029597213413,0.0765955229796618,0.0780746918946747,0.029435197372139,-0.2380052549470859,0.0555407568996762,6.776234920231319e-05,0.3146007779267477,0.007893523887734,1.287721390295003,0.0271300031381625,0.0,0.0,0.0,0.0,0.0,0.0
51,11,0.2308806227668667,-0.0173376651834925,0.0735227732410126,0.1753398658671905,-0.0174054275326948,-0.2410780046857351,0.0555407568996762,6.776234920231319e-05,0.3146007779267477,0.007893523887734,1.287721390295003,0.0271300031381625,0.0,0.0,0.0,0.0,0.0,0.0
51,12,-0.0003642525832719,-0.0014493129596628,0.1224123685661596,-0.0559050094829481,-0.0015170753088651,-0.192188409360588,0.0555407568996762,6.776234920231319e-05,0.3146007779267477,0.007893523887734,1.287721390295003,0.0271300031381625,0.0,0.0,0.0,0.0,0.0,0.0
51,13,0.1024442005700156,-0.0075931873399931,0.2820766249547839,0.0469034436703393,-0.0076609496891954,-0.0325241529719638,0.0555407568996762,6.776234920231319e-05,0.3146007779267477,0.007893523887734,1.287721390295003,0.0271300031381625,0.0,0.0,0.0,0.0,0.0,0.0
51,14,0.1242202835766621,-0.0510670613276654,0.4822211339712935,0.0686795266769858,-0.0511348236768677,0.1676203560445457,0.0555407568996762,6.776234920231319e-05,0.3146007779267477,0.007893523887734,1.287721390295003,0.0271300031381625,0.0,0.0,0.0,0.0,0.0,0.0
51,15,0.1451958067379911,-0.1139391790174811,0.5270477347681928,0.0896550498383148,-0.1140069413666834,0.212446956841445,0.0555407568996762,6.776234920231319e-05,0.3146007779267477,0.007893523887734,1.287721390295003,0.0271300031381625,0.0,0.0,0.0,0.0,0.0,0.0
51,16,0.1671050753724562,-0.1802561108489079,0.3920438514888251,0.11156431847278,-0.1803238731981102,0.0774430735620773,0.0555407568996762,6.776234920231319e-05,0.3146007779267477,0.007893523887734,1.287721390295003,0.0271300031381625,0.0,0.0,0.0,0.0,0.0,0.0
51,17,0.2991872851414466,-0.1685337429530939,0.5107909607334788,0.2436465282417704,-0.1686015053022962,0.1961901828067311,0.0555407568996762,6.776234920231319e-05,0.3146007779267477,0.007893523887734,1.287721390295003,0.0271300031381625,0.0,0.0,0.0,0.0,0.0,0.0
51,18,0.3662716650549531,-0.1538762271932743,0.4891381733030646,0.3107309081552769,-0.1539439895424766,0.1745373953763168,0.0555407568996762,6.776234920231319e-05,0.3146007779267477,0.007893523887734,1.287721390295003,0.0271300031381625,0.0,0.0,0.0,0.0,0.0,0.0
51,19,0.155576038565371,0.0288852492641249,0.477699556775862,0.1000352816656948,0.0288174869149226,0.1630987788491143,0.0555407568996762,6.776234920231319e-05,0.3146007779267477,0.007893523887734,1.287721390295003,0.0271300031381625,0.0,0.0,0.0,0.0,0.0,0.0
51,20,0.2132418065740635,0.0566758631737274,0.5256822721910303,0.1577010496743873,0.0566081008245251,0.2110814942642825,0.0555407568996762,6.776234920231319e-05,0.3146007779267477,0.007893523887734,1.287721390295003,0.0271300031381625,0.0,0.0,0.0,0.0,0.0,0.0
51,21,0.2797498992350831,0.0611128813850562,0.3890770509141205,0.2242091423354069,0.0610451190358539,0.0744762729873728,0.0555407568996762,6.776234920231319e-05,0.3146007779267477,0.007893523887734,1.287721390295003,0.0271300031381625,0.0,0.0,0.0,0.0,0.0,0.0
51,22,0.3675136085600675,-0.0157745379853403,0.5235012156631429,0.3119728516603913,-0.0158423003345426,0.2089004377363951,0.0555407568996762,6.776234920231319e-05,0.3146007779267477,0.007893523887734,1.287721390295003,0.0271300031381625,0.0,0.0,0.0,0.0,0.0,0.0
51,23,0.426845435889144,-0.0461276841819097,0.4962538161195133,0.3713046789894677,-0.0461954465311121,0.1816530381927656,0.0555407568996762,6.776234920231319e-05,0.3146007779267477,0.007893523887734,1.287721390295003,0.0271300031381625,0.0,0.0,0.0,0.0,0.0,0.0
51,24,0.1114457663826244,0.0015848376580674,0.5067891872873358,0.0559050094829481,0.0015170753088651,0.192188409360588,0.0555407568996762,6.776234920231319e-05,0.3146007779267477,0.007893523887734,1.287721390295003,0.0271300031381625,0.0,0.0,0.0,0.0,0.0,0.0
51,25,0.0962134978220782,0.0007598879757845,0.6459559677910306,0.040672740922402,0.0006921256265822,0.3313551898642828,0.0555407568996762,6.776234920231319e-05,0.3146007779267477,0.007893523887734,1.287721390295003,0.0271300031381625,0.0,0.0,0.0,0.0,0.0,0.0
51,26,0.1386875770150004,-0.0784209353817797,0.7902693414241211,0.0831468201153242,-0.078488697730982,0.4756685634973733,0.0555407568996762,6.776234920231319e-05,0.3146007779267477,0.007893523887734,1.287721390295003,0.0271300031381625,0.0,0.0,0.0,0.0,0.0,0.0
52,0,-0.0003642525832719,-0.0014493129596628,0.1224123685661596,-0.0559050094829481,-0.0015170753088651,-0.192188409360588,0.0555407568996762,6.776234920231319e-05,0.3146007779267477,0.007893523887734,1.287721390295003,0.0271300031381625,0.0,0.0,0.0,0.0,0.0,0.0
52,1,0.027227254002736,-0.0146149452378418,0.0608332453687273,-0.0283135028969401,-0.0146827075870441,-0.2537675325580203,0.0555407568996762,6.776234920231319e-05,0.3146007779267477,0.007893523887734,1.287721390295003,0.0271300031381625,0.0,0.0,0.0,0.0,0.0,0.0
52,2,-0.083902187220396,0.0221250307247471,0.0343677686094261,-0.1394429441200723,0.0220572683755448,-0.2802330093173216,0.0555407568996762,6.776234920231319e-05,0.3146007779267477,0.007893523887734,1.287721390295003,0.0271300031381625,0.0,0.0,0.0,0.0,0.0,0.0
52,3,-0.20029889497781,0.0506821402149293,0.0283429929941528,-0.2558396518774862,0.050614377865727,-0.2862577849325948,0.0555407568996762,6.776234920231319e-05,0.3146007779267477,0.007893523887734,1.287721390295003,0.0271300031381625,0.0,0.0,0.0,0.0,0.0,0.0
52,4,0.0643003907578741,-0.083505831719866,0.093493303236641,0.0087596338581979,-0.0835735940690684,-0.2211074746901067,0.0555407568996762,6.776234920231319e-05,0.3146007779267477,0.007893523887734,1.287721390295003,0.0271300031381625,0.0,0.0,0.0,0.0,0.0,0.0
52,5,0.1677310828595359,-0.0976655240148239,0.2147434374460392,0.1121903259598597,-0.0977332863640262,-0.0998573404807084,0.0555407568996762,6.776234920231319e-05,0.3146007779267477,0.007893523887734,1.287721390295003,0.0271300031381625,0.0,0.0,0.0,0.0,0.0,0.0
52,6,0.0632568759747095,-0.1210832050580406,0.0700480598050288,0.0077161190750332,-0.1211509674072429,-0.2445527181217189,0.0555407568996762,6.776234920231319e-05,0.3146007779267477,0.007893523887734,1.287721390295003,0.0271300031381625,0.0,0.0,0.0,0.0,0.0,0.0
52,7,0.144400550648651,-0.1919529572698305,0.0624861630731799,0.0888597937489747,-0.1920207196190328,-0.2521146148535677,0.0555407568996762,6.776234920231319e-05,0.3146007779267477,0.007893523887734,1.287721390295003,0.0271300031381625,0.0,0.0,0.0,0.0,0.0,0.0
52,8,0.1036922068647358,0.0037882787222463,0.0924799070320468,0.0481514499650596,0.003720516373044,-0.2221208708947009,0.0555407568996762,6.776234920231319e-05,0.3146007779267477,0.007893523887734,1.287721390295003,0.0271300031381625,0.0,0.0,0.0,0.0,0.0,0.0
52,9,0.1524251106432502,-0.0664099555993575,0.2277474640723565,0.096884353743574,-0.0664777179485598,-0.0868533138543911,0.0555407568996762,6.776234920231319e-05,0.3146007779267477,0.007893523887734,1.287721390295003,0.0271300031381625,0.0,0.0,0.0,0.0,0.0,0.0
52,10,0.1336154487943509,0.0295029597213413,0.0765955229796618,0.0780746918946747,0.029435197372139,-0.2380052549470859,0.0555407568996762,6.776234920231319e-05,0.3146007779267477,0.007893523887734,1.287721390295003,0.0271300031381625,0.0,0.0,0.0,0.0,0.0,0.0
52,11,0.2308806227668667,-0.0173376651834925,0.0735227732410126,0.1753398658671905,-0.0174054275326948,-0.2410780046857351,0.0555407568996762,6.776234920231319e-05,0.3146007779267477,0.007893523887734,1.287721390295003,0.0271300031381625,0.0,0.0,0.0,0.0,0.0,0.0
52,12,-0.0003642525832719,-0.0014493129596628,0.1224123685661596,-0.0559050094829481,-0.0015170753088651,-0.192188409360588,0.0555407568996762,6.776234920231319e-05,0.3146007779267477,0.007893523887734,1.287721390295003,0.0271300031381625,0.0,0.0,0.0,0.0,0.0,0.0
52,13,0.1024442005700156,-0.0075931873399931,0.2820766249547839,0.0469034436703393,-0.0076609496891954,-0.0325241529719638,0.0555407568996762,6.776234920231319e-05,0.3146007779267477,0.007893523887734,1.287721390295003,0.0271300031381625,0.0,0.0,0.0,0.0,0.0,0.0
52,14,0.1242202835766621,-0.0510670613276654,0.4822211339712935,0.0686795266769858,-0.0511348236768677,0.1676203560445457,0.0555407568996762,6.776234920231319e-05,0.3146007779267477,0.007893523887734,1.287721390295003,0.0271300031381625,0.0,0.0,0.0,0.0,0.0,0.0
52,15,0.1451958067379911,-0.1139391790174811,0.5270477347681928,0.0896550498383148,-0.1140069413666834,0.212446956841445,0.0555407568996762,6.776234920231319e-05,0.3146007779267477,0.007893523887734,1.287721390295003,0.0271300031381625,0.0,0.0,0.0,0.0,0.0,0.0
52,16,0.1671050753724562,-0.1802561108489079,0.3920438514888251,0.11156431847278,-0.1803238731981102,0.0774430735620773,0.0555407568996762,6.776234920231319e-05,0.3146007779267477,0.007893523887734,1.287721390295003,0.0271300031381625,0.0,0.0,0.0,0.0,0.0,0.0
52,17,0.2991872851414466,-0.1685337429530939,0.5107909607334788,0.2436465282417704,-0.1686015053022962,0.1961901828067311,0.0555407568996762,6.776234920231319e-05,0.3146007779267477,0.007893523887734,1.287721390295003,0.0271300031381625,0.0,0.0,0.0,0.0,0.0,0.0
52,18,0.3662716650549531,-0.1538762271932743,0.4891381733030646,0.3107309081552769,-0.1539439895424766,0.1745373953763168,0.0555407568996762,6.776234920231319e-05,0.3146007779267477,0.007893523887734,1.287721390295003,0.0271300031381625,0.0,0.0,0.0,0.0,0.0,0.0
52,19,0.155576038565371,0.0288852492641249,0.477699556775862,0.1000352816656948,0.0288174869149226,0.1630987788491143,0.0555407568996762,6.776234920231319e-05,0.3146007779267477,0.007893523887734,1.287721390295003,0.0271300031381625,0.0,0.0,0.0,0.0,0.0,0.0
52,20,0.2132418065740635,0.0566758631737274,0.5256822721910303,0.1577010496743873,0.0566081008245251,0.2110814942642825,0.0555407568996762,6.776234920231319e-05,0.3146007779267477,0.007893523887734,1.287721390295003,0.0271300031381625,0.0,0.0,0.0,0.0,0.0,0.0
52,21,0.2797498992350831,0.0611128813850562,0.3890770509141205,0.2242091423354069,0.0610451190358539,0.0744762729873728,0.0555407568996762,6.776234920231319e-05,0.3146007779267477,0.007893523887734,1.287721390295003,0.0271300031381625,0.0,0.0,0.0,0.0,0.0,0.0
52,22,0.3675136085600675,-0.0157745379853403,0.5235012156631429,0.3119728516603913,-0.0158423003345426,0.2089004377363951,0.0555407568996762,6.776234920231319e-05,0.3146007779267477,0.007893523887734,1.287721390295003,0.0271300031381625,0.0,0.0,0.0,0.0,0.0,0.0
52,23,0.426845435889144,-0.0461276841819097,0.4962538161195133,0.3713046789894677,-0.0461954465311121,0.1816530381927656,0.0555407568996762,6.776234920231319e-05,0.3146007779267477,0.007893523887734,1.287721390295003,0.0271300031381625,0.0,0.0,0.0,0.0,0.0,0.0
52,24,0.1114457663826244,0.0015848376580674,0.5067891872873358,0.0559050094829481,0.0015170753088651,0.192188409360588,0.0555407568996762,6.776234920231319e-05,0.3146007779267477,0.007893523887734,1.287721390295003,0.0271300031381625,0.0,0.0,0.0,0.0,0.0,0.0
52,25,0.0962134978220782,0.0007598879757845,0.6459559677910306,0.040672740922402,0.0006921256265822,0.3313551898642828,0.0555407568996762,6.776234920231319e-05,0.3146007779267477,0.007893523887734,1.287721390295003,0.0271300031381625,0.0,0.0,0.0,0.0,0.0,0.0
52,26,0.1386875770150004,-0.0784209353817797,0.7902693414241211,0.0831468201153242,-0.078488697730982,0.4756685634973733,0.0555407568996762,6.776234920231319e-05,0.3146007779267477,0.007893523887734,1.287721390295003,0.0271300031381625,0.0,0.0,0.0,0.0,0.0,0.0
53,0,-0.0003642525832719,-0.0014493129596628,0.1224123685661596,-0.0559050094829481,-0.0015170753088651,-0.192188409360588,0.0555407568996762,6.776234920231319e-05,0.3146007779267477,0.007893523887734,1.287721390295003,0.0271300031381625,0.0,0.0,0.0,0.0,0.0,0.0
53,1,0.027227254002736,-0.0146149452378418,0.0608332453687273,-0.0283135028969401,-0.0146827075870441,-0.2537675325580203,0.0555407568996762,6.776234920231319e-05,0.3146007779267477,0.007893523887734,1.287721390295003,0.0271300031381625,0.0,0.0,0.0,0.0,0.0,0.0
53,2,-0.083902187220396,0.0221250307247471,0.0343677686094261,-0.1394429441200723,0.0220572683755448,-0.2802330093173216,0.0555407568996762,6.776234920231319e-05,0.3146007779267477,0.007893523887734,1.287721390295003,0.0271300031381625,0.0,0.0,0.0,0.0,0.0,0.0
53,3,-0.20029889497781,0.0506821402149293,0.0283429929941528,-0.2558396518774862,0.050614377865727,-0.2862577849325948,0.0555407568996762,6.776234920231319e-05,0.3146007779267477,0.007893523887734,1.287721390295003,0.0271300031381625,0.0,0.0,0.0,0.0,0.0,0.0
53,4,0.0643003907578741,-0.083505831719866,0.093493303236641,0.0087596338581979,-0.0835735940690684,-0.2211074746901067,0.0555407568996762,6.776234920231319e-05,0.3146007779267477,0.007893523887734,1.287721390295003,0.0271300031381625,0.0,0.0,0.0,0.0,0.0,0.0
53,5,0.1677310828595359,-0.0976655240148239,0.2147434374460392,0.1121903259598597,-0.0977332863640262,-0.0998573404807084,0.0555407568996762,6.776234920231319e-05,0.3146007779267477,0.007893523887734,1.287721390295003,0.0271300031381625,0.0,0.0,0.0,0.0,0.0,0.0
53,6,0.0632568759747095,-0.1210832050580406,0.0700480598050288,0.0077161190750332,-0.1211509674072429,-0.2445527181217189,0.0555407568996762,6.776234920231319e-05,0.3146007779267477,0.007893523887734,1.287721390295003,0.0271300031381625,0.0,0.0,0.0,0.0,0.0,0.0
53,7,0.144400550648651,-0.1919529572698305,0.0624861630731799,0.0888597937489747,-0.1920207196190328,-0.2521146148535677,0.0555407568996762,6.776234920231319e-05,0.3146007779267477,0.007893523887734,1.287721390295003,0.0271300031381625,0.0,0.0,0.0,0.0,0.0,0.0
53,8,0.1036922068647358,0.0037882787222463,0.0924799070320468,0.0481514499650596,0.003720516373044,-0.2221208708947009,0.0555407568996762,6.776234920231319e-05,0.3146007779267477,0.007893523887734,1.287721390295003,0.0271300031381625,0.0,0.0,0.0,0.0,0.0,0.0
53,9,0.1524251106432502,-0.0664099555993575,0.2277474640723565,0.096884353743574,-0.0664777179485598,-0.0868533138543911,0.0555407568996762,6.776234920231319e-05,0.3146007779267477,0.007893523887734,1.287721390295003,0.0271300031381625,0.0,0.0,0.0,0.0,0.0,0.0
53,10,0.1336154487943509,0.0295029597213413,0.0765955229796618,0.0780746918946747,0.029435197372139,-0.2380052549470859,0.0555407568996762,6.776234920231319e-05,0.3146007779267477,0.007893523887734,1.287721390295003,0.0271300031381625,0.0,0.0,0.0,0.0,0.0,0.0
53,11,0.2308806227668667,-0.0173376651834925,0.0735227732410126,0.1753398658671905,-0.0174054275326948,-0.2410780046857351,0.0555407568996762,6.776234920231319e-05,0.3146007779267477,0.007893523887734,1.287721390295003,0.0271300031381625,0.0,0.0,0.0,0.0,0.0,0.0
53,12,-0.0003642525832719,-0.0014493129596628,0.1224123685661596,-0.0559050094829481,-0.0015170753088651,-0.192188409360588,0.0555407568996762,6.776234920231319e-05,0.3146007779267477,0.007893523887734,1.287721390295003,0.0271300031381625,0.0,0.0,0.0,0.0,0.0,0.0
53,13,0.1024442005700156,-0.0075931873399931,0.2820766249547839,0.0469034436703393,-0.0076609496891954,-0.0325241529719638,0.0555407568996762,6.776234920231319e-05,0.3146007779267477,0.007893523887734,1.287721390295003,0.0271300031381625,0.0,0.0,0.0,0.0,0.0,0.0
53,14,0.1242202835766621,-0.0510670613276654,0.4822211339712935,0.0686795266769858,-0.0511348236768677,0.1676203560445457,0.0555407568996762,6.776234920231319e-05,0.3146007779267477,0.007893523887734,1.287721390295003,0.0271300031381625,0.0,0.0,0.0,0.0,0.0,0.0
53,15,0.1451958067379911,-0.1139391790174811,0.5270477347681928,0.0896550498383148,-0.1140069413666834,0.212446956841445,0.0555407568996762,6.776234920231319e-05,0.3146007779267477,0.007893523887734,1.287721390295003,0.0271300031381625,0.0,0.0,0.0,0.0,0.0,0.0
53,16,0.1671050753724562,-0.1802561108489079,0.3920438514888251,0.11156431847278,-0.1803238731981102,0.0774430735620773,0.0555407568996762,6.776234920231319e-05,0.3146007779267477,0.007893523887734,1.287721390295003,0.0271300031381625,0.0,0.0,0.0,0.0,0.0,0.0
53,17,0.2991872851414466,-0.1685337429530939,0.5107909607334788,0.2436465282417704,-0.1686015053022962,0.1961901828067311,0.0555407568996762,6.776234920231319e-05,0.3146007779267477,0.007893523887734,1.287721390295003,0.0271300031381625,0.0,0.0,0.0,0.0,0.0,0.0
53,18,0.3662716650549531,-0.1538762271932743,0.4891381733030646,0.3107309081552769,-0.1539439895424766,0.1745373953763168,0.0555407568996762,6.776234920231319e-05,0.3146007779267477,0.007893523887734,1.287721390295003,0.0271300031381625,0.0,0.0,0.0,0.0,0.0,0.0
53,19,0.155576038565371,0.0288852492641249,0.477699556775862,0.1000352816656948,0.0288174869149226,0.1630987788491143,0.0555407568996762,6.776234920231319e-05,0.3146007779267477,0.007893523887734,1.287721390295003,0.0271300031381625,0.0,0.0,0.0,0.0,0.0,0.0
53,20,0.2132418065740635,0.0566758631737274,0.5256822721910303,0.1577010496743873,0.0566081008245251,0.2110814942642825,0.0555407568996762,6.776234920231319e-05,0.3146007779267477,0.007893523887734,1.287721390295003,0.0271300031381625,0.0,0.0,0.0,0.0,0.0,0.0
53,21,0.2797498992350831,0.0611128813850562,0.3890770509141205,0.2242091423354069,0.0610451190358539,0.0744762729873728,0.0555407568996762,6.776234920231319e-05,0.3146007779267477,0.007893523887734,1.287721390295003,0.0271300031381625,0.0,0.0,0.0,0.0,0.0,0.0
53,22,0.3675136085600675,-0.0157745379853403,0.5235012156631429,0.3119728516603913,-0.0158423003345426,0.2089004377363951,0.0555407568996762,6.776234920231319e-05,0.3146007779267477,0.007893523887734,1.287721390295003,0.0271300031381625,0.0,0.0,0.0,0.0,0.0,0.0
53,23,0.426845435889144,-0.0461276841819097,0.4962538161195133,0.3713046789894677,-0.0461954465311121,0.1816530381927656,0.0555407568996762,6.776234920231319e-05,0.3146007779267477,0.007893523887734,1.287721390295003,0.0271300031381625,0.0,0.0,0.0,0.0,0.0,0.0
53,24,0.1114457663826244,0.0015848376580674,0.5067891872873358,0.0559050094829481,0.0015170753088651,0.192188409360588,0.0555407568996762,6.776234920231319e-05,0.3146007779267477,0.007893523887734,1.287721390295003,0.0271300031381625,0.0,0.0,0.0,0.0,0.0,0.0
53,25,0.0962134978220782,0.0007598879757845,0.6459559677910306,0.040672740922402,0.0006921256265822,0.3313551898642828,0.0555407568996762,6.776234920231319e-05,0.3146007779267477,0.007893523887734,1.287721390295003,0.0271300031381625,0.0,0.0,0.0,0.0,0.0,0.0
53,26,0.1386875770150004,-0.0784209353817797,0.7902693414241211,0.0831468201153242,-0.078488697730982,0.4756685634973733,0.0555407568996762,6.776234920231319e-05,0.3146007779267477,0.007893523887734,1.287721390295003,0.0271300031381625,0.0,0.0,0.0,0.0,0.0,0.0
54,0,-0.0003642525832719,-0.0014493129596628,0.1224123685661596,-0.0559050094829481,-0.0015170753088651,-0.192188409360588,0.0555407568996762,6.776234920231319e-05,0.3146007779267477,0.007893523887734,1.287721390295003,0.0271300031381625,0.0,0.0,0.0,0.0,0.0,0.0
54,1,0.027227254002736,-0.0146149452378418,0.0608332453687273,-0.0283135028969401,-0.0146827075870441,-0.2537675325580203,0.0555407568996762,6.776234920231319e-05,0.3146007779267477,0.007893523887734,1.287721390295003,0.0271300031381625,0.0,0.0,0.0,0.0,0.0,0.0
54,2,-0.083902187220396,0.0221250307247471,0.0343677686094261,-0.1394429441200723,0.0220572683755448,-0.2802330093173216,0.0555407568996762,6.776234920231319e-05,0.3146007779267477,0.007893523887734,1.287721390295003,0.0271300031381625,0.0,0.0,0.0,0.0,0.0,0.0
54,3,-0.20029889497781,0.0506821402149293,0.0283429929941528,-0.2558396518774862,0.050614377865727,-0.2862577849325948,0.0555407568996762,6.776234920231319e-05,0.3146007779267477,0.007893523887734,1.287721390295003,0.0271300031381625,0.0,0.0,0.0,0.0,0.0,0.0
54,4,0.0643003907578741,-0.083505831719866,0.093493303236641,0.0087596338581979,-0.0835735940690684,-0.2211074746901067,0.0555407568996762,6.776234920231319e-05,0.3146007779267477,0.007893523887734,1.287721390295003,0.0271300031381625,0.0,0.0,0.0,0.0,0.0,0.0
54,5,0.1677310828595359,-0.0976655240148239,0.2147434374460392,0.1121903259598597,-0.0977332863640262,-0.0998573404807084,0.0555407568996762,6.776234920231319e-05,0.3146007779267477,0.007893523887734,1.287721390295003,0.0271300031381625,0.0,0.0,0.0,0.0,0.0,0.0
54,6,0.0632568759747095,-0.1210832050580406,0.0700480598050288,0.0077161190750332,-0.1211509674072429,-0.2445527181217189,0.0555407568996762,6.776234920231319e-05,0.3146007779267477,0.007893523887734,1.287721390295003,0.0271300031381625,0.0,0.0,0.0,0.0,0.0,0.0
54,7,0.144400550648651,-0.1919529572698305,0.0624861630731799,0.0888597937489747,-0.1920207196190328,-0.2521146148535677,0.0555407568996762,6.776234920231319e-05,0.3146007779267477,0.007893523887734,1.287721390295003,0.0271300031381625,0.0,0.0,0.0,0.0,0.0,0.0
54,8,0.1036922068647358,0.0037882787222463,0.0924799070320468,0.0481514499650596,0.003720516373044,-0.2221208708947009,0.0555407568996762,6.776234920231319e-05,0.3146007779267477,0.007893523887734,1.287721390295003,0.0271300031381625,0.0,0.0,0.0,0.0,0.0,0.0
54,9,0.1524251106432502,-0.0664099555993575,0.2277474640723565,0.096884353743574,-0.0664777179485598,-0.0868533138543911,0.0555407568996762,6.776234920231319e-05,0.3146007779267477,0.007893523887734,1.287721390295003,0.0271300031381625,0.0,0.0,0.0,0.0,0.0,0.0
54,10,0.1336154487943509,0.0295029597213413,0.0765955229796618,0.0780746918946747,0.029435197372139,-0.2380052549470859,0.0555407568996762,6.776234920231319e-05,0.3146007779267477,0.007893523887734,1.287721390295003,0.0271300031381625,0.0,0.0,0.0,0.0,0.0,0.0
54,11,0.2308806227668667,-0.0173376651834925,0.0735227732410126,0.1753398658671905,-0.0174054275326948,-0.2410780046857351,0.0555407568996762,6.776234920231319e-05,0.3146007779267477,0.007893523887734,1.287721390295003,0.0271300031381625,0.0,0.0,0.0,0.0,0.0,0.0
54,12,-0.0003642525832719,-0.0014493129596628,0.1224123685661596,-0.0559050094829481,-0.0015170753088651,-0.192188409360588,0.0555407568996762,6.776234920231319e-05,0.3146007779267477,0.007893523887734,1.287721390295003,0.0271300031381625,0.0,0.0,0.0,0.0,0.0,0.0
54,13,0.1024442005700156,-0.0075931873399931,0.2820766249547839,0.0469034436703393,-0.0076609496891954,-0.0325241529719638,0.0555407568996762,6.776234920231319e-05,0.3146007779267477,0.007893523887734,1.287721390295003,0.0271300031381625,0.0,0.0,0.0,0.0,0.0,0.0
54,14,0.1242202835766621,-0.0510670613276654,0.4822211339712935,0.0686795266769858,-0.0511348236768677,0.1676203560445457,0.0555407568996762,6.776234920231319e-05,0.3146007779267477,0.007893523887734,1.287721390295003,0.0271300031381625,0.0,0.0,0.0,0.0,0.0,0.0
54,15,0.1451958067379911,-0.1139391790174811,0.5270477347681928,0.0896550498383148,-0.1140069413666834,0.212446956841445,0.0555407568996762,6.776234920231319e-05,0.3146007779267477,0.007893523887734,1.287721390295003,0.0271300031381625,0.0,0.0,0.0,0.0,0.0,0.0
54,16,0.1671050753724562,-0.1802561108489079,0.3920438514888251,0.11156431847278,-0.1803238731981102,0.0774430735620773,0.0555407568996762,6.776234920231319e-05,0.3146007779267477,0.007893523887734,1.287721390295003,0.0271300031381625,0.0,0.0,0.0,0.0,0.0,0.0
54,17,0.2991872851414466,-0.1685337429530939,0.5107909607334788,0.2436465282417704,-0.1686015053022962,0.1961901828067311,0.0555407568996762,6.776234920231319e-05,0.3146007779267477,0.007893523887734,1.287721390295003,0.0271300031381625,0.0,0.0,0.0,0.0,0.0,0.0
54,18,0.3662716650549531,-0.1538762271932743,0.4891381733030646,0.3107309081552769,-0.1539439895424766,0.1745373953763168,0.0555407568996762,6.776234920231319e-05,0.3146007779267477,0.007893523887734,1.287721390295003,0.0271300031381625,0.0,0.0,0.0,0.0,0.0,0.0
54,19,0.155576038565371,0.0288852492641249,0.477699556775862,0.1000352816656948,0.0288174869149226,0.1630987788491143,0.0555407568996762,6.776234920231319e-05,0.3146007779267477,0.007893523887734,1.287721390295003,0.0271300031381625,0.0,0.0,0.0,0.0,0.0,0.0
54,20,0.2132418065740635,0.0566758631737274,0.5256822721910303,0.1577010496743873,0.0566081008245251,0.2110814942642825,0.0555407568996762,6.776234920231319e-05,0.3146007779267477,0.007893523887734,1.287721390295003,0.0271300031381625,0.0,0.0,0.0,0.0,0.0,0.0
54,21,0.2797498992350831,0.0611128813850562,0.3890770509141205,0.2242091423354069,0.0610451190358539,0.0744762729873728,0.0555407568996762,6.776234920231319e-05,0.3146007779267477,0.007893523887734,1.287721390295003,0.0271300031381625,0.0,0.0,0.0,0.0,0.0,0.0
54,22,0.3675136085600675,-0.0157745379853403,0.5235012156631429,0.3119728516603913,-0.0158423003345426,0.2089004377363951,0.0555407568996762,6.776234920231319e-05,0.3146007779267477,0.007893523887734,1.287721390295003,0.0271300031381625,0.0,0.0,0.0,0.0,0.0,0.0
54,23,0.426845435889144,-0.0461276841819097,0.4962538161195133,0.3713046789894677,-0.0461954465311121,0.1816530381927656,0.0555407568996762,6.776234920231319e-05,0.3146007779267477,0.007893523887734,1.287721390295003,0.0271300031381625,0.0,0.0,0.0,0.0,0.0,0.0
54,24,0.1114457663826244,0.0015848376580674,0.5067891872873358,0.0559050094829481,0.0015170753088651,0.192188409360588,0.0555407568996762,6.776234920231319e-05,0.3146007779267477,0.007893523887734,1.287721390295003,0.0271300031381625,0.0,0.0,0.0,0.0,0.0,0.0
54,25,0.0962134978220782,0.0007598879757845,0.6459559677910306,0.040672740922402,0.0006921256265822,0.3313551898642828,0.0555407568996762,6.776234920231319e-05,0.3146007779267477,0.007893523887734,1.287721390295003,0.0271300031381625,0.0,0.0,0.0,0.0,0.0,0.0
54,26,0.1386875770150004,-0.0784209353817797,0.7902693414241211,0.0831468201153242,-0.078488697730982,0.4756685634973733,0.0555407568996762,6.776234920231319e-05,0.3146007779267477,0.007893523887734,1.287721390295003,0.0271300031381625,0.0,0.0,0.0,0.0,0.0,0.0
55,0,-0.0003642525832719,-0.0014493129596628,0.1224123685661596,-0.0559050094829481,-0.0015170753088651,-0.192188409360588,0.0555407568996762,6.776234920231319e-05,0.3146007779267477,0.007893523887734,1.287721390295003,0.0271300031381625,0.0,0.0,0.0,0.0,0.0,0.0
55,1,0.027227254002736,-0.0146149452378418,0.0608332453687273,-0.0283135028969401,-0.0146827075870441,-0.2537675325580203,0.0555407568996762,6.776234920231319e-05,0.3146007779267477,0.007893523887734,1.287721390295003,0.0271300031381625,0.0,0.0,0.0,0.0,0.0,0.0
55,2,-0.083902187220396,0.0221250307247471,0.0343677686094261,-0.1394429441200723,0.0220572683755448,-0.2802330093173216,0.0555407568996762,6.776234920231319e-05,0.3146007779267477,0.007893523887734,1.287721390295003,0.0271300031381625,0.0,0.0,0.0,0.0,0.0,0.0
55,3,-0.20029889497781,0.0506821402149293,0.0283429929941528,-0.2558396518774862,0.050614377865727,-0.2862577849325948,0.0555407568996762,6.776234920231319e-05,0.3146007779267477,0.007893523887734,1.287721390295003,0.0271300031381625,0.0,0.0,0.0,0.0,0.0,0.0
55,4,0.0643003907578741,-0.083505831719866,0.093493303236641,0.0087596338581979,-0.0835735940690684,-0.2211074746901067,0.0555407568996762,6.776234920231319e-05,0.3146007779267477,0.007893523887734,1.287721390295003,0.0271300031381625,0.0,0.0,0.0,0.0,0.0,0.0
55,5,0.1677310828595359,-0.0976655240148239,0.2147434374460392,0.1121903259598597,-0.0977332863640262,-0.0998573404807084,0.0555407568996762,6.776234920231319e-05,0.3146007779267477,0.007893523887734,1.287721390295003,0.0271300031381625,0.0,0.0,0.0,0.0,0.0,0.0
55,6,0.0632568759747095,-0.1210832050580406,0.0700480598050288,0.0077161190750332,-0.1211509674072429,-0.2445527181217189,0.0555407568996762,6.776234920231319e-05,0.3146007779267477,0.007893523887734,1.287721390295003,0.0271300031381625,0.0,0.0,0.0,0.0,0.0,0.0
55,7,0.144400550648651,-0.1919529572698305,0.0624861630731799,0.0888597937489747,-0.1920207196190328,-0.2521146148535677,0.0555407568996762,6.776234920231319e-05,0.3146007779267477,0.007893523887734,1.287721390295003,0.0271300031381625,0.0,0.0,0.0,0.0,0.0,0.0
55,8,0.1036922068647358,0.0037882787222463,0.0924799070320468,0.0481514499650596,0.003720516373044,-0.2221208708947009,0.0555407568996762,6.776234920231319e-05,0.3146007779267477,0.007893523887734,1.287721390295003,0.0271300031381625,0.0,0.0,0.0,0.0,0.0,0.0
55,9,0.1524251106432502,-0.0664099555993575,0.2277474640723565,0.096884353743574,-0.0664777179485598,-0.0868533138543911,0.0555407568996762,6.776234920231319e-05,0.3146007779267477,0.007893523887734,1.287721390295003,0.0271300031381625,0.0,0.0,0.0,0.0,0.0,0.0
55,10,0.1336154487943509,0.0295029597213413,0.0765955229796618,0.0780746918946747,0.029435197372139,-0.2380052549470859,0.0555407568996762,6.776234920231319e-05,0.3146007779267477,0.007893523887734,1.287721390295003,0.0271300031381625,0.0,0.0,0.0,0.0,0.0,0.0
55,11,0.2308806227668667,-0.0173376651834925,0.0735227732410126,0.1753398658671905,-0.0174054275326948,-0.2410780046857351,0.0555407568996762,6.776234920231319e-05,0.3146007779267477,0.007893523887734,1.287721390295003,0.0271300031381625,0.0,0.0,0.0,0.0,0.0,0.0
55,12,-0.0003642525832719,-0.0014493129596628,0.1224123685661596,-0.0559050094829481,-0.0015170753088651,-0.192188409360588,0.0555407568996762,6.776234920231319e-05,0.3146007779267477,0.007893523887734,1.287721390295003,0.0271300031381625,0.0,0.0,0.0,0.0,0.0,0.0
55,13,0.1024442005700156,-0.0075931873399931,0.2820766249547839,0.0469034436703393,-0.0076609496891954,-0.0325241529719638,0.0555407568996762,6.776234920231319e-05,0.3146007779267477,0.007893523887734,1.287721390295003,0.0271300031381625,0.0,0.0,0.0,0.0,0.0,0.0
55,14,0.1242202835766621,-0.0510670613276654,0.4822211339712935,0.0686795266769858,-0.0511348236768677,0.1676203560445457,0.0555407568996762,6.776234920231319e-05,0.3146007779267477,0.007893523887734,1.287721390295003,0.0271300031381625,0.0,0.0,0.0,0.0,0.0,0.0
55,15,0.1451958067379911,-0.1139391790174811,0.5270477347681928,0.0896550498383148,-0.1140069413666834,0.212446956841445,0.0555407568996762,6.776234920231319e-05,0.3146007779267477,0.007893523887734,1.287721390295003,0.0271300031381625,0.0,0.0,0.0,0.0,0.0,0.0
55,16,0.1671050753724562,-0.1802561108489079,0.3920438514888251,0.11156431847278,-0.1803238731981102,0.0774430735620773,0.0555407568996762,6.776234920231319e-05,0.3146007779267477,0.007893523887734,1.287721390295003,0.0271300031381625,0.0,0.0,0.0,0.0,0.0,0.0
55,17,0.2991872851414466,-0.1685337429530939,0.5107909607334788,0.2436465282417704,-0.1686015053022962,0.1961901828067311,0.0555407568996762,6.776234920231319e-05,0.3146007779267477,0.007893523887734,1.287721390295003,0.0271300031381625,0.0,0.0,0.0,0.0,0.0,0.0
55,18,0.3662716650549531,-0.1538762271932743,0.4891381733030646,0.3107309081552769,-0.1539439895424766,0.1745373953763168,0.0555407568996762,6.776234920231319e-05,0.3146007779267477,0.007893523887734,1.287721390295003,0.0271300031381625,0.0,0.0,0.0,0.0,0.0,0.0
55,19,0.155576038565371,0.0288852492641249,0.477699556775862,0.1000352816656948,0.0288174869149226,0.1630987788491143,0.0555407568996762,6.776234920231319e-05,0.3146007779267477,0.007893523887734,1.287721390295003,0.0271300031381625,0.0,0.0,0.0,0.0,0.0,0.0
55,20,0.2132418065740635,0.0566758631737274,0.5256822721910303,0.1577010496743873,0.0566081008245251,0.2110814942642825,0.0555407568996762,6.776234920231319e-05,0.3146007779267477,0.007893523887734,1.287721390295003,0.0271300031381625,0.0,0.0,0.0,0.0,0.0,0.0
55,21,0.2797498992350831,0.0611128813850562,0.3890770509141205,0.2242091423354069,0.0610451190358539,0.0744762729873728,0.0555407568996762,6.776234920231319e-05,0.3146007779267477,0.007893523887734,1.287721390295003,0.0271300031381625,0.0,0.0,0.0,0.0,0.0,0.0
55,22,0.3675136085600675,-0.0157745379853403,0.5235012156631429,0.3119728516603913,-0.0158423003345426,0.2089004377363951,0.0555407568996762,6.776234920231319e-05,0.3146007779267477,0.007893523887734,1.287721390295003,0.0271300031381625,0.0,0.0,0.0,0.0,0.0,0.0
55,23,0.426845435889144,-0.0461276841819097,0.4962538161195133,0.3713046789894677,-0.0461954465311121,0.1816530381927656,0.0555407568996762,6.776234920231319e-05,0.3146007779267477,0.007893523887734,1.287721390295003,0.0271300031381625,0.0,0.0,0.0,0.0,0.0,0.0
55,24,0.1114457663826244,0.0015848376580674,0.5067891872873358,0.0559050094829481,0.0015170753088651,0.192188409360588,0.0555407568996762,6.776234920231319e-05,0.3146007779267477,0.007893523887734,1.287721390295003,0.0271300031381625,0.0,0.0,0.0,0.0,0.0,0.0
55,25,0.0962134978220782,0.0007598879757845,0.6459559677910306,0.040672740922402,0.0006921256265822,0.3313551898642828,0.0555407568996762,6.776234920231319e-05,0.3146007779267477,0.007893523887734,1.287721390295003,0.0271300031381625,0.0,0.0,0.0,0.0,0.0,0.0
55,26,0.1386875770150004,-0.0784209353817797,0.7902693414241211,0.0831468201153242,-0.078488697730982,0.4756685634973733,0.0555407568996762,6.776234920231319e-05,0.3146007779267477,0.007893523887734,1.287721390295003,0.0271300031381625,0.0,0.0,0.0,0.0,0.0,0.0
56,0,-0.0003642525832719,-0.0014493129596628,0.1224123685661596,-0.0559050094829481,-0.0015170753088651,-0.192188409360588,0.0555407568996762,6.776234920231319e-05,0.3146007779267477,0.007893523887734,1.287721390295003,0.0271300031381625,0.0,0.0,0.0,0.0,0.0,0.0
56,1,0.027227254002736,-0.0146149452378418,0.0608332453687273,-0.0283135028969401,-0.0146827075870441,-0.2537675325580203,0.0555407568996762,6.776234920231319e-05,0.3146007779267477,0.007893523887734,1.287721390295003,0.0271300031381625,0.0,0.0,0.0,0.0,0.0,0.0
56,2,-0.083902187220396,0.0221250307247471,0.0343677686094261,-0.1394429441200723,0.0220572683755448,-0.2802330093173216,0.0555407568996762,6.776234920231319e-05,0.3146007779267477,0.007893523887734,1.287721390295003,0.0271300031381625,0.0,0.0,0.0,0.0,0.0,0.0
56,3,-0.20029889497781,0.0506821402149293,0.0283429929941528,-0.2558396518774862,0.050614377865727,-0.2862577849325948,0.0555407568996762,6.776234920231319e-05,0.3146007779267477,0.007893523887734,1.287721390295003,0.0271300031381625,0.0,0.0,0.0,0.0,0.0,0.0
56,4,0.0643003907578741,-0.083505831719866,0.093493303236641,0.0087596338581979,-0.0835735940690684,-0.2211074746901067,0.0555407568996762,6.776234920231319e-05,0.3146007779267477,0.007893523887734,1.287721390295003,0.0271300031381625,0.0,0.0,0.0,0.0,0.0,0.0
56,5,0.1677310828595359,-0.0976655240148239,0.2147434374460392,0.1121903259598597,-0.0977332863640262,-0.0998573404807084,0.0555407568996762,6.776234920231319e-05,0.3146007779267477,0.007893523887734,1.287721390295003,0.0271300031381625,0.0,0.0,0.0,0.0,0.0,0.0
56,6,0.0632568759747095,-0.1210832050580406,0.0700480598050288,0.0077161190750332,-0.1211509674072429,-0.2445527181217189,0.0555407568996762,6.776234920231319e-05,0.3146007779267477,0.007893523887734,1.287721390295003,0.0271300031381625,0.0,0.0,0.0,0.0,0.0,0.0
56,7,0.144400550648651,-0.1919529572698305,0.0624861630731799,0.0888597937489747,-0.1920207196190328,-0.2521146148535677,0.0555407568996762,6.776234920231319e-05,0.3146007779267477,0.007893523887734,1.287721390295003,0.0271300031381625,0.0,0.0,0.0,0.0,0.0,0.0
56,8,0.1036922068647358,0.0037882787222463,0.0924799070320468,0.0481514499650596,0.003720516373044,-0.2221208708947009,0.0555407568996762,6.776234920231319e-05,0.3146007779267477,0.007893523887734,1.287721390295003,0.0271300031381625,0.0,0.0,0.0,0.0,0.0,0.0
56,9,0.1524251106432502,-0.0664099555993575,0.2277474640723565,0.096884353743574,-0.0664777179485598,-0.0868533138543911,0.0555407568996762,6.776234920231319e-05,0.3146007779267477,0.007893523887734,1.287721390295003,0.0271300031381625,0.0,0.0,0.0,0.0,0.0,0.0
56,10,0.1336154487943509,0.0295029597213413,0.0765955229796618,0.0780746918946747,0.029435197372139,-0.2380052549470859,0.0555407568996762,6.776234920231319e-05,0.3146007779267477,0.007893523887734,1.287721390295003,0.0271300031381625,0.0,0.0,0.0,0.0,0.0,0.0
56,11,0.2308806227668667,-0.0173376651834925,0.0735227732410126,0.1753398658671905,-0.0174054275326948,-0.2410780046857351,0.0555407568996762,6.776234920231319e-05,0.3146007779267477,0.007893523887734,1.287721390295003,0.0271300031381625,0.0,0.0,0.0,0.0,0.0,0.0
56,12,-0.0003642525832719,-0.0014493129596628,0.1224123685661596,-0.0559050094829481,-0.0015170753088651,-0.192188409360588,0.0555407568996762,6.776234920231319e-05,0.3146007779267477,0.007893523887734,1.287721390295003,0.0271300031381625,0.0,0.0,0.0,0.0,0.0,0.0
56,13,0.1024442005700156,-0.0075931873399931,0.2820766249547839,0.0469034436703393,-0.0076609496891954,-0.0325241529719638,0.0555407568996762,6.776234920231319e-05,0.3146007779267477,0.007893523887734,1.287721390295003,0.0271300031381625,0.0,0.0,0.0,0.0,0.0,0.0
56,14,0.1242202835766621,-0.0510670613276654,0.4822211339712935,0.0686795266769858,-0.0511348236768677,0.1676203560445457,0.0555407568996762,6.776234920231319e-05,0.3146007779267477,0.007893523887734,1.287721390295003,0.0271300031381625,0.0,0.0,0.0,0.0,0.0,0.0
56,15,0.1451958067379911,-0.1139391790174811,0.5270477347681928,0.0896550498383148,-0.1140069413666834,0.212446956841445,0.0555407568996762,6.776234920231319e-05,0.3146007779267477,0.007893523887734,1.287721390295003,0.0271300031381625,0.0,0.0,0.0,0.0,0.0,0.0
56,16,0.1671050753724562,-0.1802561108489079,0.3920438514888251,0.11156431847278,-0.1803238731981102,0.0774430735620773,0.0555407568996762,6.776234920231319e-05,0.3146007779267477,0.007893523887734,1.287721390295003,0.0271300031381625,0.0,0.0,0.0,0.0,0.0,0.0
56,17,0.2991872851414466,-0.1685337429530939,0.5107909607334788,0.2436465282417704,-0.1686015053022962,0.1961901828067311,0.0555407568996762,6.776234920231319e-05,0.3146007779267477,0.007893523887734,1.287721390295003,0.0271300031381625,0.0,0.0,0.0,0.0,0.0,0.0
56,18,0.3662716650549531,-0.1538762271932743,0.4891381733030646,0.3107309081552769,-0.1539439895424766,0.1745373953763168,0.0555407568996762,6.776234920231319e-05,0.3146007779267477,0.007893523887734,1.287721390295003,0.0271300031381625,0.0,0.0,0.0,0.0,0.0,0.0
56,19,0.155576038565371,0.0288852492641249,0.477699556775862,0.1000352816656948,0.0288174869149226,0.1630987788491143,0.0555407568996762,6.776234920231319e-05,0.3146007779267477,0.007893523887734,1.287721390295003,0.0271300031381625,0.0,0.0,0.0,0.0,0.0,0.0
56,20,0.2132418065740635,0.0566758631737274,0.5256822721910303,0.1577010496743873,0.0566081008245251,0.2110814942642825,0.0555407568996762,6.776234920231319e-05,0.3146007779267477,0.007893523887734,1.287721390295003,0.0271300031381625,0.0,0.0,0.0,0.0,0.0,0.0
56,21,0.2797498992350831,0.0611128813850562,0.3890770509141205,0.2242091423354069,0.0610451190358539,0.0744762729873728,0.0555407568996762,6.776234920231319e-05,0.3146007779267477,0.007893523887734,1.287721390295003,0.0271300031381625,0.0,0.0,0.0,0.0,0.0,0.0
56,22,0.3675136085600675,-0.0157745379853403,0.5235012156631429,0.3119728516603913,-0.0158423003345426,0.2089004377363951,0.0555407568996762,6.776234920231319e-05,0.3146007779267477,0.007893523887734,1.287721390295003,0.0271300031381625,0.0,0.0,0.0,0.0,0.0,0.0
56,23,0.426845435889144,-0.0461276841819097,0.4962538161195133,0.3713046789894677,-0.0461954465311121,0.1816530381927656,0.0555407568996762,6.776234920231319e-05,0.3146007779267477,0.007893523887734,1.287721390295003,0.0271300031381625,0.0,0.0,0.0,0.0,0.0,0.0
56,24,0.1114457663826244,0.0015848376580674,0.5067891872873358,0.0559050094829481,0.0015170753088651,0.192188409360588,0.0555407568996762,6.776234920231319e-05,0.3146007779267477,0.007893523887734,1.287721390295003,0.0271300031381625,0.0,0.0,0.0,0.0,0.0,0.0
56,25,0.0962134978220782,0.0007598879757845,0.6459559677910306,0.040672740922402,0.0006921256265822,0.3313551898642828,0.0555407568996762,6.776234920231319e-05,0.3146007779267477,0.007893523887734,1.287721390295003,0.0271300031381625,0.0,0.0,0.0,0.0,0.0,0.0
56,26,0.1386875770150004,-0.0784209353817797,0.7902693414241211,0.0831468201153242,-0.078488697730982,0.4756685634973733,0.0555407568996762,6.776234920231319e-05,0.3146007779267477,0.007893523887734,1.287721390295003,0.0271300031381625,0.0,0.0,0.0,0.0,0.0,0.0
57,0,-0.0003642525832719,-0.0014493129596628,0.1224123685661596,-0.0559050094829481,-0.0015170753088651,-0.192188409360588,0.0555407568996762,6.776234920231319e-05,0.3146007779267477,0.007893523887734,1.287721390295003,0.0271300031381625,0.0,0.0,0.0,0.0,0.0,0.0
57,1,0.027227254002736,-0.0146149452378418,0.0608332453687273,-0.0283135028969401,-0.0146827075870441,-0.2537675325580203,0.0555407568996762,6.776234920231319e-05,0.3146007779267477,0.007893523887734,1.287721390295003,0.0271300031381625,0.0,0.0,0.0,0.0,0.0,0.0
57,2,-0.083902187220396,0.0221250307247471,0.0343677686094261,-0.1394429441200723,0.0220572683755448,-0.2802330093173216,0.0555407568996762,6.776234920231319e-05,0.3146007779267477,0.007893523887734,1.287721390295003,0.0271300031381625,0.0,0.0,0.0,0.0,0.0,0.0
57,3,-0.20029889497781,0.0506821402149293,0.0283429929941528,-0.2558396518774862,0.050614377865727,-0.2862577849325948,0.0555407568996762,6.776234920231319e-05,0.3146007779267477,0.007893523887734,1.287721390295003,0.0271300031381625,0.0,0.0,0.0,0.0,0.0,0.0
57,4,0.0643003907578741,-0.083505831719866,0.093493303236641,0.0087596338581979,-0.0835735940690684,-0.2211074746901067,0.0555407568996762,6.776234920231319e-05,0.3146007779267477,0.007893523887734,1.287721390295003,0.0271300031381625,0.0,0.0,0.0,0.0,0.0,0.0
57,5,0.1677310828595359,-0.0976655240148239,0.2147434374460392,0.1121903259598597,-0.0977332863640262,-0.0998573404807084,0.0555407568996762,6.776234920231319e-05,0.3146007779267477,0.007893523887734,1.287721390295003,0.0271300031381625,0.0,0.0,0.0,0.0,0.0,0.0
57,6,0.0632568759747095,-0.1210832050580406,0.0700480598050288,0.0077161190750332,-0.1211509674072429,-0.2445527181217189,0.0555407568996762,6.776234920231319e-05,0.3146007779267477,0.007893523887734,1.287721390295003,0.0271300031381625,0.0,0.0,0.0,0.0,0.0,0.0
57,7,0.144400550648651,-0.1919529572698305,0.0624861630731799,0.0888597937489747,-0.1920207196190328,-0.2521146148535677,0.0555407568996762,6.776234920231319e-05,0.3146007779267477,0.007893523887734,1.287721390295003,0.0271300031381625,0.0,0.0,0.0,0.0,0.0,0.0
57,8,0.1036922068647358,0.0037882787222463,0.0924799070320468,0.0481514499650596,0.003720516373044,-0.2221208708947009,0.0555407568996762,6.776234920231319e-05,0.3146007779267477,0.007893523887734,1.287721390295003,0.0271300031381625,0.0,0.0,0.0,0.0,0.0,0.0
57,9,0.1524251106432502,-0.0664099555993575,0.2277474640723565,0.096884353743574,-0.0664777179485598,-0.0868533138543911,0.0555407568996762,6.776234920231319e-05,0.3146007779267477,0.007893523887734,1.287721390295003,0.0271300031381625,0.0,0.0,0.0,0.0,0.0,0.0
57,10,0.1336154487943509,0.0295029597213413,0.0765955229796618,0.0780746918946747,0.029435197372139,-0.2380052549470859,0.0555407568996762,6.776234920231319e-05,0.3146007779267477,0.007893523887734,1.287721390295003,0.0271300031381625,0.0,0.0,0.0,0.0,0.0,0.0
57,11,0.2308806227668667,-0.0173376651834925,0.0735227732410126,0.1753398658671905,-0.0174054275326948,-0.2410780046857351,0.0555407568996762,6.776234920231319e-05,0.3146007779267477,0.007893523887734,1.287721390295003,0.0271300031381625,0.0,0.0,0.0,0.0,0.0,0.0
57,12,-0.0003642525832719,-0.0014493129596628,0.1224123685661596,-0.0559050094829481,-0.0015170753088651,-0.192188409360588,0.0555407568996762,6.776234920231319e-05,0.3146007779267477,0.007893523887734,1.287721390295003,0.0271300031381625,0.0,0.0,0.0,0.0,0.0,0.0
57,13,0.1024442005700156,-0.0075931873399931,0.2820766249547839,0.0469034436703393,-0.0076609496891954,-0.0325241529719638,0.0555407568996762,6.776234920231319e-05,0.3146007779267477,0.007893523887734,1.287721390295003,0.0271300031381625,0.0,0.0,0.0,0.0,0.0,0.0
57,14,0.1242202835766621,-0.0510670613276654,0.4822211339712935,0.0686795266769858,-0.0511348236768677,0.1676203560445457,0.0555407568996762,6.776234920231319e-05,0.3146007779267477,0.007893523887734,1.287721390295003,0.0271300031381625,0.0,0.0,0.0,0.0,0.0,0.0
57,15,0.1451958067379911,-0.1139391790174811,0.5270477347681928,0.0896550498383148,-0.1140069413666834,0.212446956841445,0.0555407568996762,6.776234920231319e-05,0.3146007779267477,0.007893523887734,1.287721390295003,0.0271300031381625,0.0,0.0,0.0,0.0,0.0,0.0
57,16,0.1671050753724562,-0.1802561108489079,0.3920438514888251,0.11156431847278,-0.1803238731981102,0.0774430735620773,0.0555407568996762,6.776234920231319e-05,0.3146007779267477,0.007893523887734,1.287721390295003,0.0271300031381625,0.0,0.0,0.0,0.0,0.0,0.0
57,17,0.2991872851414466,-0.1685337429530939,0.5107909607334788,0.2436465282417704,-0.1686015053022962,0.1961901828067311,0.0555407568996762,6.776234920231319e-05,0.3146007779267477,0.007893523887734,1.287721390295003,0.0271300031381625,0.0,0.0,0.0,0.0,0.0,0.0
57,18,0.3662716650549531,-0.1538762271932743,0.4891381733030646,0.3107309081552769,-0.1539439895424766,0.1745373953763168,0.0555407568996762,6.776234920231319e-05,0.3146007779267477,0.007893523887734,1.287721390295003,0.0271300031381625,0.0,0.0,0.0,0.0,0.0,0.0
57,19,0.155576038565371,0.0288852492641249,0.477699556775862,0.1000352816656948,0.0288174869149226,0.1630987788491143,0.0555407568996762,6.776234920231319e-05,0.3146007779267477,0.007893523887734,1.287721390295003,0.0271300031381625,0.0,0.0,0.0,0.0,0.0,0.0
57,20,0.2132418065740635,0.0566758631737274,0.5256822721910303,0.1577010496743873,0.0566081008245251,0.2110814942642825,0.0555407568996762,6.776234920231319e-05,0.3146007779267477,0.007893523887734,1.287721390295003,0.0271300031381625,0.0,0.0,0.0,0.0,0.0,0.0
57,21,0.2797498992350831,0.0611128813850562,0.3890770509141205,0.2242091423354069,0.0610451190358539,0.0744762729873728,0.0555407568996762,6.776234920231319e-05,0.3146007779267477,0.007893523887734,1.287721390295003,0.0271300031381625,0.0,0.0,0.0,0.0,0.0,0.0
57,22,0.3675136085600675,-0.0157745379853403,0.5235012156631429,0.3119728516603913,-0.0158423003345426,0.2089004377363951,0.0555407568996762,6.776234920231319e-05,0.3146007779267477,0.007893523887734,1.287721390295003,0.0271300031381625,0.0,0.0,0.0,0.0,0.0,0.0
57,23,0.426845435889144,-0.0461276841819097,0.4962538161195133,0.3713046789894677,-0.0461954465311121,0.1816530381927656,0.0555407568996762,6.776234920231319e-05,0.3146007779267477,0.007893523887734,1.287721390295003,0.0271300031381625,0.0,0.0,0.0,0.0,0.0,0.0
57,24,0.1114457663826244,0.0015848376580674,0.5067891872873358,0.0559050094829481,0.0015170753088651,0.192188409360588,0.0555407568996762,6.776234920231319e-05,0.3146007779267477,0.007893523887734,1.287721390295003,0.0271300031381625,0.0,0.0,0.0,0.0,0.0,0.0
57,25,0.0962134978220782,0.0007598879757845,0.6459559677910306,0.040672740922402,0.0006921256265822,0.3313551898642828,0.0555407568996762,6.776234920231319e-05,0.3146007779267477,0.007893523887734,1.287721390295003,0.0271300031381625,0.0,0.0,0.0,0.0,0.0,0.0
57,26,0.1386875770150004,-0.0784209353817797,0.7902693414241211,0.0831468201153242,-0.078488697730982,0.4756685634973733,0.0555407568996762,6.776234920231319e-05,0.3146007779267477,0.007893523887734,1.287721390295003,0.0271300031381625,0.0,0.0,0.0,0.0,0.0,0.0
58,0,-0.0003642525832719,-0.0014493129596628,0.1224123685661596,-0.0559050094829481,-0.0015170753088651,-0.192188409360588,0.0555407568996762,6.776234920231319e-05,0.3146007779267477,0.007893523887734,1.287721390295003,0.0271300031381625,0.0,0.0,0.0,0.0,0.0,0.0
58,1,0.027227254002736,-0.0146149452378418,0.0608332453687273,-0.0283135028969401,-0.0146827075870441,-0.2537675325580203,0.0555407568996762,6.776234920231319e-05,0.3146007779267477,0.007893523887734,1.287721390295003,0.0271300031381625,0.0,0.0,0.0,0.0,0.0,0.0
58,2,-0.083902187220396,0.0221250307247471,0.0343677686094261,-0.1394429441200723,0.0220572683755448,-0.2802330093173216,0.0555407568996762,6.776234920231319e-05,0.3146007779267477,0.007893523887734,1.287721390295003,0.0271300031381625,0.0,0.0,0.0,0.0,0.0,0.0
58,3,-0.20029889497781,0.0506821402149293,0.0283429929941528,-0.2558396518774862,0.050614377865727,-0.2862577849325948,0.0555407568996762,6.776234920231319e-05,0.3146007779267477,0.007893523887734,1.287721390295003,0.0271300031381625,0.0,0.0,0.0,0.0,0.0,0.0
58,4,0.0643003907578741,-0.083505831719866,0.093493303236641,0.0087596338581979,-0.0835735940690684,-0.2211074746901067,0.0555407568996762,6.776234920231319e-05,0.3146007779267477,0.007893523887734,1.287721390295003,0.0271300031381625,0.0,0.0,0.0,0.0,0.0,0.0
58,5,0.1677310828595359,-0.0976655240148239,0.2147434374460392,0.1121903259598597,-0.0977332863640262,-0.0998573404807084,0.0555407568996762,6.776234920231319e-05,0.3146007779267477,0.007893523887734,1.287721390295003,0.0271300031381625,0.0,0.0,0.0,0.0,0.0,0.0
58,6,0.0632568759747095,-0.1210832050580406,0.0700480598050288,0.0077161190750332,-0.1211509674072429,-0.2445527181217189,0.0555407568996762,6.776234920231319e-05,0.3146007779267477,0.007893523887734,1.287721390295003,0.0271300031381625,0.0,0.0,0.0,0.0,0.0,0.0
58,7,0.144400550648651,-0.1919529572698305,0.0624861630731799,0.0888597937489747,-0.1920207196190328,-0.2521146148535677,0.0555407568996762,6.776234920231319e-05,0.3146007779267477,0.007893523887734,1.287721390295003,0.0271300031381625,0.0,0.0,0.0,0.0,0.0,0.0
58,8,0.1036922068647358,0.0037882787222463,0.0924799070320468,0.0481514499650596,0.003720516373044,-0.2221208708947009,0.0555407568996762,6.776234920231319e-05,0.3146007779267477,0.007893523887734,1.287721390295003,0.0271300031381625,0.0,0.0,0.0,0.0,0.0,0.0
58,9,0.1524251106432502,-0.0664099555993575,0.2277474640723565,0.096884353743574,-0.0664777179485598,-0.0868533138543911,0.0555407568996762,6.776234920231319e-05,0.3146007779267477,0.007893523887734,1.287721390295003,0.0271300031381625,0.0,0.0,0.0,0.0,0.0,0.0
58,10,0.1336154487943509,0.0295029597213413,0.0765955229796618,0.0780746918946747,0.029435197372139,-0.2380052549470859,0.0555407568996762,6.776234920231319e-05,0.3146007779267477,0.007893523887734,1.287721390295003,0.0271300031381625,0.0,0.0,0.0,0.0,0.0,0.0
58,11,0.2308806227668667,-0.0173376651834925,0.0735227732410126,0.1753398658671905,-0.0174054275326948,-0.2410780046857351,0.0555407568996762,6.776234920231319e-05,0.3146007779267477,0.007893523887734,1.287721390295003,0.0271300031381625,0.0,0.0,0.0,0.0,0.0,0.0
58,12,-0.0003642525832719,-0.0014493129596628,0.1224123685661596,-0.0559050094829481,-0.0015170753088651,-0.192188409360588,0.0555407568996762,6.776234920231319e-05,0.3146007779267477,0.007893523887734,1.287721390295003,0.0271300031381625,0.0,0.0,0.0,0.0,0.0,0.0
58,13,0.1024442005700156,-0.0075931873399931,0.2820766249547839,0.0469034436703393,-0.0076609496891954,-0.0325241529719638,0.0555407568996762,6.776234920231319e-05,0.3146007779267477,0.007893523887734,1.287721390295003,0.0271300031381625,0.0,0.0,0.0,0.0,0.0,0.0
58,14,0.1242202835766621,-0.0510670613276654,0.4822211339712935,0.0686795266769858,-0.0511348236768677,0.1676203560445457,0.0555407568996762,6.776234920231319e-05,0.3146007779267477,0.007893523887734,1.287721390295003,0.0271300031381625,0.0,0.0,0.0,0.0,0.0,0.0
58,15,0.1451958067379911,-0.1139391790174811,0.5270477347681928,0.0896550498383148,-0.1140069413666834,0.212446956841445,0.0555407568996762,6.776234920231319e-05,0.3146007779267477,0.007893523887734,1.287721390295003,0.0271300031381625,0.0,0.0,0.0,0.0,0.0,0.0
58,16,0.1671050753724562,-0.1802561108489079,0.3920438514888251,0.11156431847278,-0.1803238731981102,0.0774430735620773,0.0555407568996762,6.776234920231319e-05,0.3146007779267477,0.007893523887734,1.287721390295003,0.0271300031381625,0.0,0.0,0.0,0.0,0.0,0.0
58,17,0.2991872851414466,-0.1685337429530939,0.5107909607334788,0.2436465282417704,-0.1686015053022962,0.1961901828067311,0.0555407568996762,6.776234920231319e-05,0.3146007779267477,0.007893523887734,1.287721390295003,0.0271300031381625,0.0,0.0,0.0,0.0,0.0,0.0
58,18,0.3662716650549531,-0.1538762271932743,0.4891381733030646,0.3107309081552769,-0.1539439895424766,0.1745373953763168,0.0555407568996762,6.776234920231319e-05,0.3146007779267477,0.007893523887734,1.287721390295003,0.0271300031381625,0.0,0.0,0.0,0.0,0.0,0.0
58,19,0.155576038565371,0.0288852492641249,0.477699556775862,0.1000352816656948,0.0288174869149226,0.1630987788491143,0.0555407568996762,6.776234920231319e-05,0.3146007779267477,0.007893523887734,1.287721390295003,0.0271300031381625,0.0,0.0,0.0,0.0,0.0,0.0
58,20,0.2132418065740635,0.0566758631737274,0.5256822721910303,0.1577010496743873,0.0566081008245251,0.2110814942642825,0.0555407568996762,6.776234920231319e-05,0.3146007779267477,0.007893523887734,1.287721390295003,0.0271300031381625,0.0,0.0,0.0,0.0,0.0,0.0
58,21,0.2797498992350831,0.0611128813850562,0.3890770509141205,0.2242091423354069,0.0610451190358539,0.0744762729873728,0.0555407568996762,6.776234920231319e-05,0.3146007779267477,0.007893523887734,1.287721390295003,0.0271300031381625,0.0,0.0,0.0,0.0,0.0,0.0
58,22,0.3675136085600675,-0.0157745379853403,0.5235012156631429,0.3119728516603913,-0.0158423003345426,0.2089004377363951,0.0555407568996762,6.776234920231319e-05,0.3146007779267477,0.007893523887734,1.287721390295003,0.0271300031381625,0.0,0.0,0.0,0.0,0.0,0.0
58,23,0.426845435889144,-0.0461276841819097,0.4962538161195133,0.3713046789894677,-0.0461954465311121,0.1816530381927656,0.0555407568996762,6.776234920231319e-05,0.3146007779267477,0.007893523887734,1.287721390295003,0.0271300031381625,0.0,0.0,0.0,0.0,0.0,0.0
58,24,0.1114457663826244,0.0015848376580674,0.5067891872873358,0.0559050094829481,0.0015170753088651,0.192188409360588,0.0555407568996762,6.776234920231319e-05,0.3146007779267477,0.007893523887734,1.287721390295003,0.0271300031381625,0.0,0.0,0.0,0.0,0.0,0.0
58,25,0.0962134978220782,0.0007598879757845,0.6459559677910306,0.040672740922402,0.0006921256265822,0.3313551898642828,0.0555407568996762,6.776234920231319e-05,0.3146007779267477,0.007893523887734,1.287721390295003,0.0271300031381625,0.0,0.0,0.0,0.0,0.0,0.0
58,26,0.1386875770150004,-0.0784209353817797,0.7902693414241211,0.0831468201153242,-0.078488697730982,0.4756685634973733,0.0555407568996762,6.776234920231319e-05,0.3146007779267477,0.007893523887734,1.287721390295003,0.0271300031381625,0.0,0.0,0.0,0.0,0.0,0.0
59,0,-0.0003642525832719,-0.0014493129596628,0.1224123685661596,-0.0559050094829481,-0.0015170753088651,-0.192188409360588,0.0555407568996762,6.776234920231319e-05,0.3146007779267477,0.007893523887734,1.287721390295003,0.0271300031381625,0.0,0.0,0.0,0.0,0.0,0.0
59,1,0.027227254002736,-0.0146149452378418,0.0608332453687273,-0.0283135028969401,-0.0146827075870441,-0.2537675325580203,0.0555407568996762,6.776234920231319e-05,0.3146007779267477,0.007893523887734,1.287721390295003,0.0271300031381625,0.0,0.0,0.0,0.0,0.0,0.0
59,2,-0.083902187220396,0.0221250307247471,0.0343677686094261,-0.1394429441200723,0.0220572683755448,-0.2802330093173216,0.0555407568996762,6.776234920231319e-05,0.3146007779267477,0.007893523887734,1.287721390295003,0.0271300031381625,0.0,0.0,0.0,0.0,0.0,0.0
59,3,-0.20029889497781,0.0506821402149293,0.0283429929941528,-0.2558396518774862,0.050614377865727,-0.2862577849325948,0.0555407568996762,6.776234920231319e-05,0.3146007779267477,0.007893523887734,1.287721390295003,0.0271300031381625,0.0,0.0,0.0,0.0,0.0,0.0
59,4,0.0643003907578741,-0.083505831719866,0.093493303236641,0.0087596338581979,-0.0835735940690684,-0.2211074746901067,0.0555407568996762,6.776234920231319e-05,0.3146007779267477,0.007893523887734,1.287721390295003,0.0271300031381625,0.0,0.0,0.0,0.0,0.0,0.0
59,5,0.1677310828595359,-0.0976655240148239,0.2147434374460392,0.1121903259598597,-0.0977332863640262,-0.0998573404807084,0.0555407568996762,6.776234920231319e-05,0.3146007779267477,0.007893523887734,1.287721390295003,0.0271300031381625,0.0,0.0,0.0,0.0,0.0,0.0
59,6,0.0632568759747095,-0.1210832050580406,0.0700480598050288,0.0077161190750332,-0.1211509674072429,-0.2445527181217189,0.0555407568996762,6.776234920231319e-05,0.3146007779267477,0.007893523887734,1.287721390295003,0.0271300031381625,0.0,0.0,0.0,0.0,0.0,0.0
59,7,0.144400550648651,-0.1919529572698305,0.0624861630731799,0.0888597937489747,-0.1920207196190328,-0.2521146148535677,0.0555407568996762,6.776234920231319e-05,0.3146007779267477,0.007893523887734,1.287721390295003,0.0271300031381625,0.0,0.0,0.0,0.0,0.0,0.0
59,8,0.1036922068647358,0.0037882787222463,0.0924799070320468,0.0481514499650596,0.003720516373044,-0.2221208708947009,0.0555407568996762,6.776234920231319e-05,0.3146007779267477,0.007893523887734,1.287721390295003,0.0271300031381625,0.0,0.0,0.0,0.0,0.0,0.0
59,9,0.1524251106432502,-0.0664099555993575,0.2277474640723565,0.096884353743574,-0.0664777179485598,-0.0868533138543911,0.0555407568996762,6.776234920231319e-05,0.3146007779267477,0.007893523887734,1.287721390295003,0.0271300031381625,0.0,0.0,0.0,0.0,0.0,0.0
59,10,0.1336154487943509,0.0295029597213413,0.0765955229796618,0.0780746918946747,0.029435197372139,-0.2380052549470859,0.0555407568996762,6.776234920231319e-05,0.3146007779267477,0.007893523887734,1.287721390295003,0.0271300031381625,0.0,0.0,0.0,0.0,0.0,0.0
59,11,0.2308806227668667,-0.0173376651834925,0.0735227732410126,0.1753398658671905,-0.0174054275326948,-0.2410780046857351,0.0555407568996762,6.776234920231319e-05,0.3146007779267477,0.007893523887734,1.287721390295003,0.0271300031381625,0.0,0.0,0.0,0.0,0.0,0.0
59,12,-0.0003642525832719,-0.0014493129596628,0.1224123685661596,-0.0559050094829481,-0.0015170753088651,-0.192188409360588,0.0555407568996762,6.776234920231319e-05,0.3146007779267477,0.007893523887734,1.287721390295003,0.0271300031381625,0.0,0.0,0.0,0.0,0.0,0.0
59,13,0.1024442005700156,-0.0075931873399931,0.2820766249547839,0.0469034436703393,-0.0076609496891954,-0.0325241529719638,0.0555407568996762,6.776234920231319e-05,0.3146007779267477,0.007893523887734,1.287721390295003,0.0271300031381625,0.0,0.0,0.0,0.0,0.0,0.0
59,14,0.1242202835766621,-0.0510670613276654,0.4822211339712935,0.0686795266769858,-0.0511348236768677,0.1676203560445457,0.0555407568996762,6.776234920231319e-05,0.3146007779267477,0.007893523887734,1.287721390295003,0.0271300031381625,0.0,0.0,0.0,0.0,0.0,0.0
59,15,0.1451958067379911,-0.1139391790174811,0.5270477347681928,0.0896550498383148,-0.1140069413666834,0.212446956841445,0.0555407568996762,6.776234920231319e-05,0.3146007779267477,0.007893523887734,1.287721390295003,0.0271300031381625,0.0,0.0,0.0,0.0,0.0,0.0
59,16,0.1671050753724562,-0.1802561108489079,0.3920438514888251,0.11156431847278,-0.1803238731981102,0.0774430735620773,0.0555407568996762,6.776234920231319e-05,0.3146007779267477,0.007893523887734,1.287721390295003,0.0271300031381625,0.0,0.0,0.0,0.0,0.0,0.0
59,17,0.2991872851414466,-0.1685337429530939,0.5107909607334788,0.2436465282417704,-0.1686015053022962,0.1961901828067311,0.0555407568996762,6.776234920231319e-05,0.3146007779267477,0.007893523887734,1.287721390295003,0.0271300031381625,0.0,0.0,0.0,0.0,0.0,0.0
59,18,0.3662716650549531,-0.1538762271932743,0.4891381733030646,0.3107309081552769,-0.1539439895424766,0.1745373953763168,0.0555407568996762,6.776234920231319e-05,0.3146007779267477,0.007893523887734,1.287721390295003,0.0271300031381625,0.0,0.0,0.0,0.0,0.0,0.0
59,19,0.155576038565371,0.0288852492641249,0.477699556775862,0.1000352816656948,0.0288174869149226,0.1630987788491143,0.0555407568996762,6.776234920231319e-05,0.3146007779267477,0.007893523887734,1.287721390295003,0.0271300031381625,0.0,0.0,0.0,0.0,0.0,0.0
59,20,0.2132418065740635,0.0566758631737274,0.5256822721910303,0.1577010496743873,0.0566081008245251,0.2110814942642825,0.0555407568996762,6.776234920231319e-05,0.3146007779267477,0.007893523887734,1.287721390295003,0.0271300031381625,0.0,0.0,0.0,0.0,0.0,0.0
59,21,0.2797498992350831,0.0611128813850562,0.3890770509141205,0.2242091423354069,0.0610451190358539,0.0744762729873728,0.0555407568996762,6.776234920231319e-05,0.3146007779267477,0.007893523887734,1.287721390295003,0.0271300031381625,0.0,0.0,0.0,0.0,0.0,0.0
59,22,0.3675136085600675,-0.0157745379853403,0.5235012156631429,0.3119728516603913,-0.0158423003345426,0.2089004377363951,0.0555407568996762,6.776234920231319e-05,0.3146007779267477,0.007893523887734,1.287721390295003,0.0271300031381625,0.0,0.0,0.0,0.0,0.0,0.0
59,23,0.426845435889144,-0.0461276841819097,0.4962538161195133,0.3713046789894677,-0.0461954465311121,0.1816530381927656,0.0555407568996762,6.776234920231319e-05,0.3146007779267477,0.007893523887734,1.287721390295003,0.0271300031381625,0.0,0.0,0.0,0.0,0.0,0.0
59,24,0.1114457663826244,0.0015848376580674,0.5067891872873358,0.0559050094829481,0.0015170753088651,0.192188409360588,0.0555407568996762,6.776234920231319e-05,0.3146007779267477,0.007893523887734,1.287721390295003,0.0271300031381625,0.0,0.0,0.0,0.0,0.0,0.0
59,25,0.0962134978220782,0.0007598879757845,0.6459559677910306,0.040672740922402,0.0006921256265822,0.3313551898642828,0.0555407568996762,6.776234920231319e-05,0.3146007779267477,0.007893523887734,1.287721390295003,0.0271300031381625,0.0,0.0,0.0,0.0,0.0,0.0
59,26,0.1386875770150004,-0.0784209353817797,0.7902693414241211,0.0831468201153242,-0.078488697730982,0.4756685634973733,0.0555407568996762,6.776234920231319e-05,0.3146007779267477,0.007893523887734,1.287721390295003,0.0271300031381625,0.0,0.0,0.0,0.0,0.0,0.0
60,0,-0.0003642525832719,-0.0014493129596628,0.1224123685661596,-0.0559050094829481,-0.0015170753088651,-0.192188409360588,0.0555407568996762,6.776234920231319e-05,0.3146007779267477,0.007893523887734,1.287721390295003,0.0271300031381625,0.0,0.0,0.0,0.0,0.0,0.0
60,1,0.027227254002736,-0.0146149452378418,0.0608332453687273,-0.0283135028969401,-0.0146827075870441,-0.2537675325580203,0.0555407568996762,6.776234920231319e-05,0.3146007779267477,0.007893523887734,1.287721390295003,0.0271300031381625,0.0,0.0,0.0,0.0,0.0,0.0
60,2,-0.083902187220396,0.0221250307247471,0.0343677686094261,-0.1394429441200723,0.0220572683755448,-0.2802330093173216,0.0555407568996762,6.776234920231319e-05,0.3146007779267477,0.007893523887734,1.287721390295003,0.0271300031381625,0.0,0.0,0.0,0.0,0.0,0.0
60,3,-0.20029889497781,0.0506821402149293,0.0283429929941528,-0.2558396518774862,0.050614377865727,-0.2862577849325948,0.0555407568996762,6.776234920231319e-05,0.3146007779267477,0.007893523887734,1.287721390295003,0.0271300031381625,0.0,0.0,0.0,0.0,0.0,0.0
60,4,0.0643003907578741,-0.083505831719866,0.093493303236641,0.0087596338581979,-0.0835735940690684,-0.2211074746901067,0.0555407568996762,6.776234920231319e-05,0.3146007779267477,0.007893523887734,1.287721390295003,0.0271300031381625,0.0,0.0,0.0,0.0,0.0,0.0
60,5,0.1677310828595359,-0.0976655240148239,0.2147434374460392,0.1121903259598597,-0.0977332863640262,-0.0998573404807084,0.0555407568996762,6.776234920231319e-05,0.3146007779267477,0.007893523887734,1.287721390295003,0.0271300031381625,0.0,0.0,0.0,0.0,0.0,0.0
60,6,0.0632568759747095,-0.1210832050580406,0.0700480598050288,0.0077161190750332,-0.1211509674072429,-0.2445527181217189,0.0555407568996762,6.776234920231319e-05,0.3146007779267477,0.007893523887734,1.287721390295003,0.0271300031381625,0.0,0.0,0.0,0.0,0.0,0.0
60,7,0.144400550648651,-0.1919529572698305,0.0624861630731799,0.0888597937489747,-0.1920207196190328,-0.2521146148535677,0.0555407568996762,6.776234920231319e-05,0.3146007779267477,0.007893523887734,1.287721390295003,0.0271300031381625,0.0,0.0,0.0,0.0,0.0,0.0
60,8,0.1036922068647358,0.0037882787222463,0.0924799070320468,0.0481514499650596,0.003720516373044,-0.2221208708947009,0.0555407568996762,6.776234920231319e-05,0.3146007779267477,0.007893523887734,1.287721390295003,0.0271300031381625,0.0,0.0,0.0,0.0,0.0,0.0
60,9,0.1524251106432502,-0.0664099555993575,0.2277474640723565,0.096884353743574,-0.0664777179485598,-0.0868533138543911,0.0555407568996762,6.776234920231319e-05,0.3146007779267477,0.007893523887734,1.287721390295003,0.0271300031381625,0.0,0.0,0.0,0.0,0.0,0.0
60,10,0.1336154487943509,0.0295029597213413,0.0765955229796618,0.0780746918946747,0.029435197372139,-0.2380052549470859,0.0555407568996762,6.776234920231319e-05,0.3146007779267477,0.007893523887734,1.287721390295003,0.0271300031381625,0.0,0.0,0.0,0.0,0.0,0.0
60,11,0.2308806227668667,-0.0173376651834925,0.0735227732410126,0.1753398658671905,-0.0174054275326948,-0.2410780046857351,0.0555407568996762,6.776234920231319e-05,0.3146007779267477,0.007893523887734,1.287721390295003,0.0271300031381625,0.0,0.0,0.0,0.0,0.0,0.0
60,12,-0.0003642525832719,-0.0014493129596628,0.1224123685661596,-0.0559050094829481,-0.0015170753088651,-0.192188409360588,0.0555407568996762,6.776234920231319e-05,0.3146007779267477,0.007893523887734,1.287721390295003,0.0271300031381625,0.0,0.0,0.0,0.0,0.0,0.0
60,13,0.1024442005700156,-0.0075931873399931,0.2820766249547839,0.0469034436703393,-0.0076609496891954,-0.0325241529719638,0.0555407568996762,6.776234920231319e-05,0.3146007779267477,0.007893523887734,1.287721390295003,0.0271300031381625,0.0,0.0,0.0,0.0,0.0,0.0
60,14,0.1242202835766621,-0.0510670613276654,0.4822211339712935,0.0686795266769858,-0.0511348236768677,0.1676203560445457,0.0555407568996762,6.776234920231319e-05,0.3146007779267477,0.007893523887734,1.287721390295003,0.0271300031381625,0.0,0.0,0.0,0.0,0.0,0.0
60,15,0.1451958067379911,-0.1139391790174811,0.5270477347681928,0.0896550498383148,-0.1140069413666834,0.212446956841445,0.0555407568996762,6.776234920231319e-05,0.3146007779267477,0.007893523887734,1.287721390295003,0.0271300031381625,0.0,0.0,0.0,0.0,0.0,0.0
60,16,0.1671050753724562,-0.1802561108489079,0.3920438514888251,0.11156431847278,-0.1803238731981102,0.0774430735620773,0.0555407568996762,6.776234920231319e-05,0.3146007779267477,0.007893523887734,1.287721390295003,0.0271300031381625,0.0,0.0,0.0,0.0,0.0,0.0
60,17,0.2991872851414466,-0.1685337429530939,0.5107909607334788,0.2436465282417704,-0.1686015053022962,0.1961901828067311,0.0555407568996762,6.776234920231319e-05,0.3146007779267477,0.007893523887734,1.287721390295003,0.0271300031381625,0.0,0.0,0.0,0.0,0.0,0.0
60,18,0.3662716650549531,-0.1538762271932743,0.4891381733030646,0.3107309081552769,-0.1539439895424766,0.1745373953763168,0.0555407568996762,6.776234920231319e-05,0.3146007779267477,0.007893523887734,1.287721390295003,0.0271300031381625,0.0,0.0,0.0,0.0,0.0,0.0
60,19,0.155576038565371,0.0288852492641249,0.477699556775862,0.1000352816656948,0.0288174869149226,0.1630987788491143,0.0555407568996762,6.776234920231319e-05,0.3146007779267477,0.007893523887734,1.287721390295003,0.0271300031381625,0.0,0.0,0.0,0.0,0.0,0.0
60,20,0.2132418065740635,0.0566758631737274,0.5256822721910303,0.1577010496743873,0.0566081008245251,0.2110814942642825,0.0555407568996762,6.776234920231319e-05,0.3146007779267477,0.007893523887734,1.287721390295003,0.0271300031381625,0.0,0.0,0.0,0.0,0.0,0.0
60,21,0.2797498992350831,0.0611128813850562,0.3890770509141205,0.2242091423354069,0.0610451190358539,0.0744762729873728,0.0555407568996762,6.776234920231319e-05,0.3146007779267477,0.007893523887734,1.287721390295003,0.0271300031381625,0.0,0.0,0.0,0.0,0.0,0.0
60,22,0.3675136085600675,-0.0157745379853403,0.5235012156631429,0.3119728516603913,-0.0158423003345426,0.2089004377363951,0.0555407568996762,6.776234920231319e-05,0.3146007779267477,0.007893523887734,1.287721390295003,0.0271300031381625,0.0,0.0,0.0,0.0,0.0,0.0
60,23,0.426845435889144,-0.0461276841819097,0.4962538161195133,0.3713046789894677,-0.0461954465311121,0.1816530381927656,0.0555407568996762,6.776234920231319e-05,0.3146007779267477,0.007893523887734,1.287721390295003,0.0271300031381625,0.0,0.0,0.0,0.0,0.0,0.0
60,24,0.1114457663826244,0.0015848376580674,0.5067891872873358,0.0559050094829481,0.0015170753088651,0.192188409360588,0.0555407568996762,6.776234920231319e-05,0.3146007779267477,0.007893523887734,1.287721390295003,0.0271300031381625,0.0,0.0,0.0,0.0,0.0,0.0
60,25,0.0962134978220782,0.0007598879757845,0.6459559677910306,0.040672740922402,0.0006921256265822,0.3313551898642828,0.0555407568996762,6.776234920231319e-05,0.3146007779267477,0.007893523887734,1.287721390295003,0.0271300031381625,0.0,0.0,0.0,0.0,0.0,0.0
60,26,0.1386875770150004,-0.0784209353817797,0.7902693414241211,0.0831468201153242,-0.078488697730982,0.4756685634973733,0.0555407568996762,6.776234920231319e-05,0.3146007779267477,0.007893523887734,1.287721390295003,0.0271300031381625,0.0,0.0,0.0,0.0,0.0,0.0
61,0,-0.0003642525832719,-0.0014493129596628,0.1224123685661596,-0.0559050094829481,-0.0015170753088651,-0.192188409360588,0.0555407568996762,6.776234920231319e-05,0.3146007779267477,0.007893523887734,1.287721390295003,0.0271300031381625,0.0,0.0,0.0,0.0,0.0,0.0
61,1,0.027227254002736,-0.0146149452378418,0.0608332453687273,-0.0283135028969401,-0.0146827075870441,-0.2537675325580203,0.0555407568996762,6.776234920231319e-05,0.3146007779267477,0.007893523887734,1.287721390295003,0.0271300031381625,0.0,0.0,0.0,0.0,0.0,0.0
61,2,-0.083902187220396,0.0221250307247471,0.0343677686094261,-0.1394429441200723,0.0220572683755448,-0.2802330093173216,0.0555407568996762,6.776234920231319e-05,0.3146007779267477,0.007893523887734,1.287721390295003,0.0271300031381625,0.0,0.0,0.0,0.0,0.0,0.0
61,3,-0.20029889497781,0.0506821402149293,0.0283429929941528,-0.2558396518774862,0.050614377865727,-0.2862577849325948,0.0555407568996762,6.776234920231319e-05,0.3146007779267477,0.007893523887734,1.287721390295003,0.0271300031381625,0.0,0.0,0.0,0.0,0.0,0.0
61,4,0.0643003907578741,-0.083505831719866,0.093493303236641,0.0087596338581979,-0.0835735940690684,-0.2211074746901067,0.0555407568996762,6.776234920231319e-05,0.3146007779267477,0.007893523887734,1.287721390295003,0.0271300031381625,0.0,0.0,0.0,0.0,0.0,0.0
61,5,0.1677310828595359,-0.0976655240148239,0.2147434374460392,0.1121903259598597,-0.0977332863640262,-0.0998573404807084,0.0555407568996762,6.776234920231319e-05,0.3146007779267477,0.007893523887734,1.287721390295003,0.0271300031381625,0.0,0.0,0.0,0.0,0.0,0.0
61,6,0.0632568759747095,-0.1210832050580406,0.0700480598050288,0.0077161190750332,-0.1211509674072429,-0.2445527181217189,0.0555407568996762,6.776234920231319e-05,0.3146007779267477,0.007893523887734,1.287721390295003,0.0271300031381625,0.0,0.0,0.0,0.0,0.0,0.0
61,7,0.144400550648651,-0.1919529572698305,0.0624861630731799,0.0888597937489747,-0.1920207196190328,-0.2521146148535677,0.0555407568996762,6.776234920231319e-05,0.3146007779267477,0.007893523887734,1.287721390295003,0.0271300031381625,0.0,0.0,0.0,0.0,0.0,0.0
61,8,0.1036922068647358,0.0037882787222463,0.0924799070320468,0.0481514499650596,0.003720516373044,-0.2221208708947009,0.0555407568996762,6.776234920231319e-05,0.3146007779267477,0.007893523887734,1.287721390295003,0.0271300031381625,0.0,0.0,0.0,0.0,0.0,0.0
61,9,0.1524251106432502,-0.0664099555993575,0.2277474640723565,0.096884353743574,-0.0664777179485598,-0.0868533138543911,0.0555407568996762,6.776234920231319e-05,0.3146007779267477,0.007893523887734,1.287721390295003,0.0271300031381625,0.0,0.0,0.0,0.0,0.0,0.0
61,10,0.1336154487943509,0.0295029597213413,0.0765955229796618,0.0780746918946747,0.029435197372139,-0.2380052549470859,0.0555407568996762,6.776234920231319e-05,0.3146007779267477,0.007893523887734,1.287721390295003,0.0271300031381625,0.0,0.0,0.0,0.0,0.0,0.0
61,11,0.2308806227668667,-0.0173376651834925,0.0735227732410126,0.1753398658671905,-0.0174054275326948,-0.2410780046857351,0.0555407568996762,6.776234920231319e-05,0.3146007779267477,0.007893523887734,1.287721390295003,0.0271300031381625,0.0,0.0,0.0,0.0,0.0,0.0
61,12,-0.0003642525832719,-0.0014493129596628,0.1224123685661596,-0.0559050094829481,-0.0015170753088651,-0.192188409360588,0.0555407568996762,6.776234920231319e-05,0.3146007779267477,0.007893523887734,1.287721390295003,0.0271300031381625,0.0,0.0,0.0,0.0,0.0,0.0
61,13,0.1024442005700156,-0.0075931873399931,0.2820766249547839,0.0469034436703393,-0.0076609496891954,-0.0325241529719638,0.0555407568996762,6.776234920231319e-05,0.3146007779267477,0.007893523887734,1.287721390295003,0.0271300031381625,0.0,0.0,0.0,0.0,0.0,0.0
61,14,0.1242202835766621,-0.0510670613276654,0.4822211339712935,0.0686795266769858,-0.0511348236768677,0.1676203560445457,0.0555407568996762,6.776234920231319e-05,0.3146007779267477,0.007893523887734,1.287721390295003,0.0271300031381625,0.0,0.0,0.0,0.0,0.0,0.0
61,15,0.1451958067379911,-0.1139391790174811,0.5270477347681928,0.0896550498383148,-0.1140069413666834,0.212446956841445,0.0555407568996762,6.776234920231319e-05,0.3146007779267477,0.007893523887734,1.287721390295003,0.0271300031381625,0.0,0.0,0.0,0.0,0.0,0.0
61,16,0.1671050753724562,-0.1802561108489079,0.3920438514888251,0.11156431847278,-0.1803238731981102,0.0774430735620773,0.0555407568996762,6.776234920231319e-05,0.3146007779267477,0.007893523887734,1.287721390295003,0.0271300031381625,0.0,0.0,0.0,0.0,0.0,0.0
61,17,0.2991872851414466,-0.1685337429530939,0.5107909607334788,0.2436465282417704,-0.1686015053022962,0.1961901828067311,0.0555407568996762,6.776234920231319e-05,0.3146007779267477,0.007893523887734,1.287721390295003,0.0271300031381625,0.0,0.0,0.0,0.0,0.0,0.0
61,18,0.3662716650549531,-0.1538762271932743,0.4891381733030646,0.3107309081552769,-0.1539439895424766,0.1745373953763168,0.0555407568996762,6.776234920231319e-05,0.3146007779267477,0.007893523887734,1.287721390295003,0.0271300031381625,0.0,0.0,0.0,0.0,0.0,0.0
61,19,0.155576038565371,0.0288852492641249,0.477699556775862,0.1000352816656948,0.0288174869149226,0.1630987788491143,0.0555407568996762,6.776234920231319e-05,0.3146007779267477,0.007893523887734,1.287721390295003,0.0271300031381625,0.0,0.0,0.0,0.0,0.0,0.0
61,20,0.2132418065740635,0.0566758631737274,0.5256822721910303,0.1577010496743873,0.0566081008245251,0.2110814942642825,0.0555407568996762,6.776234920231319e-05,0.3146007779267477,0.007893523887734,1.287721390295003,0.0271300031381625,0.0,0.0,0.0,0.0,0.0,0.0
61,21,0.2797498992350831,0.0611128813850562,0.3890770509141205,0.2242091423354069,0.0610451190358539,0.0744762729873728,0.0555407568996762,6.776234920231319e-05,0.3146007779267477,0.007893523887734,1.287721390295003,0.0271300031381625,0.0,0.0,0.0,0.0,0.0,0.0
61,22,0.3675136085600675,-0.0157745379853403,0.5235012156631429,0.3119728516603913,-0.0158423003345426,0.2089004377363951,0.0555407568996762,6.776234920231319e-05,0.3146007779267477,0.007893523887734,1.287721390295003,0.0271300031381625,0.0,0.0,0.0,0.0,0.0,0.0
61,23,0.426845435889144,-0.0461276841819097,0.4962538161195133,0.3713046789894677,-0.0461954465311121,0.1816530381927656,0.0555407568996762,6.776234920231319e-05,0.3146007779267477,0.007893523887734,1.287721390295003,0.0271300031381625,0.0,0.0,0.0,0.0,0.0,0.0
61,24,0.1114457663826244,0.0015848376580674,0.5067891872873358,0.0559050094829481,0.0015170753088651,0.192188409360588,0.0555407568996762,6.776234920231319e-05,0.3146007779267477,0.007893523887734,1.287721390295003,0.0271300031381625,0.0,0.0,0.0,0.0,0.0,0.0
61,25,0.0962134978220782,0.0007598879757845,0.6459559677910306,0.040672740922402,0.0006921256265822,0.3313551898642828,0.0555407568996762,6.776234920231319e-05,0.3146007779267477,0.007893523887734,1.287721390295003,0.0271300031381625,0.0,0.0,0.0,0.0,0.0,0.0
61,26,0.1386875770150004,-0.0784209353817797,0.7902693414241211,0.0831468201153242,-0.078488697730982,0.4756685634973733,0.0555407568996762,6.776234920231319e-05,0.3146007779267477,0.007893523887734,1.287721390295003,0.0271300031381625,0.0,0.0,0.0,0.0,0.0,0.0
62,0,-0.0003642525832719,-0.0014493129596628,0.1224123685661596,-0.0559050094829481,-0.0015170753088651,-0.192188409360588,0.0555407568996762,6.776234920231319e-05,0.3146007779267477,0.007893523887734,1.287721390295003,0.0271300031381625,0.0,0.0,0.0,0.0,0.0,0.0
62,1,0.027227254002736,-0.0146149452378418,0.0608332453687273,-0.0283135028969401,-0.0146827075870441,-0.2537675325580203,0.0555407568996762,6.776234920231319e-05,0.3146007779267477,0.007893523887734,1.287721390295003,0.0271300031381625,0.0,0.0,0.0,0.0,0.0,0.0
62,2,-0.083902187220396,0.0221250307247471,0.0343677686094261,-0.1394429441200723,0.0220572683755448,-0.2802330093173216,0.0555407568996762,6.776234920231319e-05,0.3146007779267477,0.007893523887734,1.287721390295003,0.0271300031381625,0.0,0.0,0.0,0.0,0.0,0.0
62,3,-0.20029889497781,0.0506821402149293,0.0283429929941528,-0.2558396518774862,0.050614377865727,-0.2862577849325948,0.0555407568996762,6.776234920231319e-05,0.3146007779267477,0.007893523887734,1.287721390295003,0.0271300031381625,0.0,0.0,0.0,0.0,0.0,0.0
62,4,0.0643003907578741,-0.083505831719866,0.093493303236641,0.0087596338581979,-0.0835735940690684,-0.2211074746901067,0.0555407568996762,6.776234920231319e-05,0.3146007779267477,0.007893523887734,1.287721390295003,0.0271300031381625,0.0,0.0,0.0,0.0,0.0,0.0
62,5,0.1677310828595359,-0.0976655240148239,0.2147434374460392,0.1121903259598597,-0.0977332863640262,-0.0998573404807084,0.0555407568996762,6.776234920231319e-05,0.3146007779267477,0.007893523887734,1.287721390295003,0.0271300031381625,0.0,0.0,0.0,0.0,0.0,0.0
62,6,0.0632568759747095,-0.1210832050580406,0.0700480598050288,0.0077161190750332,-0.1211509674072429,-0.2445527181217189,0.0555407568996762,6.776234920231319e-05,0.3146007779267477,0.007893523887734,1.287721390295003,0.0271300031381625,0.0,0.0,0.0,0.0,0.0,0.0
62,7,0.144400550648651,-0.1919529572698305,0.0624861630731799,0.0888597937489747,-0.1920207196190328,-0.2521146148535677,0.0555407568996762,6.776234920231319e-05,0.3146007779267477,0.007893523887734,1.287721390295003,0.0271300031381625,0.0,0.0,0.0,0.0,0.0,0.0
62,8,0.1036922068647358,0.0037882787222463,0.0924799070320468,0.0481514499650596,0.003720516373044,-0.2221208708947009,0.0555407568996762,6.776234920231319e-05,0.3146007779267477,0.007893523887734,1.287721390295003,0.0271300031381625,0.0,0.0,0.0,0.0,0.0,0.0
62,9,0.1524251106432502,-0.0664099555993575,0.2277474640723565,0.096884353743574,-0.0664777179485598,-0.0868533138543911,0.0555407568996762,6.776234920231319e-05,0.3146007779267477,0.007893523887734,1.287721390295003,0.0271300031381625,0.0,0.0,0.0,0.0,0.0,0.0
62,10,0.1336154487943509,0.0295029597213413,0.0765955229796618,0.0780746918946747,0.029435197372139,-0.2380052549470859,0.0555407568996762,6.776234920231319e-05,0.3146007779267477,0.007893523887734,1.287721390295003,0.0271300031381625,0.0,0.0,0.0,0.0,0.0,0.0
62,11,0.2308806227668667,-0.0173376651834925,0.0735227732410126,0.1753398658671905,-0.0174054275326948,-0.2410780046857351,0.0555407568996762,6.776234920231319e-05,0.3146007779267477,0.007893523887734,1.287721390295003,0.0271300031381625,0.0,0.0,0.0,0.0,0.0,0.0
62,12,-0.0003642525832719,-0.0014493129596628,0.1224123685661596,-0.0559050094829481,-0.0015170753088651,-0.192188409360588,0.0555407568996762,6.776234920231319e-05,0.3146007779267477,0.007893523887734,1.287721390295003,0.0271300031381625,0.0,0.0,0.0,0.0,0.0,0.0
62,13,0.1024442005700156,-0.0075931873399931,0.2820766249547839,0.0469034436703393,-0.0076609496891954,-0.0325241529719638,0.0555407568996762,6.776234920231319e-05,0.3146007779267477,0.007893523887734,1.287721390295003,0.0271300031381625,0.0,0.0,0.0,0.0,0.0,0.0
62,14,0.1242202835766621,-0.0510670613276654,0.4822211339712935,0.0686795266769858,-0.0511348236768677,0.1676203560445457,0.0555407568996762,6.776234920231319e-05,0.3146007779267477,0.007893523887734,1.287721390295003,0.0271300031381625,0.0,0.0,0.0,0.0,0.0,0.0
62,15,0.1451958067379911,-0.1139391790174811,0.5270477347681928,0.0896550498383148,-0.1140069413666834,0.212446956841445,0.0555407568996762,6.776234920231319e-05,0.3146007779267477,0.007893523887734,1.287721390295003,0.0271300031381625,0.0,0.0,0.0,0.0,0.0,0.0
62,16,0.1671050753724562,-0.1802561108489079,0.3920438514888251,0.11156431847278,-0.1803238731981102,0.0774430735620773,0.0555407568996762,6.776234920231319e-05,0.3146007779267477,0.007893523887734,1.287721390295003,0.0271300031381625,0.0,0.0,0.0,0.0,0.0,0.0
62,17,0.2991872851414466,-0.1685337429530939,0.5107909607334788,0.2436465282417704,-0.1686015053022962,0.1961901828067311,0.0555407568996762,6.776234920231319e-05,0.3146007779267477,0.007893523887734,1.287721390295003,0.0271300031381625,0.0,0.0,0.0,0.0,0.0,0.0
62,18,0.3662716650549531,-0.1538762271932743,0.4891381733030646,0.3107309081552769,-0.1539439895424766,0.1745373953763168,0.0555407568996762,6.776234920231319e-05,0.3146007779267477,0.007893523887734,1.287721390295003,0.0271300031381625,0.0,0.0,0.0,0.0,0.0,0.0
62,19,0.155576038565371,0.0288852492641249,0.477699556775862,0.1000352816656948,0.0288174869149226,0.1630987788491143,0.0555407568996762,6.776234920231319e-05,0.3146007779267477,0.007893523887734,1.287721390295003,0.0271300031381625,0.0,0.0,0.0,0.0,0.0,0.0
62,20,0.2132418065740635,0.0566758631737274,0.5256822721910303,0.1577010496743873,0.0566081008245251,0.2110814942642825,0.0555407568996762,6.776234920231319e-05,0.3146007779267477,0.007893523887734,1.287721390295003,0.0271300031381625,0.0,0.0,0.0,0.0,0.0,0.0
62,21,0.2797498992350831,0.0611128813850562,0.3890770509141205,0.2242091423354069,0.0610451190358539,0.0744762729873728,0.0555407568996762,6.776234920231319e-05,0.3146007779267477,0.007893523887734,1.287721390295003,0.0271300031381625,0.0,0.0,0.0,0.0,0.0,0.0
62,22,0.3675136085600675,-0.0157745379853403,0.5235012156631429,0.3119728516603913,-0.0158423003345426,0.2089004377363951,0.0555407568996762,6.776234920231319e-05,0.3146007779267477,0.007893523887734,1.287721390295003,0.0271300031381625,0.0,0.0,0.0,0.0,0.0,0.0
62,23,0.426845435889144,-0.0461276841819097,0.4962538161195133,0.3713046789894677,-0.0461954465311121,0.1816530381927656,0.0555407568996762,6.776234920231319e-05,0.3146007779267477,0.007893523887734,1.287721390295003,0.0271300031381625,0.0,0.0,0.0,0.0,0.0,0.0
62,24,0.1114457663826244,0.0015848376580674,0.5067891872873358,0.0559050094829481,0.0015170753088651,0.192188409360588,0.0555407568996762,6.776234920231319e-05,0.3146007779267477,0.007893523887734,1.287721390295003,0.0271300031381625,0.0,0.0,0.0,0.0,0.0,0.0
62,25,0.0962134978220782,0.0007598879757845,0.6459559677910306,0.040672740922402,0.0006921256265822,0.3313551898642828,0.0555407568996762,6.776234920231319e-05,0.3146007779267477,0.007893523887734,1.287721390295003,0.0271300031381625,0.0,0.0,0.0,0.0,0.0,0.0
62,26,0.1386875770150004,-0.0784209353817797,0.7902693414241211,0.0831468201153242,-0.078488697730982,0.4756685634973733,0.0555407568996762,6.776234920231319e-05,0.3146007779267477,0.007893523887734,1.287721390295003,0.0271300031381625,0.0,0.0,0.0,0.0,0.0,0.0
63,0,-0.0003642525832719,-0.0014493129596628,0.1224123685661596,-0.0559050094829481,-0.0015170753088651,-0.192188409360588,0.0555407568996762,6.776234920231319e-05,0.3146007779267477,0.007893523887734,1.287721390295003,0.0271300031381625,0.0,0.0,0.0,0.0,0.0,0.0
63,1,0.027227254002736,-0.0146149452378418,0.0608332453687273,-0.0283135028969401,-0.0146827075870441,-0.2537675325580203,0.0555407568996762,6.776234920231319e-05,0.3146007779267477,0.007893523887734,1.287721390295003,0.0271300031381625,0.0,0.0,0.0,0.0,0.0,0.0
63,2,-0.083902187220396,0.0221250307247471,0.0343677686094261,-0.1394429441200723,0.0220572683755448,-0.2802330093173216,0.0555407568996762,6.776234920231319e-05,0.3146007779267477,0.007893523887734,1.287721390295003,0.0271300031381625,0.0,0.0,0.0,0.0,0.0,0.0
63,3,-0.20029889497781,0.0506821402149293,0.0283429929941528,-0.2558396518774862,0.050614377865727,-0.2862577849325948,0.0555407568996762,6.776234920231319e-05,0.3146007779267477,0.007893523887734,1.287721390295003,0.0271300031381625,0.0,0.0,0.0,0.0,0.0,0.0
63,4,0.0643003907578741,-0.083505831719866,0.093493303236641,0.0087596338581979,-0.0835735940690684,-0.2211074746901067,0.0555407568996762,6.776234920231319e-05,0.3146007779267477,0.007893523887734,1.287721390295003,0.0271300031381625,0.0,0.0,0.0,0.0,0.0,0.0
63,5,0.1677310828595359,-0.0976655240148239,0.2147434374460392,0.1121903259598597,-0.0977332863640262,-0.0998573404807084,0.0555407568996762,6.776234920231319e-05,0.3146007779267477,0.007893523887734,1.287721390295003,0.0271300031381625,0.0,0.0,0.0,0.0,0.0,0.0
63,6,0.0632568759747095,-0.1210832050580406,0.0700480598050288,0.0077161190750332,-0.1211509674072429,-0.2445527181217189,0.0555407568996762,6.776234920231319e-05,0.3146007779267477,0.007893523887734,1.287721390295003,0.0271300031381625,0.0,0.0,0.0,0.0,0.0,0.0
63,7,0.144400550648651,-0.1919529572698305,0.0624861630731799,0.0888597937489747,-0.1920207196190328,-0.2521146148535677,0.0555407568996762,6.776234920231319e-05,0.3146007779267477,0.007893523887734,1.287721390295003,0.0271300031381625,0.0,0.0,0.0,0.0,0.0,0.0
63,8,0.1036922068647358,0.0037882787222463,0.0924799070320468,0.0481514499650596,0.003720516373044,-0.2221208708947009,0.0555407568996762,6.776234920231319e-05,0.3146007779267477,0.007893523887734,1.287721390295003,0.0271300031381625,0.0,0.0,0.0,0.0,0.0,0.0
63,9,0.1524251106432502,-0.0664099555993575,0.2277474640723565,0.096884353743574,-0.0664777179485598,-0.0868533138543911,0.0555407568996762,6.776234920231319e-05,0.3146007779267477,0.007893523887734,1.287721390295003,0.0271300031381625,0.0,0.0,0.0,0.0,0.0,0.0
63,10,0.1336154487943509,0.0295029597213413,0.0765955229796618,0.0780746918946747,0.029435197372139,-0.2380052549470859,0.0555407568996762,6.776234920231319e-05,0.3146007779267477,0.007893523887734,1.287721390295003,0.0271300031381625,0.0,0.0,0.0,0.0,0.0,0.0
63,11,0.2308806227668667,-0.0173376651834925,0.0735227732410126,0.1753398658671905,-0.0174054275326948,-0.2410780046857351,0.0555407568996762,6.776234920231319e-05,0.3146007779267477,0.007893523887734,1.287721390295003,0.0271300031381625,0.0,0.0,0.0,0.0,0.0,0.0
63,12,-0.0003642525832719,-0.0014493129596628,0.1224123685661596,-0.0559050094829481,-0.0015170753088651,-0.192188409360588,0.0555407568996762,6.776234920231319e-05,0.3146007779267477,0.007893523887734,1.287721390295003,0.0271300031381625,0.0,0.0,0.0,0.0,0.0,0.0
63,13,0.1024442005700156,-0.0075931873399931,0.2820766249547839,0.0469034436703393,-0.0076609496891954,-0.0325241529719638,0.0555407568996762,6.776234920231319e-05,0.3146007779267477,0.007893523887734,1.287721390295003,0.0271300031381625,0.0,0.0,0.0,0.0,0.0,0.0
63,14,0.1242202835766621,-0.0510670613276654,0.4822211339712935,0.0686795266769858,-0.0511348236768677,0.1676203560445457,0.0555407568996762,6.776234920231319e-05,0.3146007779267477,0.007893523887734,1.287721390295003,0.0271300031381625,0.0,0.0,0.0,0.0,0.0,0.0
63,15,0.1451958067379911,-0.1139391790174811,0.5270477347681928,0.0896550498383148,-0.1140069413666834,0.212446956841445,0.0555407568996762,6.776234920231319e-05,0.3146007779267477,0.007893523887734,1.287721390295003,0.0271300031381625,0.0,0.0,0.0,0.0,0.0,0.0
63,16,0.1671050753724562,-0.1802561108489079,0.3920438514888251,0.11156431847278,-0.1803238731981102,0.0774430735620773,0.0555407568996762,6.776234920231319e-05,0.3146007779267477,0.007893523887734,1.287721390295003,0.0271300031381625,0.0,0.0,0.0,0.0,0.0,0.0
63,17,0.2991872851414466,-0.1685337429530939,0.5107909607334788,0.2436465282417704,-0.1686015053022962,0.1961901828067311,0.0555407568996762,6.776234920231319e-05,0.3146007779267477,0.007893523887734,1.287721390295003,0.0271300031381625,0.0,0.0,0.0,0.0,0.0,0.0
63,18,0.3662716650549531,-0.1538762271932743,0.4891381733030646,0.3107309081552769,-0.1539439895424766,0.1745373953763168,0.0555407568996762,6.776234920231319e-05,0.3146007779267477,0.007893523887734,1.287721390295003,0.0271300031381625,0.0,0.0,0.0,0.0,0.0,0.0
63,19,0.155576038565371,0.0288852492641249,0.477699556775862,0.1000352816656948,0.0288174869149226,0.1630987788491143,0.0555407568996762,6.776234920231319e-05,0.3146007779267477,0.007893523887734,1.287721390295003,0.0271300031381625,0.0,0.0,0.0,0.0,0.0,0.0
63,20,0.2132418065740635,0.0566758631737274,0.5256822721910303,0.1577010496743873,0.0566081008245251,0.2110814942642825,0.0555407568996762,6.776234920231319e-05,0.3146007779267477,0.007893523887734,1.287721390295003,0.0271300031381625,0.0,0.0,0.0,0.0,0.0,0.0
63,21,0.2797498992350831,0.0611128813850562,0.3890770509141205,0.2242091423354069,0.0610451190358539,0.0744762729873728,0.0555407568996762,6.776234920231319e-05,0.3146007779267477,0.007893523887734,1.287721390295003,0.0271300031381625,0.0,0.0,0.0,0.0,0.0,0.0
63,22,0.3675136085600675,-0.0157745379853403,0.5235012156631429,0.3119728516603913,-0.0158423003345426,0.2089004377363951,0.0555407568996762,6.776234920231319e-05,0.3146007779267477,0.007893523887734,1.287721390295003,0.0271300031381625,0.0,0.0,0.0,0.0,0.0,0.0
63,23,0.426845435889144,-0.0461276841819097,0.4962538161195133,0.3713046789894677,-0.0461954465311121,0.1816530381927656,0.0555407568996762,6.776234920231319e-05,0.3146007779267477,0.007893523887734,1.287721390295003,0.0271300031381625,0.0,0.0,0.0,0.0,0.0,0.0
63,24,0.1114457663826244,0.0015848376580674,0.5067891872873358,0.0559050094829481,0.0015170753088651,0.192188409360588,0.0555407568996762,6.776234920231319e-05,0.3146007779267477,0.007893523887734,1.287721390295003,0.0271300031381625,0.0,0.0,0.0,0.0,0.0,0.0
63,25,0.0962134978220782,0.0007598879757845,0.6459559677910306,0.040672740922402,0.0006921256265822,0.3313551898642828,0.0555407568996762,6.776234920231319e-05,0.3146007779267477,0.007893523887734,1.287721390295003,0.0271300031381625,0.0,0.0,0.0,0.0,0.0,0.0
63,26,0.1386875770150004,-0.0784209353817797,0.7902693414241211,0.0831468201153242,-0.078488697730982,0.4756685634973733,0.0555407568996762,6.776234920231319e-05,0.3146007779267477,0.007893523887734,1.287721390295003,0.0271300031381625,0.0,0.0,0.0,0.0,0.0,0.0
64,0,-0.0003642525832719,-0.0014493129596628,0.1224123685661596,-0.0559050094829481,-0.0015170753088651,-0.192188409360588,0.0555407568996762,6.776234920231319e-05,0.3146007779267477,0.007893523887734,1.287721390295003,0.0271300031381625,0.0,0.0,0.0,0.0,0.0,0.0
64,1,0.027227254002736,-0.0146149452378418,0.0608332453687273,-0.0283135028969401,-0.0146827075870441,-0.2537675325580203,0.0555407568996762,6.776234920231319e-05,0.3146007779267477,0.007893523887734,1.287721390295003,0.0271300031381625,0.0,0.0,0.0,0.0,0.0,0.0
64,2,-0.083902187220396,0.0221250307247471,0.0343677686094261,-0.1394429441200723,0.0220572683755448,-0.2802330093173216,0.0555407568996762,6.776234920231319e-05,0.3146007779267477,0.007893523887734,1.287721390295003,0.0271300031381625,0.0,0.0,0.0,0.0,0.0,0.0
64,3,-0.20029889497781,0.0506821402149293,0.0283429929941528,-0.2558396518774862,0.050614377865727,-0.2862577849325948,0.0555407568996762,6.776234920231319e-05,0.3146007779267477,0.007893523887734,1.287721390295003,0.0271300031381625,0.0,0.0,0.0,0.0,0.0,0.0
64,4,0.0643003907578741,-0.083505831719866,0.093493303236641,0.0087596338581979,-0.0835735940690684,-0.2211074746901067,0.0555407568996762,6.776234920231319e-05,0.3146007779267477,0.007893523887734,1.287721390295003,0.0271300031381625,0.0,0.0,0.0,0.0,0.0,0.0
64,5,0.1677310828595359,-0.0976655240148239,0.2147434374460392,0.1121903259598597,-0.0977332863640262,-0.0998573404807084,0.0555407568996762,6.776234920231319e-05,0.3146007779267477,0.007893523887734,1.287721390295003,0.0271300031381625,0.0,0.0,0.0,0.0,0.0,0.0
64,6,0.0632568759747095,-0.1210832050580406,0.0700480598050288,0.0077161190750332,-0.1211509674072429,-0.2445527181217189,0.0555407568996762,6.776234920231319e-05,0.3146007779267477,0.007893523887734,1.287721390295003,0.0271300031381625,0.0,0.0,0.0,0.0,0.0,0.0
64,7,0.144400550648651,-0.1919529572698305,0.0624861630731799,0.0888597937489747,-0.1920207196190328,-0.2521146148535677,0.0555407568996762,6.776234920231319e-05,0.3146007779267477,0.007893523887734,1.287721390295003,0.0271300031381625,0.0,0.0,0.0,0.0,0.0,0.0
64,8,0.1036922068647358,0.0037882787222463,0.0924799070320468,0.0481514499650596,0.003720516373044,-0.2221208708947009,0.0555407568996762,6.776234920231319e-05,0.3146007779267477,0.007893523887734,1.287721390295003,0.0271300031381625,0.0,0.0,0.0,0.0,0.0,0.0
64,9,0.1524251106432502,-0.0664099555993575,0.2277474640723565,0.096884353743574,-0.0664777179485598,-0.0868533138543911,0.0555407568996762,6.776234920231319e-05,0.3146007779267477,0.007893523887734,1.287721390295003,0.0271300031381625,0.0,0.0,0.0,0.0,0.0,0.0
64,10,0.1336154487943509,0.0295029597213413,0.0765955229796618,0.0780746918946747,0.029435197372139,-0.2380052549470859,0.0555407568996762,6.776234920231319e-05,0.3146007779267477,0.007893523887734,1.287721390295003,0.0271300031381625,0.0,0.0,0.0,0.0,0.0,0.0
64,11,0.2308806227668667,-0.0173376651834925,0.0735227732410126,0.1753398658671905,-0.0174054275326948,-0.2410780046857351,0.0555407568996762,6.776234920231319e-05,0.3146007779267477,0.007893523887734,1.287721390295003,0.0271300031381625,0.0,0.0,0.0,0.0,0.0,0.0
64,12,-0.0003642525832719,-0.0014493129596628,0.1224123685661596,-0.0559050094829481,-0.0015170753088651,-0.192188409360588,0.0555407568996762,6.776234920231319e-05,0.3146007779267477,0.007893523887734,1.287721390295003,0.0271300031381625,0.0,0.0,0.0,0.0,0.0,0.0
64,13,0.1024442005700156,-0.0075931873399931,0.2820766249547839,0.0469034436703393,-0.0076609496891954,-0.0325241529719638,0.0555407568996762,6.776234920231319e-05,0.3146007779267477,0.007893523887734,1.287721390295003,0.0271300031381625,0.0,0.0,0.0,0.0,0.0,0.0
64,14,0.1242202835766621,-0.0510670613276654,0.4822211339712935,0.0686795266769858,-0.0511348236768677,0.1676203560445457,0.0555407568996762,6.776234920231319e-05,0.3146007779267477,0.007893523887734,1.287721390295003,0.0271300031381625,0.0,0.0,0.0,0.0,0.0,0.0
64,15,0.1451958067379911,-0.1139391790174811,0.5270477347681928,0.0896550498383148,-0.1140069413666834,0.212446956841445,0.0555407568996762,6.776234920231319e-05,0.3146007779267477,0.007893523887734,1.287721390295003,0.0271300031381625,0.0,0.0,0.0,0.0,0.0,0.0
64,16,0.1671050753724562,-0.1802561108489079,0.3920438514888251,0.11156431847278,-0.1803238731981102,0.0774430735620773,0.0555407568996762,6.776234920231319e-05,0.3146007779267477,0.007893523887734,1.287721390295003,0.0271300031381625,0.0,0.0,0.0,0.0,0.0,0.0
64,17,0.2991872851414466,-0.1685337429530939,0.5107909607334788,0.2436465282417704,-0.1686015053022962,0.1961901828067311,0.0555407568996762,6.776234920231319e-05,0.3146007779267477,0.007893523887734,1.287721390295003,0.0271300031381625,0.0,0.0,0.0,0.0,0.0,0.0
64,18,0.3662716650549531,-0.1538762271932743,0.4891381733030646,0.3107309081552769,-0.1539439895424766,0.1745373953763168,0.0555407568996762,6.776234920231319e-05,0.3146007779267477,0.007893523887734,1.287721390295003,0.0271300031381625,0.0,0.0,0.0,0.0,0.0,0.0
64,19,0.155576038565371,0.0288852492641249,0.477699556775862,0.1000352816656948,0.0288174869149226,0.1630987788491143,0.0555407568996762,6.776234920231319e-05,0.3146007779267477,0.007893523887734,1.287721390295003,0.0271300031381625,0.0,0.0,0.0,0.0,0.0,0.0
64,20,0.2132418065740635,0.0566758631737274,0.5256822721910303,0.1577010496743873,0.0566081008245251,0.2110814942642825,0.0555407568996762,6.776234920231319e-05,0.3146007779267477,0.007893523887734,1.287721390295003,0.0271300031381625,0.0,0.0,0.0,0.0,0.0,0.0
64,21,0.2797498992350831,0.0611128813850562,0.3890770509141205,0.2242091423354069,0.0610451190358539,0.0744762729873728,0.0555407568996762,6.776234920231319e-05,0.3146007779267477,0.007893523887734,1.287721390295003,0.0271300031381625,0.0,0.0,0.0,0.0,0.0,0.0
64,22,0.3675136085600675,-0.0157745379853403,0.5235012156631429,0.3119728516603913,-0.0158423003345426,0.2089004377363951,0.0555407568996762,6.776234920231319e-05,0.3146007779267477,0.007893523887734,1.287721390295003,0.0271300031381625,0.0,0.0,0.0,0.0,0.0,0.0
64,23,0.426845435889144,-0.0461276841819097,0.4962538161195133,0.3713046789894677,-0.0461954465311121,0.1816530381927656,0.0555407568996762,6.776234920231319e-05,0.3146007779267477,0.007893523887734,1.287721390295003,0.0271300031381625,0.0,0.0,0.0,0.0,0.0,0.0
64,24,0.1114457663826244,0.0015848376580674,0.5067891872873358,0.0559050094829481,0.0015170753088651,0.192188409360588,0.0555407568996762,6.776234920231319e-05,0.3146007779267477,0.007893523887734,1.287721390295003,0.0271300031381625,0.0,0.0,0.0,0.0,0.0,0.0
64,25,0.0962134978220782,0.0007598879757845,0.6459559677910306,0.040672740922402,0.0006921256265822,0.3313551898642828,0.0555407568996762,6.776234920231319e-05,0.3146007779267477,0.007893523887734,1.287721390295003,0.0271300031381625,0.0,0.0,0.0,0.0,0.0,0.0
64,26,0.1386875770150004,-0.0784209353817797,0.7902693414241211,0.0831468201153242,-0.078488697730982,0.4756685634973733,0.0555407568996762,6.776234920231319e-05,0.3146007779267477,0.007893523887734,1.287721390295003,0.0271300031381625,0.0,0.0,0.0,0.0,0.0,0.0
65,0,-0.0003642525832719,-0.0014493129596628,0.1224123685661596,-0.0559050094829481,-0.0015170753088651,-0.192188409360588,0.0555407568996762,6.776234920231319e-05,0.3146007779267477,0.007893523887734,1.287721390295003,0.0271300031381625,0.0,0.0,0.0,0.0,0.0,0.0
65,1,0.027227254002736,-0.0146149452378418,0.0608332453687273,-0.0283135028969401,-0.0146827075870441,-0.2537675325580203,0.0555407568996762,6.776234920231319e-05,0.3146007779267477,0.007893523887734,1.287721390295003,0.0271300031381625,0.0,0.0,0.0,0.0,0.0,0.0
65,2,-0.083902187220396,0.0221250307247471,0.0343677686094261,-0.1394429441200723,0.0220572683755448,-0.2802330093173216,0.0555407568996762,6.776234920231319e-05,0.3146007779267477,0.007893523887734,1.287721390295003,0.0271300031381625,0.0,0.0,0.0,0.0,0.0,0.0
65,3,-0.20029889497781,0.0506821402149293,0.0283429929941528,-0.2558396518774862,0.050614377865727,-0.2862577849325948,0.0555407568996762,6.776234920231319e-05,0.3146007779267477,0.007893523887734,1.287721390295003,0.0271300031381625,0.0,0.0,0.0,0.0,0.0,0.0
65,4,0.0643003907578741,-0.083505831719866,0.093493303236641,0.0087596338581979,-0.0835735940690684,-0.2211074746901067,0.0555407568996762,6.776234920231319e-05,0.3146007779267477,0.007893523887734,1.287721390295003,0.0271300031381625,0.0,0.0,0.0,0.0,0.0,0.0
65,5,0.1677310828595359,-0.0976655240148239,0.2147434374460392,0.1121903259598597,-0.0977332863640262,-0.0998573404807084,0.0555407568996762,6.776234920231319e-05,0.3146007779267477,0.007893523887734,1.287721390295003,0.0271300031381625,0.0,0.0,0.0,0.0,0.0,0.0
65,6,0.0632568759747095,-0.1210832050580406,0.0700480598050288,0.0077161190750332,-0.1211509674072429,-0.2445527181217189,0.0555407568996762,6.776234920231319e-05,0.3146007779267477,0.007893523887734,1.287721390295003,0.0271300031381625,0.0,0.0,0.0,0.0,0.0,0.0
65,7,0.144400550648651,-0.1919529572698305,0.0624861630731799,0.0888597937489747,-0.1920207196190328,-0.2521146148535677,0.0555407568996762,6.776234920231319e-05,0.3146007779267477,0.007893523887734,1.287721390295003,0.0271300031381625,0.0,0.0,0.0,0.0,0.0,0.0
65,8,0.1036922068647358,0.0037882787222463,0.0924799070320468,0.0481514499650596,0.003720516373044,-0.2221208708947009,0.0555407568996762,6.776234920231319e-05,0.3146007779267477,0.007893523887734,1.287721390295003,0.0271300031381625,0.0,0.0,0.0,0.0,0.0,0.0
65,9,0.1524251106432502,-0.0664099555993575,0.2277474640723565,0.096884353743574,-0.0664777179485598,-0.0868533138543911,0.0555407568996762,6.776234920231319e-05,0.3146007779267477,0.007893523887734,1.287721390295003,0.0271300031381625,0.0,0.0,0.0,0.0,0.0,0.0
65,10,0.1336154487943509,0.0295029597213413,0.0765955229796618,0.0780746918946747,0.029435197372139,-0.2380052549470859,0.0555407568996762,6.776234920231319e-05,0.3146007779267477,0.007893523887734,1.287721390295003,0.0271300031381625,0.0,0.0,0.0,0.0,0.0,0.0
65,11,0.2308806227668667,-0.0173376651834925,0.0735227732410126,0.1753398658671905,-0.0174054275326948,-0.2410780046857351,0.0555407568996762,6.776234920231319e-05,0.3146007779267477,0.007893523887734,1.287721390295003,0.0271300031381625,0.0,0.0,0.0,0.0,0.0,0.0
65,12,-0.0003642525832719,-0.0014493129596628,0.1224123685661596,-0.0559050094829481,-0.0015170753088651,-0.192188409360588,0.0555407568996762,6.776234920231319e-05,0.3146007779267477,0.007893523887734,1.287721390295003,0.0271300031381625,0.0,0.0,0.0,0.0,0.0,0.0
65,13,0.1024442005700156,-0.0075931873399931,0.2820766249547839,0.0469034436703393,-0.0076609496891954,-0.0325241529719638,0.0555407568996762,6.776234920231319e-05,0.3146007779267477,0.007893523887734,1.287721390295003,0.0271300031381625,0.0,0.0,0.0,0.0,0.0,0.0
65,14,0.1242202835766621,-0.0510670613276654,0.4822211339712935,0.0686795266769858,-0.0511348236768677,0.1676203560445457,0.0555407568996762,6.776234920231319e-05,0.3146007779267477,0.007893523887734,1.287721390295003,0.0271300031381625,0.0,0.0,0.0,0.0,0.0,0.0
65,15,0.1451958067379911,-0.1139391790174811,0.5270477347681928,0.0896550498383148,-0.1140069413666834,0.212446956841445,0.0555407568996762,6.776234920231319e-05,0.3146007779267477,0.007893523887734,1.287721390295003,0.0271300031381625,0.0,0.0,0.0,0.0,0.0,0.0
65,16,0.1671050753724562,-0.1802561108489079,0.3920438514888251,0.11156431847278,-0.1803238731981102,0.0774430735620773,0.0555407568996762,6.776234920231319e-05,0.3146007779267477,0.007893523887734,1.287721390295003,0.0271300031381625,0.0,0.0,0.0,0.0,0.0,0.0
65,17,0.2991872851414466,-0.1685337429530939,0.5107909607334788,0.2436465282417704,-0.1686015053022962,0.1961901828067311,0.0555407568996762,6.776234920231319e-05,0.3146007779267477,0.007893523887734,1.287721390295003,0.0271300031381625,0.0,0.0,0.0,0.0,0.0,0.0
65,18,0.3662716650549531,-0.1538762271932743,0.4891381733030646,0.3107309081552769,-0.1539439895424766,0.1745373953763168,0.0555407568996762,6.776234920231319e-05,0.3146007779267477,0.007893523887734,1.287721390295003,0.0271300031381625,0.0,0.0,0.0,0.0,0.0,0.0
65,19,0.155576038565371,0.0288852492641249,0.477699556775862,0.1000352816656948,0.0288174869149226,0.1630987788491143,0.0555407568996762,6.776234920231319e-05,0.3146007779267477,0.007893523887734,1.287721390295003,0.0271300031381625,0.0,0.0,0.0,0.0,0.0,0.0
65,20,0.2132418065740635,0.0566758631737274,0.5256822721910303,0.1577010496743873,0.0566081008245251,0.2110814942642825,0.0555407568996762,6.776234920231319e-05,0.3146007779267477,0.007893523887734,1.287721390295003,0.0271300031381625,0.0,0.0,0.0,0.0,0.0,0.0
65,21,0.2797498992350831,0.0611128813850562,0.3890770509141205,0.2242091423354069,0.0610451190358539,0.0744762729873728,0.0555407568996762,6.776234920231319e-05,0.3146007779267477,0.007893523887734,1.287721390295003,0.0271300031381625,0.0,0.0,0.0,0.0,0.0,0.0
65,22,0.3675136085600675,-0.0157745379853403,0.5235012156631429,0.3119728516603913,-0.0158423003345426,0.2089004377363951,0.0555407568996762,6.776234920231319e-05,0.3146007779267477,0.007893523887734,1.287721390295003,0.0271300031381625,0.0,0.0,0.0,0.0,0.0,0.0
65,23,0.426845435889144,-0.0461276841819097,0.4962538161195133,0.3713046789894677,-0.0461954465311121,0.1816530381927656,0.0555407568996762,6.776234920231319e-05,0.3146007779267477,0.007893523887734,1.287721390295003,0.0271300031381625,0.0,0.0,0.0,0.0,0.0,0.0
65,24,0.1114457663826244,0.0015848376580674,0.5067891872873358,0.0559050094829481,0.0015170753088651,0.192188409360588,0.0555407568996762,6.776234920231319e-05,0.3146007779267477,0.007893523887734,1.287721390295003,0.0271300031381625,0.0,0.0,0.0,0.0,0.0,0.0
65,25,0.0962134978220782,0.0007598879757845,0.6459559677910306,0.040672740922402,0.0006921256265822,0.3313551898642828,0.0555407568996762,6.776234920231319e-05,0.3146007779267477,0.007893523887734,1.287721390295003,0.0271300031381625,0.0,0.0,0.0,0.0,0.0,0.0
65,26,0.1386875770150004,-0.0784209353817797,0.7902693414241211,0.0831468201153242,-0.078488697730982,0.4756685634973733,0.0555407568996762,6.776234920231319e-05,0.3146007779267477,0.007893523887734,1.287721390295003,0.0271300031381625,0.0,0.0,0.0,0.0,0.0,0.0
66,0,-0.0003642525832719,-0.0014493129596628,0.1224123685661596,-0.0559050094829481,-0.0015170753088651,-0.192188409360588,0.0555407568996762,6.776234920231319e-05,0.3146007779267477,0.007893523887734,1.287721390295003,0.0271300031381625,0.0,0.0,0.0,0.0,0.0,0.0
66,1,0.027227254002736,-0.0146149452378418,0.0608332453687273,-0.0283135028969401,-0.0146827075870441,-0.2537675325580203,0.0555407568996762,6.776234920231319e-05,0.3146007779267477,0.007893523887734,1.287721390295003,0.0271300031381625,0.0,0.0,0.0,0.0,0.0,0.0
66,2,-0.083902187220396,0.0221250307247471,0.0343677686094261,-0.1394429441200723,0.0220572683755448,-0.2802330093173216,0.0555407568996762,6.776234920231319e-05,0.3146007779267477,0.007893523887734,1.287721390295003,0.0271300031381625,0.0,0.0,0.0,0.0,0.0,0.0
66,3,-0.20029889497781,0.0506821402149293,0.0283429929941528,-0.2558396518774862,0.050614377865727,-0.2862577849325948,0.0555407568996762,6.776234920231319e-05,0.3146007779267477,0.007893523887734,1.287721390295003,0.0271300031381625,0.0,0.0,0.0,0.0,0.0,0.0
66,4,0.0643003907578741,-0.083505831719866,0.093493303236641,0.0087596338581979,-0.0835735940690684,-0.2211074746901067,0.0555407568996762,6.776234920231319e-05,0.3146007779267477,0.007893523887734,1.287721390295003,0.0271300031381625,0.0,0.0,0.0,0.0,0.0,0.0
66,5,0.1677310828595359,-0.0976655240148239,0.2147434374460392,0.1121903259598597,-0.0977332863640262,-0.0998573404807084,0.0555407568996762,6.776234920231319e-05,0.3146007779267477,0.007893523887734,1.287721390295003,0.0271300031381625,0.0,0.0,0.0,0.0,0.0,0.0
66,6,0.0632568759747095,-0.1210832050580406,0.0700480598050288,0.0077161190750332,-0.1211509674072429,-0.2445527181217189,0.0555407568996762,6.776234920231319e-05,0.3146007779267477,0.007893523887734,1.287721390295003,0.0271300031381625,0.0,0.0,0.0,0.0,0.0,0.0
66,7,0.144400550648651,-0.1919529572698305,0.0624861630731799,0.0888597937489747,-0.1920207196190328,-0.2521146148535677,0.0555407568996762,6.776234920231319e-05,0.3146007779267477,0.007893523887734,1.287721390295003,0.0271300031381625,0.0,0.0,0.0,0.0,0.0,0.0
66,8,0.1036922068647358,0.0037882787222463,0.0924799070320468,0.0481514499650596,0.003720516373044,-0.2221208708947009,0.0555407568996762,6.776234920231319e-05,0.3146007779267477,0.007893523887734,1.287721390295003,0.0271300031381625,0.0,0.0,0.0,0.0,0.0,0.0
66,9,0.1524251106432502,-0.0664099555993575,0.2277474640723565,0.096884353743574,-0.0664777179485598,-0.0868533138543911,0.0555407568996762,6.776234920231319e-05,0.3146007779267477,0.007893523887734,1.287721390295003,0.0271300031381625,0.0,0.0,0.0,0.0,0.0,0.0
66,10,0.1336154487943509,0.0295029597213413,0.0765955229796618,0.0780746918946747,0.029435197372139,-0.2380052549470859,0.0555407568996762,6.776234920231319e-05,0.3146007779267477,0.007893523887734,1.287721390295003,0.0271300031381625,0.0,0.0,0.0,0.0,0.0,0.0
66,11,0.2308806227668667,-0.0173376651834925,0.0735227732410126,0.1753398658671905,-0.0174054275326948,-0.2410780046857351,0.0555407568996762,6.776234920231319e-05,0.3146007779267477,0.007893523887734,1.287721390295003,0.0271300031381625,0.0,0.0,0.0,0.0,0.0,0.0
66,12,-0.0003642525832719,-0.0014493129596628,0.1224123685661596,-0.0559050094829481,-0.0015170753088651,-0.192188409360588,0.0555407568996762,6.776234920231319e-05,0.3146007779267477,0.007893523887734,1.287721390295003,0.0271300031381625,0.0,0.0,0.0,0.0,0.0,0.0
66,13,0.1024442005700156,-0.0075931873399931,0.2820766249547839,0.0469034436703393,-0.0076609496891954,-0.0325241529719638,0.0555407568996762,6.776234920231319e-05,0.3146007779267477,0.007893523887734,1.287721390295003,0.0271300031381625,0.0,0.0,0.0,0.0,0.0,0.0
66,14,0.1242202835766621,-0.0510670613276654,0.4822211339712935,0.0686795266769858,-0.0511348236768677,0.1676203560445457,0.0555407568996762,6.776234920231319e-05,0.3146007779267477,0.007893523887734,1.287721390295003,0.0271300031381625,0.0,0.0,0.0,0.0,0.0,0.0
66,15,0.1451958067379911,-0.1139391790174811,0.5270477347681928,0.0896550498383148,-0.1140069413666834,0.212446956841445,0.0555407568996762,6.776234920231319e-05,0.3146007779267477,0.007893523887734,1.287721390295003,0.0271300031381625,0.0,0.0,0.0,0.0,0.0,0.0
66,16,0.1671050753724562,-0.1802561108489079,0.3920438514888251,0.11156431847278,-0.1803238731981102,0.0774430735620773,0.0555407568996762,6.776234920231319e-05,0.3146007779267477,0.007893523887734,1.287721390295003,0.0271300031381625,0.0,0.0,0.0,0.0,0.0,0.0
66,17,0.2991872851414466,-0.1685337429530939,0.5107909607334788,0.2436465282417704,-0.1686015053022962,0.1961901828067311,0.0555407568996762,6.776234920231319e-05,0.3146007779267477,0.007893523887734,1.287721390295003,0.0271300031381625,0.0,0.0,0.0,0.0,0.0,0.0
66,18,0.3662716650549531,-0.1538762271932743,0.4891381733030646,0.3107309081552769,-0.1539439895424766,0.1745373953763168,0.0555407568996762,6.776234920231319e-05,0.3146007779267477,0.007893523887734,1.287721390295003,0.0271300031381625,0.0,0.0,0.0,0.0,0.0,0.0
66,19,0.155576038565371,0.0288852492641249,0.477699556775862,0.1000352816656948,0.0288174869149226,0.1630987788491143,0.0555407568996762,6.776234920231319e-05,0.3146007779267477,0.007893523887734,1.287721390295003,0.0271300031381625,0.0,0.0,0.0,0.0,0.0,0.0
66,20,0.2132418065740635,0.0566758631737274,0.5256822721910303,0.1577010496743873,0.0566081008245251,0.2110814942642825,0.0555407568996762,6.776234920231319e-05,0.3146007779267477,0.007893523887734,1.287721390295003,0.0271300031381625,0.0,0.0,0.0,0.0,0.0,0.0
66,21,0.2797498992350831,0.0611128813850562,0.3890770509141205,0.2242091423354069,0.0610451190358539,0.0744762729873728,0.0555407568996762,6.776234920231319e-05,0.3146007779267477,0.007893523887734,1.287721390295003,0.0271300031381625,0.0,0.0,0.0,0.0,0.0,0.0
66,22,0.3675136085600675,-0.0157745379853403,0.5235012156631429,0.3119728516603913,-0.0158423003345426,0.2089004377363951,0.0555407568996762,6.776234920231319e-05,0.3146007779267477,0.007893523887734,1.287721390295003,0.0271300031381625,0.0,0.0,0.0,0.0,0.0,0.0
66,23,0.426845435889144,-0.0461276841819097,0.4962538161195133,0.3713046789894677,-0.0461954465311121,0.1816530381927656,0.0555407568996762,6.776234920231319e-05,0.3146007779267477,0.007893523887734,1.287721390295003,0.0271300031381625,0.0,0.0,0.0,0.0,0.0,0.0
66,24,0.1114457663826244,0.0015848376580674,0.5067891872873358,0.0559050094829481,0.0015170753088651,0.192188409360588,0.0555407568996762,6.776234920231319e-05,0.3146007779267477,0.007893523887734,1.287721390295003,0.0271300031381625,0.0,0.0,0.0,0.0,0.0,0.0
66,25,0.0962134978220782,0.0007598879757845,0.6459559677910306,0.040672740922402,0.0006921256265822,0.3313551898642828,0.0555407568996762,6.776234920231319e-05,0.3146007779267477,0.007893523887734,1.287721390295003,0.0271300031381625,0.0,0.0,0.0,0.0,0.0,0.0
66,26,0.1386875770150004,-0.0784209353817797,0.7902693414241211,0.0831468201153242,-0.078488697730982,0.4756685634973733,0.0555407568996762,6.776234920231319e-05,0.3146007779267477,0.007893523887734,1.287721390295003,0.0271300031381625,0.0,0.0,0.0,0.0,0.0,0.0
67,0,-0.0003642525832719,-0.0014493129596628,0.1224123685661596,-0.0559050094829481,-0.0015170753088651,-0.192188409360588,0.0555407568996762,6.776234920231319e-05,0.3146007779267477,0.007893523887734,1.287721390295003,0.0271300031381625,0.0,0.0,0.0,0.0,0.0,0.0
67,1,0.027227254002736,-0.0146149452378418,0.0608332453687273,-0.0283135028969401,-0.0146827075870441,-0.2537675325580203,0.0555407568996762,6.776234920231319e-05,0.3146007779267477,0.007893523887734,1.287721390295003,0.0271300031381625,0.0,0.0,0.0,0.0,0.0,0.0
67,2,-0.083902187220396,0.0221250307247471,0.0343677686094261,-0.1394429441200723,0.0220572683755448,-0.2802330093173216,0.0555407568996762,6.776234920231319e-05,0.3146007779267477,0.007893523887734,1.287721390295003,0.0271300031381625,0.0,0.0,0.0,0.0,0.0,0.0
67,3,-0.20029889497781,0.0506821402149293,0.0283429929941528,-0.2558396518774862,0.050614377865727,-0.2862577849325948,0.0555407568996762,6.776234920231319e-05,0.3146007779267477,0.007893523887734,1.287721390295003,0.0271300031381625,0.0,0.0,0.0,0.0,0.0,0.0
67,4,0.0643003907578741,-0.083505831719866,0.093493303236641,0.0087596338581979,-0.0835735940690684,-0.2211074746901067,0.0555407568996762,6.776234920231319e-05,0.3146007779267477,0.007893523887734,1.287721390295003,0.0271300031381625,0.0,0.0,0.0,0.0,0.0,0.0
67,5,0.1677310828595359,-0.0976655240148239,0.2147434374460392,0.1121903259598597,-0.0977332863640262,-0.0998573404807084,0.0555407568996762,6.776234920231319e-05,0.3146007779267477,0.007893523887734,1.287721390295003,0.0271300031381625,0.0,0.0,0.0,0.0,0.0,0.0
67,6,0.0632568759747095,-0.1210832050580406,0.0700480598050288,0.0077161190750332,-0.1211509674072429,-0.2445527181217189,0.0555407568996762,6.776234920231319e-05,0.3146007779267477,0.007893523887734,1.287721390295003,0.0271300031381625,0.0,0.0,0.0,0.0,0.0,0.0
67,7,0.144400550648651,-0.1919529572698305,0.0624861630731799,0.0888597937489747,-0.1920207196190328,-0.2521146148535677,0.0555407568996762,6.776234920231319e-05,0.3146007779267477,0.007893523887734,1.287721390295003,0.0271300031381625,0.0,0.0,0.0,0.0,0.0,0.0
67,8,0.1036922068647358,0.0037882787222463,0.0924799070320468,0.0481514499650596,0.003720516373044,-0.2221208708947009,0.0555407568996762,6.776234920231319e-05,0.3146007779267477,0.007893523887734,1.287721390295003,0.0271300031381625,0.0,0.0,0.0,0.0,0.0,0.0
67,9,0.1524251106432502,-0.0664099555993575,0.2277474640723565,0.096884353743574,-0.0664777179485598,-0.0868533138543911,0.0555407568996762,6.776234920231319e-05,0.3146007779267477,0.007893523887734,1.287721390295003,0.0271300031381625,0.0,0.0,0.0,0.0,0.0,0.0
67,10,0.1336154487943509,0.0295029597213413,0.0765955229796618,0.0780746918946747,0.029435197372139,-0.2380052549470859,0.0555407568996762,6.776234920231319e-05,0.3146007779267477,0.007893523887734,1.287721390295003,0.0271300031381625,0.0,0.0,0.0,0.0,0.0,0.0
67,11,0.2308806227668667,-0.0173376651834925,0.0735227732410126,0.1753398658671905,-0.0174054275326948,-0.2410780046857351,0.0555407568996762,6.776234920231319e-05,0.3146007779267477,0.007893523887734,1.287721390295003,0.0271300031381625,0.0,0.0,0.0,0.0,0.0,0.0
67,12,-0.0003642525832719,-0.0014493129596628,0.1224123685661596,-0.0559050094829481,-0.0015170753088651,-0.192188409360588,0.0555407568996762,6.776234920231319e-05,0.3146007779267477,0.007893523887734,1.287721390295003,0.0271300031381625,0.0,0.0,0.0,0.0,0.0,0.0
67,13,0.1024442005700156,-0.0075931873399931,0.2820766249547839,0.0469034436703393,-0.0076609496891954,-0.0325241529719638,0.0555407568996762,6.776234920231319e-05,0.3146007779267477,0.007893523887734,1.287721390295003,0.0271300031381625,0.0,0.0,0.0,0.0,0.0,0.0
67,14,0.1242202835766621,-0.0510670613276654,0.4822211339712935,0.0686795266769858,-0.0511348236768677,0.1676203560445457,0.0555407568996762,6.776234920231319e-05,0.3146007779267477,0.007893523887734,1.287721390295003,0.0271300031381625,0.0,0.0,0.0,0.0,0.0,0.0
67,15,0.1451958067379911,-0.1139391790174811,0.5270477347681928,0.0896550498383148,-0.1140069413666834,0.212446956841445,0.0555407568996762,6.776234920231319e-05,0.3146007779267477,0.007893523887734,1.287721390295003,0.0271300031381625,0.0,0.0,0.0,0.0,0.0,0.0
67,16,0.1671050753724562,-0.1802561108489079,0.3920438514888251,0.11156431847278,-0.1803238731981102,0.0774430735620773,0.0555407568996762,6.776234920231319e-05,0.3146007779267477,0.007893523887734,1.287721390295003,0.0271300031381625,0.0,0.0,0.0,0.0,0.0,0.0
67,17,0.2991872851414466,-0.1685337429530939,0.5107909607334788,0.2436465282417704,-0.1686015053022962,0.1961901828067311,0.0555407568996762,6.776234920231319e-05,0.3146007779267477,0.007893523887734,1.287721390295003,0.0271300031381625,0.0,0.0,0.0,0.0,0.0,0.0
67,18,0.3662716650549531,-0.1538762271932743,0.4891381733030646,0.3107309081552769,-0.1539439895424766,0.1745373953763168,0.0555407568996762,6.776234920231319e-05,0.3146007779267477,0.007893523887734,1.287721390295003,0.0271300031381625,0.0,0.0,0.0,0.0,0.0,0.0
67,19,0.155576038565371,0.0288852492641249,0.477699556775862,0.1000352816656948,0.0288174869149226,0.1630987788491143,0.0555407568996762,6.776234920231319e-05,0.3146007779267477,0.007893523887734,1.287721390295003,0.0271300031381625,0.0,0.0,0.0,0.0,0.0,0.0
67,20,0.2132418065740635,0.0566758631737274,0.5256822721910303,0.1577010496743873,0.0566081008245251,0.2110814942642825,0.0555407568996762,6.776234920231319e-05,0.3146007779267477,0.007893523887734,1.287721390295003,0.0271300031381625,0.0,0.0,0.0,0.0,0.0,0.0
67,21,0.2797498992350831,0.0611128813850562,0.3890770509141205,0.2242091423354069,0.0610451190358539,0.0744762729873728,0.0555407568996762,6.776234920231319e-05,0.3146007779267477,0.007893523887734,1.287721390295003,0.0271300031381625,0.0,0.0,0.0,0.0,0.0,0.0
67,22,0.3675136085600675,-0.0157745379853403,0.5235012156631429,0.3119728516603913,-0.0158423003345426,0.2089004377363951,0.0555407568996762,6.776234920231319e-05,0.3146007779267477,0.007893523887734,1.287721390295003,0.0271300031381625,0.0,0.0,0.0,0.0,0.0,0.0
67,23,0.426845435889144,-0.0461276841819097,0.4962538161195133,0.3713046789894677,-0.0461954465311121,0.1816530381927656,0.0555407568996762,6.776234920231319e-05,0.3146007779267477,0.007893523887734,1.287721390295003,0.0271300031381625,0.0,0.0,0.0,0.0,0.0,0.0
67,24,0.1114457663826244,0.0015848376580674,0.5067891872873358,0.0559050094829481,0.0015170753088651,0.192188409360588,0.0555407568996762,6.776234920231319e-05,0.3146007779267477,0.007893523887734,1.287721390295003,0.0271300031381625,0.0,0.0,0.0,0.0,0.0,0.0
67,25,0.0962134978220782,0.0007598879757845,0.6459559677910306,0.040672740922402,0.0006921256265822,0.3313551898642828,0.0555407568996762,6.776234920231319e-05,0.3146007779267477,0.007893523887734,1.287721390295003,0.0271300031381625,0.0,0.0,0.0,0.0,0.0,0.0
67,26,0.1386875770150004,-0.0784209353817797,0.7902693414241211,0.0831468201153242,-0.078488697730982,0.4756685634973733,0.0555407568996762,6.776234920231319e-05,0.3146007779267477,0.007893523887734,1.287721390295003,0.0271300031381625,0.0,0.0,0.0,0.0,0.0,0.0
68,0,-0.0003642525832719,-0.0014493129596628,0.1224123685661596,-0.0559050094829481,-0.0015170753088651,-0.192188409360588,0.0555407568996762,6.776234920231319e-05,0.3146007779267477,0.007893523887734,1.287721390295003,0.0271300031381625,0.0,0.0,0.0,0.0,0.0,0.0
68,1,0.027227254002736,-0.0146149452378418,0.0608332453687273,-0.0283135028969401,-0.0146827075870441,-0.2537675325580203,0.0555407568996762,6.776234920231319e-05,0.3146007779267477,0.007893523887734,1.287721390295003,0.0271300031381625,0.0,0.0,0.0,0.0,0.0,0.0
68,2,-0.083902187220396,0.0221250307247471,0.0343677686094261,-0.1394429441200723,0.0220572683755448,-0.2802330093173216,0.0555407568996762,6.776234920231319e-05,0.3146007779267477,0.007893523887734,1.287721390295003,0.0271300031381625,0.0,0.0,0.0,0.0,0.0,0.0
68,3,-0.20029889497781,0.0506821402149293,0.0283429929941528,-0.2558396518774862,0.050614377865727,-0.2862577849325948,0.0555407568996762,6.776234920231319e-05,0.3146007779267477,0.007893523887734,1.287721390295003,0.0271300031381625,0.0,0.0,0.0,0.0,0.0,0.0
68,4,0.0643003907578741,-0.083505831719866,0.093493303236641,0.0087596338581979,-0.0835735940690684,-0.2211074746901067,0.0555407568996762,6.776234920231319e-05,0.3146007779267477,0.007893523887734,1.287721390295003,0.0271300031381625,0.0,0.0,0.0,0.0,0.0,0.0
68,5,0.1677310828595359,-0.0976655240148239,0.2147434374460392,0.1121903259598597,-0.0977332863640262,-0.0998573404807084,0.0555407568996762,6.776234920231319e-05,0.3146007779267477,0.007893523887734,1.287721390295003,0.0271300031381625,0.0,0.0,0.0,0.0,0.0,0.0
68,6,0.0632568759747095,-0.1210832050580406,0.0700480598050288,0.0077161190750332,-0.1211509674072429,-0.2445527181217189,0.0555407568996762,6.776234920231319e-05,0.3146007779267477,0.007893523887734,1.287721390295003,0.0271300031381625,0.0,0.0,0.0,0.0,0.0,0.0
68,7,0.144400550648651,-0.1919529572698305,0.0624861630731799,0.0888597937489747,-0.1920207196190328,-0.2521146148535677,0.0555407568996762,6.776234920231319e-05,0.3146007779267477,0.007893523887734,1.287721390295003,0.0271300031381625,0.0,0.0,0.0,0.0,0.0,0.0
68,8,0.1036922068647358,0.0037882787222463,0.0924799070320468,0.0481514499650596,0.003720516373044,-0.2221208708947009,0.0555407568996762,6.776234920231319e-05,0.3146007779267477,0.007893523887734,1.287721390295003,0.0271300031381625,0.0,0.0,0.0,0.0,0.0,0.0
68,9,0.1524251106432502,-0.0664099555993575,0.2277474640723565,0.096884353743574,-0.0664777179485598,-0.0868533138543911,0.0555407568996762,6.776234920231319e-05,0.3146007779267477,0.007893523887734,1.287721390295003,0.0271300031381625,0.0,0.0,0.0,0.0,0.0,0.0
68,10,0.1336154487943509,0.0295029597213413,0.0765955229796618,0.0780746918946747,0.029435197372139,-0.2380052549470859,0.0555407568996762,6.776234920231319e-05,0.3146007779267477,0.007893523887734,1.287721390295003,0.0271300031381625,0.0,0.0,0.0,0.0,0.0,0.0
68,11,0.2308806227668667,-0.0173376651834925,0.0735227732410126,0.1753398658671905,-0.0174054275326948,-0.2410780046857351,0.0555407568996762,6.776234920231319e-05,0.3146007779267477,0.007893523887734,1.287721390295003,0.0271300031381625,0.0,0.0,0.0,0.0,0.0,0.0
68,12,-0.0003642525832719,-0.0014493129596628,0.1224123685661596,-0.0559050094829481,-0.0015170753088651,-0.192188409360588,0.0555407568996762,6.776234920231319e-05,0.3146007779267477,0.007893523887734,1.287721390295003,0.0271300031381625,0.0,0.0,0.0,0.0,0.0,0.0
68,13,0.1024442005700156,-0.0075931873399931,0.2820766249547839,0.0469034436703393,-0.0076609496891954,-0.0325241529719638,0.0555407568996762,6.776234920231319e-05,0.3146007779267477,0.007893523887734,1.287721390295003,0.0271300031381625,0.0,0.0,0.0,0.0,0.0,0.0
68,14,0.1242202835766621,-0.0510670613276654,0.4822211339712935,0.0686795266769858,-0.0511348236768677,0.1676203560445457,0.0555407568996762,6.776234920231319e-05,0.3146007779267477,0.007893523887734,1.287721390295003,0.0271300031381625,0.0,0.0,0.0,0.0,0.0,0.0
68,15,0.1451958067379911,-0.1139391790174811,0.5270477347681928,0.0896550498383148,-0.1140069413666834,0.212446956841445,0.0555407568996762,6.776234920231319e-05,0.3146007779267477,0.007893523887734,1.287721390295003,0.0271300031381625,0.0,0.0,0.0,0.0,0.0,0.0
68,16,0.1671050753724562,-0.1802561108489079,0.3920438514888251,0.11156431847278,-0.1803238731981102,0.0774430735620773,0.0555407568996762,6.776234920231319e-05,0.3146007779267477,0.007893523887734,1.287721390295003,0.0271300031381625,0.0,0.0,0.0,0.0,0.0,0.0
68,17,0.2991872851414466,-0.1685337429530939,0.5107909607334788,0.2436465282417704,-0.1686015053022962,0.1961901828067311,0.0555407568996762,6.776234920231319e-05,0.3146007779267477,0.007893523887734,1.287721390295003,0.0271300031381625,0.0,0.0,0.0,0.0,0.0,0.0
68,18,0.3662716650549531,-0.1538762271932743,0.4891381733030646,0.3107309081552769,-0.1539439895424766,0.1745373953763168,0.0555407568996762,6.776234920231319e-05,0.3146007779267477,0.007893523887734,1.287721390295003,0.0271300031381625,0.0,0.0,0.0,0.0,0.0,0.0
68,19,0.155576038565371,0.0288852492641249,0.477699556775862,0.1000352816656948,0.0288174869149226,0.1630987788491143,0.0555407568996762,6.776234920231319e-05,0.3146007779267477,0.007893523887734,1.287721390295003,0.0271300031381625,0.0,0.0,0.0,0.0,0.0,0.0
68,20,0.2132418065740635,0.0566758631737274,0.5256822721910303,0.1577010496743873,0.0566081008245251,0.2110814942642825,0.0555407568996762,6.776234920231319e-05,0.3146007779267477,0.007893523887734,1.287721390295003,0.0271300031381625,0.0,0.0,0.0,0.0,0.0,0.0
68,21,0.2797498992350831,0.0611128813850562,0.3890770509141205,0.2242091423354069,0.0610451190358539,0.0744762729873728,0.0555407568996762,6.776234920231319e-05,0.3146007779267477,0.007893523887734,1.287721390295003,0.0271300031381625,0.0,0.0,0.0,0.0,0.0,0.0
68,22,0.3675136085600675,-0.0157745379853403,0.5235012156631429,0.3119728516603913,-0.0158423003345426,0.2089004377363951,0.0555407568996762,6.776234920231319e-05,0.3146007779267477,0.007893523887734,1.287721390295003,0.0271300031381625,0.0,0.0,0.0,0.0,0.0,0.0
68,23,0.426845435889144,-0.0461276841819097,0.4962538161195133,0.3713046789894677,-0.0461954465311121,0.1816530381927656,0.0555407568996762,6.776234920231319e-05,0.3146007779267477,0.007893523887734,1.287721390295003,0.0271300031381625,0.0,0.0,0.0,0.0,0.0,0.0
68,24,0.1114457663826244,0.0015848376580674,0.5067891872873358,0.0559050094829481,0.0015170753088651,0.192188409360588,0.0555407568996762,6.776234920231319e-05,0.3146007779267477,0.007893523887734,1.287721390295003,0.0271300031381625,0.0,0.0,0.0,0.0,0.0,0.0
68,25,0.0962134978220782,0.0007598879757845,0.6459559677910306,0.040672740922402,0.0006921256265822,0.3313551898642828,0.0555407568996762,6.776234920231319e-05,0.3146007779267477,0.007893523887734,1.287721390295003,0.0271300031381625,0.0,0.0,0.0,0.0,0.0,0.0
68,26,0.1386875770150004,-0.0784209353817797,0.7902693414241211,0.0831468201153242,-0.078488697730982,0.4756685634973733,0.0555407568996762,6.776234920231319e-05,0.3146007779267477,0.007893523887734,1.287721390295003,0.0271300031381625,0.0,0.0,0.0,0.0,0.0,0.0
69,0,-0.0003642525832719,-0.0014493129596628,0.1224123685661596,-0.0559050094829481,-0.0015170753088651,-0.192188409360588,0.0555407568996762,6.776234920231319e-05,0.3146007779267477,0.007893523887734,1.287721390295003,0.0271300031381625,0.0,0.0,0.0,0.0,0.0,0.0
69,1,0.027227254002736,-0.0146149452378418,0.0608332453687273,-0.0283135028969401,-0.0146827075870441,-0.2537675325580203,0.0555407568996762,6.776234920231319e-05,0.3146007779267477,0.007893523887734,1.287721390295003,0.0271300031381625,0.0,0.0,0.0,0.0,0.0,0.0
69,2,-0.083902187220396,0.0221250307247471,0.0343677686094261,-0.1394429441200723,0.0220572683755448,-0.2802330093173216,0.0555407568996762,6.776234920231319e-05,0.3146007779267477,0.007893523887734,1.287721390295003,0.0271300031381625,0.0,0.0,0.0,0.0,0.0,0.0
69,3,-0.20029889497781,0.0506821402149293,0.0283429929941528,-0.2558396518774862,0.050614377865727,-0.2862577849325948,0.0555407568996762,6.776234920231319e-05,0.3146007779267477,0.007893523887734,1.287721390295003,0.0271300031381625,0.0,0.0,0.0,0.0,0.0,0.0
69,4,0.0643003907578741,-0.083505831719866,0.093493303236641,0.0087596338581979,-0.0835735940690684,-0.2211074746901067,0.0555407568996762,6.776234920231319e-05,0.3146007779267477,0.007893523887734,1.287721390295003,0.0271300031381625,0.0,0.0,0.0,0.0,0.0,0.0
69,5,0.1677310828595359,-0.0976655240148239,0.2147434374460392,0.1121903259598597,-0.0977332863640262,-0.0998573404807084,0.0555407568996762,6.776234920231319e-05,0.3146007779267477,0.007893523887734,1.287721390295003,0.0271300031381625,0.0,0.0,0.0,0.0,0.0,0.0
69,6,0.0632568759747095,-0.1210832050580406,0.0700480598050288,0.0077161190750332,-0.1211509674072429,-0.2445527181217189,0.0555407568996762,6.776234920231319e-05,0.3146007779267477,0.007893523887734,1.287721390295003,0.0271300031381625,0.0,0.0,0.0,0.0,0.0,0.0
69,7,0.144400550648651,-0.1919529572698305,0.0624861630731799,0.0888597937489747,-0.1920207196190328,-0.2521146148535677,0.0555407568996762,6.776234920231319e-05,0.3146007779267477,0.007893523887734,1.287721390295003,0.0271300031381625,0.0,0.0,0.0,0.0,0.0,0.0
69,8,0.1036922068647358,0.0037882787222463,0.0924799070320468,0.0481514499650596,0.003720516373044,-0.2221208708947009,0.0555407568996762,6.776234920231319e-05,0.3146007779267477,0.007893523887734,1.287721390295003,0.0271300031381625,0.0,0.0,0.0,0.0,0.0,0.0
69,9,0.1524251106432502,-0.0664099555993575,0.2277474640723565,0.096884353743574,-0.0664777179485598,-0.0868533138543911,0.0555407568996762,6.776234920231319e-05,0.3146007779267477,0.007893523887734,1.287721390295003,0.0271300031381625,0.0,0.0,0.0,0.0,0.0,0.0
69,10,0.1336154487943509,0.0295029597213413,0.0765955229796618,0.0780746918946747,0.029435197372139,-0.2380052549470859,0.0555407568996762,6.776234920231319e-05,0.3146007779267477,0.007893523887734,1.287721390295003,0.0271300031381625,0.0,0.0,0.0,0.0,0.0,0.0
69,11,0.2308806227668667,-0.0173376651834925,0.0735227732410126,0.1753398658671905,-0.0174054275326948,-0.2410780046857351,0.0555407568996762,6.776234920231319e-05,0.3146007779267477,0.007893523887734,1.287721390295003,0.0271300031381625,0.0,0.0,0.0,0.0,0.0,0.0
69,12,-0.0003642525832719,-0.0014493129596628,0.1224123685661596,-0.0559050094829481,-0.0015170753088651,-0.192188409360588,0.0555407568996762,6.776234920231319e-05,0.3146007779267477,0.007893523887734,1.287721390295003,0.0271300031381625,0.0,0.0,0.0,0.0,0.0,0.0
69,13,0.1024442005700156,-0.0075931873399931,0.2820766249547839,0.0469034436703393,-0.0076609496891954,-0.0325241529719638,0.0555407568996762,6.776234920231319e-05,0.3146007779267477,0.007893523887734,1.287721390295003,0.0271300031381625,0.0,0.0,0.0,0.0,0.0,0.0
69,14,0.1242202835766621,-0.0510670613276654,0.4822211339712935,0.0686795266769858,-0.0511348236768677,0.1676203560445457,0.0555407568996762,6.776234920231319e-05,0.3146007779267477,0.007893523887734,1.287721390295003,0.0271300031381625,0.0,0.0,0.0,0.0,0.0,0.0
69,15,0.1451958067379911,-0.1139391790174811,0.5270477347681928,0.0896550498383148,-0.1140069413666834,0.212446956841445,0.0555407568996762,6.776234920231319e-05,0.3146007779267477,0.007893523887734,1.287721390295003,0.0271300031381625,0.0,0.0,0.0,0.0,0.0,0.0
69,16,0.1671050753724562,-0.1802561108489079,0.3920438514888251,0.11156431847278,-0.1803238731981102,0.0774430735620773,0.0555407568996762,6.776234920231319e-05,0.3146007779267477,0.007893523887734,1.287721390295003,0.0271300031381625,0.0,0.0,0.0,0.0,0.0,0.0
69,17,0.2991872851414466,-0.1685337429530939,0.5107909607334788,0.2436465282417704,-0.1686015053022962,0.1961901828067311,0.0555407568996762,6.776234920231319e-05,0.3146007779267477,0.007893523887734,1.287721390295003,0.0271300031381625,0.0,0.0,0.0,0.0,0.0,0.0
69,18,0.3662716650549531,-0.1538762271932743,0.4891381733030646,0.3107309081552769,-0.1539439895424766,0.1745373953763168,0.0555407568996762,6.776234920231319e-05,0.3146007779267477,0.007893523887734,1.287721390295003,0.0271300031381625,0.0,0.0,0.0,0.0,0.0,0.0
69,19,0.155576038565371,0.0288852492641249,0.477699556775862,0.1000352816656948,0.0288174869149226,0.1630987788491143,0.0555407568996762,6.776234920231319e-05,0.3146007779267477,0.007893523887734,1.287721390295003,0.0271300031381625,0.0,0.0,0.0,0.0,0.0,0.0
69,20,0.2132418065740635,0.0566758631737274,0.5256822721910303,0.1577010496743873,0.0566081008245251,0.2110814942642825,0.0555407568996762,6.776234920231319e-05,0.3146007779267477,0.007893523887734,1.287721390295003,0.0271300031381625,0.0,0.0,0.0,0.0,0.0,0.0
69,21,0.2797498992350831,0.0611128813850562,0.3890770509141205,0.2242091423354069,0.0610451190358539,0.0744762729873728,0.0555407568996762,6.776234920231319e-05,0.3146007779267477,0.007893523887734,1.287721390295003,0.0271300031381625,0.0,0.0,0.0,0.0,0.0,0.0
69,22,0.3675136085600675,-0.0157745379853403,0.5235012156631429,0.3119728516603913,-0.0158423003345426,0.2089004377363951,0.0555407568996762,6.776234920231319e-05,0.3146007779267477,0.007893523887734,1.287721390295003,0.0271300031381625,0.0,0.0,0.0,0.0,0.0,0.0
69,23,0.426845435889144,-0.0461276841819097,0.4962538161195133,0.3713046789894677,-0.0461954465311121,0.1816530381927656,0.0555407568996762,6.776234920231319e-05,0.3146007779267477,0.007893523887734,1.287721390295003,0.0271300031381625,0.0,0.0,0.0,0.0,0.0,0.0
69,24,0.1114457663826244,0.0015848376580674,0.5067891872873358,0.0559050094829481,0.0015170753088651,0.192188409360588,0.0555407568996762,6.776234920231319e-05,0.3146007779267477,0.007893523887734,1.287721390295003,0.0271300031381625,0.0,0.0,0.0,0.0,0.0,0.0
69,25,0.0962134978220782,0.0007598879757845,0.6459559677910306,0.040672740922402,0.0006921256265822,0.3313551898642828,0.0555407568996762,6.776234920231319e-05,0.3146007779267477,0.007893523887734,1.287721390295003,0.0271300031381625,0.0,0.0,0.0,0.0,0.0,0.0
69,26,0.1386875770150004,-0.0784209353817797,0.7902693414241211,0.0831468201153242,-0.078488697730982,0.4756685634973733,0.0555407568996762,6.776234920231319e-05,0.3146007779267477,0.007893523887734,1.287721390295003,0.0271300031381625,0.0,0.0,0.0,0.0,0.0,0.0
70,0,-0.0003642525832719,-0.0014493129596628,0.1224123685661596,-0.0559050094829481,-0.0015170753088651,-0.192188409360588,0.0555407568996762,6.776234920231319e-05,0.3146007779267477,0.007893523887734,1.287721390295003,0.0271300031381625,0.0,0.0,0.0,0.0,0.0,0.0
70,1,0.027227254002736,-0.0146149452378418,0.0608332453687273,-0.0283135028969401,-0.0146827075870441,-0.2537675325580203,0.0555407568996762,6.776234920231319e-05,0.3146007779267477,0.007893523887734,1.287721390295003,0.0271300031381625,0.0,0.0,0.0,0.0,0.0,0.0
70,2,-0.083902187220396,0.0221250307247471,0.0343677686094261,-0.1394429441200723,0.0220572683755448,-0.2802330093173216,0.0555407568996762,6.776234920231319e-05,0.3146007779267477,0.007893523887734,1.287721390295003,0.0271300031381625,0.0,0.0,0.0,0.0,0.0,0.0
70,3,-0.20029889497781,0.0506821402149293,0.0283429929941528,-0.2558396518774862,0.050614377865727,-0.2862577849325948,0.0555407568996762,6.776234920231319e-05,0.3146007779267477,0.007893523887734,1.287721390295003,0.0271300031381625,0.0,0.0,0.0,0.0,0.0,0.0
70,4,0.0643003907578741,-0.083505831719866,0.093493303236641,0.0087596338581979,-0.0835735940690684,-0.2211074746901067,0.0555407568996762,6.776234920231319e-05,0.3146007779267477,0.007893523887734,1.287721390295003,0.0271300031381625,0.0,0.0,0.0,0.0,0.0,0.0
70,5,0.1677310828595359,-0.0976655240148239,0.2147434374460392,0.1121903259598597,-0.0977332863640262,-0.0998573404807084,0.0555407568996762,6.776234920231319e-05,0.3146007779267477,0.007893523887734,1.287721390295003,0.0271300031381625,0.0,0.0,0.0,0.0,0.0,0.0
70,6,0.0632568759747095,-0.1210832050580406,0.0700480598050288,0.0077161190750332,-0.1211509674072429,-0.2445527181217189,0.0555407568996762,6.776234920231319e-05,0.3146007779267477,0.007893523887734,1.287721390295003,0.0271300031381625,0.0,0.0,0.0,0.0,0.0,0.0
70,7,0.144400550648651,-0.1919529572698305,0.0624861630731799,0.0888597937489747,-0.1920207196190328,-0.2521146148535677,0.0555407568996762,6.776234920231319e-05,0.3146007779267477,0.007893523887734,1.287721390295003,0.0271300031381625,0.0,0.0,0.0,0.0,0.0,0.0
70,8,0.1036922068647358,0.0037882787222463,0.0924799070320468,0.0481514499650596,0.003720516373044,-0.2221208708947009,0.0555407568996762,6.776234920231319e-05,0.3146007779267477,0.007893523887734,1.287721390295003,0.0271300031381625,0.0,0.0,0.0,0.0,0.0,0.0
70,9,0.1524251106432502,-0.0664099555993575,0.2277474640723565,0.096884353743574,-0.0664777179485598,-0.0868533138543911,0.0555407568996762,6.776234920231319e-05,0.3146007779267477,0.007893523887734,1.287721390295003,0.0271300031381625,0.0,0.0,0.0,0.0,0.0,0.0
70,10,0.1336154487943509,0.0295029597213413,0.0765955229796618,0.0780746918946747,0.029435197372139,-0.2380052549470859,0.0555407568996762,6.776234920231319e-05,0.3146007779267477,0.007893523887734,1.287721390295003,0.0271300031381625,0.0,0.0,0.0,0.0,0.0,0.0
70,11,0.2308806227668667,-0.0173376651834925,0.0735227732410126,0.1753398658671905,-0.0174054275326948,-0.2410780046857351,0.0555407568996762,6.776234920231319e-05,0.3146007779267477,0.007893523887734,1.287721390295003,0.0271300031381625,0.0,0.0,0.0,0.0,0.0,0.0
70,12,-0.0003642525832719,-0.0014493129596628,0.1224123685661596,-0.0559050094829481,-0.0015170753088651,-0.192188409360588,0.0555407568996762,6.776234920231319e-05,0.3146007779267477,0.007893523887734,1.287721390295003,0.0271300031381625,0.0,0.0,0.0,0.0,0.0,0.0
70,13,0.1024442005700156,-0.0075931873399931,0.2820766249547839,0.0469034436703393,-0.0076609496891954,-0.0325241529719638,0.0555407568996762,6.776234920231319e-05,0.3146007779267477,0.007893523887734,1.287721390295003,0.0271300031381625,0.0,0.0,0.0,0.0,0.0,0.0
70,14,0.1242202835766621,-0.0510670613276654,0.4822211339712935,0.0686795266769858,-0.0511348236768677,0.1676203560445457,0.0555407568996762,6.776234920231319e-05,0.3146007779267477,0.007893523887734,1.287721390295003,0.0271300031381625,0.0,0.0,0.0,0.0,0.0,0.0
70,15,0.1451958067379911,-0.1139391790174811,0.5270477347681928,0.0896550498383148,-0.1140069413666834,0.212446956841445,0.0555407568996762,6.776234920231319e-05,0.3146007779267477,0.007893523887734,1.287721390295003,0.0271300031381625,0.0,0.0,0.0,0.0,0.0,0.0
70,16,0.1671050753724562,-0.1802561108489079,0.3920438514888251,0.11156431847278,-0.1803238731981102,0.0774430735620773,0.0555407568996762,6.776234920231319e-05,0.3146007779267477,0.007893523887734,1.287721390295003,0.0271300031381625,0.0,0.0,0.0,0.0,0.0,0.0
70,17,0.2991872851414466,-0.1685337429530939,0.5107909607334788,0.2436465282417704,-0.1686015053022962,0.1961901828067311,0.0555407568996762,6.776234920231319e-05,0.3146007779267477,0.007893523887734,1.287721390295003,0.0271300031381625,0.0,0.0,0.0,0.0,0.0,0.0
70,18,0.3662716650549531,-0.1538762271932743,0.4891381733030646,0.3107309081552769,-0.1539439895424766,0.1745373953763168,0.0555407568996762,6.776234920231319e-05,0.3146007779267477,0.007893523887734,1.287721390295003,0.0271300031381625,0.0,0.0,0.0,0.0,0.0,0.0
70,19,0.155576038565371,0.0288852492641249,0.477699556775862,0.1000352816656948,0.0288174869149226,0.1630987788491143,0.0555407568996762,6.776234920231319e-05,0.3146007779267477,0.007893523887734,1.287721390295003,0.0271300031381625,0.0,0.0,0.0,0.0,0.0,0.0
70,20,0.2132418065740635,0.0566758631737274,0.5256822721910303,0.1577010496743873,0.0566081008245251,0.2110814942642825,0.0555407568996762,6.776234920231319e-05,0.3146007779267477,0.007893523887734,1.287721390295003,0.0271300031381625,0.0,0.0,0.0,0.0,0.0,0.0
70,21,0.2797498992350831,0.0611128813850562,0.3890770509141205,0.2242091423354069,0.0610451190358539,0.0744762729873728,0.0555407568996762,6.776234920231319e-05,0.3146007779267477,0.007893523887734,1.287721390295003,0.0271300031381625,0.0,0.0,0.0,0.0,0.0,0.0
70,22,0.3675136085600675,-0.0157745379853403,0.5235012156631429,0.3119728516603913,-0.0158423003345426,0.2089004377363951,0.0555407568996762,6.776234920231319e-05,0.3146007779267477,0.007893523887734,1.287721390295003,0.0271300031381625,0.0,0.0,0.0,0.0,0.0,0.0
70,23,0.426845435889144,-0.0461276841819097,0.4962538161195133,0.3713046789894677,-0.0461954465311121,0.1816530381927656,0.0555407568996762,6.776234920231319e-05,0.3146007779267477,0.007893523887734,1.287721390295003,0.0271300031381625,0.0,0.0,0.0,0.0,0.0,0.0
70,24,0.1114457663826244,0.0015848376580674,0.5067891872873358,0.0559050094829481,0.0015170753088651,0.192188409360588,0.0555407568996762,6.776234920231319e-05,0.3146007779267477,0.007893523887734,1.287721390295003,0.0271300031381625,0.0,0.0,0.0,0.0,0.0,0.0
70,25,0.0962134978220782,0.0007598879757845,0.6459559677910306,0.040672740922402,0.0006921256265822,0.3313551898642828,0.0555407568996762,6.776234920231319e-05,0.3146007779267477,0.007893523887734,1.287721390295003,0.0271300031381625,0.0,0.0,0.0,0.0,0.0,0.0
70,26,0.1386875770150004,-0.0784209353817797,0.7902693414241211,0.0831468201153242,-0.078488697730982,0.4756685634973733,0.0555407568996762,6.776234920231319e-05,0.3146007779267477,0.007893523887734,1.287721390295003,0.0271300031381625,0.0,0.0,0.0,0.0,0.0,0.0
